frame_idx,timestamp_s,roll_deg,pitch_deg,roll_rate_dps,pitch_rate_dps,yaw_rate_dps,speed_mps,speed_kmh,gps_lat,gps_lon,roll_unc_deg,pitch_unc_deg
0,0.0215000000002874,1.084,-0.182,7.926,-5.821,4.759,5.558,20.01,17.40787913,78.40154948,0.821,0.973
1,0.0548666666668395,1.402,-0.489,5.353,-10.15,3.271,5.414,19.49,17.40787792,78.40154851,0.717,0.948
2,0.0882333333333917,0.618,-0.789,3.564,-10.403,-5.184,5.27,18.97,17.40787672,78.40154754,0.648,0.926
3,0.1215999999999439,0.337,-0.941,0.954,-6.197,-2.04,5.266,18.96,17.40787541,78.40154651,0.599,0.906
4,0.1549666666669509,0.133,-0.616,1.709,8.713,-2.307,5.338,19.22,17.40787405,78.40154544,0.562,0.888
5,0.1883333333330483,1.096,-0.549,2.034,1.123,11.772,5.411,19.48,17.40787268,78.40154437,0.535,0.871
6,0.2217000000000553,-0.116,-0.391,-1.245,4.135,-14.259,5.418,19.51,17.40787138,78.40154337,0.513,0.856
7,0.2550666666666075,-0.872,0.525,0.072,28.215,-11.429,5.391,19.41,17.40787011,78.4015424,0.496,0.842
8,0.2884333333336144,-0.831,1.983,4.14,46.573,-2.83,5.364,19.31,17.40786884,78.40154144,0.483,0.829
9,0.3218000000001666,-0.764,1.837,2.031,-1.833,-1.369,5.308,19.11,17.40786757,78.40154053,0.472,0.817
10,0.3551666666667188,-0.935,1.465,2.146,-9.153,-5.492,5.236,18.85,17.4078663,78.40153967,0.464,0.806
11,0.388533333333271,-0.761,1.592,6.282,5.942,-1.953,5.164,18.59,17.40786504,78.4015388,0.457,0.796
12,0.4219000000002779,-0.286,0.981,5.504,-17.042,4.463,5.092,18.33,17.40786375,78.40153811,0.451,0.787
13,0.4552666666668301,-0.249,0.638,5.9,-9.477,-3.253,5.02,18.07,17.40786244,78.40153751,0.447,0.779
14,0.4886333333333823,0.185,0.603,9.389,-0.278,2.621,4.948,17.81,17.40786114,78.4015369,0.443,0.771
15,0.5219999999999345,1.246,0.944,12.863,11.362,14.327,4.923,17.72,17.40785989,78.40153611,0.44,0.764
16,0.5553666666669415,2.041,-0.848,8.916,-54.675,13.495,4.922,17.72,17.40785865,78.40153521,0.438,0.757
17,0.5887333333330389,1.912,0.13,10.395,29.457,-5.257,4.921,17.72,17.40785742,78.4015343,0.436,0.751
18,0.6221000000000458,2.146,0.179,9.767,1.717,2.552,4.892,17.61,17.4078562,78.40153345,0.435,0.745
19,0.655466666666598,1.854,-0.191,7.721,-11.309,-6.958,4.848,17.45,17.407855,78.40153261,0.433,0.74
20,0.688833333333605,1.018,-0.727,2.144,-16.849,-15.922,4.805,17.3,17.4078538,78.40153178,0.432,0.735
21,0.7222000000001572,1.024,-0.247,7.166,14.107,-2.392,4.789,17.24,17.40785256,78.40153101,0.432,0.731
22,0.7555666666667094,0.678,0.048,8.335,8.902,-10.941,4.787,17.23,17.40785129,78.40153028,0.431,0.726
23,0.7889333333332615,0.299,0.846,8.447,24.869,-12.464,4.785,17.22,17.40785002,78.40152954,0.431,0.723
24,0.8223000000002685,0.403,0.195,7.781,-19.295,-2.001,4.771,17.18,17.40784877,78.40152885,0.43,0.719
25,0.8556666666668207,-0.079,0.063,4.963,-3.885,-13.017,4.752,17.11,17.40784754,78.40152819,0.43,0.716
26,0.8890333333333729,-0.807,0.382,2.868,9.999,-18.176,4.732,17.04,17.40784631,78.40152752,0.43,0.713
27,0.9223999999999252,-0.73,0.609,0.762,7.459,-0.015,4.633,16.68,17.40784516,78.40152705,0.43,0.71
28,0.955766666666932,-1.313,-0.007,-7.439,-18.452,-9.586,4.493,16.18,17.40784406,78.40152669,0.43,0.708
29,0.9891333333330294,-2.571,-0.711,-10.149,-21.814,-25.969,4.354,15.68,17.40784296,78.40152632,0.43,0.706
30,1.0225000000000364,-3.579,-0.936,-9.513,-7.694,-23.266,4.296,15.47,17.40784186,78.4015257,0.43,0.704
31,1.0558666666665886,-4.297,-1.128,-7.134,-6.871,-20.101,4.277,15.4,17.40784076,78.40152497,0.43,0.702
32,1.0892333333335955,-4.532,-0.851,-6.412,7.434,-10.149,4.257,15.33,17.40783966,78.40152424,0.43,0.7
33,1.1226000000001477,-5.066,-0.161,-7.127,20.522,-17.727,4.253,15.31,17.40783858,78.40152346,0.43,0.699
34,1.1559666666667,-5.094,0.07,-4.432,6.989,-8.222,4.255,15.32,17.40783751,78.40152266,0.43,0.697
35,1.189333333333252,-4.558,0.265,-2.823,6.122,4.58,4.257,15.33,17.40783644,78.40152186,0.43,0.696
36,1.222700000000259,-4.892,0.218,-9.042,-1.194,-11.465,4.202,15.13,17.40783542,78.40152119,0.43,0.695
37,1.2560666666668112,-5.073,0.205,-10.224,-0.157,-7.59,4.12,14.83,17.40783442,78.40152059,0.43,0.694
38,1.2894333333333634,-5.139,0.622,-6.022,13.118,-8.55,4.037,14.53,17.40783342,78.40151999,0.43,0.693
39,1.3227999999999156,-4.744,0.441,-5.889,-4.991,3.373,3.988,14.36,17.40783244,78.40151934,0.43,0.692
40,1.3561666666669223,-4.746,0.913,-4.918,15.063,-7.17,3.955,14.24,17.40783147,78.40151868,0.43,0.691
41,1.38953333333302,-4.772,0.159,-6.3,-22.422,-6.809,3.921,14.12,17.4078305,78.40151801,0.43,0.691
42,1.422900000000027,-4.567,0.326,-5.15,5.356,-1.564,3.886,13.99,17.4078296,78.40151727,0.43,0.69
43,1.4562666666665791,-3.769,2.979,-0.031,82.442,11.02,3.849,13.86,17.40782874,78.40151651,0.43,0.69
44,1.489633333333586,-3.506,2.075,-12.877,-25.015,8.951,3.812,13.72,17.40782787,78.40151574,0.43,0.689
45,1.5230000000001382,-4.077,1.488,-13.168,-16.097,-13.68,3.759,13.53,17.40782698,78.4015152,0.43,0.689
46,1.5563666666666904,-4.963,1.917,-15.471,14.794,-22.61,3.697,13.31,17.40782608,78.40151477,0.43,0.689
47,1.589733333332788,-5.107,3.74,-9.563,58.358,-8.7,3.636,13.09,17.40782518,78.40151433,0.429,0.688
48,1.6230999999997948,-4.48,6.695,-6.08,95.174,10.585,3.561,12.82,17.40782439,78.40151381,0.429,0.688
49,1.6564666666668018,-4.539,6.202,-12.549,-8.614,-2.488,3.481,12.53,17.40782366,78.40151324,0.429,0.688
50,1.689833333333354,-4.921,6.104,-11.16,3.171,-14.248,3.401,12.24,17.40782292,78.40151267,0.429,0.688
51,1.723199999999906,-5.444,6.647,-11.13,22.96,-20.192,3.343,12.04,17.40782219,78.40151208,0.429,0.688
52,1.756566666666913,-5.912,6.322,-12.205,-3.365,-19.174,3.296,11.86,17.40782146,78.40151148,0.429,0.688
53,1.7899333333330103,-5.836,4.465,-15.939,-51.047,0.762,3.248,11.69,17.40782072,78.40151088,0.429,0.688
54,1.8233000000000172,-4.847,3.469,-9.494,-26.197,24.842,3.213,11.57,17.40781999,78.40151033,0.429,0.688
55,1.8566666666665697,-5.179,3.81,-14.473,14.221,-11.37,3.184,11.46,17.40781925,78.40150979,0.429,0.688
56,1.8900333333335768,-5.988,3.622,-17.774,-1.786,-25.433,3.155,11.36,17.40781852,78.40150926,0.429,0.688
57,1.9234000000001288,-5.369,2.634,-11.186,-26.684,13.871,3.131,11.27,17.40781781,78.40150861,0.429,0.688
58,1.956766666666681,-5.709,1.987,-15.884,-17.119,-12.258,3.11,11.2,17.40781711,78.40150791,0.429,0.688
59,1.9901333333327784,-5.354,2.508,-7.194,18.423,1.455,3.089,11.12,17.40781641,78.40150721,0.429,0.688
60,2.0234999999997854,-4.736,2.818,-7.932,12.417,12.539,3.045,10.96,17.40781573,78.40150665,0.429,0.688
61,2.0568666666667923,-3.848,2.901,-5.204,5.723,21.602,2.991,10.77,17.40781506,78.40150615,0.429,0.688
62,2.0902333333333445,-3.177,3.53,-3.018,22.692,15.353,2.937,10.57,17.4078144,78.40150565,0.43,0.688
63,2.1235999999998967,-4.006,-4.567,-22.684,-246.681,-16.729,2.927,10.54,17.40781373,78.40150508,0.431,0.688
64,2.156966666666904,-2.171,-4.412,-2.972,0.721,60.032,2.935,10.57,17.40781306,78.40150447,0.431,0.688
65,2.190333333333001,-0.935,-5.862,-5.264,-48.822,44.372,2.944,10.6,17.40781239,78.40150387,0.431,0.688
66,2.223700000000008,-1.289,-5.523,-8.804,5.113,-7.852,2.895,10.42,17.40781177,78.40150337,0.432,0.688
67,2.25706666666656,-1.693,-4.917,-12.937,13.654,-6.211,2.823,10.16,17.40781117,78.4015029,0.434,0.688
68,2.290433333333567,-1.592,-4.665,-8.859,3.273,9.042,2.751,9.9,17.40781057,78.40150243,0.436,0.689
69,2.3238000000001198,-1.908,-2.377,-7.979,66.505,-10.756,2.695,9.7,17.40781004,78.40150185,0.439,0.689
70,2.3571666666666715,-3.353,-3.314,-18.686,-31.089,-52.15,2.647,9.53,17.40780954,78.40150121,0.442,0.689
71,2.390533333333224,-4.235,-6.761,-22.341,-109.677,-24.1,2.599,9.36,17.40780904,78.40150058,0.445,0.689
72,2.423899999999776,-3.867,-5.571,-3.258,30.381,8.785,2.461,8.86,17.40780864,78.40150021,0.449,0.689
73,2.457266666666783,-3.324,-5.644,-2.986,-7.546,26.426,2.288,8.24,17.40780827,78.40149994,0.455,0.689
74,2.490633333333335,-4.279,-2.871,-14.025,80.387,-64.415,2.115,7.61,17.4078079,78.40149967,0.463,0.689
75,2.5239999999998872,-4.824,-3.099,-15.621,-9.763,-28.739,2.037,7.33,17.40780749,78.40149931,0.47,0.689
76,2.557366666666894,-4.89,-1.436,-18.192,48.537,22.722,1.998,7.19,17.40780705,78.40149891,0.477,0.689
77,2.590733333332992,-5.545,-0.478,-22.572,28.301,-22.062,1.958,7.05,17.40780662,78.40149851,0.484,0.689
78,2.6240999999999985,-5.504,-0.269,-12.811,6.087,8.471,2.05,7.38,17.40780604,78.40149792,0.489,0.689
79,2.6574666666665507,-5.819,0.823,-11.728,33.617,-23.768,2.193,7.89,17.40780541,78.40149725,0.491,0.689
80,2.6908333333335577,-6.08,4.01,-10.387,99.532,-23.183,2.336,8.41,17.40780477,78.40149658,0.491,0.69
81,2.72420000000011,-5.741,1.432,-8.831,-75.75,6.06,2.383,8.58,17.40780419,78.40149601,0.491,0.69
82,2.757566666666662,-4.7,1.794,4.816,12.718,22.252,2.395,8.62,17.40780362,78.40149548,0.49,0.69
83,2.7909333333332143,-4.614,3.118,-1.272,42.862,-14.879,2.406,8.66,17.40780305,78.40149495,0.489,0.69
84,2.824300000000221,-3.643,6.204,8.181,98.709,16.846,2.415,8.69,17.40780251,78.40149441,0.488,0.69
85,2.8576666666667734,-3.778,7.242,3.568,38.401,-30.151,2.423,8.72,17.40780198,78.40149388,0.487,0.69
86,2.8910333333333256,-2.981,7.024,4.854,0.562,16.11,2.432,8.75,17.40780144,78.40149334,0.486,0.69
87,2.9243999999998778,-2.275,8.429,4.525,50.625,16.248,2.389,8.6,17.40780101,78.40149281,0.486,0.69
88,2.9577666666668847,-3.105,9.557,-8.149,43.5,-47.292,2.328,8.38,17.40780061,78.40149228,0.486,0.69
89,2.991133333332982,-3.042,8.181,-7.555,-32.852,2.458,2.266,8.16,17.40780021,78.40149174,0.488,0.69
90,3.024499999999989,-2.133,7.605,2.483,-9.397,37.618,2.251,8.1,17.40779971,78.40149123,0.49,0.69
91,3.0578666666665413,-1.008,9.712,7.799,73.124,44.36,2.252,8.11,17.40779917,78.40149073,0.491,0.69
92,3.091233333333093,-0.85,10.275,-0.655,27.471,3.483,2.254,8.11,17.40779864,78.40149023,0.492,0.69
93,3.1246000000001004,-0.633,9.801,-3.288,-4.052,12.946,2.255,8.12,17.40779816,78.40148968,0.493,0.69
94,3.1579666666666526,-0.267,10.413,-2.357,29.184,21.364,2.256,8.12,17.40779769,78.40148911,0.494,0.69
95,3.191333333333205,-0.211,12.038,-2.217,61.16,3.006,2.258,8.13,17.40779722,78.40148855,0.495,0.689
96,3.224700000000212,0.182,12.664,4.257,31.932,13.002,2.181,7.85,17.40779683,78.40148815,0.496,0.689
97,3.258066666666764,0.701,12.394,4.096,4.864,26.976,2.078,7.48,17.40779646,78.40148782,0.499,0.689
98,3.291433333333316,0.758,11.974,1.438,0.015,-1.079,1.975,7.11,17.40779609,78.40148749,0.504,0.689
99,3.3247999999998683,0.474,11.746,-4.513,5.631,-15.291,1.935,6.97,17.4077957,78.40148708,0.508,0.689
100,3.3581666666668752,0.405,12.334,-4.509,30.731,3.545,1.918,6.9,17.4077953,78.40148664,0.512,0.689
101,3.3915333333329727,0.781,14.215,1.696,71.355,27.526,1.9,6.84,17.4077949,78.40148621,0.516,0.689
102,3.42489999999998,0.883,15.661,2.455,59.828,0.62,1.938,6.98,17.4077945,78.40148565,0.519,0.689
103,3.458266666666532,0.874,16.581,2.688,45.027,-8.438,1.993,7.18,17.4077941,78.40148505,0.52,0.689
104,3.491633333333084,1.24,12.474,-0.543,-109.547,28.67,2.049,7.38,17.4077937,78.40148445,0.521,0.689
105,3.525000000000091,1.158,9.138,0.256,-89.635,-6.163,2.001,7.2,17.40779335,78.40148405,0.522,0.689
106,3.5583666666661884,1.669,9.005,11.827,6.249,12.88,1.918,6.91,17.40779302,78.40148372,0.525,0.689
107,3.5917333333331958,2.266,9.97,10.663,40.16,29.25,1.836,6.61,17.40779268,78.40148338,0.528,0.688
108,3.6251000000002014,2.079,9.31,-2.058,-9.14,-5.98,1.86,6.7,17.4077923,78.40148287,0.531,0.688
109,3.6584666666667545,1.227,9.337,-11.392,11.527,-38.504,1.92,6.91,17.4077919,78.40148231,0.533,0.688
110,3.691833333333306,0.504,8.622,-14.848,-11.359,-19.383,1.979,7.13,17.4077915,78.40148174,0.533,0.688
111,3.725199999999859,0.052,6.459,-14.056,-56.839,-3.031,2.0,7.2,17.40779117,78.40148115,0.533,0.688
112,3.758566666666866,-0.492,4.384,-18.183,-56.182,-2.306,2.007,7.22,17.40779087,78.40148055,0.533,0.688
113,3.791933333333418,-1.843,1.724,-27.844,-76.275,-43.821,2.014,7.25,17.40779057,78.40147995,0.532,0.688
114,3.82529999999997,-2.638,0.922,-24.776,-21.403,-14.724,2.033,7.32,17.40779015,78.40147942,0.532,0.687
115,3.8586666666665215,-3.139,1.409,-20.392,17.756,-6.956,2.055,7.4,17.40778968,78.40147892,0.531,0.687
116,3.8920333333330746,-4.017,1.606,-23.74,9.234,-28.573,2.078,7.48,17.40778921,78.40147842,0.53,0.687
117,3.9254000000000815,-5.187,-0.89,-34.343,-73.91,-29.63,2.102,7.57,17.40778885,78.40147782,0.528,0.687
118,3.958766666666179,-5.971,-2.811,-36.417,-58.537,-4.657,2.128,7.66,17.40778851,78.40147718,0.527,0.687
119,3.992133333333186,-7.498,-2.399,-39.867,11.776,-50.131,2.153,7.75,17.40778818,78.40147655,0.525,0.687
120,4.025500000000193,-9.699,-1.172,-48.198,37.373,-86.09,2.156,7.76,17.40778782,78.40147599,0.523,0.686
121,4.058866666666745,-10.33,-3.45,-38.057,-69.869,-11.878,2.153,7.75,17.40778745,78.40147546,0.521,0.686
122,4.092233333333297,-10.428,-7.725,-34.472,-133.916,13.076,2.15,7.74,17.40778709,78.40147492,0.52,0.686
123,4.125599999999849,-10.079,-7.465,-15.996,2.245,5.501,2.126,7.65,17.4077868,78.40147436,0.52,0.686
124,4.158966666666856,-9.234,-5.817,-10.272,45.367,31.41,2.095,7.54,17.40778653,78.4014738,0.519,0.686
125,4.1923333333334085,-9.114,-4.739,-13.16,29.329,-9.356,2.065,7.43,17.40778626,78.40147323,0.52,0.686
126,4.225699999999961,-8.322,-2.231,-3.005,74.618,18.729,2.044,7.36,17.40778605,78.40147264,0.52,0.685
127,4.259066666666513,-7.961,2.16,-6.343,135.274,-2.126,2.026,7.29,17.40778585,78.40147204,0.521,0.685
128,4.292433333333065,-8.564,1.879,-19.594,-5.029,-44.291,2.007,7.23,17.40778565,78.40147144,0.522,0.685
129,4.325800000000072,-7.712,2.606,-6.234,25.903,36.13,2.006,7.22,17.40778542,78.40147086,0.523,0.685
130,4.359166666666624,-7.684,4.502,-14.5,62.796,-5.555,2.011,7.24,17.40778519,78.40147029,0.524,0.685
131,4.392533333333176,-8.025,2.683,-24.01,-50.285,-11.395,2.015,7.25,17.40778495,78.40146973,0.525,0.684
132,4.425900000000183,-9.054,1.977,-28.333,-17.609,-56.618,2.028,7.3,17.40778472,78.40146911,0.525,0.684
133,4.459266666666736,-9.505,1.26,-23.311,-18.618,-28.705,2.043,7.36,17.40778449,78.40146847,0.525,0.684
134,4.492633333333288,-9.481,1.645,-25.36,14.79,8.782,2.059,7.41,17.40778425,78.40146784,0.525,0.684
135,4.52599999999984,-10.581,-2.524,-40.772,-125.685,-38.905,2.039,7.34,17.40778412,78.40146726,0.525,0.684
136,4.559366666666847,-12.018,-7.165,-52.581,-144.337,-42.062,2.009,7.23,17.40778402,78.40146669,0.525,0.683
137,4.592733333333399,-12.568,-5.448,-32.857,47.836,-27.118,1.979,7.13,17.40778392,78.40146612,0.526,0.683
138,4.626099999999951,-13.018,-2.412,-32.987,90.28,-22.368,2.006,7.22,17.40778377,78.40146545,0.527,0.683
139,4.659466666666503,-13.033,-1.707,-34.569,21.064,10.002,2.049,7.38,17.4077836,78.40146475,0.527,0.683
140,4.692833333333056,-13.994,-0.909,-39.678,24.633,-48.829,2.092,7.53,17.40778344,78.40146405,0.526,0.683
141,4.726200000000063,-14.524,1.673,-29.877,80.548,-44.196,2.044,7.36,17.40778332,78.40146348,0.525,0.682
142,4.759566666666615,-14.985,3.14,-35.145,48.566,-26.788,1.972,7.1,17.40778322,78.40146295,0.526,0.682
143,4.792933333333622,-15.109,3.347,-33.179,11.021,-1.384,1.9,6.84,17.40778312,78.40146241,0.529,0.682
144,4.826300000000174,-15.283,0.73,-37.073,-76.122,6.203,1.874,6.75,17.4077831,78.4014618,0.531,0.682
145,4.859666666666726,-15.815,0.833,-40.264,5.488,-19.245,1.86,6.7,17.4077831,78.40146117,0.533,0.681
146,4.893033333333278,-16.624,2.87,-41.855,65.419,-44.477,1.846,6.65,17.4077831,78.40146053,0.535,0.681
147,4.926400000000285,-17.374,3.404,-42.054,20.914,-42.673,1.838,6.62,17.40778302,78.40145995,0.537,0.681
148,4.959766666666837,-17.908,0.941,-40.33,-71.267,-30.966,1.832,6.59,17.40778292,78.40145938,0.539,0.681
149,4.99313333333339,-17.331,-1.595,-30.522,-75.875,45.727,1.825,6.57,17.40778282,78.40145882,0.541,0.681
150,5.026499999999942,-18.392,-1.497,-48.265,3.13,-60.249,1.862,6.7,17.40778291,78.40145814,0.542,0.68
151,5.059866666666949,-19.298,-1.311,-53.915,5.975,-37.051,1.91,6.88,17.40778304,78.40145744,0.543,0.68
152,5.093233333333046,-19.478,-1.963,-48.304,-19.778,0.329,1.958,7.05,17.40778317,78.40145674,0.542,0.68
153,5.126600000000053,-19.97,-4.111,-46.674,-66.668,-29.525,1.953,7.03,17.40778325,78.40145612,0.541,0.68
154,5.159966666666605,-19.058,-8.27,-29.723,-130.908,41.914,1.934,6.96,17.40778332,78.40145552,0.541,0.68
155,5.193333333333612,-17.895,-7.737,-10.096,10.174,17.862,1.916,6.9,17.40778339,78.40145492,0.541,0.679
156,5.226700000000164,-17.131,-6.369,-12.754,36.5,-1.837,1.894,6.82,17.40778348,78.40145435,0.542,0.679
157,5.260066666666717,-15.77,-4.66,-6.308,48.284,40.032,1.872,6.74,17.40778358,78.40145378,0.543,0.679
158,5.293433333333269,-14.326,-4.825,-1.636,-8.03,43.919,1.85,6.66,17.40778368,78.40145321,0.544,0.679
159,5.326800000000276,-13.24,-8.135,-3.395,-105.451,21.222,1.857,6.68,17.40778365,78.40145254,0.545,0.679
160,5.360166666666828,-12.822,-9.831,-4.902,-58.73,-31.567,1.87,6.73,17.40778358,78.40145184,0.545,0.678
161,5.39353333333338,-11.504,-13.268,8.235,-114.194,13.566,1.883,6.78,17.40778351,78.40145114,0.546,0.678
162,5.426899999999932,-9.322,-13.951,26.066,-32.36,48.028,1.88,6.77,17.40778361,78.40145052,0.546,0.678
163,5.460266666666939,-7.946,-12.489,14.416,33.278,19.86,1.872,6.74,17.40778374,78.40144992,0.546,0.678
164,5.493633333333037,-7.087,-16.15,-5.47,-123.787,37.522,1.864,6.71,17.40778387,78.40144931,0.547,0.677
165,5.527000000000044,-7.077,-16.799,-16.292,-34.182,-4.735,1.86,6.7,17.4077839,78.40144871,0.547,0.677
166,5.560366666666596,-7.593,-13.653,-21.162,82.471,-39.341,1.857,6.69,17.4077839,78.40144811,0.548,0.677
167,5.593733333333603,-6.916,-10.015,-13.745,100.614,47.009,1.855,6.68,17.4077839,78.40144751,0.548,0.677
168,5.627100000000155,-6.475,-8.867,-17.324,26.996,34.946,1.892,6.81,17.40778401,78.4014468,0.548,0.677
169,5.660466666666707,-8.113,-5.808,-34.979,87.155,-93.898,1.939,6.98,17.40778414,78.40144607,0.547,0.676
170,5.693833333333259,-7.287,-3.575,-10.949,64.459,35.838,1.985,7.15,17.40778428,78.40144534,0.545,0.676
171,5.727200000000266,-4.948,-2.618,7.037,27.124,114.694,2.005,7.22,17.40778435,78.40144466,0.543,0.676
172,5.7605666666668185,-5.151,-1.085,-15.651,45.828,-16.28,2.018,7.26,17.40778442,78.40144399,0.541,0.676
173,5.793933333333371,-5.916,-3.503,-23.871,-74.876,-39.758,2.031,7.31,17.40778449,78.40144332,0.539,0.676
174,5.827299999999923,-5.501,-3.295,-17.623,4.008,27.316,2.052,7.39,17.40778455,78.4014426,0.537,0.675
175,5.86066666666693,-6.09,-1.611,-21.072,49.811,-34.15,2.076,7.47,17.40778462,78.40144187,0.535,0.675
176,5.894033333333027,-5.946,-3.367,-13.941,-54.918,-1.846,2.1,7.56,17.40778469,78.40144113,0.533,0.675
177,5.927400000000034,-4.905,-4.108,-9.707,-25.215,48.473,2.131,7.67,17.40778481,78.40144037,0.53,0.675
178,5.960766666666586,-4.749,-1.313,-8.093,83.338,-8.355,2.164,7.79,17.40778494,78.4014396,0.527,0.675
179,5.994133333333593,-4.782,-4.229,-12.023,-90.525,-11.953,2.197,7.91,17.40778508,78.40143883,0.524,0.674
180,6.0275000000001455,-3.548,-5.639,-2.544,-46.746,51.786,2.155,7.76,17.40778524,78.40143823,0.522,0.674
181,6.060866666666698,-2.706,-6.225,1.311,-22.61,26.405,2.098,7.55,17.4077854,78.40143767,0.521,0.674
182,6.094233333332795,-1.903,-6.67,7.781,-18.811,14.965,2.04,7.34,17.40778557,78.4014371,0.522,0.674
183,6.127600000000257,-0.308,-6.638,16.677,-4.53,58.667,2.042,7.35,17.40778574,78.40143648,0.522,0.674
184,6.160966666666809,1.356,-6.222,22.835,7.375,55.385,2.057,7.41,17.4077859,78.40143584,0.522,0.673
185,6.194333333333361,0.864,-4.658,9.328,43.193,-66.489,2.072,7.46,17.40778607,78.40143521,0.521,0.673
186,6.227699999999913,1.141,-7.721,3.069,-98.345,2.997,2.075,7.47,17.40778621,78.40143455,0.521,0.673
187,6.26106666666692,2.121,-6.462,15.894,32.327,26.481,2.075,7.47,17.40778634,78.40143388,0.521,0.673
188,6.294433333333018,1.811,-4.138,-0.292,66.393,-26.312,2.075,7.47,17.40778648,78.40143321,0.52,0.673
189,6.327800000000025,2.034,-5.683,-2.804,-51.001,17.092,2.07,7.45,17.40778664,78.40143254,0.52,0.673
190,6.361166666666577,2.704,-5.696,-1.511,-5.121,48.847,2.065,7.43,17.40778681,78.40143188,0.52,0.672
191,6.394533333333584,1.686,-4.374,-16.005,36.091,-40.85,2.059,7.41,17.40778697,78.40143121,0.52,0.672
192,6.427900000000136,1.405,-4.99,-10.039,-22.588,-4.175,2.051,7.38,17.40778711,78.40143057,0.52,0.672
193,6.461266666666688,1.613,-7.24,-9.424,-73.642,30.405,2.042,7.35,17.40778725,78.40142994,0.521,0.672
194,6.494633333332786,1.359,-6.21,-3.288,25.581,-19.036,2.033,7.32,17.40778738,78.4014293,0.521,0.672
195,6.527999999999793,1.292,-4.934,2.258,34.109,-18.073,2.065,7.43,17.40778757,78.40142858,0.521,0.671
196,6.5613666666668,2.311,-6.858,3.131,-63.563,57.905,2.104,7.58,17.40778777,78.40142785,0.52,0.671
197,6.594733333333352,2.837,-7.171,9.304,-15.63,13.412,2.144,7.72,17.40778797,78.40142712,0.519,0.671
198,6.628099999999904,2.465,-5.315,6.721,51.102,-39.354,2.14,7.71,17.40778817,78.40142641,0.518,0.671
199,6.661466666666911,3.294,-6.638,12.091,-45.444,29.337,2.129,7.66,17.40778837,78.40142571,0.517,0.671
200,6.694833333333008,4.63,-7.774,17.294,-40.9,58.278,2.118,7.62,17.40778857,78.40142501,0.516,0.67
201,6.728200000000015,4.595,-6.626,15.281,28.578,-23.626,2.196,7.91,17.40778877,78.40142417,0.515,0.67
202,6.761566666666568,4.449,-8.862,5.784,-74.914,-9.247,2.291,8.25,17.40778897,78.4014233,0.511,0.67
203,6.794933333333574,4.034,-7.492,-9.598,34.406,2.683,2.386,8.59,17.40778917,78.40142243,0.507,0.67
204,6.828300000000127,2.621,-5.53,-24.967,53.895,-26.241,2.387,8.59,17.4077894,78.40142171,0.503,0.67
205,6.861666666666679,0.813,-3.739,-37.571,50.441,-33.617,2.372,8.54,17.40778963,78.401421,0.5,0.67
206,6.895033333332776,-0.717,-6.135,-45.261,-77.266,-13.982,2.357,8.49,17.40778987,78.4014203,0.498,0.669
207,6.928399999999783,-3.006,-5.828,-43.501,4.013,-65.611,2.369,8.53,17.40779021,78.40141958,0.496,0.669
208,6.96176666666679,-5.246,-3.619,-40.716,63.022,-77.048,2.387,8.59,17.40779058,78.40141884,0.494,0.669
209,6.995133333333342,-5.189,-4.765,-23.204,-38.619,9.867,2.404,8.65,17.40779095,78.40141811,0.492,0.669
210,7.028499999999895,-4.417,-7.149,-19.282,-77.889,40.851,2.423,8.72,17.40779114,78.40141729,0.49,0.669
211,7.061866666666901,-5.445,-4.851,-20.088,64.494,-48.633,2.444,8.8,17.40779131,78.40141645,0.487,0.669
212,7.095233333332999,-6.182,-2.738,-19.874,60.878,-37.333,2.464,8.87,17.40779148,78.40141562,0.485,0.668
213,7.128600000000006,-5.368,-4.642,-16.233,-61.25,35.39,2.422,8.72,17.40779164,78.4014149,0.484,0.668
214,7.161966666666558,-5.006,-5.452,-12.909,-29.224,10.554,2.369,8.53,17.40779181,78.4014142,0.484,0.668
215,7.195333333333565,-5.486,-3.553,-12.383,53.675,-38.555,2.316,8.34,17.40779198,78.4014135,0.484,0.668
216,7.228700000000117,-4.323,-3.517,0.184,-2.134,34.13,2.343,8.43,17.40779211,78.40141268,0.484,0.668
217,7.262066666666669,-2.791,-3.869,4.319,-14.075,50.515,2.382,8.58,17.40779225,78.40141185,0.484,0.668
218,7.295433333333221,-2.881,-3.23,1.265,16.187,-28.46,2.422,8.72,17.40779238,78.40141101,0.483,0.667
219,7.328799999999774,-2.498,-2.488,4.73,19.926,-9.16,2.411,8.68,17.40779266,78.4014103,0.482,0.667
220,7.362166666666781,-1.006,-4.843,4.003,-75.032,56.21,2.393,8.62,17.40779296,78.40140959,0.482,0.667
221,7.395533333333333,-0.203,-3.415,12.522,39.647,8.51,2.375,8.55,17.40779326,78.40140889,0.482,0.667
222,7.428899999999885,-0.558,-0.933,4.407,73.472,-38.168,2.416,8.7,17.40779356,78.40140811,0.481,0.667
223,7.462266666666892,0.877,-2.989,7.784,-64.413,49.949,2.466,8.88,17.40779386,78.40140731,0.48,0.667
224,7.495633333332989,1.281,-5.198,-6.224,-71.017,23.093,2.515,9.06,17.40779416,78.4014065,0.478,0.667
225,7.528999999999996,-0.195,-3.149,-11.288,58.455,-61.323,2.514,9.05,17.40779449,78.40140579,0.476,0.666
226,7.562366666666547,-0.532,-1.977,-6.997,33.221,-16.361,2.505,9.02,17.40779482,78.40140509,0.475,0.666
227,7.5957333333335555,0.172,-4.367,-13.162,-75.73,44.947,2.496,8.99,17.40779516,78.40140439,0.474,0.666
228,7.629100000000108,-0.853,-3.176,-16.177,32.693,-35.683,2.507,9.02,17.40779543,78.40140363,0.473,0.666
229,7.66246666666666,-2.933,-1.074,-25.049,61.882,-80.934,2.52,9.07,17.4077957,78.40140286,0.472,0.666
230,7.695833333333212,-2.643,-0.442,-19.526,18.417,23.16,2.533,9.12,17.40779597,78.4014021,0.471,0.666
231,7.729200000000219,-1.888,-3.492,-19.003,-94.729,41.463,2.629,9.46,17.40779661,78.40140133,0.469,0.666
232,7.762566666666771,-3.645,-2.63,-25.881,23.318,-54.237,2.736,9.85,17.40779731,78.40140056,0.465,0.665
233,7.795933333333323,-5.494,0.131,-24.574,82.726,-61.281,2.843,10.23,17.40779801,78.40139979,0.46,0.665
234,7.829299999999876,-5.39,0.676,-24.816,16.799,6.254,2.822,10.16,17.40779848,78.40139908,0.457,0.665
235,7.862666666666882,-5.292,-1.476,-29.472,-65.997,13.066,2.784,10.02,17.40779891,78.40139838,0.454,0.665
236,7.89603333333298,-6.538,0.038,-26.872,45.271,-45.17,2.746,9.88,17.40779935,78.40139768,0.453,0.665
237,7.929399999999987,-7.467,1.775,-26.291,53.515,-36.716,2.752,9.91,17.40779987,78.40139698,0.452,0.665
238,7.962766666666539,-6.932,0.221,-24.627,-46.521,18.888,2.765,9.95,17.4078004,78.40139628,0.45,0.665
239,7.996133333333091,-6.782,-2.488,-27.357,-83.58,8.004,2.778,10.0,17.40780094,78.40139558,0.449,0.664
240,8.029500000000098,-6.806,-1.84,-12.765,17.579,-16.841,2.732,9.84,17.40780141,78.40139503,0.448,0.664
241,8.06286666666665,-6.343,0.539,-3.864,71.619,-7.213,2.679,9.64,17.40780188,78.40139449,0.449,0.664
242,8.096233333333203,-4.611,0.246,1.54,-8.709,48.886,2.626,9.45,17.40780235,78.40139396,0.45,0.664
243,8.12960000000021,-3.263,-2.939,-5.504,-98.266,47.477,2.616,9.42,17.40780278,78.40139328,0.451,0.664
244,8.162966666666762,-2.821,-2.456,1.313,12.075,-2.566,2.612,9.4,17.40780322,78.40139258,0.452,0.664
245,8.196333333333314,-2.213,0.058,7.342,75.235,-1.9,2.608,9.39,17.40780365,78.40139188,0.452,0.664
246,8.229699999999866,-1.271,0.702,4.119,19.767,20.29,2.65,9.54,17.40780418,78.40139118,0.453,0.663
247,8.263066666666873,-0.566,-3.878,-7.577,-140.952,27.829,2.698,9.71,17.40780471,78.40139048,0.452,0.663
248,8.296433333333425,0.121,-3.971,-0.96,-6.559,19.509,2.745,9.88,17.40780524,78.40138977,0.451,0.663
249,8.329799999999977,-0.545,-1.277,-2.697,79.379,-31.034,2.807,10.1,17.40780593,78.40138907,0.449,0.663
250,8.36316666666653,-0.382,-0.439,-2.197,24.517,-0.842,2.871,10.33,17.40780663,78.40138837,0.447,0.663
251,8.396533333333082,1.269,-2.826,-0.651,-74.283,52.065,2.934,10.56,17.40780733,78.40138767,0.444,0.663
252,8.429900000000089,1.908,-3.029,1.046,-9.045,18.227,2.968,10.68,17.40780794,78.40138691,0.441,0.663
253,8.463266666666186,1.661,-1.701,-0.185,38.069,-9.024,2.998,10.79,17.40780854,78.40138614,0.438,0.663
254,8.496633333333193,1.969,-1.455,-1.539,5.829,10.487,3.028,10.9,17.40780914,78.40138538,0.436,0.662
255,8.5300000000002,2.979,-2.397,-0.656,-30.631,35.558,2.999,10.79,17.40780974,78.40138473,0.434,0.662
256,8.563366666666752,3.099,-3.766,-6.185,-44.669,13.473,2.963,10.67,17.40781034,78.4013841,0.432,0.662
257,8.596733333333304,2.417,-1.979,-3.819,51.534,-18.933,2.927,10.54,17.40781094,78.40138346,0.432,0.662
258,8.630099999999857,2.133,-0.402,-5.548,46.632,-3.916,2.943,10.6,17.40781139,78.40138262,0.431,0.662
259,8.663466666666864,2.943,-0.777,-4.279,-12.187,34.196,2.966,10.68,17.40781183,78.40138175,0.431,0.662
260,8.696833333333416,2.941,-2.015,-7.739,-39.163,10.576,2.988,10.76,17.40781226,78.40138088,0.43,0.662
261,8.730199999999968,2.063,-3.643,-11.549,-52.341,-16.236,3.07,11.05,17.40781257,78.40137974,0.429,0.662
262,8.76356666666652,1.78,-3.572,-5.769,-1.357,-4.234,3.158,11.37,17.40781287,78.40137858,0.428,0.661
263,8.796933333333072,2.256,-2.911,-2.818,16.911,17.225,3.246,11.69,17.40781317,78.40137741,0.427,0.661
264,8.83030000000008,2.153,-3.338,-8.173,-16.109,4.857,3.219,11.59,17.40781356,78.40137654,0.427,0.661
265,8.863666666666177,2.21,-3.722,-8.355,-15.149,10.202,3.181,11.45,17.40781396,78.40137571,0.426,0.661
266,8.897033333333184,2.529,-2.739,-1.129,26.676,11.978,3.143,11.32,17.40781436,78.40137487,0.426,0.661
267,8.93040000000019,2.924,-1.512,1.206,35.08,13.431,3.079,11.09,17.4078148,78.4013741,0.425,0.661
268,8.963766666666743,3.424,-0.92,2.888,16.607,16.965,3.012,10.84,17.40781523,78.40137333,0.425,0.661
269,8.997133333333295,3.981,-0.999,8.61,-3.61,14.736,2.946,10.6,17.40781566,78.40137257,0.426,0.661
270,9.030499999999847,4.38,-1.525,7.42,-17.451,11.966,2.927,10.54,17.40781622,78.40137183,0.426,0.661
271,9.063866666666854,4.607,-1.773,11.59,-9.354,1.657,2.913,10.49,17.40781679,78.40137109,0.427,0.66
272,9.097233333333406,4.882,-4.205,10.821,-77.016,5.167,2.899,10.44,17.40781735,78.40137036,0.428,0.66
273,9.13059999999996,6.117,-6.179,16.057,-65.063,39.649,2.847,10.25,17.40781786,78.40136972,0.429,0.66
274,9.16396666666651,7.515,-6.92,22.606,-28.771,43.801,2.792,10.05,17.40781836,78.40136908,0.431,0.66
275,9.197333333333065,8.751,-6.574,25.587,4.068,38.34,2.736,9.85,17.40781886,78.40136845,0.433,0.66
276,9.23070000000007,9.03,-6.112,14.47,7.974,14.129,2.726,9.81,17.40781942,78.40136782,0.435,0.66
277,9.264066666666622,8.877,-4.872,18.244,32.364,-9.97,2.719,9.79,17.40781999,78.40136718,0.437,0.66
278,9.297433333333174,8.272,-5.715,9.511,-30.836,-18.841,2.713,9.77,17.40782056,78.40136655,0.438,0.66
279,9.33080000000018,7.955,-4.475,7.991,32.696,-4.781,2.73,9.83,17.40782085,78.40136564,0.439,0.66
280,9.364166666666732,7.426,-5.64,0.883,-40.424,-4.894,2.749,9.89,17.40782111,78.4013647,0.44,0.659
281,9.397533333333286,6.077,-5.391,-1.086,2.14,-39.206,2.768,9.96,17.40782138,78.40136377,0.44,0.659
282,9.430899999999838,5.419,-5.01,-4.135,6.446,-10.74,2.726,9.81,17.4078218,78.40136305,0.441,0.659
283,9.464266666666845,4.582,-4.059,-7.472,24.363,-17.827,2.679,9.64,17.40782224,78.40136235,0.443,0.659
284,9.497633333333397,2.721,-2.892,-15.385,31.832,-62.056,2.632,9.48,17.40782267,78.40136165,0.444,0.659
285,9.530999999999947,2.459,-3.057,-14.858,-8.207,10.282,2.659,9.57,17.40782316,78.40136092,0.445,0.659
286,9.564366666666956,2.015,-2.967,-20.085,-0.489,8.227,2.691,9.69,17.40782367,78.40136018,0.446,0.659
287,9.597733333333052,0.596,-1.893,-19.51,29.948,-37.558,2.723,9.8,17.40782417,78.40135945,0.446,0.659
288,9.63110000000006,0.222,-1.356,-17.995,14.296,1.695,2.743,9.87,17.40782439,78.40135844,0.446,0.659
289,9.664466666666613,-0.126,-1.986,-21.605,-21.195,6.138,2.762,9.94,17.40782459,78.4013574,0.445,0.659
290,9.69783333333362,-1.331,-2.116,-16.314,-6.376,-37.923,2.782,10.01,17.40782479,78.40135637,0.445,0.658
291,9.731200000000172,0.146,-4.967,2.093,-90.447,49.586,2.738,9.86,17.40782524,78.40135568,0.445,0.658
292,9.764566666666724,0.735,-6.188,-0.844,-42.688,20.154,2.689,9.68,17.4078257,78.40135501,0.445,0.658
293,9.797933333333276,0.404,-7.234,1.499,-38.412,-24.663,2.641,9.51,17.40782617,78.40135434,0.446,0.658
294,9.831300000000285,1.39,-8.903,5.216,-58.567,31.212,2.674,9.63,17.40782676,78.40135361,0.447,0.658
295,9.864666666666835,1.99,-8.066,7.312,17.248,13.322,2.712,9.76,17.40782736,78.40135288,0.447,0.658
296,9.898033333333387,2.478,-6.881,10.107,28.716,6.678,2.75,9.9,17.40782796,78.40135214,0.447,0.658
297,9.93139999999994,4.068,-7.988,13.729,-40.984,51.721,2.751,9.9,17.40782825,78.40135122,0.446,0.658
298,9.964766666666948,4.624,-7.302,11.006,13.332,15.775,2.751,9.9,17.40782852,78.40135029,0.446,0.658
299,9.998133333333044,4.536,-5.763,12.181,40.266,-11.412,2.75,9.9,17.40782879,78.40134935,0.445,0.658
300,10.031500000000053,5.867,-7.192,15.749,-49.955,44.305,2.776,9.99,17.4078294,78.40134858,0.445,0.657
301,10.064866666666603,6.453,-6.91,12.741,1.53,20.905,2.804,10.09,17.40783003,78.40134781,0.444,0.657
302,10.09823333333361,5.795,-4.817,14.023,57.66,-28.42,2.832,10.19,17.40783067,78.40134704,0.443,0.657
303,10.131600000000162,6.883,-4.362,18.635,8.945,33.304,2.85,10.26,17.40783111,78.40134612,0.441,0.657
304,10.164966666666714,7.489,-3.45,15.183,23.448,21.979,2.869,10.33,17.40783154,78.40134518,0.44,0.657
305,10.198333333333268,6.669,-2.398,11.549,28.581,-26.404,2.887,10.39,17.40783198,78.40134425,0.439,0.657
306,10.231700000000274,7.434,-2.606,15.234,-9.375,27.756,2.85,10.26,17.40783244,78.40134347,0.438,0.657
307,10.265066666666826,7.722,-3.302,6.691,-24.643,21.857,2.809,10.11,17.40783291,78.4013427,0.438,0.657
308,10.298433333333378,6.468,-2.36,2.478,25.297,-38.472,2.769,9.97,17.40783338,78.40134194,0.439,0.657
309,10.33179999999993,6.178,-1.894,2.575,11.44,-0.686,2.775,9.99,17.40783378,78.4013411,0.439,0.657
310,10.365166666666935,5.777,-3.201,-4.525,-42.875,3.071,2.784,10.02,17.40783418,78.40134027,0.439,0.657
311,10.398533333333036,4.054,-3.496,-11.016,-12.808,-46.176,2.793,10.05,17.40783458,78.40133944,0.44,0.656
312,10.43190000000004,2.707,-2.928,-14.696,13.568,-29.23,2.837,10.21,17.40783517,78.4013387,0.439,0.656
313,10.465266666666594,2.362,-3.346,-11.858,-16.393,3.246,2.884,10.38,17.40783577,78.40133796,0.438,0.656
314,10.4986333333336,1.19,-2.372,-12.448,26.21,-27.846,2.93,10.55,17.40783638,78.40133723,0.436,0.656
315,10.532000000000153,-0.148,-0.463,-15.026,55.908,-34.673,2.95,10.62,17.40783694,78.40133643,0.435,0.656
316,10.565366666666703,0.126,-1.564,-14.837,-35.287,19.642,2.968,10.68,17.40783751,78.40133563,0.433,0.656
317,10.598733333333255,-1.385,-1.313,-22.176,5.462,-35.797,2.986,10.75,17.40783808,78.40133483,0.432,0.656
318,10.632100000000264,-3.619,0.945,-24.102,67.604,-67.688,2.973,10.7,17.40783868,78.40133403,0.431,0.656
319,10.665466666666816,-3.099,0.632,-18.952,-9.722,22.52,2.958,10.65,17.40783928,78.40133323,0.43,0.656
320,10.698833333333369,-3.437,-1.442,-27.828,-64.345,2.597,2.944,10.6,17.40783988,78.40133243,0.43,0.656
321,10.73219999999992,-5.616,-1.049,-28.032,9.928,-68.358,2.979,10.72,17.40784064,78.40133176,0.429,0.656
322,10.765566666666928,-5.321,-0.275,-17.282,22.067,5.108,3.016,10.86,17.40784141,78.40133109,0.428,0.656
323,10.798933333333023,-4.403,-0.607,-16.114,-11.419,26.885,3.053,10.99,17.40784218,78.40133042,0.427,0.656
324,10.832300000000032,-5.478,-0.349,-17.947,6.524,-39.355,3.053,10.99,17.40784275,78.40132962,0.426,0.655
325,10.865666666666584,-6.412,-0.115,-15.153,5.995,-40.877,3.051,10.98,17.40784332,78.40132882,0.426,0.655
326,10.899033333333591,-4.695,-1.694,-2.703,-49.723,38.009,3.05,10.98,17.40784388,78.40132802,0.425,0.655
327,10.932400000000143,-4.525,-0.974,-2.438,19.789,-12.379,3.044,10.96,17.40784458,78.40132735,0.425,0.655
328,10.965766666666696,-4.6,0.746,-2.698,51.29,-20.436,3.037,10.93,17.40784528,78.40132668,0.425,0.655
329,10.999133333332791,-3.123,0.174,-0.187,-17.919,32.734,3.03,10.91,17.40784598,78.40132602,0.424,0.655
330,11.032500000000256,-2.745,0.305,-6.578,3.277,4.528,3.047,10.97,17.40784685,78.40132542,0.424,0.655
331,11.065866666666809,-3.34,1.094,-12.828,23.72,-22.26,3.064,11.03,17.40784771,78.40132481,0.424,0.655
332,11.09923333333336,-2.772,0.117,-12.04,-30.102,16.468,3.082,11.09,17.40784858,78.40132421,0.424,0.655
333,11.132599999999911,-2.746,-0.668,-15.3,-25.023,2.554,3.004,10.81,17.40784919,78.40132355,0.424,0.655
334,11.165966666666918,-3.654,-0.51,-14.631,3.375,-34.445,2.924,10.53,17.40784979,78.40132288,0.425,0.655
335,11.199333333333016,-2.809,-2.408,-7.2,-59.94,25.251,2.845,10.24,17.40785039,78.40132221,0.426,0.655
336,11.232700000000024,-2.268,-2.814,-5.097,-15.562,11.343,2.895,10.42,17.40785109,78.40132148,0.427,0.655
337,11.266066666666577,-2.701,-2.826,-5.406,-3.793,-24.407,2.947,10.61,17.40785179,78.40132075,0.427,0.654
338,11.299433333333582,-2.249,-3.863,-0.371,-35.42,1.621,3.0,10.8,17.40785249,78.40132001,0.426,0.654
339,11.332800000000134,-1.389,-4.979,1.098,-38.771,16.865,2.968,10.68,17.40785309,78.40131931,0.426,0.654
340,11.366166666666686,-1.056,-4.36,3.334,13.766,-2.487,2.934,10.56,17.40785369,78.40131861,0.427,0.654
341,11.399533333332784,-0.173,-4.012,5.444,5.918,17.911,2.9,10.44,17.40785429,78.40131791,0.427,0.654
342,11.43289999999979,0.275,-3.729,-1.65,4.214,11.879,2.92,10.51,17.40785496,78.40131714,0.428,0.654
343,11.466266666666796,-0.151,-3.554,-6.244,1.136,-14.794,2.94,10.59,17.40785563,78.40131638,0.428,0.654
344,11.49963333333335,0.036,-4.791,-10.211,-42.282,11.484,2.961,10.66,17.40785629,78.40131561,0.427,0.654
345,11.532999999999902,-0.235,-5.391,-15.987,-23.736,1.525,2.963,10.67,17.40785676,78.40131471,0.427,0.654
346,11.566366666666909,-1.647,-4.798,-19.286,12.55,-38.552,2.966,10.68,17.40785723,78.40131381,0.427,0.654
347,11.599733333333006,-2.014,-3.517,-15.592,34.235,-7.977,2.968,10.68,17.4078577,78.40131291,0.427,0.654
348,11.633100000000011,-3.112,-1.596,-20.601,55.139,-31.666,2.939,10.58,17.40785826,78.40131214,0.427,0.654
349,11.666466666666564,-4.472,-1.599,-27.281,-2.554,-38.553,2.91,10.47,17.40785883,78.40131137,0.427,0.654
350,11.699833333333572,-4.937,-3.036,-26.278,-46.784,-8.616,2.88,10.37,17.4078594,78.4013106,0.428,0.654
351,11.733200000000124,-5.158,-2.519,-21.603,12.228,-5.891,2.837,10.21,17.40785996,78.40130994,0.429,0.653
352,11.766566666666677,-4.514,-2.628,-18.568,-6.629,27.398,2.793,10.06,17.40786053,78.40130927,0.431,0.653
353,11.799933333332774,-4.178,-4.216,-18.932,-52.379,17.49,2.75,9.9,17.4078611,78.4013086,0.433,0.653
354,11.83329999999978,-4.414,-4.799,-21.677,-22.772,-3.756,2.766,9.96,17.40786187,78.401308,0.434,0.653
355,11.866666666666788,-3.962,-4.299,-9.926,10.129,9.437,2.783,10.02,17.40786263,78.4013074,0.435,0.653
356,11.90003333333334,-3.518,-3.654,-8.816,15.025,8.76,2.799,10.08,17.4078634,78.4013068,0.436,0.653
357,11.933399999999892,-3.661,-3.176,-11.606,10.434,-11.185,2.747,9.89,17.407864,78.4013062,0.437,0.653
358,11.9667666666669,-3.863,-2.637,-13.106,12.705,-12.478,2.695,9.7,17.4078646,78.4013056,0.438,0.653
359,12.000133333332997,-3.725,-2.998,-12.974,-14.553,3.151,2.643,9.51,17.4078652,78.401305,0.441,0.653
360,12.033500000000004,-3.241,-2.899,-9.854,-0.732,15.438,2.653,9.55,17.40786584,78.40130436,0.442,0.653
361,12.066866666666556,-2.382,-3.84,-3.591,-32.71,25.487,2.664,9.59,17.40786647,78.40130373,0.443,0.653
362,12.100233333333565,-0.887,-4.357,7.396,-20.459,42.38,2.674,9.63,17.4078671,78.4013031,0.444,0.653
363,12.133600000000117,0.332,-2.98,16.017,37.52,22.821,2.637,9.49,17.4078676,78.40130246,0.446,0.653
364,12.166966666666667,1.584,-1.403,21.058,44.861,22.016,2.6,9.36,17.4078681,78.40130183,0.447,0.653
365,12.20033333333322,2.807,0.953,25.994,70.272,17.96,2.563,9.23,17.40786861,78.40130119,0.449,0.653
366,12.233700000000226,3.932,0.666,26.576,-9.208,16.832,2.529,9.1,17.40786914,78.40130063,0.451,0.653
367,12.267066666666778,5.203,-0.425,26.425,-34.229,30.023,2.495,8.98,17.40786967,78.40130006,0.453,0.652
368,12.30043333333333,5.913,1.74,22.007,65.228,11.229,2.461,8.86,17.40787021,78.40129949,0.456,0.652
369,12.333799999999885,6.114,3.715,12.094,61.277,2.465,2.437,8.77,17.40787067,78.40129886,0.458,0.652
370,12.36716666666689,6.013,5.739,5.591,64.535,-2.854,2.414,8.69,17.40787114,78.40129822,0.46,0.652
371,12.400533333332987,5.994,2.996,1.441,-80.717,9.261,2.391,8.61,17.40787161,78.40129759,0.462,0.652
372,12.433899999999994,5.77,-1.018,-12.931,-122.341,23.979,2.386,8.59,17.40787221,78.40129702,0.464,0.652
373,12.467266666666546,4.959,-0.871,-12.179,2.514,-13.656,2.381,8.57,17.40787281,78.40129646,0.466,0.652
374,12.500633333333552,4.421,1.77,-13.382,79.559,1.721,2.375,8.55,17.40787341,78.40129589,0.468,0.652
375,12.534000000000106,3.47,2.526,-20.319,23.724,-13.375,2.33,8.39,17.40787394,78.40129542,0.47,0.652
376,12.567366666666658,1.689,1.041,-35.534,-44.716,-42.515,2.286,8.23,17.40787448,78.40129496,0.472,0.652
377,12.60073333333321,0.127,1.564,-34.589,15.919,-39.271,2.242,8.07,17.40787501,78.40129449,0.475,0.652
378,12.634100000000217,-1.227,3.883,-36.501,71.755,-27.603,2.222,8.0,17.40787551,78.40129406,0.478,0.652
379,12.667466666666767,-2.019,8.077,-22.178,131.652,-25.787,2.202,7.93,17.40787601,78.40129362,0.48,0.652
380,12.70083333333332,-3.394,10.985,-27.0,95.631,-62.326,2.181,7.85,17.40787651,78.40129319,0.483,0.652
381,12.734199999999872,-4.154,13.576,-21.503,88.452,-35.756,2.159,7.77,17.40787708,78.40129272,0.485,0.652
382,12.76756666666688,-4.32,14.647,-14.755,43.825,-10.377,2.136,7.69,17.40787765,78.40129225,0.488,0.652
383,12.800933333332978,-4.351,16.244,-8.233,61.054,-16.627,2.114,7.61,17.40787822,78.40129179,0.491,0.652
384,12.834299999999985,-4.061,14.822,0.46,-30.643,-13.151,2.119,7.63,17.40787882,78.40129139,0.493,0.651
385,12.867666666666535,-3.854,9.822,0.722,-142.238,-18.677,2.124,7.65,17.40787942,78.40129099,0.495,0.651
386,12.901033333333087,-2.283,10.392,32.225,25.241,10.478,2.128,7.66,17.40788001,78.40129058,0.496,0.651
387,12.934400000000096,-0.364,11.842,36.599,52.893,34.115,2.112,7.6,17.40788048,78.40129002,0.498,0.651
388,12.967766666666192,1.854,13.008,43.945,45.451,49.258,2.096,7.54,17.40788095,78.40128945,0.499,0.651
389,13.0011333333332,3.288,11.474,27.692,-36.799,38.694,2.079,7.49,17.40788142,78.40128889,0.501,0.651
390,13.034500000000207,3.876,9.997,13.43,-36.361,14.01,2.058,7.41,17.40788202,78.40128859,0.503,0.651
391,13.06786666666676,4.3,10.38,12.366,19.754,6.317,2.037,7.33,17.40788262,78.40128829,0.505,0.651
392,13.101233333333312,4.794,12.952,18.4,87.603,-1.848,2.015,7.25,17.40788322,78.40128799,0.507,0.651
393,13.134599999999864,5.871,16.603,22.455,123.151,40.938,1.955,7.04,17.40788375,78.40128772,0.51,0.651
394,13.16796666666687,6.725,19.14,18.94,92.017,37.209,1.895,6.82,17.40788429,78.40128746,0.513,0.651
395,13.201333333333425,6.658,20.711,12.6,64.486,-34.084,1.836,6.61,17.40788481,78.40128718,0.517,0.651
396,13.234699999999975,6.862,17.397,9.889,-84.761,3.834,1.82,6.55,17.40788518,78.40128675,0.52,0.651
397,13.268066666666527,7.737,13.607,18.658,-102.31,48.325,1.804,6.5,17.40788555,78.40128632,0.524,0.651
398,13.30143333333308,8.684,9.5,21.85,-115.342,50.362,1.789,6.44,17.40788593,78.40128589,0.527,0.651
399,13.334800000000088,8.696,7.068,16.17,-67.242,-28.483,1.783,6.42,17.40788653,78.40128562,0.53,0.651
400,13.368166666666184,9.626,5.494,30.718,-42.879,22.774,1.777,6.4,17.40788713,78.40128535,0.533,0.651
401,13.401533333333193,10.737,4.593,36.402,-23.498,28.229,1.772,6.38,17.40788772,78.40128508,0.536,0.651
402,13.434900000000198,11.442,6.251,36.192,54.667,-9.469,1.768,6.36,17.40788819,78.40128468,0.538,0.651
403,13.46826666666675,12.473,7.333,31.939,38.352,46.102,1.764,6.35,17.40788866,78.40128428,0.54,0.65
404,13.501633333333302,12.039,3.339,7.413,-117.248,-24.504,1.757,6.33,17.40788911,78.40128388,0.543,0.65
405,13.534999999999854,11.385,-3.023,-4.796,-193.732,-13.155,1.697,6.11,17.40788934,78.40128341,0.545,0.65
406,13.56836666666686,11.198,-4.485,4.509,-48.141,0.203,1.638,5.9,17.40788958,78.40128294,0.549,0.65
407,13.601733333333414,11.586,-0.749,22.442,110.853,-4.898,1.579,5.69,17.40788981,78.40128248,0.553,0.65
408,13.635099999999966,12.202,0.711,20.154,43.923,42.0,1.547,5.57,17.40789008,78.40128208,0.557,0.65
409,13.668466666666518,12.078,-2.511,5.262,-99.172,3.414,1.515,5.45,17.40789035,78.40128168,0.562,0.65
410,13.70183333333307,11.752,-2.554,3.936,-3.976,-25.892,1.486,5.35,17.40789061,78.40128127,0.566,0.65
411,13.735200000000075,11.802,-1.657,10.219,24.981,5.126,1.512,5.44,17.40789088,78.40128081,0.57,0.65
412,13.768566666666176,11.209,-0.097,-0.732,46.204,-34.941,1.537,5.53,17.40789115,78.40128034,0.573,0.65
413,13.801933333333182,10.489,0.155,-10.578,7.229,-7.764,1.557,5.61,17.40789141,78.40127987,0.575,0.65
414,13.835300000000188,9.84,0.147,-12.776,-0.581,3.679,1.495,5.38,17.40789158,78.40127944,0.578,0.65
415,13.86866666666674,9.05,-0.276,-15.596,-13.383,-14.27,1.432,5.15,17.40789174,78.40127901,0.582,0.65
416,13.902033333333293,8.366,0.308,-13.102,17.302,-21.466,1.371,4.94,17.40789192,78.40127859,0.587,0.65
417,13.935399999999843,7.312,0.917,-22.674,18.598,-41.858,1.342,4.83,17.40789225,78.40127835,0.591,0.65
418,13.968766666666852,6.262,1.83,-25.051,28.483,-35.696,1.313,4.73,17.40789259,78.40127812,0.596,0.65
419,14.002133333333404,5.784,2.387,-15.454,18.316,13.623,1.284,4.62,17.40789293,78.4012779,0.601,0.65
420,14.035499999999956,5.273,3.759,-12.887,43.933,-19.575,1.248,4.49,17.4078934,78.40127783,0.606,0.65
421,14.068866666666509,4.574,5.187,-17.509,46.845,-36.951,1.212,4.36,17.40789386,78.40127776,0.612,0.65
422,14.10223333333306,4.027,6.351,-15.532,39.966,-21.922,1.177,4.24,17.40789432,78.40127768,0.617,0.65
423,14.135600000000068,3.589,7.948,-12.514,54.333,-24.934,1.152,4.15,17.40789455,78.40127734,0.623,0.65
424,14.16896666666662,3.333,8.891,-9.188,35.567,-8.038,1.127,4.06,17.40789478,78.40127701,0.628,0.649
425,14.202333333333172,2.909,7.349,-15.346,-40.221,-0.62,1.103,3.97,17.40789502,78.40127668,0.634,0.649
426,14.23570000000018,2.397,6.354,-17.196,-24.683,-12.629,1.106,3.98,17.40789525,78.40127641,0.639,0.649
427,14.269066666666731,1.852,5.717,-18.953,-14.485,-8.762,1.109,3.99,17.40789548,78.40127615,0.644,0.649
428,14.302433333333283,1.453,5.803,-14.159,7.268,-16.18,1.11,4.0,17.40789571,78.40127588,0.649,0.649
429,14.33580000000029,1.356,4.362,-8.012,-39.738,12.228,1.079,3.89,17.40789591,78.40127558,0.654,0.649
430,14.369166666666844,1.221,3.779,-8.583,-14.51,4.739,1.049,3.78,17.40789612,78.40127528,0.659,0.649
431,14.402533333333396,1.02,3.468,-9.314,-6.634,-12.377,1.019,3.67,17.40789632,78.40127499,0.664,0.649
432,14.435899999999949,0.981,2.893,-5.827,-15.014,3.489,0.989,3.56,17.40789662,78.40127486,0.67,0.649
433,14.469266666666954,0.945,1.69,-5.527,-34.898,0.581,0.959,3.45,17.40789692,78.40127472,0.675,0.649
434,14.502633333333051,0.732,0.482,-9.9,-36.079,-17.15,0.929,3.34,17.40789723,78.4012746,0.681,0.649
435,14.536000000000058,0.6,0.999,-7.591,16.06,-18.049,0.901,3.24,17.4078976,78.40127456,0.688,0.649
436,14.56936666666661,0.432,2.309,-9.12,40.993,-13.133,0.873,3.14,17.40789796,78.40127453,0.694,0.649
437,14.602733333333616,0.29,1.902,-9.477,-10.854,5.8,0.844,3.04,17.40789831,78.40127448,0.7,0.649
438,14.63610000000017,-0.012,2.566,-13.922,21.863,-5.102,0.811,2.92,17.40789837,78.40127421,0.707,0.649
439,14.669466666666722,-0.381,2.998,-16.276,15.251,-1.42,0.778,2.8,17.40789844,78.40127394,0.714,0.649
440,14.702833333333274,-0.637,2.562,-13.579,-11.128,13.412,0.741,2.67,17.40789851,78.40127369,0.721,0.649
441,14.73620000000028,-0.881,2.24,-12.792,-7.974,1.079,0.673,2.42,17.40789857,78.40127356,0.729,0.649
442,14.769566666666831,-0.992,1.498,-9.047,-21.197,14.318,0.604,2.18,17.40789864,78.40127342,0.738,0.649
443,14.802933333333383,-1.027,1.018,-6.439,-13.753,0.411,0.544,1.96,17.40789872,78.40127329,0.747,0.649
444,14.836299999999936,-0.95,1.414,-3.083,12.826,-1.394,0.563,2.03,17.40789899,78.40127319,0.756,0.649
445,14.869666666666944,-0.895,1.944,-3.681,17.329,-2.481,0.583,2.1,17.40789926,78.40127309,0.764,0.649
446,14.903033333333042,-0.8,2.078,-2.557,5.551,0.46,0.597,2.15,17.40789951,78.40127299,0.772,0.649
447,14.936400000000049,-0.53,2.047,2.731,0.607,4.506,0.553,1.99,17.40789965,78.40127293,0.78,0.649
448,14.9697666666666,-0.158,1.307,5.935,-21.299,6.826,0.51,1.83,17.40789978,78.40127286,0.789,0.649
449,15.003133333333608,0.27,0.856,7.748,-13.008,11.666,0.468,1.69,17.40789992,78.40127279,0.8,0.648
450,15.03650000000016,0.776,0.387,10.135,-13.955,6.151,0.448,1.61,17.40790012,78.40127273,0.811,0.648
451,15.069866666666712,1.216,0.24,8.201,-4.428,7.987,0.428,1.54,17.40790032,78.40127266,0.821,0.648
452,15.103233333333264,1.595,0.468,6.432,7.005,0.27,0.407,1.47,17.40790051,78.40127259,0.831,0.648
453,15.136600000000271,1.85,0.328,2.731,-4.125,0.495,0.379,1.37,17.40790057,78.40127253,0.842,0.648
454,15.169966666666824,1.94,0.417,-2.196,2.797,0.567,0.351,1.26,17.40790064,78.40127246,0.852,0.648
455,15.203333333333376,2.037,1.625,-1.977,37.363,-1.082,0.325,1.17,17.40790071,78.40127239,0.862,0.648
456,15.236699999999928,2.206,2.276,0.231,21.255,-15.02,0.319,1.15,17.40790085,78.40127225,0.871,0.648
457,15.270066666666937,2.487,1.203,3.607,-31.336,2.938,0.312,1.12,17.40790098,78.40127212,0.881,0.648
458,15.303433333333032,3.027,1.069,11.435,-3.314,30.432,0.304,1.1,17.4079011,78.40127198,0.89,0.648
459,15.33680000000004,3.461,1.168,8.345,3.759,6.309,0.29,1.04,17.40790114,78.40127182,0.9,0.648
460,15.370166666666591,3.872,0.612,7.688,-16.343,14.97,0.275,0.99,17.40790117,78.40127165,0.909,0.648
461,15.403533333333598,4.264,1.094,7.202,15.163,12.959,0.261,0.94,17.4079012,78.40127149,0.918,0.648
462,15.43690000000015,4.655,0.613,7.237,-14.104,3.4,0.248,0.89,17.40790124,78.40127135,0.927,0.648
463,15.470266666666705,4.995,0.585,5.749,-0.542,20.583,0.235,0.84,17.40790127,78.40127122,0.935,0.648
464,15.503633333333257,5.045,1.888,-2.927,40.474,-18.992,0.221,0.8,17.40790131,78.40127109,0.944,0.648
465,15.537000000000262,5.393,1.303,6.065,-16.609,3.502,0.207,0.75,17.40790141,78.40127099,0.953,0.648
466,15.570366666666814,6.118,0.186,17.492,-33.52,43.906,0.193,0.69,17.40790151,78.40127089,0.961,0.648
467,15.603733333333366,6.91,1.436,19.651,38.504,-0.485,0.182,0.66,17.40790161,78.40127079,0.969,0.648
468,15.63709999999992,7.831,1.528,23.62,3.871,-6.19,0.2,0.72,17.40790171,78.40127069,0.978,0.648
469,15.670466666666924,8.928,0.295,29.12,-36.895,57.269,0.217,0.78,17.40790181,78.40127059,0.986,0.648
470,15.703833333333025,10.005,0.504,28.678,6.509,27.106,0.231,0.83,17.40790191,78.40127048,0.994,0.648
471,15.73720000000003,11.007,1.943,26.621,44.599,-14.591,0.218,0.79,17.40790201,78.40127035,1.001,0.648
472,15.770566666666582,12.032,0.784,27.483,-34.246,36.511,0.205,0.74,17.40790211,78.40127022,1.009,0.648
473,15.803933333333587,12.988,0.985,25.59,6.69,41.766,0.196,0.71,17.40790222,78.40127008,1.017,0.648
474,15.83730000000014,13.404,3.334,9.515,73.081,-23.239,0.221,0.8,17.40790235,78.40126995,1.024,0.648
475,15.870666666666692,13.823,2.904,9.718,-10.536,23.988,0.247,0.89,17.40790248,78.40126982,1.032,0.648
476,15.90403333333279,13.992,0.195,2.275,-81.214,43.869,0.27,0.97,17.40790262,78.40126969,1.039,0.647
477,15.937400000000252,14.154,1.158,2.131,29.679,-45.178,0.277,1.0,17.40790275,78.40126959,1.046,0.647
478,15.970766666666805,14.363,3.685,3.636,78.743,-20.895,0.284,1.02,17.40790288,78.40126949,1.053,0.647
479,16.004133333333357,14.728,1.809,8.379,-54.831,61.361,0.293,1.06,17.40790302,78.40126938,1.06,0.647
480,16.03749999999991,14.694,0.457,-3.551,-40.278,17.164,0.319,1.15,17.40790315,78.40126921,1.067,0.647
481,16.070866666666916,14.54,1.808,-7.103,41.898,-69.436,0.345,1.24,17.40790328,78.40126905,1.074,0.647
482,16.104233333333013,14.859,2.249,7.119,14.981,0.672,0.368,1.32,17.40790341,78.40126888,1.08,0.647
483,16.13760000000002,15.318,-0.726,11.464,-89.918,70.083,0.368,1.32,17.40790351,78.40126871,1.087,0.647
484,16.170966666666573,15.621,-0.666,6.884,1.055,4.82,0.367,1.32,17.40790361,78.40126855,1.093,0.647
485,16.20433333333358,16.126,2.318,13.058,91.295,-59.757,0.377,1.36,17.40790373,78.40126838,1.1,0.647
486,16.23770000000013,17.054,4.298,25.941,62.883,30.956,0.454,1.64,17.407904,78.40126821,1.106,0.647
487,16.271066666666684,18.173,0.367,36.007,-117.646,100.381,0.532,1.91,17.40790427,78.40126804,1.105,0.647
488,16.30443333333278,18.851,0.268,29.297,-2.881,0.235,0.598,2.15,17.40790453,78.40126788,1.101,0.647
489,16.33779999999979,19.659,2.867,35.952,80.234,-57.432,0.593,2.13,17.40790473,78.40126775,1.098,0.647
490,16.371166666666795,21.155,5.477,51.399,82.791,80.238,0.587,2.11,17.40790493,78.40126762,1.095,0.647
491,16.404533333333347,22.847,-0.038,56.187,-165.436,132.417,0.583,2.1,17.4079051,78.40126746,1.092,0.647
492,16.4378999999999,23.317,-0.97,27.158,-28.877,-33.985,0.592,2.13,17.4079051,78.40126716,1.089,0.647
493,16.471266666666907,23.889,1.106,32.531,63.042,-66.267,0.601,2.16,17.4079051,78.40126686,1.086,0.647
494,16.504633333333004,25.062,5.481,45.636,135.703,74.804,0.613,2.21,17.40790512,78.40126656,1.082,0.647
495,16.53800000000001,26.256,1.904,44.482,-105.683,153.765,0.647,2.33,17.40790529,78.40126626,1.077,0.647
496,16.571366666666563,25.081,-2.17,-13.914,-124.055,-49.906,0.682,2.45,17.40790546,78.40126596,1.07,0.647
497,16.60473333333357,23.671,0.614,-11.916,83.857,-168.282,0.711,2.56,17.40790562,78.40126566,1.063,0.647
498,16.638100000000122,23.305,5.222,2.926,142.489,56.886,0.71,2.56,17.40790575,78.4012654,1.056,0.647
499,16.671466666666674,23.428,1.56,12.473,-108.513,130.307,0.709,2.55,17.40790589,78.40126513,1.049,0.647
500,16.704833333333227,21.1,-3.088,-47.724,-142.052,-82.396,0.724,2.61,17.40790606,78.40126486,1.042,0.647
501,16.73819999999978,18.477,-1.814,-40.389,36.513,-176.288,0.836,3.01,17.40790646,78.40126456,1.03,0.647
502,16.771566666666786,17.231,1.389,-14.078,97.084,1.234,0.948,3.41,17.40790686,78.40126426,1.013,0.647
503,16.804933333333338,16.202,2.333,-18.044,30.203,67.497,1.042,3.75,17.40790723,78.40126396,0.993,0.647
504,16.83829999999989,14.559,-1.491,-27.019,-116.014,-2.139,1.036,3.73,17.40790743,78.40126366,0.974,0.647
505,16.871666666666897,12.421,-0.857,-25.75,18.183,-120.144,1.031,3.71,17.40790763,78.40126336,0.958,0.647
506,16.905033333332995,11.494,3.506,-4.311,133.655,-49.647,1.031,3.71,17.40790784,78.40126304,0.942,0.647
507,16.9384,12.109,3.324,19.265,-2.68,85.301,1.066,3.84,17.40790811,78.40126268,0.927,0.647
508,16.971766666666554,12.136,-0.246,9.283,-107.292,44.692,1.101,3.96,17.40790837,78.40126231,0.911,0.647
509,17.00513333333356,11.506,0.934,11.291,36.063,-62.538,1.138,4.1,17.40790864,78.40126193,0.895,0.646
510,17.038500000000113,11.023,5.407,14.614,138.602,-49.882,1.192,4.29,17.40790887,78.40126146,0.878,0.646
511,17.071866666666665,11.662,2.909,20.683,-72.445,70.888,1.246,4.49,17.4079091,78.40126099,0.86,0.646
512,17.105233333333217,11.046,-2.985,-6.292,-179.265,25.938,1.294,4.66,17.40790935,78.40126054,0.842,0.646
513,17.138600000000224,9.04,-2.412,-11.872,15.006,-123.488,1.31,4.72,17.40790969,78.40126018,0.825,0.646
514,17.171966666666776,8.195,1.632,-1.02,122.528,-41.327,1.325,4.77,17.40791002,78.40125981,0.81,0.646
515,17.20533333333333,8.121,2.921,-5.064,41.053,56.263,1.34,4.82,17.40791033,78.40125943,0.795,0.646
516,17.23869999999988,7.056,-1.36,-24.174,-129.537,8.85,1.353,4.87,17.40791053,78.40125896,0.782,0.646
517,17.272066666666888,4.593,-0.652,-33.791,20.591,-131.955,1.366,4.92,17.40791073,78.40125849,0.769,0.646
518,17.305433333332985,2.979,2.625,-23.858,100.389,-82.748,1.384,4.98,17.40791098,78.40125805,0.757,0.646
519,17.338799999999992,2.441,0.525,-23.646,-62.563,29.945,1.43,5.15,17.40791148,78.40125771,0.745,0.646
520,17.372166666666544,0.866,-5.423,-42.932,-183.007,-19.658,1.475,5.31,17.40791198,78.40125738,0.732,0.646
521,17.40553333333355,-0.426,-3.281,-20.891,61.306,-67.983,1.524,5.48,17.40791246,78.40125701,0.72,0.646
522,17.438900000000103,-1.07,2.458,-13.11,174.039,-33.571,1.587,5.71,17.40791279,78.40125648,0.706,0.646
523,17.472266666666656,-1.859,5.031,-22.028,81.344,-24.268,1.651,5.94,17.40791312,78.40125594,0.693,0.646
524,17.505633333333208,-2.095,-1.382,-26.055,-193.473,24.523,1.708,6.15,17.40791347,78.40125542,0.679,0.646
525,17.539000000000215,-1.831,-2.647,-12.008,-40.272,28.117,1.734,6.24,17.40791391,78.40125492,0.666,0.646
526,17.572366666666767,-2.802,0.506,-13.3,94.874,-61.816,1.76,6.34,17.40791434,78.40125441,0.655,0.646
527,17.60573333333332,-3.881,1.749,-17.108,38.649,-66.225,1.782,6.42,17.40791476,78.4012539,0.644,0.646
528,17.63909999999987,-3.234,-2.834,-8.901,-139.84,41.468,1.788,6.44,17.40791509,78.40125334,0.634,0.646
529,17.672466666666878,-1.835,-6.328,0.714,-110.232,83.327,1.793,6.46,17.40791542,78.40125277,0.625,0.646
530,17.705833333332976,-3.852,-3.695,-23.848,75.628,-124.328,1.813,6.53,17.40791577,78.40125218,0.617,0.646
531,17.739199999999983,-4.14,0.766,-8.267,134.252,-29.967,1.902,6.85,17.40791617,78.40125152,0.607,0.646
532,17.772566666666535,-2.187,-4.211,5.017,-152.852,88.282,1.99,7.17,17.40791657,78.40125085,0.597,0.646
533,17.805933333333087,-3.007,-5.568,-20.914,-45.57,-27.541,2.064,7.43,17.40791698,78.4012502,0.587,0.646
534,17.839300000000094,-3.598,0.095,-1.425,169.707,-54.384,2.07,7.45,17.40791741,78.40124963,0.577,0.646
535,17.87266666666619,-4.181,4.275,-14.766,128.809,-31.859,2.075,7.47,17.40791784,78.40124906,0.569,0.646
536,17.9060333333332,-3.907,-3.38,-21.301,-232.44,30.973,2.084,7.5,17.40791828,78.4012485,0.562,0.646
537,17.939400000000205,-4.274,-7.107,-25.296,-117.906,0.151,2.106,7.58,17.40791875,78.40124797,0.555,0.646
538,17.972766666666757,-4.032,-0.765,-4.022,189.284,-4.378,2.127,7.66,17.40791922,78.40124744,0.549,0.646
539,18.00613333333331,-4.517,4.858,-16.176,172.554,-24.552,2.151,7.74,17.4079197,78.4012469,0.543,0.646
540,18.03949999999986,-5.284,1.524,-29.948,-98.727,-17.86,2.181,7.85,17.40792027,78.40124637,0.538,0.646
541,18.07286666666687,-5.289,-3.709,-34.305,-160.125,30.665,2.211,7.96,17.40792084,78.40124583,0.532,0.646
542,18.10623333333342,-4.97,-0.971,-6.182,81.069,-1.081,2.249,8.1,17.40792144,78.40124533,0.527,0.646
543,18.139599999999973,-5.62,4.736,-11.105,174.992,-43.679,2.319,8.35,17.40792221,78.40124492,0.521,0.646
544,18.172966666666525,-6.53,7.165,-24.926,78.8,-36.248,2.389,8.6,17.40792298,78.40124452,0.515,0.646
545,18.20633333333308,-6.83,1.543,-33.499,-167.27,1.993,2.452,8.83,17.4079237,78.40124407,0.508,0.646
546,18.239700000000084,-5.871,2.138,-9.416,19.556,24.829,2.483,8.94,17.40792424,78.40124341,0.502,0.646
547,18.273066666666185,-6.016,4.936,-12.716,87.969,-17.328,2.515,9.05,17.40792477,78.40124274,0.496,0.646
548,18.30643333333319,-6.169,5.324,-17.738,16.114,-11.214,2.54,9.14,17.40792532,78.40124209,0.491,0.645
549,18.3398000000002,-5.386,2.211,-12.045,-91.5,23.162,2.54,9.15,17.40792592,78.40124152,0.487,0.645
550,18.373166666666748,-4.265,-3.541,-11.486,-175.485,42.092,2.541,9.15,17.40792652,78.40124096,0.483,0.645
551,18.4065333333333,-3.539,-2.398,10.151,32.103,-2.919,2.554,9.19,17.40792713,78.40124038,0.479,0.645
552,18.43989999999985,-1.918,2.006,22.797,133.639,21.672,2.621,9.43,17.4079278,78.40123974,0.475,0.645
553,18.47326666666686,0.447,3.378,16.158,43.93,66.798,2.688,9.68,17.40792847,78.40123911,0.471,0.645
554,18.50663333333341,1.349,-2.109,-0.183,-166.327,32.708,2.738,9.86,17.40792909,78.40123845,0.467,0.645
555,18.539999999999964,1.402,-4.174,3.161,-65.545,-2.148,2.722,9.8,17.40792956,78.40123772,0.463,0.645
556,18.57336666666652,3.029,2.377,21.365,198.268,41.225,2.706,9.74,17.40793003,78.40123699,0.46,0.645
557,18.606733333333068,3.929,6.972,2.451,143.599,41.296,2.698,9.71,17.40793051,78.40123626,0.458,0.645
558,18.640100000000075,3.879,6.731,-10.663,-1.543,20.309,2.72,9.79,17.40793108,78.40123556,0.456,0.645
559,18.673466666666627,2.5,4.536,-16.276,-61.949,-28.4,2.742,9.87,17.40793165,78.40123486,0.454,0.645
560,18.70683333333318,3.435,-2.704,-13.454,-219.349,60.164,2.766,9.96,17.40793222,78.40123415,0.452,0.645
561,18.740200000000183,3.322,-1.197,6.002,44.084,-5.011,2.797,10.07,17.40793278,78.40123342,0.45,0.645
562,18.77356666666674,5.746,3.192,26.14,134.212,73.032,2.828,10.18,17.40793335,78.40123268,0.447,0.645
563,18.80693333333329,7.275,3.341,35.468,7.268,32.256,2.854,10.27,17.40793392,78.40123195,0.445,0.645
564,18.840299999999843,9.085,-6.733,22.705,-307.714,64.929,2.864,10.31,17.40793453,78.40123121,0.443,0.645
565,18.87366666666685,8.531,-7.827,27.238,-39.564,-27.137,2.873,10.34,17.40793513,78.40123048,0.441,0.645
566,18.9070333333334,8.677,-7.81,30.941,-6.223,-6.195,2.887,10.39,17.40793578,78.40122979,0.439,0.645
567,18.940399999999958,10.473,-7.563,43.955,0.847,42.215,2.914,10.49,17.40793661,78.40122925,0.438,0.645
568,18.973766666666503,12.346,-3.712,49.86,112.124,44.101,2.941,10.59,17.40793744,78.40122872,0.436,0.645
569,19.00713333333306,12.671,-2.559,24.185,32.262,21.554,2.966,10.68,17.40793825,78.40122816,0.434,0.645
570,19.040500000000065,12.606,-6.739,3.472,-131.152,31.308,2.979,10.73,17.40793895,78.40122749,0.432,0.645
571,19.073866666666618,8.559,-9.235,-26.611,-82.833,-83.374,2.993,10.77,17.40793965,78.40122682,0.43,0.645
572,19.10723333333317,6.291,-5.421,1.202,109.552,-59.996,3.01,10.83,17.40794034,78.40122612,0.429,0.645
573,19.140600000000177,6.498,0.139,6.653,166.593,16.333,3.04,10.95,17.40794097,78.40122528,0.428,0.645
574,19.17396666666673,6.149,1.286,-3.116,35.313,7.662,3.071,11.06,17.40794161,78.40122445,0.427,0.645
575,19.20733333333328,7.646,0.48,8.994,-23.903,60.416,3.083,11.1,17.40794224,78.40122365,0.426,0.645
576,19.240700000000288,7.592,0.218,5.75,-7.791,12.307,3.027,10.9,17.40794287,78.40122299,0.425,0.645
577,19.27406666666684,6.21,1.851,11.909,50.35,-45.206,2.971,10.7,17.40794351,78.40122232,0.425,0.645
578,19.307433333333396,6.135,1.678,13.473,-3.89,-2.592,2.929,10.54,17.40794412,78.40122161,0.425,0.645
579,19.340799999999945,6.555,0.151,3.703,-45.788,28.095,2.932,10.56,17.40794465,78.40122078,0.426,0.645
580,19.37416666666695,6.088,0.394,-2.073,7.481,1.922,2.936,10.57,17.40794519,78.40121995,0.426,0.645
581,19.40753333333305,4.877,1.055,-7.617,20.586,-21.835,2.935,10.57,17.40794574,78.40121913,0.426,0.645
582,19.440900000000056,2.978,-0.246,-17.09,-39.35,-42.565,2.918,10.5,17.40794634,78.4012184,0.426,0.645
583,19.474266666666608,1.791,-0.594,-13.649,-11.074,-25.06,2.9,10.44,17.40794694,78.40121767,0.427,0.645
584,19.50763333333361,1.17,1.633,-8.753,67.995,-12.761,2.873,10.34,17.40794753,78.40121695,0.428,0.645
585,19.541000000000167,0.914,2.428,-7.761,25.762,-1.403,2.813,10.13,17.4079481,78.40121632,0.429,0.645
586,19.57436666666672,0.755,-0.032,-7.404,-73.889,1.41,2.753,9.91,17.40794866,78.40121569,0.431,0.645
587,19.60773333333327,0.249,0.782,-0.512,24.934,-25.871,2.707,9.75,17.40794925,78.40121505,0.433,0.645
588,19.64110000000028,-0.175,0.558,0.176,-6.381,-24.496,2.707,9.75,17.40794988,78.40121438,0.435,0.645
589,19.67446666666683,0.579,-2.757,5.156,-101.83,22.229,2.707,9.75,17.40795051,78.40121371,0.437,0.645
590,19.707833333333383,1.201,-2.536,15.037,4.312,4.528,2.687,9.67,17.40795112,78.40121307,0.438,0.645
591,19.74119999999993,1.243,-2.551,9.48,-2.746,-14.015,2.604,9.38,17.40795162,78.4012125,0.441,0.645
592,19.774566666666946,1.853,-2.586,11.988,-3.397,12.095,2.521,9.08,17.40795212,78.40121193,0.444,0.645
593,19.80793333333304,2.036,-2.265,9.809,7.515,-6.4,2.456,8.84,17.40795262,78.40121135,0.447,0.645
594,19.841300000000047,1.996,-2.554,0.533,-10.995,-1.639,2.45,8.82,17.40795312,78.40121072,0.45,0.645
595,19.8746666666666,2.118,-2.131,-1.139,10.719,10.922,2.443,8.8,17.40795362,78.40121008,0.453,0.644
596,19.90803333333361,1.419,-0.457,-6.592,49.611,-27.432,2.427,8.74,17.40795408,78.40120945,0.456,0.644
597,19.94140000000016,1.106,0.001,-11.852,13.541,2.702,2.379,8.56,17.40795441,78.40120881,0.458,0.644
598,19.97476666666671,0.689,-0.22,-13.351,-6.956,-2.38,2.331,8.39,17.40795475,78.40120818,0.461,0.644
599,20.008133333333262,0.237,0.264,-10.552,14.57,-12.693,2.289,8.24,17.4079551,78.40120755,0.465,0.644
600,20.04150000000027,0.019,0.498,-8.701,7.255,-2.673,2.264,8.15,17.4079555,78.40120695,0.468,0.644
601,20.07486666666682,0.018,-1.858,-4.722,-72.336,2.924,2.24,8.06,17.4079559,78.40120635,0.471,0.644
602,20.108233333333374,0.377,-2.086,4.785,-8.78,7.492,2.207,7.95,17.40795627,78.40120577,0.474,0.644
603,20.14159999999993,0.809,-1.322,8.967,21.576,5.04,2.151,7.74,17.40795657,78.40120523,0.478,0.644
604,20.174966666666933,1.104,-0.781,6.352,15.38,2.652,2.094,7.54,17.40795687,78.4012047,0.481,0.644
605,20.20833333333303,1.56,-1.105,10.926,-10.816,5.622,2.042,7.35,17.40795719,78.40120418,0.486,0.644
606,20.24170000000004,2.328,-1.311,16.159,-7.46,21.366,2.003,7.21,17.40795756,78.40120372,0.49,0.644
607,20.27506666666659,2.937,-1.656,13.72,-11.947,17.981,1.964,7.07,17.40795793,78.40120325,0.494,0.644
608,20.3084333333336,3.06,-2.448,6.835,-25.999,-5.067,1.932,6.96,17.40795833,78.40120282,0.498,0.644
609,20.34180000000015,3.37,-4.531,4.535,-66.468,21.437,1.922,6.92,17.40795887,78.40120252,0.502,0.644
610,20.3751666666667,3.649,-4.085,6.987,9.682,12.265,1.911,6.88,17.4079594,78.40120222,0.506,0.644
611,20.408533333333253,3.792,-2.371,6.471,49.136,2.053,1.905,6.86,17.40795988,78.40120185,0.509,0.644
612,20.44190000000026,3.9,-0.402,4.458,58.465,5.903,1.915,6.89,17.40796018,78.40120129,0.512,0.644
613,20.47526666666681,3.651,0.013,-0.569,12.247,-11.807,1.925,6.93,17.40796048,78.40120072,0.514,0.644
614,20.508633333333364,3.506,-1.203,1.538,-37.683,-9.551,1.916,6.9,17.40796076,78.40120018,0.516,0.644
615,20.54199999999992,3.6,-1.612,7.2,-13.814,-6.212,1.854,6.67,17.40796099,78.40119971,0.519,0.644
616,20.575366666666923,4.011,-1.805,12.8,-7.545,8.265,1.792,6.45,17.40796123,78.40119924,0.523,0.644
617,20.60873333333302,4.546,-1.702,13.737,1.423,21.684,1.738,6.26,17.40796145,78.40119877,0.527,0.644
618,20.642100000000028,4.782,-2.712,8.828,-32.801,6.969,1.708,6.15,17.40796165,78.40119827,0.531,0.644
619,20.67546666666658,4.886,-4.28,6.659,-50.873,-0.112,1.677,6.04,17.40796185,78.40119777,0.535,0.644
620,20.708833333333587,5.056,-3.677,7.554,14.715,5.02,1.644,5.92,17.4079621,78.40119731,0.539,0.644
621,20.74220000000014,5.235,-3.099,6.378,14.434,11.896,1.6,5.76,17.40796246,78.40119698,0.544,0.644
622,20.77556666666669,5.213,-3.299,2.715,-9.024,-0.516,1.557,5.6,17.40796283,78.40119664,0.548,0.644
623,20.80893333333279,5.099,-3.669,2.449,-14.489,-14.306,1.535,5.53,17.40796323,78.40119634,0.553,0.644
624,20.84230000000025,4.999,-4.394,1.719,-25.707,-6.26,1.572,5.66,17.40796373,78.4011961,0.556,0.644
625,20.8756666666668,4.937,-6.146,1.814,-58.016,0.216,1.61,5.8,17.40796424,78.40119587,0.559,0.644
626,20.909033333333355,4.595,-7.035,-0.174,-32.916,-27.77,1.625,5.85,17.40796469,78.40119559,0.561,0.644
627,20.942399999999907,4.542,-6.858,4.157,-0.81,-12.018,1.58,5.69,17.40796502,78.40119519,0.564,0.644
628,20.975766666666917,4.382,-6.271,0.844,11.955,-14.967,1.535,5.52,17.40796536,78.40119479,0.568,0.644
629,21.00913333333301,4.225,-6.204,-0.438,-3.605,-10.752,1.496,5.39,17.40796565,78.40119437,0.571,0.644
630,21.042500000000015,4.271,-5.059,3.155,29.685,1.849,1.476,5.31,17.40796581,78.4011939,0.575,0.644
631,21.07586666666657,4.287,-4.262,0.392,19.948,11.949,1.455,5.24,17.40796598,78.40119344,0.578,0.644
632,21.109233333333577,4.149,-4.874,-3.832,-22.835,8.756,1.435,5.16,17.40796619,78.40119301,0.582,0.644
633,21.14260000000013,3.886,-6.187,-7.0,-44.96,3.339,1.415,5.1,17.40796653,78.40119267,0.586,0.644
634,21.17596666666668,3.484,-6.372,-8.097,-11.328,-18.143,1.396,5.03,17.40796686,78.40119234,0.589,0.644
635,21.20933333333278,2.936,-5.5,-9.893,21.055,-39.82,1.368,4.93,17.40796717,78.40119203,0.593,0.644
636,21.242699999999783,2.654,-3.593,-6.08,53.742,-18.509,1.32,4.75,17.40796744,78.40119176,0.598,0.644
637,21.276066666666797,2.425,-2.446,-8.168,31.909,5.046,1.272,4.58,17.40796771,78.40119149,0.602,0.644
638,21.309433333333345,2.184,-3.021,-8.654,-20.194,3.274,1.229,4.42,17.40796797,78.40119122,0.608,0.644
639,21.342799999999897,1.843,-4.466,-11.74,-47.521,1.013,1.2,4.32,17.4079682,78.40119096,0.613,0.644
640,21.376166666666904,1.412,-3.976,-10.77,10.9,-37.192,1.171,4.21,17.40796843,78.40119069,0.618,0.644
641,21.409533333333,1.132,-3.926,-9.596,-2.246,-8.668,1.147,4.13,17.40796867,78.40119041,0.624,0.644
642,21.44290000000001,1.03,-4.724,-7.024,-28.345,17.429,1.138,4.1,17.4079689,78.40119011,0.629,0.644
643,21.47626666666656,0.772,-4.546,-10.831,1.023,6.754,1.129,4.07,17.40796913,78.40118981,0.634,0.644
644,21.509633333333568,0.319,-2.919,-13.584,45.862,-29.053,1.107,3.99,17.40796937,78.40118954,0.639,0.644
645,21.54300000000012,-0.113,-3.067,-14.583,-7.505,-18.427,1.053,3.79,17.4079696,78.40118934,0.644,0.644
646,21.576366666666672,-0.519,-3.09,-15.055,-3.74,-7.447,0.999,3.6,17.40796983,78.40118914,0.651,0.644
647,21.609733333333224,-0.878,-2.571,-12.894,12.92,-22.823,0.97,3.49,17.40797012,78.40118896,0.657,0.644
648,21.643099999999777,-1.175,-2.579,-13.33,-2.881,5.861,1.003,3.61,17.40797052,78.40118883,0.662,0.644
649,21.676466666666784,-1.514,-2.766,-15.058,-8.417,6.728,1.035,3.73,17.40797092,78.40118869,0.667,0.644
650,21.709833333333336,-1.89,-3.956,-16.17,-39.499,2.774,1.033,3.72,17.40797131,78.40118862,0.671,0.644
651,21.743199999999888,-2.377,-4.542,-17.973,-21.888,-20.426,0.948,3.41,17.40797168,78.40118869,0.677,0.644
652,21.77656666666689,-2.873,-4.423,-18.389,-0.694,-24.034,0.864,3.11,17.40797204,78.40118875,0.684,0.644
653,21.809933333332992,-3.268,-4.391,-16.436,-3.249,-2.829,0.782,2.81,17.40797233,78.40118877,0.691,0.644
654,21.8433,-3.382,-4.684,-8.231,-13.254,10.506,0.706,2.54,17.40797243,78.40118867,0.7,0.644
655,21.87666666666655,-3.378,-4.779,-4.397,-7.42,13.009,0.631,2.27,17.40797253,78.40118857,0.709,0.644
656,21.91003333333356,-3.499,-4.867,-7.749,-7.279,-1.026,0.587,2.11,17.40797269,78.40118849,0.718,0.643
657,21.94340000000011,-3.592,-5.537,-7.207,-25.305,4.654,0.618,2.23,17.40797299,78.40118846,0.727,0.643
658,21.976766666666663,-3.748,-5.293,-9.074,2.285,-6.908,0.649,2.34,17.40797329,78.40118842,0.735,0.643
659,22.01013333333321,-4.037,-4.293,-12.978,25.775,-14.154,0.65,2.34,17.40797356,78.40118839,0.742,0.643
660,22.043500000000225,-4.441,-3.72,-16.536,13.454,-5.461,0.582,2.09,17.40797376,78.40118836,0.751,0.643
661,22.07686666666677,-4.819,-4.041,-15.567,-13.59,-8.355,0.513,1.85,17.40797396,78.40118832,0.76,0.643
662,22.110233333333326,-5.177,-4.2,-14.292,-8.909,15.893,0.468,1.69,17.40797413,78.40118825,0.771,0.643
663,22.14359999999988,-5.599,-3.398,-16.28,20.578,-24.261,0.476,1.71,17.40797423,78.40118808,0.782,0.643
664,22.176966666666885,-5.952,-3.802,-14.282,-15.911,-13.835,0.483,1.74,17.40797433,78.40118792,0.793,0.643
665,22.210333333332983,-5.828,-4.381,0.037,-21.637,32.132,0.496,1.78,17.40797447,78.40118779,0.803,0.643
666,22.24369999999999,-5.69,-3.392,-0.441,26.146,-14.553,0.52,1.87,17.40797471,78.40118776,0.811,0.643
667,22.277066666666546,-5.504,-3.353,0.68,-2.259,-3.72,0.545,1.96,17.40797494,78.40118772,0.818,0.643
668,22.31043333333309,-4.689,-4.133,18.952,-27.49,39.06,0.546,1.97,17.40797516,78.40118769,0.825,0.643
669,22.3438000000001,-3.783,-4.089,23.619,-2.765,7.456,0.495,1.78,17.40797536,78.40118766,0.835,0.643
670,22.377166666666653,-2.76,-5.995,27.251,-62.836,38.502,0.444,1.6,17.40797556,78.40118762,0.845,0.643
671,22.41053333333321,-1.214,-5.935,43.057,-3.869,61.664,0.416,1.5,17.40797574,78.40118756,0.854,0.643
672,22.44390000000021,0.116,-3.038,36.734,83.634,-7.93,0.436,1.57,17.40797588,78.40118742,0.864,0.643
673,22.477266666666765,1.493,-4.065,38.318,-34.892,43.76,0.457,1.64,17.40797601,78.40118729,0.873,0.643
674,22.51063333333332,3.103,-4.007,45.491,-2.292,70.057,0.478,1.72,17.40797617,78.40118721,0.883,0.643
675,22.54399999999987,4.289,-2.053,32.925,56.161,-14.181,0.499,1.8,17.40797641,78.40118724,0.892,0.643
676,22.57736666666688,5.194,-2.108,25.659,-4.109,12.114,0.521,1.87,17.40797664,78.40118728,0.897,0.643
677,22.610733333332973,5.968,-5.764,20.607,-115.119,84.581,0.545,1.96,17.40797692,78.40118728,0.902,0.643
678,22.64409999999998,6.52,-4.62,17.086,29.693,-25.765,0.575,2.07,17.40797729,78.40118721,0.906,0.643
679,22.677466666666533,6.772,-0.144,9.533,133.344,-52.151,0.605,2.18,17.40797765,78.40118715,0.909,0.643
680,22.710833333333085,6.852,-2.905,1.261,-85.887,52.003,0.626,2.25,17.407978,78.40118708,0.911,0.643
681,22.74420000000009,6.356,-5.28,-15.577,-76.338,32.059,0.63,2.27,17.4079783,78.40118701,0.913,0.643
682,22.77756666666619,5.45,-2.507,-23.939,80.262,-86.892,0.634,2.28,17.4079786,78.40118694,0.915,0.643
683,22.8109333333332,4.589,1.2,-24.73,111.452,-38.639,0.64,2.3,17.40797888,78.40118686,0.917,0.643
684,22.844300000000203,3.781,-3.99,-26.554,-159.646,38.488,0.649,2.33,17.40797911,78.40118672,0.918,0.643
685,22.877666666666755,2.893,-4.658,-27.259,-24.684,-15.356,0.657,2.37,17.40797934,78.40118659,0.919,0.643
686,22.911033333333307,1.857,-3.323,-29.492,36.493,-73.659,0.68,2.45,17.40797964,78.40118647,0.92,0.643
687,22.94439999999986,1.255,-4.192,-18.562,-30.321,-27.756,0.732,2.64,17.40798008,78.40118637,0.919,0.643
688,22.977766666666867,1.014,-8.01,-11.85,-121.954,34.72,0.784,2.82,17.40798051,78.40118627,0.916,0.643
689,23.01113333333342,1.458,-7.168,9.283,18.422,29.453,0.821,2.95,17.40798089,78.40118614,0.912,0.643
690,23.04449999999997,1.559,-3.024,4.174,120.883,-33.297,0.826,2.97,17.40798116,78.40118598,0.908,0.643
691,23.077866666666523,1.436,-2.377,-5.318,16.62,-0.455,0.831,2.99,17.40798142,78.40118581,0.904,0.643
692,23.111233333333075,1.022,-6.958,-17.683,-143.974,37.972,0.841,3.03,17.40798172,78.40118568,0.9,0.643
693,23.14460000000008,0.458,-6.298,-15.85,13.666,-40.094,0.863,3.11,17.40798209,78.40118561,0.896,0.643
694,23.17796666666618,0.079,-2.176,-10.831,120.917,-36.562,0.885,3.18,17.40798246,78.40118554,0.891,0.643
695,23.211333333333187,-0.113,-3.314,-13.546,-37.709,44.462,0.91,3.28,17.4079828,78.40118541,0.885,0.643
696,23.244700000000197,-0.958,-8.607,-30.389,-166.729,7.652,0.943,3.39,17.4079831,78.40118514,0.879,0.643
697,23.278066666666746,-1.458,-6.59,-14.259,54.057,-45.137,0.976,3.51,17.4079834,78.40118488,0.872,0.643
698,23.311433333333294,-1.611,-2.213,-5.01,128.488,-36.163,0.996,3.58,17.40798369,78.40118463,0.864,0.643
699,23.34479999999985,-1.131,-4.386,3.544,-69.687,50.464,0.992,3.57,17.40798396,78.40118443,0.858,0.643
700,23.378166666666857,-0.745,-6.942,1.623,-83.302,48.338,0.988,3.56,17.40798423,78.40118423,0.851,0.643
701,23.41153333333341,-0.296,-3.591,12.413,96.534,-19.307,0.992,3.57,17.40798454,78.40118403,0.846,0.643
702,23.44489999999996,0.291,-1.41,15.007,63.317,-1.071,1.014,3.65,17.40798494,78.40118383,0.839,0.643
703,23.478266666666517,1.149,-6.046,16.83,-144.899,53.779,1.036,3.73,17.40798534,78.40118363,0.833,0.643
704,23.511633333333062,2.264,-6.701,26.745,-26.18,46.85,1.05,3.78,17.40798567,78.40118341,0.826,0.643
705,23.545000000000076,2.908,-2.937,23.053,109.454,-22.516,1.049,3.78,17.40798587,78.40118314,0.82,0.643
706,23.578366666666625,3.452,-2.39,16.659,13.468,6.939,1.048,3.77,17.40798607,78.40118287,0.815,0.643
707,23.611733333333177,4.152,-4.7,17.267,-74.103,43.131,1.059,3.81,17.40798631,78.40118261,0.809,0.643
708,23.645100000000184,5.066,-3.73,27.429,25.027,24.648,1.091,3.93,17.40798661,78.40118234,0.803,0.643
709,23.678466666666736,5.606,0.186,27.045,116.636,-38.276,1.123,4.04,17.40798691,78.40118207,0.797,0.643
710,23.71183333333329,6.803,-1.909,29.431,-65.309,77.503,1.164,4.19,17.40798722,78.40118178,0.789,0.643
711,23.74519999999984,7.546,-5.568,18.025,-115.258,67.1,1.219,4.39,17.40798755,78.40118145,0.781,0.643
712,23.778566666666848,7.054,-4.164,10.593,37.641,-74.864,1.275,4.59,17.40798789,78.40118111,0.771,0.643
713,23.8119333333334,7.363,-2.064,22.993,60.27,-16.886,1.306,4.7,17.40798818,78.40118078,0.761,0.643
714,23.845299999999952,8.339,-1.235,26.361,22.866,63.338,1.291,4.65,17.40798842,78.40118045,0.753,0.643
715,23.878666666666504,8.551,-1.893,14.242,-22.239,13.107,1.276,4.59,17.40798865,78.40118011,0.746,0.643
716,23.912033333333056,8.054,-3.637,-0.962,-56.26,-21.516,1.276,4.59,17.40798894,78.40117979,0.739,0.643
717,23.945400000000063,7.531,-4.758,-2.062,-38.561,-21.371,1.303,4.69,17.40798934,78.40117949,0.732,0.643
718,23.978766666666612,6.971,-5.395,-4.183,-24.6,-18.565,1.331,4.79,17.40798975,78.40117919,0.725,0.643
719,24.012133333333622,6.737,-4.763,3.517,13.951,-10.933,1.34,4.82,17.40799013,78.40117892,0.719,0.643
720,24.04550000000017,6.863,-5.227,7.432,-19.294,19.629,1.317,4.74,17.4079905,78.40117868,0.713,0.643
721,24.078866666666727,6.729,-4.958,4.865,2.891,-9.349,1.294,4.66,17.40799087,78.40117845,0.709,0.643
722,24.11223333333328,6.48,-5.62,2.662,-25.56,-20.962,1.275,4.59,17.40799116,78.40117815,0.705,0.643
723,24.14560000000029,6.174,-5.075,1.494,11.052,-28.842,1.26,4.54,17.40799133,78.40117775,0.702,0.643
724,24.17896666666684,5.939,-5.14,-3.562,-7.298,9.335,1.245,4.48,17.40799149,78.40117735,0.7,0.643
725,24.21233333333339,5.515,-4.143,-8.852,25.367,2.429,1.226,4.41,17.4079917,78.40117699,0.698,0.643
726,24.245699999999943,4.85,-5.789,-16.98,-55.257,1.064,1.198,4.31,17.40799197,78.40117669,0.697,0.643
727,24.27906666666695,3.804,-7.205,-26.258,-49.56,-25.169,1.17,4.21,17.40799223,78.40117639,0.697,0.643
728,24.312433333333047,3.059,-6.161,-18.201,25.059,-27.164,1.146,4.13,17.40799249,78.40117609,0.697,0.643
729,24.34580000000005,2.67,-3.209,-8.977,84.69,-20.551,1.13,4.07,17.40799272,78.40117579,0.698,0.643
730,24.37916666666661,2.403,-2.353,-7.725,22.625,-4.078,1.115,4.01,17.40799295,78.40117549,0.699,0.643
731,24.412533333333613,2.599,-0.69,5.574,48.212,2.17,1.099,3.96,17.40799323,78.40117522,0.7,0.643
732,24.445900000000165,2.938,-0.119,9.326,15.978,9.497,1.082,3.9,17.40799356,78.40117502,0.702,0.643
733,24.47926666666672,3.558,-2.562,14.981,-76.442,41.41,1.065,3.84,17.40799389,78.40117482,0.703,0.643
734,24.51263333333327,3.927,-4.445,9.782,-61.248,22.59,1.039,3.74,17.40799414,78.4011746,0.706,0.643
735,24.54600000000028,3.928,-5.082,1.696,-24.456,-11.911,0.996,3.58,17.40799424,78.40117433,0.708,0.643
736,24.57936666666683,3.939,-4.351,1.28,17.138,-7.42,0.953,3.43,17.40799434,78.40117407,0.712,0.643
737,24.61273333333338,3.909,-3.288,-2.115,28.006,20.947,0.936,3.37,17.40799449,78.4011738,0.716,0.643
738,24.646099999999933,3.694,-3.403,-7.442,-7.398,16.575,0.961,3.46,17.40799472,78.40117353,0.719,0.643
739,24.67946666666694,3.469,-4.643,-6.679,-42.193,2.849,0.986,3.55,17.40799496,78.40117326,0.721,0.642
740,24.71283333333304,3.222,-5.939,-8.052,-44.954,10.027,1.012,3.64,17.40799519,78.401173,0.723,0.642
741,24.746200000000044,3.143,-3.981,-0.63,54.179,-13.302,1.038,3.74,17.40799542,78.40117273,0.724,0.642
742,24.7795666666666,3.418,-3.673,9.427,5.012,-3.489,1.063,3.83,17.40799566,78.40117246,0.724,0.642
743,24.812933333333604,3.928,-5.423,11.739,-58.162,43.507,1.08,3.89,17.40799586,78.4011722,0.724,0.642
744,24.84630000000016,4.677,-4.661,21.694,17.768,25.922,1.082,3.89,17.40799603,78.40117193,0.724,0.642
745,24.879666666666708,5.246,-3.509,21.519,30.407,-13.078,1.084,3.9,17.4079962,78.40117166,0.724,0.642
746,24.91303333333326,6.222,-3.593,29.287,-6.681,33.051,1.072,3.86,17.40799642,78.40117142,0.724,0.642
747,24.946400000000267,7.299,-4.38,33.416,-28.459,32.537,1.04,3.74,17.40799672,78.40117122,0.725,0.642
748,24.97976666666682,8.436,-3.217,38.308,31.0,9.503,1.008,3.63,17.40799702,78.40117102,0.727,0.642
749,25.01313333333337,9.931,-4.246,46.83,-35.619,46.557,0.989,3.56,17.40799729,78.40117081,0.729,0.642
750,25.046499999999924,11.175,-6.247,41.425,-66.424,36.226,0.99,3.57,17.40799753,78.40117057,0.73,0.642
751,25.07986666666693,12.163,-3.403,40.535,81.181,-27.967,0.992,3.57,17.40799776,78.40117034,0.732,0.642
752,25.113233333333028,13.79,-3.07,51.435,6.188,80.505,1.021,3.68,17.40799803,78.40117005,0.733,0.642
753,25.146600000000035,15.001,-7.656,39.41,-145.11,89.357,1.092,3.93,17.40799837,78.40116969,0.732,0.642
754,25.179966666666587,14.951,-6.748,25.812,20.299,-76.433,1.163,4.19,17.4079987,78.40116932,0.729,0.642
755,25.213333333333598,15.883,-2.655,47.22,119.221,-5.215,1.199,4.32,17.40799897,78.40116898,0.726,0.642
756,25.246700000000143,17.444,-4.294,49.553,-53.973,112.291,1.183,4.26,17.40799913,78.40116868,0.724,0.642
757,25.2800666666667,17.855,-5.971,30.356,-56.543,9.625,1.167,4.2,17.4079993,78.40116838,0.722,0.642
758,25.31343333333325,17.947,-3.686,36.457,64.125,-95.636,1.173,4.22,17.40799949,78.40116804,0.719,0.642
759,25.346800000000258,19.993,-0.702,70.412,87.592,92.088,1.214,4.37,17.40799973,78.40116764,0.717,0.642
760,25.38016666666681,22.096,-5.243,66.347,-141.775,145.721,1.254,4.51,17.40799996,78.40116724,0.713,0.642
761,25.41353333333336,21.209,-5.422,20.111,-11.191,-105.88,1.27,4.57,17.40800018,78.40116685,0.709,0.642
762,25.446899999999918,21.181,-1.44,38.68,116.852,-76.403,1.25,4.5,17.40800038,78.40116648,0.706,0.642
763,25.48026666666692,22.703,-1.52,47.577,-4.933,161.841,1.23,4.43,17.40800058,78.40116612,0.704,0.642
764,25.51363333333302,22.261,-6.831,9.634,-166.229,24.132,1.234,4.44,17.40800085,78.40116579,0.702,0.642
765,25.547000000000025,18.963,-8.175,-38.136,-48.46,-219.811,1.275,4.59,17.40800122,78.40116552,0.699,0.642
766,25.580366666666578,18.055,-5.056,6.622,87.889,-48.989,1.315,4.73,17.40800158,78.40116526,0.695,0.642
767,25.613733333333585,18.464,-3.122,18.536,54.048,96.222,1.351,4.86,17.4080019,78.40116492,0.691,0.642
768,25.647100000000137,18.287,-1.748,18.282,38.392,14.132,1.379,4.96,17.40800213,78.40116449,0.686,0.642
769,25.68046666666669,17.821,-1.123,14.108,16.478,-5.401,1.407,5.07,17.40800236,78.40116405,0.681,0.642
770,25.713833333332783,17.238,0.148,7.961,36.906,-3.525,1.385,4.99,17.40800261,78.40116373,0.677,0.642
771,25.747199999999797,16.824,1.601,8.787,43.618,-4.474,1.291,4.65,17.40800288,78.40116356,0.676,0.642
772,25.7805666666668,16.086,1.107,-3.353,-15.178,-16.661,1.198,4.31,17.40800314,78.4011634,0.676,0.642
773,25.813933333333352,14.931,1.013,-15.382,-3.245,-51.363,1.129,4.06,17.40800341,78.40116322,0.678,0.642
774,25.847299999999905,13.488,1.69,-25.793,20.41,-59.636,1.094,3.94,17.40800368,78.40116302,0.681,0.642
775,25.88066666666691,11.733,2.66,-39.047,30.017,-48.074,1.06,3.82,17.40800395,78.40116282,0.684,0.642
776,25.91403333333301,9.894,2.093,-45.481,-16.508,-33.976,1.02,3.67,17.40800421,78.40116264,0.688,0.642
777,25.947400000000016,7.63,1.13,-57.391,-29.164,-81.542,0.974,3.51,17.40800448,78.40116251,0.692,0.642
778,25.980766666666568,5.428,0.378,-58.343,-23.509,-81.381,0.927,3.34,17.40800475,78.40116238,0.697,0.642
779,26.01413333333357,3.467,1.112,-54.143,21.658,-54.279,0.93,3.35,17.40800501,78.40116217,0.701,0.642
780,26.047500000000127,1.546,1.813,-54.33,21.246,-40.833,1.001,3.6,17.40800528,78.40116187,0.704,0.642
781,26.08086666666668,-0.502,2.281,-57.788,14.687,-53.278,1.071,3.86,17.40800555,78.40116157,0.706,0.642
782,26.114233333332777,-2.899,1.828,-67.721,-13.296,-74.351,1.107,3.99,17.40800583,78.40116131,0.706,0.642
783,26.147599999999784,-4.905,2.536,-60.74,22.081,-52.436,1.095,3.94,17.40800613,78.40116111,0.707,0.642
784,26.18096666666679,-6.771,3.367,-60.707,26.516,-32.89,1.084,3.9,17.40800643,78.40116091,0.708,0.642
785,26.214333333333343,-8.686,4.325,-63.8,31.111,-34.471,1.056,3.8,17.40800671,78.40116074,0.71,0.642
786,26.24769999999989,-10.744,4.551,-66.734,9.371,-66.717,1.008,3.63,17.40800698,78.40116061,0.712,0.642
787,26.281066666666906,-12.404,3.681,-57.613,-24.2,-47.722,0.96,3.46,17.40800725,78.40116048,0.715,0.642
788,26.314433333333,-13.747,2.83,-49.973,-24.361,-34.131,0.935,3.37,17.40800749,78.40116028,0.719,0.642
789,26.347800000000007,-14.616,2.526,-37.79,-8.191,-18.308,0.94,3.38,17.40800769,78.40116002,0.722,0.642
790,26.38116666666656,-15.404,3.122,-35.335,19.263,-29.486,0.944,3.4,17.40800789,78.40115975,0.725,0.642
791,26.41453333333357,-16.192,3.59,-34.215,15.826,-45.011,0.906,3.26,17.40800807,78.40115957,0.729,0.642
792,26.44790000000012,-16.923,4.08,-31.918,16.929,-37.247,0.811,2.92,17.40800824,78.4011595,0.734,0.642
793,26.48126666666667,-17.749,3.823,-33.956,-5.664,-27.652,0.716,2.58,17.40800841,78.40115944,0.741,0.642
794,26.514633333333222,-18.68,3.939,-36.56,5.575,-23.45,0.656,2.36,17.40800859,78.40115934,0.748,0.642
795,26.54799999999977,-19.435,3.859,-31.546,-0.305,-16.963,0.639,2.3,17.40800879,78.40115921,0.755,0.642
796,26.58136666666678,-19.846,3.163,-21.76,-19.4,6.264,0.623,2.24,17.40800899,78.40115907,0.763,0.642
797,26.614733333333334,-20.067,2.831,-15.362,-8.729,13.187,0.58,2.09,17.40800911,78.40115896,0.77,0.642
798,26.64809999999989,-20.132,2.284,-9.212,-15.65,23.225,0.504,1.81,17.40800915,78.40115886,0.779,0.642
799,26.681466666666893,-20.201,1.84,-5.735,-12.93,15.602,0.427,1.54,17.40800918,78.40115876,0.79,0.642
800,26.71483333333299,-20.365,1.946,-8.648,3.659,-8.929,0.367,1.32,17.40800921,78.40115866,0.8,0.642
801,26.7482,-20.541,1.819,-9.065,-3.451,-20.507,0.327,1.18,17.40800925,78.40115856,0.81,0.642
802,26.78156666666655,-20.671,1.621,-7.76,-5.744,-20.154,0.286,1.03,17.40800928,78.40115846,0.821,0.642
803,26.81493333333356,-20.579,1.571,-1.145,-1.324,4.314,0.259,0.93,17.40800926,78.40115837,0.831,0.642
804,26.84830000000011,-20.313,2.031,4.035,14.323,25.839,0.247,0.89,17.40800916,78.4011583,0.84,0.642
805,26.88166666666666,-20.085,1.855,2.86,-4.853,15.909,0.235,0.85,17.40800906,78.40115824,0.85,0.642
806,26.915033333333213,-19.904,1.894,1.418,1.6,9.171,0.214,0.77,17.40800905,78.40115822,0.86,0.642
807,26.94840000000022,-19.774,1.893,-0.12,0.42,-7.903,0.179,0.64,17.40800915,78.40115825,0.869,0.642
808,26.98176666666677,-19.61,1.652,0.829,-6.971,-27.215,0.145,0.52,17.40800925,78.40115828,0.878,0.642
809,27.015133333333324,-19.238,1.512,7.088,-4.065,-14.866,0.125,0.45,17.40800933,78.40115828,0.887,0.642
810,27.04849999999988,-18.598,1.816,15.132,9.488,17.421,0.122,0.44,17.4080094,78.40115825,0.896,0.642
811,27.081866666666883,-17.798,2.065,19.983,8.071,29.856,0.119,0.43,17.40800946,78.40115822,0.905,0.642
812,27.11523333333298,-16.954,2.244,21.333,6.121,33.325,0.12,0.43,17.4080095,78.40115822,0.914,0.642
813,27.148599999999988,-16.168,2.361,19.677,4.359,12.472,0.127,0.46,17.4080095,78.40115825,0.923,0.642
814,27.18196666666654,-15.416,2.068,18.711,-8.155,-7.504,0.133,0.48,17.4080095,78.40115828,0.931,0.642
815,27.21533333333309,-14.471,2.112,24.606,1.965,4.849,0.134,0.48,17.40800955,78.40115828,0.939,0.642
816,27.2487000000001,-13.227,2.293,33.667,6.223,31.789,0.128,0.46,17.40800965,78.40115825,0.948,0.642
817,27.28206666666665,-11.693,2.832,42.54,17.428,48.525,0.121,0.44,17.40800975,78.40115822,0.956,0.642
818,27.315433333333203,-9.974,3.292,48.282,15.469,36.915,0.119,0.43,17.40800983,78.40115818,0.964,0.642
819,27.34880000000021,-8.095,3.033,53.361,-6.317,25.557,0.12,0.43,17.4080099,78.40115815,0.971,0.642
820,27.38216666666676,-6.072,2.921,57.904,-2.007,35.065,0.122,0.44,17.40800996,78.40115812,0.979,0.642
821,27.415533333333315,-3.883,3.034,63.222,4.869,56.023,0.141,0.51,17.40801005,78.40115808,0.987,0.642
822,27.448899999999867,-1.612,3.537,65.968,16.964,67.53,0.181,0.65,17.40801015,78.40115805,0.994,0.642
823,27.482266666666877,0.257,3.804,54.217,10.134,39.707,0.22,0.79,17.40801025,78.40115802,1.002,0.642
824,27.515633333333422,1.353,3.389,31.243,-10.674,14.453,0.23,0.83,17.4080103,78.40115803,1.009,0.642
825,27.548999999999975,1.506,3.287,2.978,-1.355,2.709,0.205,0.74,17.4080103,78.4011581,1.016,0.642
826,27.58236666666653,1.149,2.892,-12.339,-10.453,8.573,0.181,0.65,17.4080103,78.40115816,1.023,0.642
827,27.615733333333083,0.861,3.013,-10.344,5.091,11.204,0.178,0.64,17.40801027,78.40115815,1.03,0.642
828,27.64910000000009,0.687,3.154,-6.933,5.831,4.748,0.2,0.72,17.4080102,78.40115805,1.037,0.642
829,27.682466666666187,0.497,2.983,-7.447,-3.663,-15.722,0.222,0.8,17.40801014,78.40115795,1.044,0.642
830,27.715833333333197,0.352,2.663,-6.098,-8.396,-16.92,0.209,0.75,17.40801012,78.40115792,1.051,0.642
831,27.7492000000002,0.363,2.595,-1.457,-0.908,-10.07,0.158,0.57,17.40801015,78.40115795,1.057,0.642
832,27.782566666666757,0.571,2.65,4.497,2.855,17.844,0.107,0.38,17.40801018,78.40115798,1.064,0.642
833,27.815933333333305,0.671,2.84,1.295,7.042,20.742,0.082,0.29,17.40801017,78.40115798,1.07,0.642
834,27.849299999999857,0.61,3.004,-3.562,6.425,-1.279,0.085,0.31,17.4080101,78.40115795,1.077,0.642
835,27.882666666666864,0.464,2.669,-6.13,-8.811,-16.873,0.088,0.32,17.40801003,78.40115792,1.083,0.642
836,27.916033333333417,0.34,2.485,-5.47,-4.443,-18.739,0.084,0.3,17.40801002,78.40115788,1.089,0.642
837,27.94939999999997,0.298,2.456,-3.039,0.173,-6.358,0.072,0.26,17.40801005,78.40115785,1.095,0.642
838,27.98276666666652,0.397,2.475,1.221,1.652,14.397,0.059,0.21,17.40801008,78.40115782,1.101,0.642
839,28.016133333333077,0.566,2.691,3.343,7.731,18.579,0.049,0.18,17.40801012,78.40115783,1.107,0.642
840,28.04950000000008,0.598,3.017,-0.781,11.313,-1.77,0.041,0.15,17.40801015,78.4011579,1.113,0.642
841,28.082866666666177,0.459,2.728,-5.903,-7.389,-16.625,0.032,0.12,17.40801018,78.40115797,1.118,0.642
842,28.116233333333184,0.209,2.682,-9.272,-0.12,-25.364,0.031,0.11,17.4080102,78.40115798,1.124,0.642
843,28.14960000000019,0.078,2.577,-5.741,-1.957,-1.172,0.038,0.14,17.4080102,78.40115795,1.13,0.642
844,28.182966666666744,0.051,3.086,-2.645,16.86,-0.202,0.045,0.16,17.4080102,78.40115792,1.135,0.642
845,28.216333333333296,0.15,3.31,1.18,8.522,10.088,0.048,0.17,17.4080102,78.40115792,1.14,0.642
846,28.249699999999848,0.293,3.302,2.499,1.569,4.936,0.047,0.17,17.4080102,78.40115795,1.146,0.642
847,28.28306666666685,0.396,4.147,1.355,27.847,-17.502,0.046,0.16,17.4080102,78.40115798,1.151,0.642
848,28.316433333333407,0.496,5.098,1.249,31.849,-11.074,0.053,0.19,17.40801018,78.40115798,1.156,0.642
849,28.34979999999996,0.481,6.1,-2.158,34.229,-16.082,0.068,0.24,17.40801015,78.40115795,1.161,0.642
850,28.38316666666651,0.359,4.52,-5.427,-44.484,0.86,0.083,0.3,17.40801012,78.40115792,1.166,0.642
851,28.416533333333064,0.166,3.848,-7.585,-17.847,16.328,0.083,0.3,17.40801012,78.4011579,1.171,0.642
852,28.44990000000007,-0.061,5.377,-8.625,49.435,-18.44,0.066,0.24,17.40801015,78.4011579,1.176,0.642
853,28.483266666666623,-0.46,7.911,-13.886,81.689,-41.181,0.049,0.17,17.40801018,78.4011579,1.181,0.642
854,28.51663333333317,-0.673,5.904,-8.347,-56.077,-5.093,0.052,0.19,17.40801023,78.4011579,1.185,0.642
855,28.550000000000185,-1.072,1.916,-14.022,-118.79,22.125,0.077,0.28,17.4080103,78.4011579,1.19,0.642
856,28.58336666666673,-1.135,2.466,-3.959,17.639,13.029,0.101,0.36,17.40801037,78.4011579,1.195,0.642
857,28.616733333333286,-1.176,5.701,-3.314,100.893,-11.933,0.106,0.38,17.40801042,78.4011579,1.199,0.642
858,28.65009999999984,-1.28,8.001,-5.229,74.779,-24.118,0.091,0.33,17.40801045,78.4011579,1.203,0.642
859,28.683466666666845,-1.319,4.502,-3.309,-101.918,12.743,0.077,0.28,17.40801048,78.4011579,1.208,0.642
860,28.7168333333334,-1.494,1.664,-7.404,-84.52,28.109,0.08,0.29,17.40801052,78.4011579,1.212,0.642
861,28.75019999999995,-1.102,3.79,9.665,66.051,25.383,0.101,0.36,17.40801055,78.4011579,1.216,0.642
862,28.78356666666696,-0.975,7.034,1.754,102.298,-4.882,0.122,0.44,17.40801058,78.4011579,1.22,0.642
863,28.81693333333305,-0.938,5.698,-0.935,-36.088,-6.91,0.147,0.53,17.40801065,78.40115788,1.224,0.642
864,28.85030000000006,-0.962,0.985,-2.743,-141.267,20.884,0.177,0.64,17.40801075,78.40115785,1.229,0.642
865,28.883666666666613,-0.588,1.505,9.218,16.015,7.709,0.207,0.75,17.40801085,78.40115782,1.232,0.642
866,28.91703333333362,-0.198,5.811,9.821,133.115,-3.508,0.238,0.86,17.40801092,78.40115777,1.236,0.642
867,28.95040000000017,0.087,8.121,6.731,75.289,4.391,0.269,0.97,17.40801095,78.4011577,1.24,0.642
868,28.983766666666725,0.387,4.16,7.247,-116.027,42.084,0.3,1.08,17.40801098,78.40115763,1.244,0.642
869,29.01713333333328,0.534,-1.113,2.686,-159.779,28.748,0.312,1.12,17.40801105,78.40115758,1.248,0.642
870,29.050500000000284,1.005,0.911,12.527,60.603,-41.352,0.306,1.1,17.40801115,78.40115755,1.251,0.641
871,29.08386666666684,1.244,6.626,5.637,176.063,-24.711,0.3,1.08,17.40801125,78.40115752,1.255,0.641
872,29.117233333333388,1.322,7.682,0.817,37.353,25.798,0.313,1.13,17.40801133,78.40115741,1.258,0.641
873,29.15059999999994,0.963,2.505,-12.362,-153.821,8.645,0.345,1.24,17.4080114,78.40115725,1.262,0.641
874,29.183966666666947,0.259,-1.477,-22.862,-121.378,-32.759,0.376,1.35,17.40801147,78.40115708,1.265,0.641
875,29.217333333333045,-0.007,1.358,-9.808,85.331,-45.527,0.424,1.53,17.4080116,78.40115691,1.269,0.641
876,29.25070000000005,-0.408,6.962,-13.954,173.053,-15.677,0.488,1.76,17.4080118,78.40115675,1.272,0.641
877,29.284066666666604,-0.754,7.186,-13.29,12.016,10.048,0.552,1.99,17.408012,78.40115658,1.263,0.641
878,29.31743333333361,-1.364,-0.86,-22.381,-242.625,18.8,0.58,2.09,17.40801217,78.40115641,1.253,0.641
879,29.350800000000163,-1.463,-4.52,-7.237,-114.301,22.696,0.575,2.07,17.4080123,78.40115625,1.243,0.641
880,29.384166666666715,-0.94,-1.43,13.155,90.654,-2.42,0.57,2.05,17.40801244,78.40115608,1.235,0.641
881,29.417533333333267,-0.335,3.021,16.068,135.163,-1.66,0.609,2.19,17.40801262,78.40115588,1.224,0.641
882,29.450900000000274,0.871,2.239,30.907,-22.311,53.225,0.687,2.47,17.40801286,78.40115564,1.209,0.641
883,29.484266666666823,2.282,-4.226,34.456,-198.096,82.744,0.764,2.75,17.40801309,78.40115541,1.189,0.641
884,29.51763333333338,3.442,-5.69,36.184,-49.474,16.575,0.813,2.93,17.40801327,78.40115514,1.168,0.641
885,29.55099999999993,4.215,-2.574,34.585,90.428,-47.704,0.835,3.0,17.4080134,78.40115484,1.146,0.641
886,29.584366666666934,5.312,1.241,37.299,114.619,17.01,0.857,3.08,17.40801354,78.40115454,1.125,0.641
887,29.617733333333035,6.721,0.673,36.119,-17.243,105.362,0.876,3.16,17.40801369,78.40115428,1.104,0.641
888,29.65110000000004,7.153,-4.803,14.403,-168.949,56.748,0.894,3.22,17.40801386,78.40115404,1.084,0.641
889,29.684466666666594,5.81,-6.068,-20.57,-43.847,-77.789,0.912,3.28,17.40801402,78.40115381,1.064,0.641
890,29.7178333333336,4.453,-2.192,-18.631,113.51,-98.261,0.947,3.41,17.40801422,78.40115352,1.044,0.641
891,29.751200000000157,3.964,0.142,-13.414,69.277,23.009,0.997,3.59,17.40801446,78.40115319,1.023,0.641
892,29.784566666666706,3.979,-3.485,-8.314,-112.447,71.506,1.047,3.77,17.40801469,78.40115285,1.001,0.641
893,29.817933333333254,2.943,-7.44,-26.924,-125.645,0.129,1.086,3.91,17.40801496,78.40115252,0.978,0.641
894,29.851300000000265,0.94,-4.459,-31.86,84.763,-123.796,1.117,4.02,17.40801526,78.40115219,0.956,0.641
895,29.884666666666817,0.039,0.942,-20.034,161.84,-35.919,1.147,4.13,17.40801555,78.40115185,0.935,0.641
896,29.91803333333337,-0.228,-0.093,-14.658,-31.93,16.212,1.218,4.38,17.40801582,78.4011514,0.912,0.641
897,29.95139999999992,-0.523,-7.735,-14.92,-236.388,9.946,1.296,4.66,17.40801607,78.40115092,0.888,0.641
898,29.98476666666693,-0.732,-7.77,-1.107,-8.459,-24.843,1.367,4.92,17.40801635,78.40115046,0.863,0.641
899,30.018133333333022,-1.106,-3.074,0.608,137.289,-47.478,1.383,4.98,17.40801679,78.40115013,0.841,0.641
900,30.051500000000036,-0.565,-3.24,1.861,-8.573,33.743,1.398,5.03,17.40801723,78.4011498,0.82,0.641
901,30.084866666666585,0.136,-8.026,4.119,-151.059,48.158,1.402,5.05,17.40801763,78.40114946,0.802,0.641
902,30.118233333333592,-0.164,-8.714,-2.072,-28.868,-30.054,1.388,5.0,17.40801796,78.40114909,0.786,0.641
903,30.151600000000144,-0.66,-5.296,-7.7,97.073,-36.519,1.373,4.94,17.40801829,78.40114873,0.773,0.641
904,30.184966666666696,-0.723,-3.101,-10.581,62.259,17.907,1.432,5.15,17.40801869,78.40114829,0.758,0.641
905,30.218333333332797,-0.972,-7.266,-13.766,-131.868,6.574,1.529,5.5,17.40801913,78.40114781,0.742,0.641
906,30.251700000000252,-1.6,-10.586,-19.732,-109.34,-11.603,1.625,5.85,17.40801957,78.40114733,0.725,0.641
907,30.285066666666808,-2.77,-7.481,-18.084,85.808,-59.187,1.683,6.06,17.40802004,78.40114686,0.708,0.641
908,30.31843333333336,-3.102,-3.13,-16.512,126.803,-6.949,1.738,6.26,17.40802052,78.40114638,0.691,0.641
909,30.351799999999912,-2.984,-6.753,-19.77,-115.244,29.142,1.78,6.41,17.40802097,78.4011459,0.675,0.641
910,30.38516666666692,-3.231,-10.128,-22.204,-110.638,11.225,1.776,6.39,17.40802134,78.40114543,0.662,0.641
911,30.418533333333016,-3.859,-8.246,-13.049,48.451,-39.01,1.771,6.38,17.40802171,78.40114495,0.65,0.641
912,30.451900000000023,-4.186,-3.822,-8.528,128.385,-29.256,1.822,6.56,17.40802214,78.40114442,0.638,0.641
913,30.485266666666572,-3.779,-5.597,-11.589,-58.933,23.134,1.934,6.96,17.40802266,78.40114383,0.625,0.641
914,30.518633333333582,-3.614,-9.413,-13.094,-123.313,10.083,2.046,7.37,17.40802317,78.40114325,0.611,0.641
915,30.55200000000013,-4.08,-7.456,-3.014,51.316,-39.393,2.117,7.62,17.40802363,78.40114261,0.597,0.641
916,30.585366666666687,-4.073,-4.653,-3.688,79.061,-15.09,2.175,7.83,17.40802407,78.40114195,0.584,0.641
917,30.618733333332784,-3.374,-6.014,-3.554,-46.899,18.741,2.233,8.04,17.40802451,78.40114129,0.571,0.641
918,30.65209999999979,-3.279,-9.132,-9.154,-102.218,0.397,2.299,8.28,17.4080251,78.40114063,0.559,0.641
919,30.6854666666668,-3.574,-7.941,-4.03,27.925,-23.868,2.364,8.51,17.40802569,78.40113997,0.547,0.641
920,30.71883333333335,-3.009,-3.809,-2.705,119.556,11.685,2.401,8.64,17.40802626,78.40113933,0.536,0.641
921,30.752199999999903,-2.676,-5.676,-9.931,-61.845,15.093,2.371,8.54,17.40802681,78.40113874,0.528,0.641
922,30.78556666666691,-3.374,-10.001,-21.564,-139.144,-16.015,2.341,8.43,17.40802736,78.40113815,0.521,0.641
923,30.818933333333007,-3.721,-8.389,-5.261,40.121,-26.865,2.338,8.42,17.40802786,78.40113759,0.516,0.641
924,30.85230000000001,-3.141,-5.339,-1.652,85.779,14.26,2.356,8.48,17.40802831,78.40113705,0.511,0.641
925,30.88566666666657,-2.168,-3.836,-1.167,40.687,36.371,2.374,8.54,17.40802876,78.40113651,0.506,0.641
926,30.919033333333573,-1.723,-5.51,-2.449,-55.959,14.752,2.393,8.62,17.40802922,78.40113597,0.502,0.641
927,30.952400000000125,-2.802,-4.476,-11.564,26.057,-47.12,2.419,8.71,17.4080297,78.40113543,0.497,0.641
928,30.98576666666668,-3.109,-1.706,-5.691,80.425,-20.779,2.445,8.8,17.40803018,78.40113489,0.493,0.641
929,31.01913333333277,-2.36,-1.049,-0.255,17.657,21.833,2.471,8.89,17.40803066,78.40113435,0.49,0.641
930,31.05249999999978,-1.776,-3.923,-6.822,-90.593,26.573,2.485,8.94,17.40803119,78.40113386,0.486,0.641
931,31.08586666666679,-1.994,-5.022,-5.878,-38.342,-11.753,2.497,8.99,17.40803174,78.40113338,0.483,0.641
932,31.11923333333334,-2.103,-4.859,-3.986,-0.382,-10.066,2.51,9.04,17.40803228,78.4011329,0.48,0.641
933,31.152599999999893,-2.173,-3.029,-2.953,51.096,-10.085,2.529,9.11,17.40803278,78.40113236,0.477,0.641
934,31.1859666666669,-1.187,-2.372,1.417,16.514,33.448,2.554,9.19,17.40803326,78.40113179,0.475,0.641
935,31.219333333333,-0.324,-1.999,2.245,8.319,29.577,2.578,9.28,17.40803374,78.40113122,0.472,0.641
936,31.252700000000004,-0.058,-4.061,-5.256,-66.408,15.214,2.613,9.41,17.40803424,78.40113064,0.469,0.641
937,31.28606666666656,-0.364,-3.286,0.661,19.253,-16.725,2.677,9.64,17.40803478,78.40113,0.466,0.641
938,31.319433333333563,-0.22,-0.988,0.27,66.848,1.669,2.742,9.87,17.40803532,78.40112937,0.462,0.641
939,31.35280000000012,-0.158,0.21,-1.447,34.873,0.896,2.807,10.1,17.40803586,78.40112874,0.458,0.641
940,31.386166666666668,1.107,-0.408,6.14,-20.071,40.131,2.786,10.03,17.40803632,78.40112817,0.455,0.641
941,31.41953333333322,1.38,0.041,-0.06,12.295,12.615,2.759,9.93,17.40803677,78.4011276,0.452,0.641
942,31.452900000000227,1.004,-2.159,-5.466,-68.955,-6.663,2.732,9.83,17.40803722,78.40112702,0.451,0.641
943,31.48626666666678,0.298,-2.089,-2.337,-0.858,-26.289,2.737,9.85,17.40803777,78.40112647,0.45,0.641
944,31.51963333333333,-0.487,1.467,-1.16,106.58,-33.074,2.763,9.95,17.40803837,78.40112593,0.448,0.641
945,31.552999999999884,-0.256,3.834,-1.892,72.977,7.566,2.788,10.04,17.40803897,78.40112539,0.447,0.641
946,31.58636666666689,0.001,4.407,-0.963,19.693,8.189,2.804,10.1,17.40803954,78.40112483,0.445,0.641
947,31.619733333332988,0.584,4.761,4.794,13.439,15.427,2.795,10.06,17.40804002,78.40112423,0.444,0.641
948,31.653099999999995,0.672,0.789,-3.568,-119.54,7.624,2.786,10.03,17.4080405,78.40112363,0.443,0.641
949,31.686466666666547,1.037,0.844,8.414,1.159,4.306,2.777,10.0,17.40804098,78.40112303,0.442,0.641
950,31.719833333333558,0.653,1.659,-1.157,24.643,-13.334,2.804,10.09,17.40804148,78.40112235,0.441,0.641
951,31.753200000000103,0.76,2.311,2.677,20.331,0.786,2.832,10.19,17.40804199,78.40112166,0.44,0.641
952,31.78656666666666,1.883,2.401,13.462,3.542,28.314,2.86,10.3,17.4080425,78.40112098,0.439,0.641
953,31.81993333333321,3.354,1.983,13.105,-12.024,46.5,2.874,10.35,17.40804303,78.40112017,0.438,0.641
954,31.853300000000218,2.767,-1.879,-6.365,-118.511,-6.362,2.878,10.36,17.40804359,78.40111928,0.436,0.641
955,31.88666666666677,1.044,0.557,7.375,72.327,-71.724,2.883,10.38,17.40804414,78.40111839,0.435,0.641
956,31.92003333333332,2.275,8.529,29.349,244.955,13.554,2.972,10.7,17.40804483,78.40111744,0.433,0.641
957,31.953399999999878,5.52,10.164,26.435,56.424,96.872,3.071,11.06,17.40804552,78.40111649,0.431,0.641
958,31.98676666666688,6.869,7.579,21.827,-72.209,38.497,3.177,11.44,17.40804625,78.40111552,0.43,0.641
959,32.02013333333298,6.096,3.59,-0.031,-117.669,-6.67,3.313,11.93,17.40804709,78.40111445,0.428,0.641
960,32.053499999999985,4.518,3.176,1.373,-10.831,-35.695,3.449,12.41,17.40804793,78.40111339,0.427,0.641
961,32.08686666666654,2.465,1.966,-3.885,-35.736,-50.28,3.519,12.67,17.40804871,78.40111238,0.426,0.641
962,32.12023333333309,3.483,2.94,9.339,30.567,28.077,3.507,12.63,17.40804941,78.40111142,0.425,0.641
963,32.1536000000001,4.282,6.425,9.009,108.746,24.502,3.495,12.58,17.4080501,78.40111047,0.425,0.641
964,32.186966666666194,4.324,6.053,-0.822,-7.131,12.24,3.496,12.59,17.40805091,78.40110957,0.424,0.641
965,32.2203333333332,3.792,3.955,-3.104,-60.627,-3.429,3.502,12.61,17.40805175,78.40110869,0.424,0.641
966,32.25370000000021,3.375,2.333,-1.275,-47.717,-3.058,3.508,12.63,17.40805259,78.40110781,0.423,0.641
967,32.28706666666676,3.636,1.524,6.868,-24.046,9.209,3.527,12.7,17.4080534,78.40110686,0.423,0.641
968,32.32043333333331,2.254,-1.03,-1.337,-78.482,-33.789,3.547,12.77,17.40805421,78.4011059,0.423,0.641
969,32.353799999999865,0.243,-5.373,-15.992,-135.775,-43.745,3.558,12.81,17.40805499,78.40110495,0.422,0.641
970,32.38716666666687,0.521,-4.889,1.946,9.283,5.774,3.548,12.77,17.40805573,78.401104,0.422,0.641
971,32.420533333333424,0.927,-3.2,10.95,46.815,2.038,3.537,12.73,17.40805646,78.40110304,0.422,0.641
972,32.453899999999976,0.272,-2.174,-0.358,27.812,-19.111,3.572,12.86,17.40805723,78.40110201,0.422,0.641
973,32.48726666666653,-0.377,-1.224,-4.882,26.348,-16.069,3.646,13.13,17.40805804,78.40110091,0.422,0.641
974,32.52063333333308,-0.686,-1.336,-4.894,-5.594,-7.305,3.721,13.39,17.40805885,78.40109981,0.422,0.641
975,32.55400000000009,-1.028,1.29,0.134,78.689,-13.814,3.68,13.25,17.40805962,78.40109886,0.422,0.641
976,32.587366666666185,-2.191,-2.049,-10.719,-102.906,-30.347,3.611,13.0,17.40806039,78.40109794,0.422,0.641
977,32.62073333333319,-3.03,-2.437,-7.443,-14.793,-26.998,3.542,12.75,17.40806117,78.40109704,0.421,0.641
978,32.6541000000002,-0.527,-0.248,10.394,64.274,62.308,3.469,12.49,17.40806205,78.40109631,0.421,0.641
979,32.68746666666675,0.033,-0.551,-3.898,-10.655,18.889,3.397,12.23,17.40806293,78.40109557,0.421,0.641
980,32.7208333333333,-1.563,-1.393,-7.347,-27.546,-48.184,3.351,12.06,17.4080638,78.4010948,0.421,0.641
981,32.754199999999855,-0.586,0.553,15.462,57.674,10.444,3.353,12.07,17.40806464,78.40109396,0.421,0.641
982,32.78756666666686,1.035,1.025,14.78,13.891,35.706,3.355,12.08,17.40806549,78.40109311,0.421,0.641
983,32.820933333333414,1.822,-0.943,6.497,-60.87,20.803,3.347,12.05,17.40806618,78.40109226,0.421,0.641
984,32.85429999999997,1.716,-1.688,6.54,-24.882,-6.553,3.333,12.0,17.40806678,78.40109139,0.421,0.641
985,32.88766666666652,2.626,-1.268,11.28,10.41,22.316,3.318,11.95,17.40806738,78.40109052,0.421,0.641
986,32.92103333333307,4.127,1.51,28.963,83.409,27.167,3.276,11.79,17.40806792,78.4010897,0.421,0.641
987,32.95440000000008,5.279,4.139,27.851,81.171,21.293,3.216,11.58,17.40806842,78.40108889,0.421,0.641
988,32.987766666666175,6.403,5.935,31.491,57.718,20.363,3.157,11.36,17.40806892,78.40108809,0.421,0.641
989,33.02113333333318,7.314,11.891,32.405,187.433,15.586,3.113,11.21,17.40806937,78.40108727,0.421,0.641
990,33.05450000000019,6.145,13.336,13.576,53.476,-35.94,3.078,11.08,17.40806981,78.40108644,0.421,0.641
991,33.08786666666674,4.848,14.212,12.611,37.196,-43.923,3.044,10.96,17.40807024,78.4010856,0.421,0.641
992,33.121233333333294,4.493,13.293,8.272,-17.375,-8.244,3.042,10.95,17.4080707,78.40108475,0.421,0.641
993,33.154599999999846,3.395,9.392,-7.996,-109.996,-18.308,3.06,11.02,17.40807116,78.40108388,0.421,0.641
994,33.18796666666685,0.828,5.379,-12.966,-116.745,-72.427,3.078,11.08,17.40807163,78.40108301,0.421,0.641
995,33.221333333333405,0.293,5.837,10.048,17.655,-29.858,3.031,10.91,17.40807208,78.40108223,0.421,0.641
996,33.25469999999996,3.999,7.41,28.104,52.413,123.348,2.949,10.62,17.40807251,78.4010815,0.422,0.641
997,33.28806666666651,4.461,3.75,15.724,-107.493,10.896,2.866,10.32,17.40807294,78.40108076,0.423,0.641
998,33.32143333333306,0.108,2.754,-10.576,-28.514,-190.527,2.888,10.4,17.4080734,78.40107992,0.424,0.641
999,33.35480000000007,-1.789,-3.492,-16.868,-191.096,-54.584,2.967,10.68,17.40807387,78.40107902,0.424,0.641
1000,33.38816666666662,-0.456,-5.99,-3.631,-80.897,45.468,3.046,10.97,17.40807433,78.40107812,0.424,0.641
1001,33.42153333333317,-1.081,-7.277,2.642,-45.672,-29.24,2.99,10.76,17.4080748,78.40107739,0.423,0.641
1002,33.45490000000018,-0.809,-6.969,5.555,2.343,-1.154,2.86,10.3,17.40807527,78.40107676,0.425,0.641
1003,33.48826666666673,-0.018,-5.187,14.011,48.048,12.208,2.731,9.83,17.40807574,78.40107612,0.428,0.641
1004,33.521633333333284,1.865,-3.207,16.152,55.619,65.117,2.729,9.83,17.4080762,78.40107536,0.43,0.641
1005,33.55500000000029,3.135,-4.93,5.919,-56.832,53.11,2.798,10.07,17.40807667,78.40107452,0.431,0.641
1006,33.58836666666684,0.641,-15.028,-30.599,-316.324,-55.38,2.866,10.32,17.40807714,78.40107369,0.431,0.641
1007,33.621733333333395,-1.695,-12.012,-13.282,79.201,-85.056,2.828,10.18,17.40807747,78.40107292,0.432,0.641
1008,33.65509999999995,-2.0,-15.666,-11.379,-123.797,-5.832,2.734,9.84,17.40807774,78.40107219,0.433,0.641
1009,33.688466666666955,-2.556,-16.939,-13.693,-53.534,-16.163,2.64,9.5,17.40807801,78.40107145,0.436,0.641
1010,33.72183333333305,-2.727,-17.472,-16.18,-31.821,5.349,2.611,9.4,17.40807834,78.4010707,0.438,0.641
1011,33.75520000000006,-4.036,-15.989,-7.74,29.791,-68.767,2.617,9.42,17.40807871,78.40106993,0.44,0.641
1012,33.78856666666661,-3.571,-14.323,3.315,36.672,1.146,2.624,9.45,17.40807907,78.40106916,0.442,0.641
1013,33.82193333333362,-4.037,-11.892,-1.787,61.655,-36.892,2.596,9.34,17.40807938,78.40106849,0.444,0.641
1014,33.85530000000017,-2.06,-8.061,13.576,106.798,67.769,2.549,9.18,17.40807965,78.40106785,0.446,0.641
1015,33.88866666666672,-1.447,-4.828,3.787,91.592,17.382,2.503,9.01,17.40807992,78.40106722,0.449,0.641
1016,33.922033333333275,-3.993,-5.38,-32.444,-22.32,-102.62,2.472,8.9,17.40808022,78.40106661,0.451,0.641
1017,33.95540000000028,-5.965,-4.447,-29.049,22.984,-82.269,2.473,8.9,17.40808058,78.40106604,0.453,0.641
1018,33.988766666666834,-4.724,-1.827,-7.363,75.725,58.24,2.473,8.9,17.40808094,78.40106547,0.455,0.641
1019,34.022133333333386,-4.793,2.028,-6.321,116.005,-13.848,2.474,8.91,17.4080813,78.4010649,0.457,0.641
1020,34.05549999999994,-4.501,2.246,-2.654,7.188,-0.293,2.466,8.88,17.40808163,78.4010643,0.458,0.641
1021,34.088866666666945,-5.238,3.329,-15.287,34.024,-35.301,2.458,8.85,17.40808196,78.4010637,0.46,0.641
1022,34.12223333333304,-6.147,4.34,-10.954,32.731,-56.57,2.45,8.82,17.40808229,78.40106309,0.461,0.641
1023,34.15560000000005,-4.702,3.986,9.795,-8.501,39.459,2.423,8.72,17.40808264,78.40106251,0.462,0.641
1024,34.1889666666666,-1.091,6.497,33.747,79.521,148.535,2.388,8.6,17.40808301,78.40106194,0.464,0.641
1025,34.22233333333361,0.365,8.296,16.536,59.7,52.195,2.353,8.47,17.40808337,78.40106137,0.466,0.641
1026,34.25570000000016,-0.611,4.5,-9.47,-111.173,-45.935,2.318,8.35,17.40808373,78.40106083,0.468,0.641
1027,34.28906666666671,-1.135,4.66,-2.986,7.526,-34.618,2.285,8.23,17.40808409,78.40106035,0.471,0.641
1028,34.322433333333265,-0.343,8.103,13.391,108.841,17.882,2.252,8.11,17.40808445,78.40105987,0.473,0.641
1029,34.35580000000027,0.22,2.386,-0.1,-170.481,35.969,2.219,7.99,17.40808481,78.40105939,0.476,0.641
1030,34.389166666666824,-0.249,-1.018,-14.455,-104.07,-3.46,2.202,7.93,17.40808508,78.40105882,0.478,0.641
1031,34.42253333333338,-0.32,2.192,0.547,96.895,-10.891,2.186,7.87,17.40808535,78.40105824,0.481,0.641
1032,34.45589999999993,0.153,1.859,-2.297,-9.593,35.802,2.169,7.81,17.40808562,78.40105767,0.483,0.641
1033,34.489266666666936,-0.204,0.924,-7.568,-28.406,-12.118,2.126,7.66,17.40808593,78.40105719,0.486,0.641
1034,34.52263333333303,0.263,1.237,-1.684,9.264,38.609,2.073,7.46,17.40808626,78.40105673,0.489,0.641
1035,34.55600000000004,0.203,3.235,-2.868,61.457,-0.146,2.019,7.27,17.40808659,78.40105628,0.492,0.641
1036,34.58936666666659,-0.11,1.204,-9.472,-61.003,-4.698,1.97,7.09,17.4080869,78.40105584,0.496,0.641
1037,34.6227333333336,-0.378,-0.343,-7.819,-47.832,-7.172,1.93,6.95,17.40808717,78.40105542,0.5,0.641
1038,34.65610000000015,-0.419,0.238,-0.896,16.463,-7.985,1.89,6.8,17.40808744,78.401055,0.504,0.641
1039,34.6894666666667,0.689,2.797,17.914,77.898,51.293,1.853,6.67,17.40808772,78.40105458,0.508,0.641
1040,34.722833333333256,0.168,2.29,-8.951,-14.41,-25.843,1.872,6.74,17.4080881,78.4010542,0.511,0.641
1041,34.75620000000026,-0.258,2.478,-7.652,6.597,-21.974,1.89,6.81,17.40808849,78.40105381,0.514,0.641
1042,34.789566666666815,-0.104,0.242,8.611,-67.952,-16.93,1.909,6.87,17.40808888,78.40105342,0.516,0.641
1043,34.82293333333337,-1.097,-0.656,-15.652,-28.61,-53.976,1.891,6.81,17.40808915,78.40105289,0.519,0.641
1044,34.85629999999992,0.348,6.175,37.41,208.789,16.17,1.857,6.68,17.40808938,78.4010523,0.521,0.641
1045,34.889666666666926,2.716,2.482,35.614,-109.73,136.761,1.822,6.56,17.4080896,78.40105171,0.524,0.641
1046,34.923033333333024,4.401,3.214,45.355,23.511,37.089,1.792,6.45,17.40808996,78.40105126,0.527,0.641
1047,34.95640000000003,5.722,4.48,46.925,40.596,-0.378,1.762,6.34,17.40809033,78.40105082,0.53,0.641
1048,34.98976666666658,6.869,4.523,42.508,3.997,2.58,1.739,6.26,17.40809069,78.40105037,0.533,0.641
1049,35.02313333333359,8.442,1.677,46.672,-85.001,44.375,1.734,6.24,17.40809102,78.40104985,0.536,0.641
1050,35.05650000000014,9.488,0.66,36.232,-31.021,30.106,1.729,6.23,17.40809135,78.40104934,0.539,0.641
1051,35.089866666666694,9.796,4.331,45.549,112.566,-90.996,1.708,6.15,17.40809158,78.40104884,0.541,0.641
1052,35.12323333333279,11.154,5.413,43.046,35.898,50.563,1.673,6.02,17.40809173,78.40104837,0.545,0.641
1053,35.15660000000025,12.148,3.598,30.46,-52.463,64.64,1.638,5.9,17.40809187,78.40104789,0.548,0.641
1054,35.189966666666805,12.243,5.28,26.191,53.782,-41.545,1.574,5.66,17.40809223,78.40104759,0.552,0.641
1055,35.22333333333336,12.796,6.411,35.016,38.23,-23.24,1.502,5.41,17.40809263,78.40104734,0.556,0.641
1056,35.25669999999991,13.599,5.72,31.17,-16.962,41.68,1.432,5.16,17.40809302,78.40104708,0.562,0.641
1057,35.29006666666692,14.197,6.862,28.449,38.951,20.871,1.377,4.96,17.40809328,78.40104682,0.567,0.641
1058,35.323433333333014,14.411,6.95,15.213,7.45,31.068,1.321,4.76,17.40809353,78.40104657,0.573,0.641
1059,35.35680000000002,13.906,7.878,1.738,33.418,-38.727,1.287,4.63,17.40809378,78.40104627,0.579,0.641
1060,35.39016666666657,13.049,6.714,-8.898,-30.245,-40.231,1.293,4.66,17.408094,78.4010459,0.585,0.641
1061,35.42353333333358,12.6,6.299,-0.423,-8.158,-11.127,1.3,4.68,17.40809422,78.40104554,0.59,0.641
1062,35.45690000000013,12.459,4.554,4.197,-49.448,22.592,1.288,4.64,17.40809446,78.40104519,0.595,0.641
1063,35.490266666666685,11.702,5.043,-6.115,17.915,-48.573,1.265,4.55,17.40809472,78.40104486,0.6,0.641
1064,35.52363333333278,11.84,7.909,17.672,91.578,-25.858,1.242,4.47,17.40809497,78.40104453,0.605,0.641
1065,35.55699999999979,12.433,10.162,24.615,75.089,27.763,1.171,4.22,17.40809533,78.4010444,0.611,0.641
1066,35.5903666666668,12.637,10.371,15.189,14.052,-4.024,1.094,3.94,17.4080957,78.40104429,0.617,0.641
1067,35.62373333333335,12.731,10.556,12.41,13.499,-22.539,1.032,3.72,17.40809604,78.40104416,0.624,0.641
1068,35.6570999999999,12.869,7.899,10.994,-73.878,18.797,1.04,3.74,17.40809626,78.40104394,0.631,0.641
1069,35.69046666666691,12.851,7.337,6.542,-11.583,19.643,1.047,3.77,17.40809648,78.40104372,0.637,0.641
1070,35.723833333333005,13.09,7.279,13.546,3.494,28.682,1.023,3.68,17.40809665,78.4010435,0.643,0.641
1071,35.75720000000001,12.686,4.32,-4.31,-85.942,-7.298,0.959,3.45,17.40809676,78.40104328,0.65,0.641
1072,35.790566666666564,12.187,2.574,-4.881,-51.027,-74.351,0.895,3.22,17.40809687,78.40104306,0.657,0.641
1073,35.82393333333357,12.46,2.521,14.196,-0.346,-16.31,0.825,2.97,17.40809694,78.40104291,0.665,0.641
1074,35.85730000000012,13.084,1.601,22.667,-27.121,21.72,0.753,2.71,17.408097,78.40104279,0.673,0.641
1075,35.890666666666675,13.589,-0.356,18.627,-59.81,17.793,0.681,2.45,17.40809706,78.40104267,0.683,0.641
1076,35.92403333333323,14.319,0.119,25.546,13.447,7.753,0.649,2.34,17.40809714,78.40104253,0.692,0.641
1077,35.95739999999978,14.94,0.467,22.957,9.956,14.29,0.679,2.45,17.40809723,78.40104235,0.7,0.641
1078,35.99076666666679,15.295,0.089,16.486,-12.144,-9.913,0.71,2.55,17.40809732,78.40104217,0.708,0.641
1079,36.02413333333334,15.762,0.058,19.919,-1.744,12.865,0.734,2.64,17.4080974,78.401042,0.715,0.641
1080,36.05749999999989,16.353,0.612,22.65,16.243,19.532,0.668,2.4,17.40809746,78.40104197,0.723,0.641
1081,36.0908666666669,16.922,0.816,21.12,5.906,25.748,0.602,2.17,17.40809752,78.40104194,0.732,0.641
1082,36.124233333333,17.327,0.434,15.794,-11.959,-1.329,0.535,1.93,17.40809758,78.40104191,0.741,0.641
1083,36.1576,17.774,0.295,13.958,-4.767,-10.815,0.492,1.77,17.40809767,78.40104188,0.752,0.641
1084,36.19096666666656,18.224,0.649,14.155,10.258,-6.138,0.456,1.64,17.40809776,78.40104185,0.763,0.641
1085,36.22433333333356,18.522,0.865,9.673,6.334,12.769,0.42,1.51,17.40809785,78.40104182,0.774,0.641
1086,36.25770000000011,18.756,1.108,7.826,7.361,12.484,0.407,1.47,17.40809802,78.40104181,0.785,0.641
1087,36.291066666666666,18.844,0.709,3.494,-12.221,-1.167,0.427,1.54,17.40809832,78.40104184,0.795,0.641
1088,36.32443333333322,18.977,0.593,4.905,-3.848,-7.725,0.447,1.61,17.40809862,78.40104187,0.806,0.641
1089,36.35780000000023,19.204,0.492,7.818,-3.495,18.401,0.463,1.67,17.40809891,78.40104189,0.816,0.641
1090,36.39116666666678,19.325,0.069,4.676,-13.475,0.954,0.441,1.59,17.40809897,78.40104183,0.826,0.641
1091,36.42453333333333,19.353,-0.476,1.947,-17.603,-25.497,0.419,1.51,17.40809903,78.40104177,0.836,0.641
1092,36.45789999999988,19.384,-0.506,2.112,-2.21,-16.2,0.397,1.43,17.40809909,78.40104171,0.845,0.641
1093,36.49126666666689,19.408,-0.151,1.933,9.642,2.183,0.377,1.36,17.40809915,78.40104165,0.855,0.641
1094,36.524633333332986,19.451,0.256,2.57,11.544,-1.665,0.356,1.28,17.40809921,78.40104159,0.864,0.641
1095,36.55799999999999,19.516,0.306,3.295,0.915,3.051,0.336,1.21,17.40809927,78.40104153,0.874,0.641
1096,36.59136666666655,19.584,-0.303,3.41,-19.381,1.977,0.311,1.12,17.40809933,78.40104149,0.883,0.641
1097,36.62473333333355,19.585,-0.776,1.471,-15.711,-4.38,0.281,1.01,17.40809939,78.40104146,0.892,0.641
1098,36.6581000000001,19.463,-1.652,-2.15,-28.504,-16.468,0.252,0.91,17.40809945,78.40104143,0.9,0.641
1099,36.691466666666656,19.376,-1.966,-1.089,-11.959,-6.324,0.224,0.81,17.40809951,78.4010414,0.909,0.641
1100,36.72483333333321,19.265,-2.058,-1.798,-5.353,4.454,0.217,0.78,17.4080996,78.40104143,0.918,0.641
1101,36.758200000000215,18.998,-3.325,-6.407,-41.643,7.517,0.209,0.75,17.40809969,78.40104146,0.926,0.641
1102,36.79156666666677,18.43,-5.611,-15.478,-74.132,-33.442,0.202,0.73,17.40809978,78.40104149,0.934,0.641
1103,36.82493333333332,17.748,-6.099,-18.942,-20.659,-69.547,0.18,0.65,17.40809991,78.40104156,0.943,0.641
1104,36.85829999999987,17.567,-4.698,-3.906,37.116,-30.869,0.153,0.55,17.40810006,78.40104163,0.951,0.641
1105,36.89166666666688,17.919,-2.771,12.159,54.513,60.493,0.128,0.46,17.4081002,78.4010417,0.959,0.641
1106,36.925033333332976,18.143,-4.022,8.376,-41.807,73.71,0.142,0.51,17.40810028,78.40104166,0.966,0.641
1107,36.95839999999998,17.791,-4.301,-8.848,-12.902,-45.102,0.156,0.56,17.40810035,78.40104162,0.974,0.641
1108,36.991766666666535,17.433,-3.771,-9.075,11.796,-63.954,0.174,0.63,17.4081004,78.40104158,0.982,0.641
1109,37.02513333333309,17.686,-2.416,9.335,37.647,56.956,0.202,0.73,17.4081004,78.4010415,0.989,0.641
1110,37.058500000000095,17.959,-4.203,10.037,-58.059,73.801,0.231,0.83,17.4081004,78.40104143,0.997,0.641
1111,37.09186666666619,17.479,-5.675,-12.592,-49.832,-50.821,0.237,0.85,17.40810036,78.40104136,1.004,0.641
1112,37.1252333333332,17.377,-4.345,-1.202,35.238,-80.607,0.228,0.82,17.40810028,78.40104128,1.011,0.641
1113,37.158600000000206,18.311,-1.974,30.001,68.435,79.274,0.219,0.79,17.40810021,78.40104121,1.018,0.641
1114,37.19196666666676,19.042,-3.022,24.087,-34.91,99.844,0.269,0.97,17.4081002,78.40104107,1.025,0.641
1115,37.22533333333331,18.823,-3.783,-4.381,-26.958,-48.981,0.328,1.18,17.4081002,78.40104093,1.032,0.641
1116,37.25869999999986,18.442,-2.865,-9.22,24.131,-117.167,0.375,1.35,17.4081002,78.40104079,1.039,0.641
1117,37.29206666666687,19.155,0.203,23.701,91.146,42.383,0.354,1.27,17.4081002,78.40104072,1.046,0.641
1118,37.32543333333342,19.813,-1.621,22.216,-57.022,133.829,0.333,1.2,17.4081002,78.40104064,1.052,0.641
1119,37.35879999999997,19.499,-4.145,-6.954,-80.124,-29.833,0.316,1.14,17.40810025,78.40104058,1.059,0.641
1120,37.392166666666526,19.143,-2.823,-8.18,36.263,-153.09,0.305,1.1,17.40810036,78.40104055,1.065,0.641
1121,37.42553333333308,19.914,1.013,25.756,114.827,44.908,0.294,1.06,17.40810047,78.40104051,1.071,0.641
1122,37.458900000000085,20.414,-0.89,17.734,-58.746,126.065,0.331,1.19,17.40810055,78.40104037,1.078,0.641
1123,37.49226666666618,19.619,-4.284,-21.12,-106.319,-40.973,0.388,1.4,17.40810062,78.40104019,1.084,0.641
1124,37.52563333333319,18.804,-3.005,-21.843,34.8,-149.778,0.446,1.6,17.4081007,78.40104001,1.09,0.641
1125,37.5590000000002,18.845,0.691,3.856,110.333,20.307,0.432,1.55,17.40810088,78.40104,1.096,0.641
1126,37.59236666666675,18.862,0.899,3.185,5.993,101.346,0.415,1.49,17.40810106,78.40104,1.101,0.641
1127,37.6257333333333,18.062,-1.065,-21.416,-60.761,-33.587,0.397,1.43,17.40810123,78.40103999,1.107,0.641
1128,37.65909999999985,16.89,-1.181,-32.747,-5.446,-112.001,0.378,1.36,17.40810138,78.40103995,1.113,0.641
1129,37.69246666666686,16.208,-1.063,-18.139,1.621,-37.316,0.358,1.29,17.40810153,78.40103992,1.119,0.641
1130,37.72583333333341,16.142,0.721,0.342,53.084,7.538,0.382,1.38,17.40810167,78.40103979,1.124,0.641
1131,37.75919999999997,16.244,1.033,5.443,9.219,21.83,0.45,1.62,17.40810182,78.40103957,1.129,0.641
1132,37.79256666666652,16.053,0.949,3.207,-2.717,-14.206,0.517,1.86,17.40810197,78.40103935,1.128,0.641
1133,37.82593333333307,16.113,1.117,4.213,4.977,-8.392,0.489,1.76,17.40810203,78.40103925,1.133,0.641
1134,37.85930000000008,16.097,1.418,1.912,9.205,1.633,0.434,1.56,17.40810206,78.40103918,1.138,0.641
1135,37.89266666666617,15.845,2.079,-5.142,20.587,-10.349,0.379,1.36,17.40810209,78.40103911,1.144,0.641
1136,37.92603333333318,15.371,2.53,-11.844,14.667,-13.95,0.381,1.37,17.40810226,78.40103907,1.149,0.641
1137,37.95940000000019,14.788,2.59,-15.233,2.975,-6.346,0.399,1.44,17.40810246,78.40103904,1.154,0.641
1138,37.99276666666674,14.109,2.239,-18.193,-9.624,-14.518,0.417,1.5,17.40810266,78.40103901,1.159,0.641
1139,38.02613333333329,13.319,1.98,-21.669,-7.055,-25.699,0.423,1.52,17.40810288,78.401039,1.164,0.641
1140,38.05949999999984,12.309,1.789,-28.447,-5.187,-27.531,0.425,1.53,17.40810312,78.401039,1.169,0.641
1141,38.09286666666685,11.166,1.551,-32.63,-6.799,-22.76,0.427,1.54,17.40810335,78.401039,1.173,0.641
1142,38.1262333333334,9.834,1.07,-38.53,-14.5,-27.4,0.403,1.45,17.40810356,78.40103903,1.178,0.641
1143,38.15959999999996,8.462,0.667,-40.037,-12.465,-31.942,0.373,1.34,17.40810376,78.40103906,1.183,0.641
1144,38.19296666666651,7.157,0.339,-38.278,-10.531,-32.987,0.342,1.23,17.40810396,78.40103909,1.187,0.641
1145,38.22633333333306,5.886,0.17,-37.526,-5.878,-29.797,0.294,1.06,17.40810411,78.40103915,1.192,0.641
1146,38.25970000000007,4.572,-0.011,-39.054,-6.401,-23.691,0.24,0.86,17.40810424,78.40103922,1.196,0.641
1147,38.29306666666662,3.295,-0.149,-38.252,-5.228,-20.677,0.186,0.67,17.40810437,78.40103929,1.2,0.641
1148,38.32643333333317,2.176,-0.088,-33.755,0.767,-12.821,0.177,0.64,17.40810453,78.4010393,1.205,0.641
1149,38.35980000000018,1.15,-0.259,-31.163,-6.295,-4.698,0.18,0.65,17.4081047,78.4010393,1.209,0.641
1150,38.39316666666673,-0.136,-0.278,-39.241,-1.79,-23.073,0.183,0.66,17.40810487,78.4010393,1.213,0.641
1151,38.42653333333328,-1.542,-0.241,-43.186,-0.068,-21.752,0.153,0.55,17.40810495,78.40103941,1.217,0.641
1152,38.45990000000029,-3.069,-0.376,-47.135,-5.307,-28.353,0.113,0.41,17.40810502,78.40103954,1.221,0.641
1153,38.49326666666684,-4.648,-0.328,-49.049,0.191,-42.5,0.074,0.27,17.40810509,78.40103967,1.225,0.641
1154,38.52663333333339,-6.256,-0.394,-50.311,-3.286,-57.301,0.057,0.2,17.40810521,78.40103975,1.229,0.641
1155,38.559999999999945,-7.7,-0.836,-45.727,-14.937,-45.629,0.045,0.16,17.40810534,78.40103982,1.233,0.641
1156,38.59336666666695,-8.752,-0.623,-34.244,4.882,-26.767,0.033,0.12,17.40810547,78.40103989,1.237,0.641
1157,38.62673333333305,-9.195,-0.065,-16.097,15.719,-5.936,0.041,0.15,17.40810561,78.4010399,1.24,0.641
1158,38.66010000000006,-9.092,0.056,0.278,2.688,15.697,0.054,0.19,17.40810574,78.4010399,1.244,0.641
1159,38.69346666666661,-8.688,0.074,9.349,-0.377,21.247,0.067,0.24,17.40810587,78.4010399,1.248,0.641
1160,38.726833333333616,-8.278,-0.11,9.651,-6.57,6.254,0.06,0.22,17.40810595,78.40103995,1.251,0.641
1161,38.76020000000017,-8.02,-0.387,5.123,-9.59,-11.027,0.049,0.18,17.40810602,78.40104002,1.255,0.641
1162,38.79356666666672,-7.883,-0.643,1.501,-9.212,-6.171,0.038,0.14,17.40810609,78.40104009,1.258,0.641
1163,38.82693333333327,-7.808,-0.682,-0.34,-2.699,11.266,0.063,0.23,17.40810615,78.4010401,1.262,0.641
1164,38.86030000000028,-7.754,-0.482,-0.978,4.612,17.191,0.096,0.34,17.40810622,78.4010401,1.265,0.641
1165,38.89366666666683,-7.741,-0.063,-2.18,11.524,0.228,0.129,0.46,17.40810629,78.4010401,1.268,0.641
1166,38.92703333333338,-7.802,0.023,-4.464,1.608,-14.996,0.12,0.43,17.40810641,78.40104015,1.271,0.641
1167,38.960399999999936,-7.858,0.128,-4.31,2.289,-18.049,0.102,0.37,17.40810654,78.40104022,1.275,0.641
1168,38.99376666666694,-7.964,0.163,-5.883,0.202,-18.418,0.083,0.3,17.40810668,78.40104029,1.278,0.641
1169,39.02713333333304,-8.001,0.276,-3.813,2.64,-5.671,0.082,0.3,17.40810675,78.40104025,1.281,0.641
1170,39.06050000000005,-8.03,0.277,-3.606,-0.72,-5.37,0.085,0.31,17.40810682,78.40104018,1.284,0.641
1171,39.0938666666666,-7.942,0.292,-0.066,-0.264,12.78,0.088,0.32,17.40810689,78.40104011,1.287,0.64
1172,39.127233333333606,-7.889,0.224,-1.125,-2.834,5.261,0.079,0.29,17.40810693,78.4010401,1.29,0.64
1173,39.16060000000016,-7.884,0.839,-2.592,18.166,-14.815,0.067,0.24,17.40810696,78.4010401,1.293,0.64
1174,39.19396666666671,-7.834,1.267,-1.221,12.924,-7.321,0.055,0.2,17.40810699,78.4010401,1.295,0.64
1175,39.22733333333326,-7.894,1.252,-4.556,-0.37,-19.119,0.062,0.22,17.40810711,78.40104015,1.298,0.64
1176,39.26070000000027,-7.88,0.17,-2.332,-33.25,12.954,0.072,0.26,17.40810724,78.40104022,1.301,0.64
1177,39.29406666666682,-7.732,1.155,1.713,29.515,32.734,0.083,0.3,17.40810738,78.40104029,1.304,0.64
1178,39.327433333333374,-7.94,2.382,-9.045,37.821,-30.323,0.063,0.23,17.40810745,78.40104027,1.306,0.64
1179,39.36079999999993,-8.368,2.667,-15.762,9.839,-63.869,0.037,0.13,17.40810752,78.40104024,1.309,0.64
1180,39.39416666666693,-8.646,-0.102,-11.325,-84.032,14.699,0.011,0.04,17.40810759,78.40104021,1.311,0.64
1181,39.42753333333303,-8.764,-0.716,-6.577,-19.979,57.604,0.034,0.12,17.40810766,78.40104014,1.314,0.64
1182,39.46090000000004,-9.064,1.422,-12.144,64.314,-6.921,0.069,0.25,17.40810772,78.40104008,1.316,0.64
1183,39.49426666666659,-9.852,4.052,-26.949,81.28,-88.127,0.103,0.37,17.40810779,78.40104001,1.319,0.64
1184,39.5276333333336,-10.633,2.367,-27.0,-49.473,-56.506,0.108,0.39,17.40810797,78.40104003,1.321,0.64
1185,39.56100000000015,-11.417,-1.45,-27.287,-116.556,18.671,0.106,0.38,17.40810817,78.40104006,1.323,0.64
1186,39.5943666666667,-11.6,-0.874,-9.336,15.57,58.837,0.104,0.38,17.40810837,78.40104009,1.326,0.64
1187,39.62773333333325,-12.077,1.964,-18.305,85.76,-12.891,0.12,0.43,17.40810851,78.40104004,1.328,0.64
1188,39.66110000000026,-12.933,4.404,-29.898,75.905,-101.074,0.138,0.5,17.40810864,78.40103998,1.33,0.64
1189,39.69446666666681,-13.508,2.325,-21.668,-61.303,-55.096,0.157,0.56,17.40810878,78.40103991,1.332,0.64
1190,39.727833333333365,-13.573,-0.168,-6.409,-75.784,62.84,0.185,0.67,17.40810888,78.40103982,1.335,0.64
1191,39.76119999999992,-13.477,0.36,-1.547,15.189,54.557,0.215,0.77,17.40810898,78.40103972,1.337,0.64
1192,39.79456666666693,-13.79,3.255,-13.946,88.566,-47.09,0.245,0.88,17.40810908,78.40103962,1.339,0.64
1193,39.82793333333302,-14.312,3.643,-20.329,13.738,-71.943,0.248,0.89,17.40810918,78.40103954,1.341,0.64
1194,39.86130000000003,-14.755,-0.529,-18.136,-126.399,5.645,0.245,0.88,17.40810928,78.40103948,1.343,0.64
1195,39.89466666666658,-14.659,0.384,-1.953,26.767,23.431,0.242,0.87,17.40810938,78.40103941,1.345,0.64
1196,39.92803333333359,-14.863,4.829,-11.015,136.349,-11.493,0.254,0.92,17.40810948,78.40103932,1.347,0.64
1197,39.96140000000014,-15.373,5.5,-20.348,23.838,-36.767,0.269,0.97,17.40810958,78.40103922,1.349,0.64
1198,39.99476666666669,-15.974,-0.916,-23.253,-193.978,-0.331,0.284,1.02,17.40810968,78.40103912,1.351,0.64
1199,40.02813333333279,-16.015,-2.425,-6.509,-48.176,45.54,0.331,1.19,17.40810981,78.40103893,1.352,0.64
1200,40.06150000000025,-15.732,1.128,3.252,106.507,26.286,0.384,1.38,17.40810995,78.40103873,1.354,0.64
1201,40.0948666666668,-15.753,5.181,-5.869,124.926,-58.337,0.438,1.58,17.40811008,78.40103853,1.356,0.64
1202,40.12823333333336,-16.032,4.533,-13.694,-16.524,-24.564,0.456,1.64,17.40811027,78.40103839,1.358,0.64
1203,40.16159999999991,-15.87,0.484,-0.454,-121.838,56.507,0.469,1.69,17.40811047,78.40103825,1.36,0.64
1204,40.19496666666692,-15.245,1.068,13.565,17.488,37.912,0.481,1.73,17.40811067,78.40103812,1.361,0.64
1205,40.22833333333301,-14.431,4.575,12.566,108.067,-13.709,0.505,1.82,17.40811087,78.40103799,1.351,0.64
1206,40.26170000000002,-13.83,4.573,6.577,2.923,-31.406,0.532,1.91,17.40811107,78.40103785,1.34,0.64
1207,40.29506666666657,-13.473,-1.819,-4.28,-193.996,25.199,0.558,2.01,17.40811127,78.40103772,1.328,0.64
1208,40.32843333333358,-12.342,-2.159,15.438,-12.896,83.121,0.584,2.1,17.40811141,78.4010375,1.314,0.64
1209,40.36180000000013,-11.273,2.55,14.12,142.396,70.485,0.61,2.2,17.40811155,78.40103727,1.299,0.64
1210,40.39516666666668,-11.744,3.45,-22.261,28.973,-85.039,0.636,2.29,17.40811168,78.40103703,1.282,0.64
1211,40.42853333333278,-12.047,-2.376,-22.625,-177.485,-30.083,0.673,2.42,17.40811181,78.4010368,1.264,0.64
1212,40.46189999999979,-11.35,-2.556,-1.743,-8.427,62.829,0.711,2.56,17.40811195,78.40103657,1.245,0.64
1213,40.4952666666668,-10.623,2.753,-1.071,160.548,55.677,0.749,2.69,17.40811208,78.40103633,1.224,0.64
1214,40.52863333333335,-11.0,5.664,-21.02,91.136,-69.581,0.803,2.89,17.40811239,78.40103613,1.2,0.64
1215,40.5619999999999,-11.346,2.295,-23.065,-99.923,-56.051,0.861,3.1,17.40811272,78.40103593,1.174,0.64
1216,40.595366666666905,-10.113,-2.624,0.567,-150.51,84.48,0.918,3.3,17.40811305,78.40103573,1.146,0.64
1217,40.628733333333,-8.63,0.47,17.684,92.249,52.534,0.923,3.32,17.4081133,78.40103553,1.12,0.64
1218,40.66210000000001,-8.478,4.135,1.12,112.439,-77.569,0.919,3.31,17.40811353,78.40103533,1.096,0.64
1219,40.69546666666656,-7.623,0.374,14.206,-113.259,-17.471,0.915,3.3,17.40811377,78.40103513,1.075,0.64
1220,40.72883333333357,-5.693,-1.203,28.788,-49.138,90.805,0.983,3.54,17.40811394,78.40103478,1.052,0.64
1221,40.76220000000012,-3.406,0.66,40.789,55.514,85.076,1.062,3.82,17.40811411,78.40103442,1.026,0.64
1222,40.79556666666667,-1.802,5.404,38.308,145.853,15.915,1.141,4.11,17.40811428,78.40103405,0.997,0.64
1223,40.828933333333225,0.854,5.836,59.894,16.993,74.75,1.169,4.21,17.40811459,78.40103377,0.97,0.64
1224,40.86229999999978,2.09,2.398,33.72,-101.845,24.515,1.189,4.28,17.40811492,78.4010335,0.945,0.64
1225,40.895666666666784,3.272,3.572,44.075,37.327,-9.779,1.209,4.35,17.40811526,78.40103323,0.922,0.64
1226,40.92903333333334,4.082,6.387,32.992,88.906,-3.173,1.243,4.48,17.40811559,78.40103294,0.899,0.64
1227,40.96239999999989,5.183,0.314,22.938,-182.583,70.166,1.279,4.61,17.40811592,78.40103264,0.877,0.64
1228,40.995766666666896,5.223,0.611,10.445,8.588,4.297,1.315,4.74,17.40811626,78.40103234,0.856,0.64
1229,41.02913333333299,4.887,6.149,5.278,170.331,-19.913,1.325,4.77,17.40811659,78.40103204,0.837,0.64
1230,41.0625,4.762,7.125,-0.769,34.432,20.264,1.33,4.79,17.40811693,78.40103174,0.82,0.64
1231,41.09586666666655,5.121,4.892,10.55,-63.637,33.923,1.335,4.81,17.40811726,78.40103144,0.804,0.64
1232,41.12923333333356,5.435,3.064,13.105,-52.992,22.044,1.384,4.98,17.40811753,78.40103105,0.788,0.64
1233,41.16260000000011,5.373,4.771,17.925,54.386,-28.627,1.438,5.18,17.4081178,78.40103065,0.772,0.64
1234,41.19596666666666,6.798,5.535,34.048,26.758,66.831,1.492,5.37,17.40811807,78.40103025,0.755,0.64
1235,41.229333333333216,7.998,2.599,35.675,-86.601,50.234,1.485,5.35,17.40811822,78.40102985,0.741,0.64
1236,41.26270000000022,8.815,1.093,32.87,-44.987,27.404,1.469,5.29,17.40811835,78.40102945,0.729,0.64
1237,41.296066666666775,8.799,3.563,28.647,76.272,-46.865,1.453,5.23,17.40811848,78.40102905,0.719,0.64
1238,41.32943333333333,10.917,-0.384,51.33,-119.403,113.669,1.473,5.3,17.40811871,78.40102862,0.709,0.64
1239,41.36279999999988,11.571,-0.88,37.797,-16.382,10.527,1.498,5.39,17.40811894,78.40102818,0.699,0.64
1240,41.396166666666886,11.875,1.393,40.267,68.515,-29.952,1.523,5.48,17.40811917,78.40102775,0.69,0.64
1241,41.42953333333298,13.51,0.055,50.135,-40.829,78.732,1.568,5.65,17.40811935,78.40102729,0.68,0.64
1242,41.46289999999999,14.098,-2.02,30.83,-64.652,44.228,1.616,5.82,17.40811951,78.40102682,0.67,0.64
1243,41.49626666666654,11.959,1.604,11.35,109.198,-147.528,1.664,5.99,17.40811968,78.40102635,0.66,0.64
1244,41.529633333333095,12.117,5.606,20.826,123.878,22.525,1.647,5.93,17.40811991,78.40102594,0.652,0.64
1245,41.5630000000001,11.976,0.341,-5.614,-158.28,74.869,1.622,5.84,17.40812014,78.40102554,0.645,0.64
1246,41.596366666666654,9.276,-0.032,-44.006,-11.961,-70.104,1.598,5.75,17.40812037,78.40102514,0.639,0.64
1247,41.629733333333206,6.737,1.396,-48.208,43.227,-67.004,1.538,5.54,17.4081207,78.40102483,0.635,0.64
1248,41.66310000000021,5.227,0.23,-33.514,-35.512,-20.334,1.474,5.31,17.40812103,78.40102453,0.633,0.64
1249,41.696466666666765,3.785,-1.777,-37.807,-62.41,-5.031,1.41,5.08,17.40812136,78.40102423,0.633,0.64
1250,41.72983333333332,1.574,-0.267,-47.5,44.242,-71.68,1.504,5.41,17.40812167,78.40102375,0.631,0.64
1251,41.76319999999987,0.304,-0.632,-34.529,-12.218,-12.684,1.617,5.82,17.40812197,78.40102325,0.626,0.64
1252,41.79656666666688,0.273,-3.044,-18.853,-75.627,49.436,1.73,6.23,17.40812227,78.40102275,0.619,0.64
1253,41.829933333332974,0.03,-3.687,-3.028,-23.138,-13.988,1.738,6.26,17.40812254,78.40102228,0.613,0.64
1254,41.86329999999998,-0.746,-1.986,0.533,48.512,-76.176,1.734,6.24,17.40812281,78.40102181,0.608,0.64
1255,41.89666666666653,1.087,-4.955,26.909,-93.931,88.171,1.73,6.23,17.40812307,78.40102135,0.603,0.64
1256,41.930033333333085,2.798,-5.816,37.821,-31.466,58.282,1.677,6.04,17.40812352,78.40102115,0.6,0.64
1257,41.96340000000009,3.225,-4.395,28.532,38.085,-41.507,1.619,5.83,17.40812399,78.40102098,0.598,0.64
1258,41.99676666666619,4.105,-5.253,31.251,-30.938,2.264,1.561,5.62,17.40812445,78.40102082,0.598,0.64
1259,42.0301333333332,5.083,-6.0,17.695,-28.254,72.733,1.609,5.79,17.40812477,78.40102038,0.597,0.64
1260,42.06350000000021,4.185,-6.503,-5.339,-21.387,-51.713,1.669,6.01,17.40812507,78.40101991,0.595,0.64
1261,42.09686666666676,2.991,-7.822,-10.506,-46.95,-63.934,1.728,6.22,17.40812537,78.40101944,0.591,0.64
1262,42.13023333333331,3.129,-7.922,7.347,-10.509,5.29,1.72,6.19,17.40812567,78.40101904,0.589,0.64
1263,42.16359999999986,3.287,-6.576,6.397,33.943,11.127,1.704,6.13,17.40812597,78.40101864,0.587,0.64
1264,42.19696666666687,2.468,-7.417,-10.892,-32.293,-34.562,1.688,6.08,17.40812627,78.40101824,0.585,0.64
1265,42.23033333333342,0.665,-7.257,-32.14,-2.221,-75.573,1.679,6.04,17.40812651,78.40101781,0.584,0.64
1266,42.26369999999997,-1.26,-4.498,-43.349,78.036,-61.271,1.669,6.01,17.40812675,78.40101737,0.583,0.64
1267,42.29706666666653,-3.027,-2.345,-51.301,61.66,-26.302,1.66,5.98,17.40812698,78.40101694,0.582,0.64
1268,42.33043333333308,-4.916,-4.754,-58.159,-77.121,-25.864,1.666,6.0,17.40812737,78.40101653,0.581,0.64
1269,42.36380000000008,-7.782,-6.184,-79.133,-48.966,-72.97,1.674,6.03,17.40812777,78.40101613,0.58,0.64
1270,42.39716666666618,-10.837,-4.487,-83.254,46.185,-97.031,1.681,6.05,17.40812817,78.40101573,0.58,0.64
1271,42.43053333333319,-13.657,-2.684,-87.218,50.847,-74.225,1.664,5.99,17.40812863,78.40101549,0.579,0.64
1272,42.463900000000194,-15.437,-6.312,-75.377,-114.977,-11.746,1.644,5.92,17.40812909,78.40101525,0.579,0.64
1273,42.49726666666675,-16.401,-5.558,-48.967,16.979,-23.526,1.624,5.85,17.40812956,78.40101502,0.579,0.64
1274,42.5306333333333,-17.51,-1.945,-41.716,105.715,-76.612,1.633,5.88,17.40812988,78.4010146,0.579,0.64
1275,42.56399999999985,-17.121,-2.15,-18.073,-8.896,6.505,1.645,5.92,17.40813018,78.40101417,0.579,0.64
1276,42.59736666666686,-15.646,-4.939,-3.537,-88.696,80.989,1.657,5.97,17.40813048,78.40101373,0.579,0.64
1277,42.63073333333341,-14.421,-4.071,9.075,21.604,8.577,1.694,6.1,17.40813084,78.40101327,0.578,0.64
1278,42.66409999999996,-14.012,-2.441,4.947,45.838,-59.212,1.733,6.24,17.40813121,78.4010128,0.577,0.64
1279,42.697466666666514,-12.395,-7.366,11.394,-154.755,41.042,1.772,6.38,17.40813157,78.40101234,0.574,0.64
1280,42.73083333333307,-10.125,-7.323,23.242,-5.864,84.736,1.746,6.28,17.40813188,78.40101187,0.573,0.64
1281,42.76420000000007,-9.933,-3.157,-4.935,121.199,-24.109,1.714,6.17,17.40813218,78.4010114,0.572,0.64
1282,42.79756666666663,-9.951,-3.63,-14.867,-18.232,-10.282,1.682,6.06,17.40813248,78.40101093,0.572,0.64
1283,42.83093333333318,-9.624,-8.073,-16.082,-140.938,27.768,1.727,6.22,17.40813281,78.40101044,0.571,0.64
1284,42.864300000000185,-9.039,-6.925,1.637,27.543,-4.607,1.777,6.4,17.40813314,78.40100994,0.57,0.64
1285,42.89766666666674,-9.484,-3.308,-10.357,104.601,-63.263,1.827,6.58,17.40813348,78.40100944,0.567,0.64
1286,42.93103333333329,-9.292,-2.715,-4.219,14.46,-24.709,1.834,6.6,17.40813387,78.401009,0.565,0.64
1287,42.96439999999984,-8.249,-4.671,0.42,-63.59,40.03,1.837,6.61,17.40813427,78.40100856,0.563,0.64
1288,42.99776666666685,-7.705,-2.783,0.036,53.209,1.763,1.84,6.62,17.40813467,78.40100813,0.561,0.64
1289,43.0311333333334,-8.579,1.747,-22.619,136.176,-59.203,1.856,6.68,17.40813501,78.40100763,0.559,0.64
1290,43.06449999999995,-8.773,-0.011,-21.033,-53.714,-7.768,1.873,6.74,17.40813535,78.40100713,0.557,0.64
1291,43.097866666666505,-8.961,-2.834,-26.59,-88.045,6.182,1.89,6.8,17.40813568,78.40100663,0.555,0.64
1292,43.13123333333306,-8.572,-1.3,-9.748,43.844,8.977,1.901,6.84,17.40813617,78.40100623,0.553,0.64
1293,43.164600000000064,-8.725,1.53,-15.791,85.037,-18.708,1.911,6.88,17.40813667,78.40100582,0.551,0.64
1294,43.197966666666616,-8.004,-0.473,-4.573,-61.45,23.668,1.921,6.92,17.40813717,78.40100542,0.549,0.64
1295,43.23133333333362,-6.465,-4.001,6.468,-110.158,63.235,1.957,7.05,17.40813767,78.40100499,0.546,0.64
1296,43.264700000000175,-4.895,-3.2,22.084,20.247,31.465,1.995,7.18,17.40813817,78.40100456,0.543,0.64
1297,43.29806666666673,-4.384,-0.169,16.836,89.643,-27.717,2.033,7.32,17.40813867,78.40100413,0.54,0.64
1298,43.33143333333328,-1.756,-1.843,36.762,-52.772,78.496,2.091,7.53,17.40813917,78.40100363,0.537,0.64
1299,43.36480000000029,0.942,-5.94,36.677,-128.848,90.616,2.15,7.74,17.40813967,78.40100313,0.532,0.64
1300,43.39816666666684,2.428,-4.386,36.873,41.805,22.073,2.209,7.95,17.40814017,78.40100263,0.527,0.64
1301,43.43153333333339,2.467,-0.786,23.202,106.169,-31.015,2.242,8.07,17.40814058,78.401002,0.523,0.64
1302,43.46489999999994,4.046,-1.207,25.034,-14.724,54.178,2.274,8.19,17.40814098,78.40100137,0.518,0.64
1303,43.49826666666695,5.379,-4.885,18.473,-115.414,57.435,2.306,8.3,17.40814138,78.40100073,0.513,0.64
1304,43.53163333333305,4.51,-5.239,1.778,-16.11,-29.495,2.336,8.41,17.40814184,78.40100013,0.509,0.64
1305,43.565000000000055,3.073,-2.183,-5.846,88.671,-50.315,2.365,8.51,17.40814231,78.40099953,0.505,0.64
1306,43.59836666666661,3.109,-1.453,-4.465,19.548,19.247,2.395,8.62,17.40814278,78.40099893,0.5,0.64
1307,43.631733333333614,3.921,-4.632,3.17,-100.292,46.434,2.435,8.77,17.40814324,78.4009983,0.496,0.64
1308,43.665100000000166,3.163,-7.265,-8.483,-86.133,-10.614,2.476,8.91,17.40814371,78.40099766,0.492,0.64
1309,43.69846666666672,1.097,-4.77,-10.273,69.655,-73.896,2.517,9.06,17.40814418,78.40099703,0.487,0.64
1310,43.73183333333327,0.399,-1.67,-7.759,90.385,-18.183,2.575,9.27,17.40814484,78.4009964,0.483,0.64
1311,43.76520000000028,1.392,-1.727,2.153,-4.315,39.469,2.633,9.48,17.4081455,78.40099576,0.478,0.64
1312,43.79856666666683,1.127,-4.292,-12.518,-81.614,8.036,2.691,9.69,17.40814617,78.40099513,0.473,0.64
1313,43.83193333333338,-0.673,-5.724,-20.369,-48.87,-45.568,2.721,9.79,17.40814684,78.40099456,0.468,0.64
1314,43.865299999999934,-2.66,-3.752,-19.271,54.806,-61.134,2.748,9.89,17.40814751,78.40099399,0.464,0.64
1315,43.89866666666694,-3.659,-1.098,-21.255,77.448,-24.834,2.776,9.99,17.40814817,78.40099342,0.46,0.64
1316,43.93203333333304,-3.639,0.666,-19.003,52.28,8.524,2.814,10.13,17.40814874,78.4009927,0.456,0.64
1317,43.965400000000045,-2.996,-2.53,-13.697,-99.073,25.513,2.852,10.27,17.40814931,78.40099196,0.452,0.64
1318,43.9987666666666,-3.666,-4.244,-26.888,-56.099,-6.421,2.891,10.41,17.40814988,78.40099123,0.448,0.64
1319,44.0321333333336,-4.203,-5.375,-19.754,-39.565,-11.574,2.939,10.58,17.40815054,78.40099049,0.445,0.64
1320,44.06550000000016,-4.763,-3.449,-3.167,53.653,-31.296,2.987,10.75,17.40815121,78.40098976,0.441,0.64
1321,44.09886666666671,-5.449,0.842,-5.964,128.111,-34.225,3.035,10.93,17.40815188,78.40098902,0.437,0.64
1322,44.13223333333326,-5.549,3.47,-8.004,80.522,-14.005,3.06,11.02,17.40815248,78.40098823,0.435,0.64
1323,44.16560000000027,-4.076,1.848,0.613,-48.214,30.782,3.084,11.1,17.40815308,78.40098743,0.432,0.64
1324,44.19896666666682,-2.321,-0.97,3.206,-86.453,42.969,3.108,11.19,17.40815368,78.40098662,0.43,0.64
1325,44.23233333333337,-1.705,-2.917,-10.463,-61.953,23.313,3.107,11.19,17.40815435,78.40098589,0.429,0.64
1326,44.26569999999992,-1.917,-4.514,-20.047,-52.841,6.746,3.105,11.18,17.40815501,78.40098515,0.428,0.64
1327,44.29906666666693,-3.342,-5.707,-21.477,-41.761,-34.949,3.103,11.17,17.40815568,78.40098442,0.426,0.64
1328,44.33243333333303,-5.019,-4.276,-14.026,38.102,-56.738,3.15,11.34,17.40815632,78.40098359,0.426,0.64
1329,44.36580000000004,-5.779,0.085,-6.729,129.597,-36.242,3.199,11.52,17.40815695,78.40098276,0.425,0.64
1330,44.39916666666659,-5.08,5.075,-8.403,152.631,13.195,3.248,11.69,17.40815758,78.40098192,0.424,0.64
1331,44.4325333333336,-3.819,4.501,-7.478,-14.607,33.265,3.291,11.85,17.40815822,78.40098102,0.424,0.64
1332,44.46590000000015,-2.545,1.52,-4.791,-89.229,34.373,3.333,12.0,17.40815885,78.40098012,0.423,0.64
1333,44.4992666666667,-0.034,-0.566,4.794,-64.192,71.962,3.376,12.15,17.40815949,78.40097922,0.423,0.64
1334,44.53263333333325,0.764,-3.97,-13.983,-106.519,38.65,3.383,12.18,17.40816009,78.40097832,0.423,0.64
1335,44.56600000000026,-0.706,-5.047,-20.087,-37.721,-27.629,3.389,12.2,17.40816069,78.40097742,0.422,0.64
1336,44.59936666666681,-1.169,-2.965,-2.18,58.711,-16.599,3.395,12.22,17.40816129,78.40097652,0.422,0.64
1337,44.63273333333336,-1.338,0.528,-3.786,103.94,-6.719,3.413,12.29,17.40816199,78.40097565,0.422,0.64
1338,44.66609999999992,-1.474,4.47,-3.317,120.713,-6.591,3.432,12.36,17.40816269,78.40097478,0.422,0.64
1339,44.69946666666692,-0.533,6.853,1.871,75.99,22.64,3.451,12.42,17.40816339,78.40097391,0.422,0.64
1340,44.73283333333302,1.198,5.996,6.399,-21.814,46.257,3.526,12.69,17.40816399,78.40097282,0.422,0.64
1341,44.766200000000026,3.12,1.985,5.911,-119.698,57.432,3.602,12.97,17.40816459,78.40097172,0.421,0.64
1342,44.79956666666658,3.808,-0.396,4.224,-72.859,23.644,3.678,13.24,17.40816519,78.40097061,0.421,0.64
1343,44.83293333333359,3.58,-1.892,7.669,-47.603,-5.367,3.686,13.27,17.40816579,78.40096958,0.421,0.64
1344,44.86630000000014,3.915,0.312,20.494,65.164,-0.778,3.693,13.29,17.40816639,78.40096854,0.421,0.64
1345,44.89966666666669,4.193,3.94,24.631,110.869,-5.329,3.7,13.32,17.40816699,78.40096751,0.421,0.64
1346,44.93303333333279,4.851,4.204,16.238,10.274,14.358,3.727,13.42,17.40816769,78.40096654,0.421,0.64
1347,44.966399999999794,6.254,4.247,12.784,3.732,42.002,3.754,13.51,17.40816839,78.40096557,0.421,0.64
1348,44.9997666666668,7.105,3.033,3.719,-34.994,36.903,3.781,13.61,17.4081691,78.40096461,0.421,0.64
1349,45.03313333333335,5.562,0.476,-8.473,-77.358,-20.672,3.83,13.79,17.40816973,78.40096351,0.421,0.64
1350,45.06649999999991,3.479,1.094,-3.02,18.29,-45.702,3.879,13.96,17.40817036,78.40096241,0.421,0.64
1351,45.09986666666691,3.322,5.371,9.491,131.546,-5.312,3.928,14.14,17.408171,78.4009613,0.421,0.64
1352,45.13323333333301,4.396,6.692,11.003,44.112,27.791,3.963,14.27,17.40817173,78.40096024,0.421,0.64
1353,45.16660000000002,6.761,6.182,18.808,-11.222,62.678,3.997,14.39,17.40817247,78.40095917,0.421,0.64
1354,45.19996666666657,7.919,3.993,11.914,-63.351,37.68,4.032,14.52,17.4081732,78.4009581,0.421,0.64
1355,45.233333333333576,6.308,2.909,1.7,-31.152,-28.402,4.011,14.44,17.40817383,78.40095703,0.421,0.64
1356,45.26670000000013,5.656,4.329,13.741,45.114,-15.662,3.991,14.37,17.40817447,78.40095597,0.421,0.64
1357,45.30006666666668,5.232,4.251,9.199,0.151,-7.074,3.97,14.29,17.4081751,78.4009549,0.421,0.64
1358,45.33343333333278,5.371,5.759,15.296,48.932,2.451,3.97,14.29,17.40817567,78.40095373,0.421,0.64
1359,45.366799999999785,6.795,3.864,17.754,-54.596,37.343,3.971,14.29,17.40817624,78.40095256,0.421,0.64
1360,45.40016666666679,7.447,-0.375,7.818,-128.453,27.236,3.971,14.3,17.4081768,78.4009514,0.421,0.64
1361,45.433533333333344,5.396,-3.475,-6.199,-96.918,-35.918,3.939,14.18,17.4081775,78.40095049,0.421,0.64
1362,45.466899999999896,3.956,-0.884,9.801,75.85,-37.88,3.907,14.06,17.4081782,78.40094959,0.421,0.64
1363,45.5002666666669,4.822,1.231,12.326,63.318,22.909,3.875,13.95,17.4081789,78.40094869,0.421,0.64
1364,45.533633333333,4.783,0.203,2.396,-31.722,7.678,3.887,13.99,17.40817951,78.40094759,0.421,0.64
1365,45.56700000000001,4.066,-1.823,-6.114,-63.337,-4.357,3.898,14.03,17.40818011,78.40094649,0.421,0.64
1366,45.60036666666656,1.511,-3.092,-16.673,-41.7,-51.049,3.91,14.08,17.40818071,78.40094539,0.421,0.64
1367,45.633733333333566,-1.016,-1.314,-5.549,51.096,-68.323,3.935,14.17,17.40818137,78.40094432,0.421,0.64
1368,45.66710000000012,-0.195,0.722,3.538,60.511,16.4,3.96,14.25,17.40818204,78.40094325,0.421,0.64
1369,45.70046666666667,1.146,0.372,1.285,-11.253,35.265,3.983,14.34,17.40818271,78.40094219,0.421,0.64
1370,45.73383333333322,-0.346,-3.916,-16.602,-132.887,-26.459,3.924,14.13,17.40818324,78.40094122,0.421,0.64
1371,45.767199999999775,-2.963,-4.273,-15.499,-15.394,-67.81,3.864,13.91,17.40818378,78.40094025,0.421,0.64
1372,45.80056666666678,-3.411,-1.212,-2.737,89.616,-19.437,3.806,13.7,17.40818431,78.40093928,0.421,0.64
1373,45.83393333333333,-3.49,0.503,-2.654,50.704,-9.79,3.823,13.76,17.40818498,78.40093825,0.421,0.64
1374,45.86729999999989,-2.454,-0.144,0.831,-20.627,19.244,3.84,13.82,17.40818565,78.40093721,0.421,0.64
1375,45.90066666666689,-1.581,-3.044,-3.661,-90.563,21.043,3.857,13.89,17.40818631,78.40093618,0.421,0.64
1376,45.93403333333299,-3.23,-4.201,-11.617,-39.329,-42.956,3.913,14.09,17.40818705,78.40093508,0.421,0.64
1377,45.9674,-3.81,-1.261,4.298,85.952,-29.25,3.969,14.29,17.40818778,78.40093398,0.421,0.64
1378,46.00076666666655,-2.089,1.388,9.736,79.433,29.319,4.024,14.49,17.40818851,78.40093288,0.421,0.64
1379,46.03413333333356,0.547,-0.389,7.382,-54.702,64.411,4.008,14.43,17.40818915,78.40093184,0.421,0.64
1380,46.06750000000011,1.285,-3.542,-2.654,-98.59,23.072,3.993,14.37,17.40818978,78.40093081,0.421,0.64
1381,46.10086666666666,-1.16,-3.07,-10.642,10.446,-60.333,3.978,14.32,17.40819042,78.40092977,0.421,0.64
1382,46.13423333333321,-1.47,-0.207,-3.554,84.495,-9.595,3.985,14.35,17.40819108,78.4009287,0.421,0.64
1383,46.16760000000022,0.422,0.147,-4.259,9.626,53.708,3.992,14.37,17.40819175,78.40092764,0.421,0.64
1384,46.20096666666677,1.017,-3.007,-13.39,-98.184,27.934,3.999,14.4,17.40819242,78.40092657,0.421,0.64
1385,46.234333333333325,-1.367,-4.314,-22.548,-43.929,-47.411,3.995,14.38,17.40819302,78.4009255,0.421,0.64
1386,46.26769999999988,-2.403,-1.776,-7.632,73.408,-27.119,3.992,14.37,17.40819362,78.40092443,0.421,0.64
1387,46.30106666666688,-2.021,0.098,-3.746,55.111,6.718,3.987,14.35,17.40819422,78.40092336,0.421,0.64
1388,46.33443333333298,-1.225,0.545,0.044,12.725,16.079,3.971,14.3,17.40819479,78.40092226,0.421,0.64
1389,46.36779999999999,0.646,-1.045,7.229,-49.664,43.223,3.955,14.24,17.40819535,78.40092116,0.421,0.64
1390,46.40116666666654,0.573,0.34,8.697,40.652,-9.108,3.939,14.18,17.40819592,78.40092007,0.421,0.64
1391,46.43453333333309,1.222,3.457,19.097,95.189,2.127,3.899,14.03,17.40819663,78.4009192,0.421,0.64
1392,46.4679000000001,3.593,4.491,25.808,33.627,49.092,3.859,13.89,17.40819733,78.40091833,0.421,0.64
1393,46.50126666666665,6.431,0.915,24.348,-107.515,74.078,3.821,13.75,17.40819803,78.40091746,0.421,0.64
1394,46.5346333333332,5.604,0.238,11.323,-21.206,-18.811,3.838,13.82,17.40819869,78.40091646,0.421,0.64
1395,46.56800000000021,3.923,3.098,14.522,87.195,-49.791,3.856,13.88,17.40819936,78.40091546,0.421,0.64
1396,46.60136666666676,5.254,5.3,17.783,69.334,31.747,3.873,13.94,17.40820003,78.40091446,0.421,0.64
1397,46.63473333333332,7.32,3.265,15.289,-59.359,61.024,3.873,13.94,17.40820069,78.40091346,0.421,0.64
1398,46.66809999999987,6.147,2.212,-1.32,-30.803,-15.22,3.874,13.95,17.40820136,78.40091246,0.421,0.64
1399,46.70146666666688,3.66,3.105,-5.606,28.263,-54.218,3.874,13.95,17.40820203,78.40091146,0.421,0.64
1400,46.73483333333343,2.126,5.53,4.365,76.237,-40.577,3.869,13.93,17.4082027,78.40091049,0.421,0.64
1401,46.76819999999998,3.507,5.57,6.795,4.801,38.773,3.864,13.91,17.40820336,78.40090952,0.421,0.64
1402,46.80156666666653,3.879,3.251,-1.958,-67.841,20.23,3.858,13.89,17.40820403,78.40090856,0.421,0.64
1403,46.83493333333308,1.659,2.778,-6.067,-12.924,-51.957,3.84,13.82,17.40820473,78.40090766,0.421,0.64
1404,46.86830000000009,0.813,4.197,5.293,45.001,-26.306,3.821,13.76,17.40820543,78.40090676,0.421,0.64
1405,46.90166666666619,1.849,3.779,4.011,-10.406,27.938,3.804,13.69,17.40820613,78.40090585,0.421,0.64
1406,46.9350333333332,3.097,1.778,2.648,-59.535,38.423,3.805,13.7,17.40820677,78.40090485,0.421,0.64
1407,46.9684000000002,1.286,0.104,-9.328,-51.153,-38.392,3.806,13.7,17.4082074,78.40090385,0.421,0.64
1408,47.001766666666754,-0.359,0.961,-3.255,25.457,-43.971,3.807,13.71,17.40820804,78.40090285,0.421,0.64
1409,47.035133333333306,0.394,2.441,7.615,45.354,13.206,3.816,13.74,17.40820877,78.40090192,0.421,0.64
1410,47.06849999999986,1.832,1.346,6.842,-32.751,36.26,3.824,13.77,17.40820951,78.40090098,0.421,0.64
1411,47.10186666666687,0.743,0.032,-2.986,-40.395,-25.474,3.832,13.79,17.40821024,78.40090005,0.421,0.64
1412,47.13523333333342,-0.633,0.096,0.439,0.949,-40.296,3.826,13.77,17.40821098,78.40089915,0.421,0.64
1413,47.16859999999997,-0.275,2.353,10.361,68.55,-1.391,3.82,13.75,17.40821171,78.40089825,0.421,0.64
1414,47.20196666666652,1.836,1.981,13.144,-10.528,49.71,3.813,13.73,17.40821244,78.40089735,0.421,0.64
1415,47.235333333333074,2.797,-0.396,5.109,-72.595,27.604,3.78,13.61,17.40821314,78.40089648,0.421,0.64
1416,47.26870000000008,1.396,-0.767,0.498,-12.806,-36.298,3.746,13.49,17.40821384,78.40089561,0.421,0.64
1417,47.30206666666618,0.792,1.811,10.821,77.718,-25.392,3.716,13.38,17.40821455,78.40089474,0.421,0.64
1418,47.33543333333319,2.13,2.685,14.25,27.433,28.185,3.732,13.44,17.40821528,78.40089377,0.421,0.64
1419,47.36880000000019,4.315,0.373,13.107,-70.036,60.23,3.748,13.49,17.40821601,78.4008928,0.421,0.64
1420,47.40216666666674,3.342,-1.64,-0.195,-62.737,-18.375,3.764,13.55,17.40821675,78.40089184,0.421,0.64
1421,47.4355333333333,0.914,-1.919,-3.406,-11.024,-63.974,3.782,13.62,17.40821745,78.40089091,0.421,0.64
1422,47.46889999999985,-0.038,-1.307,4.515,16.2,-30.767,3.8,13.68,17.40821815,78.40088997,0.421,0.64
1423,47.502266666666856,1.881,-2.189,9.354,-29.319,47.993,3.816,13.74,17.40821885,78.40088903,0.421,0.64
1424,47.53563333333341,2.701,-4.547,1.664,-75.532,26.508,3.806,13.7,17.40821951,78.40088803,0.421,0.64
1425,47.56899999999996,0.512,-4.285,-4.503,3.161,-56.381,3.796,13.66,17.40822018,78.40088703,0.421,0.64
1426,47.60236666666651,-0.988,-1.366,2.56,85.284,-47.213,3.787,13.63,17.40822085,78.40088604,0.421,0.64
1427,47.63573333333306,-0.011,-0.616,1.522,20.882,23.934,3.796,13.66,17.40822162,78.40088517,0.421,0.64
1428,47.66910000000007,0.774,-2.733,-2.605,-66.791,24.421,3.805,13.7,17.40822239,78.4008843,0.421,0.64
1429,47.70246666666662,-1.083,-3.762,-11.528,-35.095,-43.907,3.811,13.72,17.40822315,78.40088344,0.421,0.64
1430,47.735833333333176,-2.599,-2.667,-7.251,29.502,-42.672,3.785,13.63,17.40822385,78.40088257,0.421,0.64
1431,47.76920000000018,-2.618,-0.906,-1.962,50.93,-6.412,3.76,13.53,17.40822455,78.4008817,0.421,0.64
1432,47.802566666666735,-1.373,-0.716,-0.888,4.018,30.375,3.735,13.45,17.40822526,78.40088084,0.421,0.64
1433,47.83593333333329,-1.672,-2.581,-10.035,-59.14,-4.329,3.718,13.39,17.40822599,78.40088,0.421,0.64
1434,47.86929999999984,-3.421,-3.006,-11.194,-16.356,-49.052,3.702,13.33,17.40822672,78.40087917,0.421,0.64
1435,47.902666666666846,-4.287,-0.677,-2.819,68.128,-33.873,3.689,13.28,17.40822745,78.40087832,0.421,0.64
1436,47.9360333333334,-3.673,0.24,-1.892,26.608,7.896,3.708,13.35,17.40822812,78.40087732,0.421,0.64
1437,47.96939999999995,-2.689,-1.575,-0.483,-56.815,19.255,3.727,13.42,17.40822879,78.40087632,0.421,0.64
1438,48.00276666666696,-3.531,-2.594,-10.845,-33.808,-23.234,3.743,13.48,17.40822947,78.40087534,0.421,0.64
1439,48.036133333333055,-5.059,-0.015,-8.097,76.174,-49.96,3.722,13.4,17.40823034,78.40087464,0.421,0.64
1440,48.06950000000006,-4.623,1.472,-4.096,44.711,2.563,3.701,13.32,17.40823121,78.40087394,0.421,0.64
1441,48.10286666666661,-3.317,-0.233,-6.596,-52.404,32.603,3.682,13.25,17.40823207,78.40087323,0.421,0.64
1442,48.13623333333362,-4.465,-2.366,-18.315,-67.0,-27.707,3.692,13.29,17.40823291,78.40087247,0.421,0.64
1443,48.16960000000017,-6.045,-1.29,-14.827,30.053,-47.938,3.703,13.33,17.40823374,78.4008717,0.421,0.64
1444,48.202966666666725,-6.313,0.937,-12.533,66.434,-13.43,3.714,13.37,17.40823457,78.40087092,0.421,0.64
1445,48.23633333333328,-4.79,-0.341,-7.77,-39.702,35.309,3.741,13.47,17.40823537,78.40087002,0.421,0.64
1446,48.269700000000284,-4.435,-2.476,-12.263,-67.168,8.037,3.767,13.56,17.40823617,78.40086912,0.421,0.64
1447,48.30306666666684,-5.73,-2.974,-13.048,-18.508,-39.459,3.792,13.65,17.40823698,78.40086823,0.421,0.64
1448,48.33643333333339,-6.386,-0.682,-7.452,66.982,-28.484,3.8,13.68,17.40823785,78.40086743,0.421,0.64
1449,48.36979999999994,-4.971,0.734,-1.806,41.953,25.671,3.809,13.71,17.40823871,78.40086662,0.421,0.64
1450,48.40316666666695,-3.42,-0.739,-0.157,-45.859,31.91,3.818,13.74,17.40823957,78.40086582,0.421,0.64
1451,48.436533333333045,-4.361,-3.377,-17.66,-83.04,-21.559,3.826,13.77,17.40824034,78.40086495,0.421,0.64
1452,48.46990000000005,-5.816,-2.934,-10.386,9.699,-46.432,3.834,13.8,17.40824111,78.40086408,0.421,0.64
1453,48.503266666666605,-5.459,-0.427,2.664,73.653,-7.803,3.843,13.83,17.40824188,78.40086322,0.421,0.64
1454,48.53663333333361,-3.855,0.509,2.044,27.355,29.911,3.852,13.87,17.40824275,78.40086242,0.421,0.64
1455,48.57000000000016,-1.963,-0.413,3.502,-29.093,41.517,3.86,13.9,17.40824362,78.40086162,0.421,0.64
1456,48.60336666666672,-2.116,-1.427,-4.66,-32.706,-6.326,3.868,13.92,17.40824449,78.40086082,0.421,0.64
1457,48.63673333333327,-2.717,-0.824,-1.924,16.252,-22.074,3.867,13.92,17.40824536,78.40086002,0.421,0.64
1458,48.67010000000028,-2.164,0.434,0.253,36.965,7.718,3.867,13.92,17.40824622,78.40085922,0.421,0.64
1459,48.70346666666683,-1.19,1.18,0.505,22.222,21.046,3.871,13.94,17.40824709,78.4008584,0.421,0.64
1460,48.73683333333338,-0.297,-0.008,-1.81,-36.745,22.951,3.921,14.12,17.40824792,78.40085747,0.421,0.64
1461,48.77019999999993,-1.669,0.096,-5.587,2.099,-36.044,3.971,14.3,17.40824876,78.40085653,0.421,0.64
1462,48.80356666666694,-2.819,2.015,-2.123,58.084,-35.777,4.012,14.44,17.40824959,78.40085561,0.421,0.64
1463,48.83693333333304,-1.758,3.672,2.898,51.62,19.289,3.975,14.31,17.40825042,78.40085481,0.421,0.64
1464,48.87030000000004,-0.137,2.005,1.888,-49.392,39.502,3.938,14.18,17.40825126,78.40085401,0.421,0.64
1465,48.9036666666666,0.896,0.423,-1.778,-48.168,29.76,3.908,14.07,17.4082521,78.40085321,0.421,0.64
1466,48.9370333333336,-0.219,0.416,-2.851,-0.954,-28.126,3.936,14.17,17.408253,78.40085237,0.421,0.64
1467,48.97040000000016,-1.749,2.944,3.803,77.139,-49.395,3.964,14.27,17.4082539,78.40085154,0.421,0.64
1468,49.00376666666671,-0.587,4.693,10.867,55.267,17.852,3.992,14.37,17.4082548,78.4008507,0.421,0.64
1469,49.03713333333326,1.853,3.433,11.884,-35.971,57.796,4.016,14.46,17.4082557,78.40084983,0.421,0.64
1470,49.070500000000266,3.183,0.532,7.121,-87.573,34.597,4.041,14.55,17.4082566,78.40084897,0.421,0.64
1471,49.10386666666682,2.316,-1.543,-1.496,-64.576,-15.905,4.06,14.62,17.4082575,78.40084811,0.421,0.64
1472,49.13723333333337,0.727,0.485,4.107,60.083,-43.807,4.035,14.53,17.40825837,78.40084731,0.421,0.64
1473,49.17059999999992,0.663,2.577,6.946,63.776,-6.849,4.01,14.44,17.40825924,78.40084651,0.421,0.64
1474,49.20396666666693,2.528,1.907,7.85,-19.55,47.419,3.987,14.35,17.4082601,78.4008457,0.421,0.64
1475,49.23733333333303,2.71,0.521,-1.163,-42.192,11.211,3.975,14.31,17.40826097,78.40084487,0.421,0.64
1476,49.27070000000003,0.653,-1.121,-8.617,-51.25,-46.009,3.964,14.27,17.40826184,78.40084403,0.421,0.64
1477,49.304066666666586,-0.998,-1.612,-5.776,-17.15,-41.848,3.953,14.23,17.40826269,78.40084319,0.421,0.64
1478,49.33743333333359,-0.357,-2.43,-0.594,-27.661,15.077,3.946,14.2,17.40826339,78.40084229,0.421,0.64
1479,49.37080000000015,-0.095,-2.034,2.941,9.065,2.944,3.938,14.18,17.40826409,78.40084139,0.421,0.64
1480,49.4041666666667,-0.354,-1.309,0.417,19.536,-8.898,3.931,14.15,17.4082648,78.40084049,0.421,0.64
1481,49.4375333333328,-0.805,-0.524,-0.998,21.985,-13.799,3.92,14.11,17.40826564,78.40083962,0.421,0.64
1482,49.470900000000256,-1.511,-0.413,-4.961,1.903,-18.804,3.91,14.08,17.40826647,78.40083876,0.421,0.64
1483,49.50426666666681,-2.404,0.04,-4.666,12.513,-26.367,3.9,14.04,17.4082673,78.40083789,0.421,0.64
1484,49.53763333333336,-2.688,-0.355,-5.716,-13.258,-10.15,3.895,14.02,17.4082681,78.40083702,0.421,0.64
1485,49.57099999999991,-3.124,0.159,-3.734,14.461,-16.939,3.89,14.01,17.4082689,78.40083615,0.421,0.64
1486,49.60436666666692,-3.059,1.385,0.023,36.809,-7.013,3.872,13.94,17.4082697,78.40083531,0.421,0.64
1487,49.63773333333302,-2.536,2.516,-1.754,34.911,8.028,3.768,13.57,17.40827047,78.40083465,0.421,0.64
1488,49.67110000000002,-2.454,1.866,-4.936,-18.995,-0.769,3.664,13.19,17.40827124,78.40083398,0.421,0.64
1489,49.704466666666576,-3.046,2.161,-3.282,9.548,-23.171,3.575,12.87,17.408272,78.40083329,0.421,0.64
1490,49.73783333333358,-3.459,2.463,-2.469,10.064,-19.89,3.581,12.89,17.40827273,78.40083249,0.421,0.64
1491,49.771200000000135,-3.518,3.059,-3.563,19.338,-8.938,3.587,12.91,17.40827347,78.40083169,0.421,0.64
1492,49.80456666666669,-3.959,3.421,-9.21,12.647,-15.611,3.588,12.92,17.4082742,78.40083091,0.421,0.64
1493,49.83793333333279,-3.933,3.154,-9.716,-6.402,-1.934,3.559,12.81,17.40827493,78.40083024,0.421,0.64
1494,49.87129999999979,-4.235,3.404,-12.35,9.272,-9.632,3.53,12.71,17.40827567,78.40082957,0.421,0.64
1495,49.9046666666668,-4.913,4.174,-13.953,25.526,-21.031,3.501,12.6,17.4082764,78.40082889,0.421,0.64
1496,49.93803333333335,-5.69,4.969,-17.519,26.952,-22.834,3.471,12.5,17.4082771,78.40082813,0.421,0.64
1497,49.9713999999999,-6.207,5.497,-18.174,19.426,-16.138,3.441,12.39,17.4082778,78.40082736,0.421,0.64
1498,50.00476666666691,-5.871,6.009,-16.656,19.367,8.427,3.418,12.31,17.4082785,78.40082659,0.421,0.64
1499,50.03813333333301,-5.781,5.404,-15.429,-14.63,0.199,3.434,12.36,17.4082792,78.40082578,0.421,0.64
1500,50.071500000000015,-6.806,4.982,-17.659,-9.488,-33.639,3.45,12.42,17.4082799,78.40082498,0.421,0.64
1501,50.10486666666657,-6.926,3.296,-16.571,-48.761,-8.095,3.451,12.43,17.4082806,78.40082421,0.421,0.64
1502,50.13823333333357,-5.946,2.726,-6.702,-15.792,17.703,3.365,12.12,17.40828126,78.40082361,0.421,0.64
1503,50.171600000000126,-4.97,2.12,-4.442,-17.397,18.567,3.279,11.81,17.40828193,78.40082301,0.421,0.64
1504,50.20496666666668,-4.074,2.59,0.808,15.29,13.662,3.2,11.52,17.40828261,78.40082242,0.421,0.64
1505,50.238333333332776,-3.211,2.983,3.031,13.282,13.029,3.163,11.39,17.40828334,78.40082189,0.421,0.64
1506,50.27169999999978,-2.094,3.315,6.55,11.747,21.133,3.126,11.25,17.40828408,78.40082135,0.421,0.64
1507,50.30506666666679,-0.683,3.254,10.432,-0.074,31.479,3.082,11.1,17.4082848,78.40082081,0.421,0.64
1508,50.33843333333334,0.367,3.834,12.803,19.622,20.668,3.003,10.81,17.40828543,78.40082025,0.421,0.64
1509,50.37179999999989,0.964,4.549,13.297,24.285,7.127,2.924,10.53,17.40828606,78.40081968,0.422,0.64
1510,50.4051666666669,1.713,3.884,13.284,-17.646,15.958,2.858,10.29,17.4082867,78.40081911,0.424,0.64
1511,50.438533333333,2.405,3.604,17.096,-6.331,11.117,2.862,10.3,17.40828733,78.40081851,0.425,0.64
1512,50.471900000000005,3.309,3.014,15.189,-16.094,24.71,2.866,10.32,17.40828797,78.40081791,0.426,0.64
1513,50.50526666666656,3.558,1.878,12.399,-33.435,4.162,2.861,10.3,17.40828859,78.40081732,0.427,0.64
1514,50.53863333333357,3.613,1.218,9.269,-19.682,0.543,2.804,10.1,17.4082892,78.40081678,0.428,0.64
1515,50.57200000000012,3.892,1.024,7.786,-5.931,12.716,2.748,9.89,17.4082898,78.40081625,0.43,0.64
1516,50.60536666666667,4.254,0.272,3.13,-23.257,25.017,2.695,9.7,17.40829039,78.40081571,0.433,0.64
1517,50.63873333333322,3.984,-0.436,-3.54,-22.53,5.575,2.665,9.59,17.40829092,78.40081518,0.435,0.64
1518,50.67209999999977,3.495,0.612,-2.738,30.993,-7.782,2.635,9.49,17.40829145,78.40081465,0.437,0.64
1519,50.70546666666678,3.262,0.603,-3.874,-0.718,5.14,2.609,9.39,17.40829199,78.4008141,0.44,0.64
1520,50.73883333333333,2.936,0.566,-2.164,-1.593,-3.23,2.601,9.36,17.40829256,78.4008135,0.442,0.64
1521,50.77219999999989,2.93,-0.302,1.63,-27.221,6.021,2.593,9.33,17.40829313,78.4008129,0.444,0.64
1522,50.80556666666689,2.531,-0.786,-0.565,-16.112,-11.013,2.57,9.25,17.40829368,78.40081233,0.445,0.64
1523,50.83893333333299,2.321,-1.861,1.425,-34.73,-7.068,2.476,8.91,17.40829415,78.40081193,0.448,0.64
1524,50.8723,2.515,-1.819,7.571,-1.222,4.197,2.382,8.58,17.40829461,78.40081153,0.452,0.64
1525,50.90566666666655,3.044,-1.559,12.126,5.52,18.248,2.301,8.28,17.40829508,78.40081112,0.456,0.64
1526,50.93903333333356,3.221,-2.176,9.385,-21.264,1.959,2.28,8.21,17.40829559,78.40081061,0.46,0.64
1527,50.97240000000011,3.034,-2.606,6.566,-16.048,-16.956,2.26,8.14,17.40829609,78.40081011,0.464,0.64
1528,51.00576666666666,3.14,-2.017,8.012,15.003,-0.008,2.241,8.07,17.40829659,78.40080961,0.467,0.64
1529,51.03913333333321,3.327,-1.23,8.636,21.556,4.866,2.23,8.03,17.40829713,78.40080911,0.47,0.64
1530,51.07250000000022,3.402,0.195,6.956,41.919,1.495,2.219,7.99,17.40829766,78.40080861,0.473,0.64
1531,51.10586666666677,3.432,0.42,4.124,6.131,4.983,2.193,7.89,17.40829818,78.40080814,0.476,0.64
1532,51.13923333333332,3.125,1.857,0.456,43.66,-14.131,2.093,7.54,17.40829865,78.40080777,0.48,0.64
1533,51.17259999999988,3.105,2.354,4.667,15.918,-4.225,1.994,7.18,17.40829912,78.4008074,0.485,0.64
1534,51.20596666666688,3.125,1.533,3.629,-24.275,1.853,1.917,6.9,17.40829959,78.40080701,0.49,0.64
1535,51.23933333333298,3.058,0.721,3.063,-24.712,-4.3,1.939,6.98,17.40830009,78.40080651,0.494,0.64
1536,51.27269999999999,3.212,-0.594,6.993,-40.862,5.334,1.962,7.06,17.40830059,78.40080601,0.498,0.64
1537,51.30606666666654,3.258,-0.704,8.948,-4.845,-9.45,1.967,7.08,17.40830107,78.40080553,0.501,0.64
1538,51.33943333333309,2.987,-2.202,0.201,-47.711,-15.217,1.897,6.83,17.40830143,78.40080517,0.505,0.64
1539,51.3728000000001,3.19,-1.109,9.004,30.863,2.609,1.826,6.58,17.4083018,78.4008048,0.509,0.64
1540,51.4061666666662,3.639,-0.396,9.564,20.065,30.826,1.765,6.35,17.40830217,78.40080443,0.514,0.64
1541,51.4395333333332,3.976,-0.266,7.378,2.714,28.43,1.742,6.27,17.40830253,78.40080407,0.518,0.64
1542,51.47290000000021,3.706,-1.357,-1.589,-34.813,-10.015,1.719,6.19,17.4083029,78.4008037,0.523,0.64
1543,51.50626666666676,2.945,-2.3,-11.069,-31.17,-37.03,1.691,6.09,17.40830326,78.40080334,0.527,0.64
1544,51.53963333333331,2.377,-2.638,-9.731,-13.311,-23.797,1.645,5.92,17.4083036,78.40080304,0.532,0.64
1545,51.572999999999865,2.017,-1.166,-4.698,42.163,-22.211,1.599,5.76,17.40830393,78.40080274,0.537,0.64
1546,51.60636666666687,1.758,0.395,-4.89,46.129,-9.44,1.556,5.6,17.40830424,78.40080244,0.542,0.64
1547,51.63973333333343,1.578,1.713,-5.541,39.978,4.914,1.522,5.48,17.40830448,78.40080214,0.547,0.64
1548,51.67309999999998,1.371,1.831,-8.198,4.103,13.889,1.488,5.36,17.40830471,78.40080184,0.552,0.64
1549,51.70646666666653,1.167,1.259,-6.969,-17.061,6.221,1.453,5.23,17.40830495,78.40080155,0.558,0.64
1550,51.73983333333308,0.896,0.668,-7.218,-18.132,-6.74,1.409,5.07,17.40830522,78.40080132,0.563,0.64
1551,51.77320000000009,0.968,0.03,1.791,-20.053,1.701,1.365,4.91,17.40830549,78.40080109,0.569,0.64
1552,51.806566666666185,1.338,0.369,9.883,9.491,10.465,1.325,4.77,17.40830575,78.40080085,0.575,0.64
1553,51.83993333333319,1.758,0.219,12.171,-5.276,7.84,1.299,4.68,17.40830602,78.40080062,0.58,0.64
1554,51.8733000000002,2.21,-0.106,13.401,-10.784,9.011,1.273,4.58,17.40830629,78.40080039,0.586,0.64
1555,51.90666666666675,2.927,-0.734,19.815,-20.404,27.901,1.24,4.46,17.40830655,78.40080017,0.592,0.64
1556,51.9400333333333,3.603,-0.359,20.826,9.956,13.667,1.18,4.25,17.40830682,78.40080004,0.598,0.64
1557,51.973399999999856,4.246,-0.34,21.361,-0.698,1.091,1.12,4.03,17.40830709,78.40079991,0.605,0.64
1558,52.00676666666686,4.934,-0.86,22.796,-17.275,4.064,1.068,3.84,17.40830737,78.4007998,0.612,0.64
1559,52.040133333333415,5.599,-1.538,22.568,-22.583,3.569,1.048,3.77,17.40830774,78.4007998,0.619,0.64
1560,52.07349999999997,6.408,-3.709,24.969,-69.164,36.623,1.029,3.7,17.40830811,78.4007998,0.626,0.64
1561,52.10686666666652,7.341,-3.87,29.409,-9.066,35.638,1.006,3.62,17.40830846,78.40079977,0.633,0.64
1562,52.14023333333307,8.163,-3.358,26.449,11.557,37.669,0.97,3.49,17.40830876,78.4007996,0.64,0.64
1563,52.17360000000008,8.479,-5.972,13.729,-84.373,-1.987,0.934,3.36,17.40830906,78.40079943,0.647,0.64
1564,52.206966666666176,8.405,-7.947,3.91,-66.88,-39.534,0.907,3.26,17.40830936,78.40079927,0.654,0.64
1565,52.24033333333318,8.608,-7.555,11.207,4.393,-14.718,0.914,3.29,17.40830966,78.40079914,0.661,0.64
1566,52.27370000000019,8.914,-6.408,11.58,27.957,37.146,0.921,3.32,17.40830996,78.40079901,0.668,0.64
1567,52.30706666666674,9.135,-6.016,9.898,5.636,26.912,0.92,3.31,17.40831025,78.40079888,0.674,0.64
1568,52.340433333333294,9.175,-3.956,7.361,57.367,-28.389,0.885,3.19,17.40831048,78.40079878,0.68,0.64
1569,52.37379999999985,9.408,-5.116,9.89,-40.103,29.44,0.85,3.06,17.40831072,78.40079868,0.687,0.64
1570,52.40716666666685,9.634,-6.23,10.505,-39.696,13.009,0.829,2.98,17.40831094,78.40079856,0.693,0.64
1571,52.440533333333406,9.786,-3.39,12.293,81.19,-52.705,0.856,3.08,17.4083111,78.40079836,0.699,0.64
1572,52.47389999999996,10.363,-2.263,20.749,30.807,39.54,0.884,3.18,17.40831127,78.40079816,0.704,0.64
1573,52.50726666666651,10.85,-2.991,17.168,-25.408,62.917,0.912,3.28,17.40831145,78.40079794,0.709,0.64
1574,52.54063333333306,10.671,-2.636,5.165,7.335,-43.83,0.946,3.4,17.40831168,78.40079767,0.712,0.64
1575,52.57400000000007,10.534,-1.029,6.199,46.203,-29.472,0.979,3.52,17.40831192,78.40079741,0.715,0.64
1576,52.60736666666662,10.578,-1.549,5.787,-17.967,43.673,1.006,3.62,17.40831216,78.40079715,0.717,0.64
1577,52.64073333333317,9.88,-2.507,-10.589,-31.896,-26.19,1.008,3.63,17.40831243,78.40079691,0.719,0.64
1578,52.67410000000018,8.821,-0.717,-17.319,51.946,-78.919,1.01,3.64,17.40831269,78.40079668,0.721,0.64
1579,52.70746666666673,8.472,-1.662,-7.372,-30.816,40.295,1.025,3.69,17.40831297,78.40079642,0.722,0.64
1580,52.740833333333285,7.778,-4.124,-16.475,-78.337,25.241,1.083,3.9,17.40831327,78.40079605,0.722,0.64
1581,52.77420000000029,6.373,-2.533,-24.661,44.431,-80.539,1.142,4.11,17.40831357,78.40079568,0.72,0.64
1582,52.80756666666685,5.63,-1.018,-12.274,43.454,-23.607,1.196,4.31,17.40831388,78.40079534,0.718,0.64
1583,52.8409333333334,5.515,-3.194,-7.424,-69.019,62.374,1.235,4.45,17.40831425,78.40079507,0.714,0.64
1584,52.87429999999995,4.835,-2.618,-9.674,13.974,-25.211,1.275,4.59,17.40831462,78.40079481,0.71,0.64
1585,52.90766666666696,4.041,1.154,-4.202,112.879,-73.437,1.308,4.71,17.40831497,78.40079452,0.706,0.64
1586,52.94103333333305,4.342,0.301,6.269,-26.402,41.938,1.322,4.76,17.40831527,78.40079415,0.701,0.64
1587,52.97440000000006,4.4,-2.369,-1.379,-83.133,43.459,1.336,4.81,17.40831557,78.40079378,0.696,0.64
1588,53.00776666666661,3.149,-1.551,-12.981,22.084,-98.986,1.352,4.87,17.40831587,78.40079342,0.692,0.64
1589,53.04113333333362,2.905,1.251,4.039,83.93,-34.488,1.378,4.96,17.40831617,78.40079309,0.687,0.64
1590,53.07450000000017,3.82,-1.474,13.454,-84.022,85.266,1.403,5.05,17.40831647,78.40079276,0.682,0.64
1591,53.10786666666672,3.104,-2.66,-13.347,-38.926,-15.353,1.438,5.18,17.4083168,78.40079243,0.677,0.64
1592,53.14123333333328,1.483,-0.993,-20.546,47.999,-97.506,1.503,5.41,17.40831724,78.40079213,0.67,0.64
1593,53.17460000000028,0.596,2.247,-14.635,97.88,-37.96,1.568,5.64,17.40831767,78.40079183,0.663,0.64
1594,53.207966666666834,0.786,-0.644,-10.179,-88.304,50.627,1.625,5.85,17.4083181,78.4007915,0.655,0.64
1595,53.24133333333339,-0.218,-3.23,-30.407,-81.337,-2.502,1.658,5.97,17.4083185,78.40079106,0.646,0.64
1596,53.27469999999994,-2.034,-1.705,-33.074,43.143,-74.765,1.692,6.09,17.4083189,78.40079063,0.638,0.64
1597,53.30806666666695,-3.679,0.859,-35.635,76.431,-61.425,1.712,6.16,17.40831928,78.4007902,0.631,0.64
1598,53.34143333333304,-3.973,-3.301,-25.551,-128.582,24.078,1.689,6.08,17.40831961,78.4007898,0.625,0.64
1599,53.37480000000005,-5.014,-7.232,-39.41,-125.043,-6.072,1.666,6.0,17.40831995,78.4007894,0.619,0.64
1600,53.4081666666666,-6.626,-5.776,-38.895,37.652,-71.527,1.675,6.03,17.40832034,78.40078899,0.615,0.64
1601,53.44153333333361,-7.647,-2.55,-36.815,93.382,-27.682,1.781,6.41,17.40832091,78.40078856,0.608,0.64
1602,53.47490000000016,-7.893,-6.281,-31.245,-118.273,11.352,1.886,6.79,17.40832147,78.40078813,0.6,0.64
1603,53.50826666666672,-8.994,-9.009,-46.931,-90.487,-17.89,1.969,7.09,17.40832202,78.4007877,0.591,0.64
1604,53.54163333333327,-9.486,-6.837,-28.531,58.14,-20.181,1.982,7.14,17.40832252,78.4007873,0.583,0.64
1605,53.57500000000027,-10.199,-3.486,-26.067,96.323,-42.359,1.995,7.18,17.40832303,78.4007869,0.576,0.64
1606,53.608366666666825,-9.984,-4.805,-19.387,-44.778,3.432,2.007,7.23,17.40832351,78.4007865,0.569,0.64
1607,53.64173333333338,-9.613,-6.582,-24.244,-59.998,26.131,2.015,7.25,17.40832394,78.4007861,0.563,0.64
1608,53.67509999999993,-9.369,-3.502,-14.062,88.138,-1.86,2.023,7.28,17.40832438,78.4007857,0.558,0.64
1609,53.708466666666936,-9.718,-0.613,-19.258,84.858,-30.211,2.036,7.33,17.40832484,78.40078529,0.553,0.64
1610,53.74183333333304,-9.569,-3.355,-18.444,-86.214,0.252,2.061,7.42,17.40832537,78.40078486,0.548,0.64
1611,53.77520000000004,-9.535,-6.172,-22.601,-90.865,1.384,2.087,7.51,17.4083259,78.40078442,0.543,0.64
1612,53.80856666666659,-8.595,-2.586,-1.312,104.085,17.282,2.109,7.59,17.40832645,78.40078401,0.539,0.64
1613,53.8419333333336,-8.38,1.351,-5.16,117.87,-17.524,2.119,7.63,17.40832705,78.40078364,0.535,0.64
1614,53.87530000000015,-7.052,-0.185,3.991,-47.423,37.565,2.13,7.67,17.40832766,78.40078327,0.531,0.64
1615,53.908666666666704,-6.052,-4.903,-3.763,-146.744,36.806,2.156,7.76,17.4083282,78.40078284,0.527,0.64
1616,53.94203333333326,-5.062,-6.217,4.932,-45.869,20.505,2.223,8.0,17.4083286,78.40078224,0.523,0.64
1617,53.97540000000026,-3.38,-4.039,17.798,60.627,38.79,2.291,8.25,17.408329,78.40078164,0.518,0.64
1618,54.008766666666816,-1.619,-3.193,15.325,21.405,52.369,2.34,8.42,17.40832942,78.40078107,0.513,0.64
1619,54.04213333333337,-0.147,-5.454,11.84,-73.604,51.244,2.336,8.41,17.40832989,78.40078057,0.508,0.64
1620,54.07549999999992,0.321,-8.994,-2.032,-114.945,26.293,2.331,8.39,17.40833036,78.40078007,0.505,0.64
1621,54.10886666666693,0.593,-7.519,9.593,36.596,-2.219,2.341,8.43,17.40833086,78.40077957,0.501,0.64
1622,54.142233333333024,1.082,-4.164,7.778,95.748,13.381,2.39,8.6,17.40833146,78.40077907,0.498,0.64
1623,54.17560000000003,1.457,-1.281,-0.581,84.036,21.971,2.438,8.78,17.40833206,78.40077857,0.494,0.64
1624,54.20896666666658,1.825,-1.744,-2.511,-16.661,25.309,2.48,8.93,17.40833267,78.40077807,0.49,0.64
1625,54.24233333333359,2.215,-4.822,-3.531,-97.6,29.065,2.502,9.01,17.4083333,78.40077756,0.486,0.64
1626,54.27570000000014,1.83,-8.164,-10.599,-108.356,3.739,2.524,9.09,17.40833394,78.40077706,0.482,0.64
1627,54.309066666666695,1.743,-9.803,-5.5,-58.708,8.777,2.557,9.21,17.40833457,78.40077655,0.479,0.64
1628,54.34243333333279,2.398,-7.264,11.824,68.636,17.524,2.621,9.44,17.40833521,78.40077598,0.475,0.64
1629,54.375800000000254,2.83,-2.796,17.663,130.197,2.634,2.685,9.67,17.40833584,78.40077541,0.47,0.64
1630,54.409166666666806,3.083,0.889,17.939,109.842,-3.061,2.743,9.88,17.40833647,78.40077482,0.466,0.64
1631,54.44253333333336,3.329,2.595,17.373,51.947,-1.475,2.788,10.04,17.40833711,78.40077415,0.461,0.64
1632,54.47589999999991,4.51,-0.039,17.788,-80.323,34.207,2.833,10.2,17.40833774,78.40077348,0.457,0.64
1633,54.50926666666692,6.432,-3.914,14.934,-120.763,69.665,2.88,10.37,17.40833838,78.4007728,0.452,0.64
1634,54.542633333333015,7.475,-6.199,12.989,-75.076,43.313,2.936,10.57,17.40833901,78.40077206,0.448,0.64
1635,54.57600000000002,7.017,-7.546,6.492,-48.094,1.086,2.992,10.77,17.40833964,78.40077133,0.443,0.64
1636,54.609366666666574,5.514,-7.418,5.321,-3.762,-34.769,3.038,10.94,17.40834028,78.40077059,0.44,0.64
1637,54.64273333333358,4.466,-3.394,16.008,116.355,-35.714,3.058,11.01,17.40834091,78.40076986,0.436,0.64
1638,54.67610000000013,5.459,-0.83,17.843,74.742,28.49,3.079,11.09,17.40834155,78.40076913,0.434,0.64
1639,54.709466666666685,6.665,2.148,18.343,89.66,38.501,3.108,11.19,17.40834219,78.40076837,0.432,0.64
1640,54.74283333333278,7.632,1.806,13.943,-10.121,38.244,3.155,11.36,17.40834286,78.40076757,0.43,0.64
1641,54.77619999999979,8.936,-1.831,13.302,-111.946,53.632,3.203,11.53,17.40834352,78.40076677,0.428,0.64
1642,54.8095666666668,8.468,-5.93,3.299,-129.225,6.803,3.236,11.65,17.40834421,78.40076599,0.427,0.64
1643,54.84293333333335,6.689,-8.407,-6.845,-82.699,-28.477,3.231,11.63,17.40834494,78.40076526,0.426,0.64
1644,54.8762999999999,5.114,-10.783,-9.734,-81.713,-24.156,3.226,11.61,17.40834568,78.40076452,0.425,0.64
1645,54.90966666666691,2.923,-10.936,-7.241,-15.214,-53.614,3.241,11.67,17.40834642,78.40076377,0.425,0.64
1646,54.943033333333005,1.816,-8.416,4.849,66.985,-34.394,3.302,11.89,17.40834719,78.40076297,0.424,0.64
1647,54.97640000000001,2.018,-4.219,9.778,120.789,1.137,3.363,12.11,17.40834796,78.40076217,0.423,0.64
1648,55.009766666666565,2.614,-0.466,7.115,110.603,17.005,3.413,12.29,17.40834872,78.40076136,0.423,0.64
1649,55.04313333333357,3.742,0.485,1.757,27.43,41.566,3.437,12.37,17.40834949,78.40076052,0.423,0.64
1650,55.07650000000013,4.231,-2.07,4.18,-79.769,21.118,3.46,12.46,17.40835026,78.40075969,0.422,0.64
1651,55.10986666666668,3.982,-7.247,-4.291,-162.714,7.046,3.488,12.56,17.40835101,78.40075883,0.422,0.64
1652,55.14323333333277,3.611,-9.635,-3.061,-81.155,1.281,3.525,12.69,17.40835171,78.40075793,0.422,0.64
1653,55.17659999999978,2.654,-12.511,-4.386,-98.239,-16.685,3.561,12.82,17.40835241,78.40075703,0.422,0.64
1654,55.20996666666679,1.972,-12.405,-0.156,-8.778,-14.683,3.576,12.87,17.40835311,78.40075617,0.422,0.64
1655,55.24333333333334,0.612,-11.737,0.427,8.599,-39.161,3.537,12.73,17.40835381,78.4007554,0.422,0.64
1656,55.27669999999989,-0.681,-9.098,10.976,69.906,-52.329,3.499,12.6,17.40835451,78.40075464,0.421,0.64
1657,55.3100666666669,-0.387,-6.095,11.039,83.295,-4.142,3.491,12.57,17.40835524,78.40075381,0.421,0.64
1658,55.343433333333,-0.32,-2.405,6.371,106.998,-5.878,3.555,12.8,17.40835604,78.40075284,0.421,0.64
1659,55.3768,1.704,0.087,12.265,73.168,50.357,3.619,13.03,17.40835684,78.40075187,0.421,0.64
1660,55.41016666666656,3.682,0.321,10.77,5.697,55.561,3.675,13.23,17.40835764,78.40075092,0.421,0.64
1661,55.44353333333356,3.211,-3.598,-3.794,-122.046,-1.809,3.713,13.37,17.40835844,78.40074998,0.421,0.64
1662,55.476900000000114,2.938,-6.715,0.985,-100.65,-1.475,3.751,13.51,17.40835925,78.40074905,0.421,0.64
1663,55.510266666666666,3.192,-8.798,-3.649,-71.415,17.415,3.786,13.63,17.40836006,78.40074811,0.421,0.64
1664,55.54363333333322,2.435,-11.391,-12.337,-88.912,-3.794,3.814,13.73,17.40836089,78.40074718,0.421,0.64
1665,55.57700000000023,1.548,-8.85,1.428,67.071,-21.625,3.841,13.83,17.40836172,78.40074624,0.421,0.64
1666,55.61036666666678,-0.159,-9.078,-6.599,-16.101,-40.969,3.876,13.95,17.40836255,78.40074527,0.421,0.64
1667,55.64373333333333,-2.958,-8.1,-9.223,20.822,-78.906,3.929,14.14,17.40836335,78.4007442,0.421,0.64
1668,55.67709999999988,-3.294,-4.388,-0.919,105.905,-16.597,3.982,14.33,17.40836415,78.40074313,0.421,0.64
1669,55.71046666666689,-2.929,-1.548,-3.814,82.137,4.545,4.018,14.47,17.40836498,78.4007421,0.421,0.64
1670,55.74383333333299,-2.771,0.344,-2.309,55.329,-1.548,4.018,14.47,17.40836588,78.40074113,0.421,0.64
1671,55.77719999999999,-1.62,-0.694,1.594,-33.379,23.104,4.019,14.47,17.40836678,78.40074016,0.421,0.64
1672,55.81056666666655,-0.177,-3.829,1.579,-98.843,34.351,4.026,14.49,17.40836767,78.40073918,0.421,0.64
1673,55.84393333333355,0.162,-5.365,0.466,-52.232,7.696,4.047,14.57,17.40836854,78.40073818,0.421,0.64
1674,55.877300000000105,2.184,-6.781,5.561,-49.822,52.311,4.068,14.64,17.40836941,78.40073718,0.421,0.64
1675,55.91066666666666,1.312,-6.36,-2.595,5.557,-17.146,4.094,14.74,17.40837029,78.40073615,0.421,0.64
1676,55.94403333333321,0.774,-5.931,2.997,6.168,-14.578,4.133,14.88,17.40837119,78.40073505,0.421,0.64
1677,55.977400000000216,-1.117,-3.625,1.591,64.335,-52.895,4.171,15.02,17.40837209,78.40073395,0.421,0.64
1678,56.01076666666677,-2.324,-1.291,-0.697,67.161,-35.373,4.195,15.1,17.40837299,78.4007329,0.421,0.64
1679,56.04413333333332,-2.934,1.039,-5.277,68.975,-18.073,4.19,15.09,17.40837389,78.40073196,0.421,0.64
1680,56.07749999999987,-2.152,3.396,0.458,71.788,12.844,4.185,15.07,17.40837479,78.40073103,0.421,0.64
1681,56.11086666666688,-0.925,3.152,0.296,-6.4,26.88,4.177,15.04,17.4083757,78.40073014,0.421,0.64
1682,56.14423333333298,0.363,2.652,-0.103,-14.462,32.035,4.161,14.98,17.40837664,78.40072934,0.421,0.64
1683,56.177599999999984,1.078,1.617,-4.547,-31.356,23.084,4.146,14.92,17.40837757,78.40072854,0.421,0.64
1684,56.210966666666536,1.42,-0.598,-3.374,-68.608,13.749,4.122,14.84,17.40837849,78.40072775,0.421,0.64
1685,56.24433333333309,0.907,-3.296,-10.426,-85.336,-2.721,4.081,14.69,17.40837935,78.40072698,0.421,0.64
1686,56.277700000000095,0.086,-4.852,-6.86,-52.409,-15.445,4.041,14.55,17.40838022,78.40072621,0.421,0.64
1687,56.31106666666619,-1.144,-7.393,-12.666,-84.108,-24.028,4.03,14.51,17.40838109,78.40072537,0.421,0.64
1688,56.3444333333332,-2.145,-4.884,0.511,69.361,-31.637,4.078,14.68,17.40838196,78.40072437,0.421,0.64
1689,56.37780000000021,-2.008,-2.182,6.541,77.398,-7.461,4.126,14.85,17.40838282,78.40072337,0.421,0.64
1690,56.41116666666676,-1.42,-0.339,8.402,53.214,3.393,4.165,14.99,17.4083837,78.40072239,0.421,0.64
1691,56.44453333333331,-0.832,2.614,7.82,88.966,5.224,4.186,15.07,17.4083846,78.40072145,0.421,0.64
1692,56.47789999999986,-0.109,4.996,7.203,73.856,10.648,4.207,15.15,17.4083855,78.40072052,0.421,0.64
1693,56.51126666666687,0.942,6.188,9.69,39.214,18.981,4.217,15.18,17.40838644,78.40071961,0.421,0.64
1694,56.54463333333342,2.353,5.574,6.721,-15.439,33.913,4.204,15.14,17.40838744,78.40071874,0.421,0.64
1695,56.577999999999975,3.934,1.414,8.543,-125.209,40.76,4.192,15.09,17.40838844,78.40071787,0.421,0.64
1696,56.61136666666653,4.055,-2.922,-4.224,-134.113,15.012,4.192,15.09,17.40838949,78.40071703,0.421,0.64
1697,56.64473333333308,2.787,-4.323,-6.24,-47.347,-19.862,4.217,15.18,17.40839062,78.40071623,0.421,0.64
1698,56.678100000000086,1.991,-6.083,-4.662,-59.562,-11.453,4.242,15.27,17.40839176,78.40071543,0.421,0.64
1699,56.71146666666618,0.941,-6.507,-10.261,-19.929,-15.521,4.237,15.25,17.40839287,78.40071468,0.421,0.64
1700,56.74483333333319,-0.577,-5.977,-6.323,9.114,-34.412,4.176,15.03,17.40839393,78.40071405,0.421,0.64
1701,56.7782000000002,-2.52,-4.981,-7.578,23.897,-50.269,4.115,14.81,17.408395,78.40071341,0.421,0.64
1702,56.81156666666675,-4.308,-3.57,-5.918,37.532,-52.709,4.079,14.69,17.40839609,78.40071278,0.421,0.64
1703,56.8449333333333,-4.024,-1.483,1.104,59.562,-4.167,4.092,14.73,17.40839723,78.40071215,0.421,0.64
1704,56.878299999999854,-4.106,2.103,1.853,107.474,-14.018,4.104,14.77,17.40839836,78.40071151,0.421,0.64
1705,56.91166666666686,-3.844,4.432,0.407,71.757,-3.661,4.12,14.83,17.40839948,78.40071082,0.421,0.64
1706,56.94503333333341,-2.494,5.143,1.266,23.876,25.605,4.144,14.92,17.40840059,78.40071002,0.421,0.64
1707,56.978399999999965,-0.143,2.675,3.529,-73.456,55.988,4.167,15.0,17.40840169,78.40070922,0.421,0.64
1708,57.01176666666652,0.243,-0.866,-5.692,-108.573,13.747,4.188,15.08,17.40840274,78.40070838,0.421,0.64
1709,57.04513333333307,-0.389,-3.224,-7.365,-75.146,-10.945,4.207,15.14,17.40840371,78.40070748,0.421,0.64
1710,57.07850000000008,-0.4,-5.329,-6.803,-69.329,3.515,4.225,15.21,17.40840468,78.40070658,0.421,0.64
1711,57.111866666666174,-0.927,-7.368,-9.794,-69.051,-7.664,4.234,15.24,17.40840561,78.40070564,0.421,0.64
1712,57.14523333333318,-1.856,-6.649,-2.811,14.184,-25.267,4.224,15.21,17.40840648,78.40070464,0.421,0.64
1713,57.17860000000019,-1.472,-5.387,3.346,31.51,2.397,4.214,15.17,17.40840734,78.40070364,0.421,0.64
1714,57.21196666666674,-1.193,-5.143,0.531,1.208,2.753,4.208,15.15,17.40840821,78.40070265,0.421,0.64
1715,57.24533333333329,-0.474,-4.638,1.102,9.433,14.6,4.209,15.15,17.40840908,78.40070169,0.421,0.64
1716,57.27869999999984,-0.287,-2.008,7.553,75.328,-2.973,4.21,15.15,17.40840995,78.40070072,0.421,0.64
1717,57.31206666666685,0.365,0.382,5.518,70.144,11.307,4.224,15.21,17.40841085,78.40069974,0.421,0.64
1718,57.3454333333334,1.451,1.072,3.929,19.786,25.488,4.264,15.35,17.40841182,78.40069874,0.421,0.64
1719,57.37879999999996,2.166,-0.021,-0.7,-34.578,21.678,4.303,15.49,17.40841279,78.40069774,0.421,0.64
1720,57.41216666666651,1.821,-0.423,-3.987,-14.197,-1.609,4.32,15.55,17.40841372,78.40069675,0.421,0.64
1721,57.44553333333306,0.748,-0.108,-0.661,7.529,-23.993,4.297,15.47,17.40841458,78.40069578,0.421,0.64
1722,57.47890000000007,0.301,0.731,-0.146,23.962,-10.518,4.275,15.39,17.40841545,78.40069481,0.421,0.64
1723,57.51226666666662,1.543,-0.53,1.958,-40.029,31.135,4.274,15.39,17.40841637,78.40069383,0.421,0.64
1724,57.54563333333317,2.166,-1.34,0.965,-27.222,18.099,4.31,15.52,17.40841737,78.40069283,0.421,0.64
1725,57.57900000000018,1.247,-0.701,1.208,16.768,-20.38,4.346,15.64,17.40841837,78.40069183,0.421,0.64
1726,57.61236666666673,1.151,0.086,3.725,21.867,-3.26,4.362,15.7,17.40841931,78.40069082,0.421,0.64
1727,57.64573333333328,2.316,-1.342,4.554,-45.737,28.434,4.347,15.65,17.40842014,78.40068978,0.421,0.64
1728,57.67910000000029,2.173,-1.415,2.804,-5.177,-1.358,4.332,15.59,17.40842098,78.40068875,0.421,0.64
1729,57.71246666666684,1.451,-0.96,3.054,10.992,-16.767,4.33,15.59,17.40842181,78.40068769,0.421,0.64
1730,57.745833333333394,2.315,-0.532,4.973,10.576,20.858,4.352,15.67,17.40842265,78.40068659,0.421,0.64
1731,57.779199999999946,2.623,-0.719,1.311,-8.01,11.232,4.373,15.74,17.40842348,78.40068549,0.421,0.64
1732,57.81256666666695,2.571,-1.128,-1.433,-15.036,4.925,4.381,15.77,17.4084243,78.40068439,0.421,0.64
1733,57.84593333333305,2.09,-1.248,-2.341,-6.451,-5.397,4.365,15.71,17.4084251,78.40068328,0.421,0.64
1734,57.87930000000006,2.108,-2.167,-1.845,-31.175,5.861,4.349,15.66,17.4084259,78.40068218,0.421,0.64
1735,57.91266666666661,1.291,-1.027,-0.159,31.477,-16.703,4.361,15.7,17.40842669,78.40068101,0.421,0.64
1736,57.94603333333362,1.639,0.438,2.507,42.459,8.97,4.419,15.91,17.40842746,78.4006797,0.421,0.64
1737,57.97940000000017,1.831,0.469,0.649,-0.508,7.161,4.477,16.12,17.40842823,78.4006784,0.421,0.64
1738,58.01276666666672,1.95,-0.788,-0.901,-40.157,6.885,4.499,16.2,17.40842898,78.40067713,0.421,0.64
1739,58.04613333333327,2.112,-0.034,6.112,20.75,2.987,4.464,16.07,17.40842971,78.40067589,0.421,0.64
1740,58.07950000000028,3.054,0.837,7.499,24.981,22.009,4.428,15.94,17.40843045,78.40067466,0.421,0.64
1741,58.11286666666683,3.98,1.127,7.653,7.823,23.782,4.395,15.82,17.40843122,78.40067351,0.421,0.64
1742,58.146233333333385,3.493,0.953,4.731,-6.215,-7.821,4.365,15.72,17.40843206,78.40067251,0.421,0.64
1743,58.17959999999994,2.872,1.723,3.427,22.711,-11.401,4.336,15.61,17.40843289,78.40067151,0.421,0.64
1744,58.212966666666944,3.088,0.89,2.804,-26.048,9.146,4.316,15.54,17.40843372,78.40067051,0.421,0.64
1745,58.24633333333304,2.423,0.589,1.281,-10.332,-11.817,4.311,15.52,17.40843456,78.40066951,0.421,0.64
1746,58.27970000000005,1.374,0.67,-1.726,1.185,-20.967,4.306,15.5,17.40843539,78.40066851,0.421,0.64
1747,58.3130666666666,1.547,1.05,2.582,10.458,4.909,4.279,15.41,17.40843631,78.40066761,0.421,0.64
1748,58.34643333333361,2.447,0.237,5.163,-25.966,22.604,4.219,15.19,17.40843734,78.40066688,0.421,0.64
1749,58.37980000000016,2.113,0.387,1.379,3.009,-4.957,4.159,14.97,17.40843837,78.40066614,0.421,0.64
1750,58.41316666666671,1.544,0.428,0.189,-0.216,-11.17,4.119,14.83,17.4084394,78.4006654,0.421,0.64
1751,58.446533333333264,1.16,1.167,2.525,21.33,-9.417,4.112,14.8,17.4084404,78.40066463,0.421,0.64
1752,58.47990000000027,1.229,2.248,3.534,32.49,1.031,4.105,14.78,17.4084414,78.40066386,0.421,0.64
1753,58.51326666666682,2.38,0.328,4.181,-59.09,30.384,4.101,14.76,17.40844234,78.400663,0.421,0.64
1754,58.546633333333375,2.754,-0.793,2.14,-36.045,13.341,4.101,14.76,17.40844321,78.400662,0.421,0.64
1755,58.57999999999993,1.843,-0.037,1.513,20.807,-20.111,4.101,14.76,17.40844408,78.400661,0.421,0.64
1756,58.61336666666693,1.5,0.422,4.72,12.316,-9.457,4.085,14.71,17.40844495,78.40066005,0.421,0.64
1757,58.64673333333303,1.332,-0.571,1.815,-32.045,-3.138,4.045,14.56,17.40844582,78.40065918,0.421,0.64
1758,58.68010000000004,1.126,-0.702,1.414,-6.326,-4.303,4.006,14.42,17.40844668,78.40065832,0.421,0.64
1759,58.71346666666659,1.077,-1.146,1.719,-16.06,-0.735,3.968,14.29,17.40844748,78.4006574,0.421,0.64
1760,58.7468333333336,1.193,-2.394,2.06,-41.23,3.513,3.935,14.16,17.40844818,78.4006564,0.421,0.64
1761,58.78020000000015,0.944,-3.725,-1.384,-44.821,-3.554,3.901,14.04,17.40844888,78.40065539,0.421,0.64
1762,58.8135666666667,1.048,-4.592,0.5,-31.672,4.249,3.878,13.96,17.40844967,78.40065446,0.421,0.64
1763,58.84693333333325,0.395,-5.842,-7.429,-44.211,-10.256,3.869,13.93,17.40845057,78.40065363,0.421,0.64
1764,58.88030000000026,-0.846,-5.551,-6.257,2.211,-30.183,3.861,13.9,17.40845147,78.40065279,0.421,0.64
1765,58.91366666666681,-1.988,-3.285,-3.543,63.312,-32.909,3.867,13.92,17.40845241,78.40065197,0.421,0.64
1766,58.947033333333366,-1.701,-1.737,-2.027,43.084,4.304,3.896,14.02,17.40845341,78.40065117,0.421,0.64
1767,58.98039999999992,-1.621,-3.72,-10.829,-64.384,6.707,3.924,14.12,17.40845441,78.40065037,0.421,0.64
1768,59.013766666666925,-3.89,-6.182,-22.42,-80.868,-51.327,3.934,14.16,17.40845536,78.40064951,0.421,0.64
1769,59.04713333333302,-5.694,-4.682,-12.337,39.168,-52.813,3.921,14.12,17.40845623,78.40064858,0.421,0.64
1770,59.08050000000003,-6.85,-0.756,-11.819,115.147,-38.197,3.908,14.07,17.40845709,78.40064765,0.421,0.64
1771,59.11386666666658,-6.63,0.327,-12.876,30.883,-0.346,3.883,13.98,17.40845792,78.40064674,0.421,0.64
1772,59.14723333333359,-5.597,-0.788,-11.199,-35.947,22.333,3.841,13.83,17.40845869,78.40064587,0.421,0.64
1773,59.18060000000014,-4.955,-4.279,-15.655,-110.103,17.632,3.799,13.68,17.40845945,78.400645,0.421,0.64
1774,59.21396666666669,-5.697,-4.527,-6.783,-13.131,-29.451,3.787,13.63,17.40846022,78.40064404,0.421,0.64
1775,59.24733333333279,-5.299,-2.858,0.281,45.743,-3.942,3.814,13.73,17.40846099,78.40064294,0.421,0.64
1776,59.28070000000025,-4.115,0.781,3.657,107.836,16.858,3.842,13.83,17.40846176,78.40064184,0.421,0.64
1777,59.3140666666668,-3.366,2.656,0.645,56.533,9.799,3.877,13.96,17.40846259,78.40064079,0.421,0.64
1778,59.34743333333336,-2.718,0.663,-1.485,-61.043,10.549,3.921,14.11,17.40846353,78.40063982,0.421,0.64
1779,59.38079999999991,-2.791,-2.129,-11.418,-87.351,0.254,3.965,14.27,17.40846446,78.40063886,0.421,0.64
1780,59.41416666666692,-3.692,-5.24,-14.726,-99.551,-20.238,3.991,14.37,17.40846535,78.40063789,0.421,0.64
1781,59.44753333333301,-4.219,-5.76,-7.228,-22.318,-18.318,3.993,14.38,17.40846619,78.40063692,0.421,0.64
1782,59.48090000000002,-4.013,-4.475,-2.724,32.828,-3.005,3.996,14.38,17.40846702,78.40063595,0.421,0.64
1783,59.51426666666657,-4.77,-1.067,-3.003,99.35,-29.313,3.999,14.4,17.40846797,78.4006351,0.421,0.64
1784,59.54763333333358,-4.797,1.529,-3.652,77.183,-9.991,4.005,14.42,17.40846907,78.4006344,0.421,0.64
1785,59.58100000000013,-3.4,2.175,-0.83,19.282,27.226,4.011,14.44,17.40847017,78.4006337,0.421,0.64
1786,59.61436666666668,-1.074,0.283,6.659,-58.373,51.448,4.037,14.53,17.40847126,78.40063291,0.421,0.64
1787,59.64773333333278,-0.179,-1.586,-1.41,-59.248,22.242,4.091,14.73,17.40847233,78.40063201,0.421,0.64
1788,59.68109999999979,-0.482,-4.32,-10.251,-87.503,-0.941,4.145,14.92,17.4084734,78.40063111,0.421,0.64
1789,59.7144666666668,-2.184,-4.954,-6.647,-25.073,-42.927,4.185,15.07,17.40847442,78.40063018,0.421,0.64
1790,59.74783333333335,-2.681,-3.316,2.172,44.391,-20.77,4.207,15.14,17.40847539,78.40062921,0.421,0.64
1791,59.7811999999999,-2.259,1.529,7.015,144.571,-1.408,4.228,15.22,17.40847635,78.40062825,0.421,0.64
1792,59.814566666666906,-0.955,4.471,4.048,89.983,25.311,4.222,15.2,17.40847734,78.40062736,0.421,0.64
1793,59.847933333333,-0.828,5.376,1.098,29.745,-0.481,4.179,15.04,17.40847834,78.4006266,0.421,0.64
1794,59.88130000000001,-0.324,3.728,1.573,-48.172,9.526,4.137,14.89,17.40847934,78.40062583,0.421,0.64
1795,59.91466666666656,1.177,0.396,4.007,-101.412,36.245,4.131,14.87,17.40848035,78.400625,0.421,0.64
1796,59.94803333333357,1.925,-0.583,-5.006,-31.732,26.185,4.171,15.02,17.40848139,78.4006241,0.421,0.64
1797,59.98140000000012,1.396,-2.279,-6.47,-54.665,-5.072,4.211,15.16,17.40848242,78.4006232,0.421,0.64
1798,60.014766666666674,-0.97,-2.827,-14.883,-20.696,-49.728,4.232,15.24,17.40848341,78.40062224,0.421,0.64
1799,60.048133333333226,-2.071,-1.965,-4.329,22.272,-28.813,4.228,15.22,17.40848435,78.40062121,0.421,0.64
1800,60.08149999999978,-2.137,-0.115,-0.323,53.433,-6.987,4.223,15.2,17.40848528,78.40062017,0.421,0.64
1801,60.11486666666679,-2.198,2.924,-0.466,91.616,-6.862,4.23,15.23,17.40848625,78.40061917,0.421,0.64
1802,60.14823333333334,-2.336,5.745,-2.927,87.473,-7.067,4.249,15.3,17.40848725,78.4006182,0.421,0.64
1803,60.18159999999989,-2.551,7.549,-5.931,58.511,-6.932,4.268,15.37,17.40848825,78.40061723,0.421,0.64
1804,60.214966666666896,-0.996,5.883,1.854,-46.854,32.718,4.302,15.49,17.40848928,78.40061625,0.421,0.64
1805,60.248333333332994,1.173,2.766,0.228,-92.987,55.006,4.353,15.67,17.40849035,78.40061525,0.421,0.64
1806,60.2817,1.715,0.74,-4.26,-61.969,18.831,4.405,15.86,17.40849141,78.40061425,0.421,0.64
1807,60.31506666666655,2.478,-1.327,-2.938,-64.923,24.482,4.449,16.02,17.4084925,78.40061325,0.421,0.64
1808,60.34843333333356,1.56,-3.05,-12.806,-56.095,-8.459,4.485,16.15,17.4084936,78.40061225,0.421,0.64
1809,60.38180000000011,-0.438,-3.782,-10.93,-27.016,-39.42,4.521,16.28,17.4084947,78.40061125,0.421,0.64
1810,60.41516666666666,-1.994,-3.618,-3.661,-0.004,-37.876,4.559,16.41,17.4084958,78.4006102,0.421,0.64
1811,60.448533333333216,-1.022,-1.167,11.575,70.569,10.011,4.599,16.56,17.4084969,78.4006091,0.421,0.64
1812,60.48190000000022,0.006,2.57,12.998,112.269,12.279,4.638,16.7,17.408498,78.400608,0.421,0.64
1813,60.515266666666776,0.869,6.213,9.024,112.521,13.326,4.672,16.82,17.40849912,78.4006069,0.421,0.64
1814,60.54863333333333,1.207,8.541,3.556,75.094,6.5,4.697,16.91,17.40850025,78.4006058,0.421,0.64
1815,60.58199999999988,1.928,9.048,0.732,20.941,18.318,4.722,17.0,17.40850139,78.40060469,0.421,0.64
1816,60.61536666666689,1.906,6.498,-3.218,-72.811,5.037,4.738,17.06,17.40850254,78.40060358,0.421,0.64
1817,60.64873333333298,1.051,4.293,-8.812,-64.311,-10.534,4.744,17.08,17.40850371,78.40060244,0.421,0.64
1818,60.68209999999999,1.31,0.731,-8.414,-107.98,13.515,4.749,17.1,17.40850487,78.40060131,0.421,0.64
1819,60.71546666666654,0.593,-1.552,-9.655,-71.586,-7.914,4.75,17.1,17.40850606,78.40060028,0.421,0.64
1820,60.74883333333355,0.387,-3.83,-10.89,-73.327,3.433,4.744,17.08,17.40850726,78.40059938,0.421,0.64
1821,60.7822000000001,-0.396,-4.795,-10.893,-34.807,-10.51,4.739,17.06,17.40850846,78.40059848,0.421,0.64
1822,60.815566666666655,-1.404,-6.28,-14.188,-51.627,-15.015,4.756,17.12,17.40850968,78.4005975,0.421,0.64
1823,60.84893333333321,-3.009,-4.965,-6.98,33.357,-36.814,4.798,17.27,17.40851091,78.40059643,0.421,0.64
1824,60.88230000000021,-3.404,-1.637,3.613,96.492,-18.447,4.841,17.43,17.40851215,78.40059537,0.421,0.64
1825,60.915666666666766,-2.105,2.184,6.134,114.474,18.041,4.849,17.45,17.40851336,78.40059438,0.421,0.64
1826,60.94903333333332,-0.828,3.964,1.63,54.836,23.567,4.818,17.34,17.40851457,78.40059348,0.421,0.64
1827,60.98239999999987,0.997,3.483,3.28,-13.365,38.822,4.787,17.23,17.40851577,78.40059258,0.421,0.64
1828,61.01576666666688,2.136,5.703,4.262,69.481,25.027,4.78,17.21,17.408517,78.40059164,0.421,0.64
1829,61.049133333332975,2.93,5.307,0.864,-9.254,21.538,4.798,17.27,17.40851827,78.40059068,0.421,0.64
1830,61.08249999999998,3.864,3.091,-3.997,-65.655,30.051,4.816,17.34,17.40851954,78.40058971,0.421,0.64
1831,61.11586666666653,3.712,1.756,-4.719,-40.36,6.849,4.823,17.36,17.40852083,78.40058882,0.421,0.64
1832,61.149233333333086,4.117,-1.155,-7.083,-90.04,21.211,4.818,17.34,17.40852217,78.40058802,0.421,0.64
1833,61.18260000000009,3.565,-1.789,-9.165,-22.35,1.269,4.812,17.32,17.4085235,78.40058722,0.421,0.64
1834,61.21596666666619,3.5,-0.251,1.983,44.03,3.533,4.83,17.39,17.40852477,78.40058626,0.421,0.64
1835,61.2493333333332,2.072,0.482,-4.617,20.543,-23.333,4.873,17.54,17.40852598,78.40058512,0.421,0.64
1836,61.282700000000204,1.644,2.796,2.991,69.861,-8.353,4.916,17.7,17.40852718,78.40058399,0.421,0.64
1837,61.31606666666676,2.937,2.813,1.53,1.044,31.351,4.916,17.7,17.4085283,78.40058289,0.421,0.64
1838,61.34943333333331,3.266,4.758,3.006,60.467,10.528,4.87,17.53,17.40852933,78.40058182,0.421,0.64
1839,61.38279999999986,3.258,5.41,-1.923,22.272,7.007,4.824,17.37,17.40853037,78.40058075,0.421,0.64
1840,61.41616666666687,3.724,4.39,-3.57,-28.697,19.095,4.835,17.4,17.40853148,78.40057963,0.421,0.64
1841,61.44953333333342,2.395,9.272,4.785,152.31,-27.12,4.906,17.66,17.40853268,78.40057847,0.421,0.64
1842,61.48289999999997,2.435,14.394,7.781,163.845,-0.416,4.977,17.92,17.40853388,78.4005773,0.421,0.64
1843,61.516266666666525,2.231,13.226,3.39,-25.654,-2.768,5.013,18.05,17.40853502,78.40057611,0.421,0.64
1844,61.54963333333308,2.143,6.038,-11.254,-212.088,9.276,5.01,18.03,17.40853609,78.40057491,0.421,0.64
1845,61.58300000000008,0.862,7.457,6.468,47.045,-29.899,5.007,18.02,17.40853716,78.40057371,0.421,0.64
1846,61.61636666666618,0.596,7.487,8.648,5.492,-10.757,4.998,17.99,17.40853826,78.40057259,0.421,0.64
1847,61.64973333333319,1.258,6.142,7.465,-36.876,10.173,4.983,17.94,17.40853939,78.40057156,0.421,0.64
1848,61.6831000000002,1.442,4.438,3.046,-49.045,3.837,4.968,17.89,17.40854053,78.40057052,0.421,0.64
1849,61.71646666666675,3.99,4.976,11.706,18.607,54.993,4.943,17.8,17.40854163,78.40056946,0.421,0.64
1850,61.7498333333333,5.69,2.902,2.274,-61.419,46.28,4.908,17.67,17.40854269,78.40056836,0.421,0.64
1851,61.78319999999985,3.713,1.66,-7.835,-37.519,-29.486,4.872,17.54,17.40854376,78.40056725,0.421,0.64
1852,61.81656666666686,0.878,0.582,-11.935,-33.484,-52.841,4.863,17.51,17.4085449,78.40056617,0.421,0.64
1853,61.84993333333341,0.693,0.77,6.238,4.578,-7.424,4.881,17.57,17.4085461,78.4005651,0.421,0.64
1854,61.88329999999996,1.342,0.758,3.374,-1.403,13.088,4.9,17.64,17.4085473,78.40056403,0.421,0.64
1855,61.91666666666652,0.762,1.882,0.016,33.596,-11.109,4.916,17.7,17.40854852,78.400563,0.421,0.64
1856,61.95003333333307,1.826,0.87,0.515,-31.302,24.751,4.931,17.75,17.40854975,78.400562,0.421,0.64
1857,61.98340000000008,1.211,0.615,-2.092,-8.799,-9.438,4.946,17.8,17.40855099,78.400561,0.421,0.64
1858,62.01676666666663,0.238,0.206,2.805,-13.753,-22.479,4.898,17.63,17.4085521,78.40056003,0.421,0.64
1859,62.05013333333318,0.87,0.498,9.328,7.483,7.883,4.788,17.24,17.4085531,78.4005591,0.421,0.64
1860,62.083500000000186,0.841,-0.007,4.643,-16.817,-2.892,4.678,16.84,17.4085541,78.40055816,0.421,0.64
1861,62.11686666666674,1.709,-0.653,3.989,-21.604,19.067,4.631,16.67,17.40855507,78.40055706,0.421,0.64
1862,62.15023333333329,1.504,0.611,7.26,36.735,-7.256,4.645,16.72,17.40855601,78.40055579,0.421,0.64
1863,62.18359999999984,1.916,0.163,6.595,-14.971,7.491,4.659,16.77,17.40855694,78.40055452,0.421,0.64
1864,62.21696666666685,2.491,-0.058,7.83,-8.369,11.305,4.679,16.84,17.40855789,78.40055326,0.421,0.64
1865,62.2503333333334,3.543,-0.982,7.827,-30.188,23.952,4.704,16.94,17.40855886,78.40055199,0.421,0.64
1866,62.28369999999995,3.819,-0.52,2.69,11.736,11.203,4.73,17.03,17.40855983,78.40055072,0.421,0.64
1867,62.317066666666506,4.175,-1.255,7.657,-24.769,10.037,4.755,17.12,17.40856081,78.40054952,0.421,0.64
1868,62.35043333333306,3.146,-0.877,4.842,8.911,-19.572,4.779,17.21,17.40856181,78.40054839,0.421,0.64
1869,62.38380000000007,3.067,-0.117,6.685,20.993,-0.769,4.804,17.29,17.40856281,78.40054725,0.421,0.64
1870,62.41716666666662,3.059,0.09,8.9,4.584,-0.832,4.808,17.31,17.4085638,78.4005461,0.421,0.64
1871,62.45053333333362,2.986,0.617,9.132,14.625,-2.522,4.792,17.25,17.40856477,78.40054493,0.421,0.64
1872,62.483900000000176,3.294,0.989,12.461,10.283,3.844,4.776,17.19,17.40856573,78.40054376,0.421,0.64
1873,62.51726666666673,4.065,1.817,13.461,24.672,14.681,4.736,17.05,17.4085667,78.4005427,0.421,0.64
1874,62.55063333333328,4.271,2.238,9.679,12.83,5.774,4.674,16.83,17.40856767,78.40054173,0.421,0.64
1875,62.58400000000029,4.522,2.305,9.336,2.258,7.627,4.612,16.6,17.40856864,78.40054076,0.421,0.64
1876,62.61736666666684,4.281,1.969,3.897,-10.075,0.298,4.61,16.59,17.40856964,78.40053969,0.421,0.64
1877,62.65073333333339,4.063,2.274,4.511,9.368,-0.085,4.663,16.79,17.40857067,78.40053852,0.421,0.64
1878,62.68409999999994,3.517,1.611,2.976,-20.176,-7.131,4.716,16.98,17.40857171,78.40053736,0.421,0.64
1879,62.71746666666695,3.151,1.517,0.014,-3.201,-1.887,4.754,17.11,17.40857272,78.40053619,0.421,0.64
1880,62.75083333333305,2.065,1.665,-0.437,4.19,-19.149,4.778,17.2,17.40857372,78.40053502,0.421,0.64
1881,62.784200000000055,1.617,1.844,-1.106,5.238,-5.899,4.802,17.29,17.40857473,78.40053385,0.421,0.64
1882,62.81756666666661,0.103,1.884,-5.763,1.139,-28.721,4.79,17.24,17.40857571,78.40053274,0.421,0.64
1883,62.850933333333614,-0.808,1.831,-4.916,-1.717,-18.184,4.745,17.08,17.40857668,78.40053167,0.421,0.64
1884,62.88430000000017,-0.754,2.114,-3.419,8.605,1.541,4.701,16.92,17.40857764,78.4005306,0.421,0.64
1885,62.91766666666672,0.203,1.57,-0.805,-16.613,21.332,4.684,16.86,17.40857858,78.40052945,0.421,0.64
1886,62.95103333333327,-0.49,1.959,-6.739,11.654,-11.638,4.692,16.89,17.40857948,78.40052821,0.421,0.64
1887,62.98440000000028,-0.5,2.599,0.103,19.723,-1.853,4.699,16.92,17.40858038,78.40052698,0.421,0.64
1888,63.01776666666683,-0.456,2.169,-0.353,-12.686,-0.258,4.707,16.94,17.4085813,78.40052574,0.421,0.64
1889,63.05113333333338,-0.943,2.005,-1.27,-4.863,-12.03,4.713,16.97,17.40858223,78.40052451,0.421,0.64
1890,63.084499999999935,-1.481,1.444,-2.538,-17.25,-13.32,4.72,16.99,17.40858317,78.40052327,0.421,0.64
1891,63.11786666666694,-2.877,2.945,-3.225,45.85,-34.987,4.714,16.97,17.40858405,78.40052207,0.421,0.64
1892,63.15123333333304,-2.327,1.558,1.459,-41.893,5.486,4.696,16.91,17.40858488,78.40052091,0.421,0.64
1893,63.184600000000046,-1.931,0.238,-2.143,-40.984,5.572,4.679,16.84,17.40858572,78.40051974,0.421,0.64
1894,63.2179666666666,-1.365,-0.04,-1.701,-9.975,10.152,4.668,16.81,17.40858657,78.40051854,0.421,0.64
1895,63.251333333333605,-1.646,0.745,-2.054,22.516,-8.563,4.663,16.79,17.40858743,78.4005173,0.421,0.64
1896,63.28470000000016,-2.056,0.398,-3.451,-11.673,-11.23,4.658,16.77,17.4085883,78.40051607,0.421,0.64
1897,63.31806666666671,-3.027,0.508,-6.765,2.084,-23.23,4.664,16.79,17.40858924,78.40051492,0.421,0.64
1898,63.35143333333326,-2.888,-0.175,-2.738,-22.216,-1.538,4.68,16.85,17.40859024,78.40051385,0.421,0.64
1899,63.38480000000027,-2.625,-0.418,-2.529,-9.275,1.518,4.696,16.91,17.40859124,78.40051279,0.421,0.64
1900,63.41816666666682,-3.364,-0.087,-3.0,8.241,-21.358,4.708,16.95,17.40859219,78.40051159,0.421,0.64
1901,63.45153333333337,-1.644,1.143,8.252,36.21,27.496,4.717,16.98,17.40859309,78.40051029,0.421,0.64
1902,63.484899999999925,-0.432,1.19,4.928,0.775,21.182,4.727,17.02,17.40859399,78.40050899,0.421,0.64
1903,63.51826666666693,-0.712,1.5,7.824,8.926,-13.631,4.714,16.97,17.40859491,78.40050776,0.421,0.64
1904,63.55163333333303,-1.495,1.964,4.332,13.952,-23.905,4.683,16.86,17.40859585,78.40050659,0.421,0.64
1905,63.58500000000004,-2.089,1.615,-1.013,-10.715,-17.134,4.652,16.75,17.40859678,78.40050543,0.421,0.64
1906,63.61836666666659,-1.743,2.716,1.0,33.672,2.661,4.625,16.65,17.40859766,78.40050424,0.421,0.64
1907,63.6517333333336,-1.061,3.663,2.345,29.869,10.515,4.6,16.56,17.40859849,78.40050304,0.421,0.64
1908,63.68510000000015,-0.611,4.349,0.38,22.603,7.858,4.576,16.47,17.40859933,78.40050184,0.421,0.64
1909,63.7184666666667,-1.211,3.669,-3.38,-18.863,-13.859,4.589,16.52,17.40860022,78.4005006,0.421,0.64
1910,63.75183333333325,-1.353,3.887,-1.924,8.197,-5.054,4.631,16.67,17.40860115,78.40049933,0.421,0.64
1911,63.78520000000026,-1.468,2.648,-4.096,-36.481,-3.07,4.674,16.83,17.40860209,78.40049806,0.421,0.64
1912,63.81856666666681,-1.405,4.652,4.211,62.402,-5.091,4.685,16.87,17.408603,78.40049687,0.421,0.64
1913,63.85193333333336,-0.789,5.461,-0.805,27.267,11.775,4.67,16.81,17.4086039,78.40049573,0.421,0.64
1914,63.88529999999992,-0.714,4.654,-1.201,-21.829,0.5,4.655,16.76,17.4086048,78.4004946,0.421,0.64
1915,63.91866666666692,-1.187,5.043,-1.892,14.335,-11.947,4.646,16.73,17.40860567,78.40049341,0.421,0.64
1916,63.95203333333302,-0.399,4.319,2.352,-19.599,14.162,4.641,16.71,17.4086065,78.40049217,0.421,0.64
1917,63.98540000000003,-0.323,3.25,-1.386,-30.856,1.472,4.636,16.69,17.40860734,78.40049094,0.421,0.64
1918,64.01876666666658,-0.138,4.098,-0.63,27.34,3.697,4.629,16.66,17.40860821,78.40048978,0.421,0.64
1919,64.05213333333359,0.706,3.636,3.076,-12.336,17.276,4.62,16.63,17.40860911,78.40048868,0.421,0.64
1920,64.08550000000014,0.787,3.238,0.854,-10.727,2.27,4.612,16.6,17.40861001,78.40048758,0.421,0.64
1921,64.11886666666669,0.768,2.478,-1.477,-22.194,1.765,4.586,16.51,17.40861091,78.4004865,0.421,0.64
1922,64.15223333333279,1.244,2.857,1.474,12.225,11.636,4.546,16.37,17.40861181,78.40048543,0.421,0.64
1923,64.1855999999998,1.283,1.726,0.884,-33.938,2.433,4.506,16.22,17.40861271,78.40048436,0.421,0.64
1924,64.2189666666668,1.207,1.04,-3.268,-21.206,2.824,4.485,16.15,17.40861361,78.40048326,0.421,0.64
1925,64.25233333333335,1.193,0.275,-2.384,-24.204,3.519,4.479,16.12,17.40861451,78.40048212,0.421,0.64
1926,64.2856999999999,1.7,-0.176,2.481,-15.169,12.765,4.472,16.1,17.40861541,78.40048099,0.421,0.64
1927,64.31906666666691,1.798,-0.8,2.713,-20.879,3.498,4.507,16.23,17.40861639,78.40047983,0.421,0.64
1928,64.35243333333301,0.905,0.585,1.628,40.476,-19.685,4.574,16.47,17.40861743,78.40047866,0.421,0.64
1929,64.38580000000002,0.374,2.547,2.258,59.456,-12.97,4.641,16.71,17.40861846,78.4004775,0.421,0.64
1930,64.41916666666657,1.849,3.108,7.21,17.909,30.631,4.674,16.83,17.40861948,78.40047631,0.421,0.64
1931,64.45253333333358,3.098,0.006,2.442,-94.441,31.819,4.682,16.85,17.40862048,78.40047511,0.421,0.64
1932,64.48590000000013,2.234,-4.676,-4.903,-145.78,-11.022,4.689,16.88,17.40862148,78.40047391,0.421,0.64
1933,64.51926666666668,0.346,-5.621,-9.257,-34.556,-34.727,4.687,16.87,17.40862246,78.40047274,0.421,0.64
1934,64.55263333333278,0.629,-4.043,-1.556,42.378,8.033,4.678,16.84,17.40862343,78.40047161,0.421,0.64
1935,64.58599999999979,0.824,-3.242,0.329,19.745,5.187,4.67,16.81,17.40862439,78.40047048,0.421,0.64
1936,64.61936666666679,1.656,-4.984,1.549,-57.904,19.883,4.693,16.89,17.40862536,78.40046928,0.421,0.64
1937,64.65273333333334,2.106,-6.792,-8.983,-61.46,19.955,4.739,17.06,17.40862633,78.40046805,0.421,0.64
1938,64.6860999999999,1.317,-7.737,-0.526,-36.38,-14.19,4.786,17.23,17.4086273,78.40046681,0.421,0.64
1939,64.7194666666669,-1.434,-5.668,-6.733,55.708,-61.54,4.788,17.24,17.40862825,78.40046562,0.421,0.64
1940,64.752833333333,-1.34,-1.512,-3.834,121.694,1.477,4.759,17.13,17.40862918,78.40046445,0.421,0.64
1941,64.78620000000001,0.331,-0.294,-0.657,34.692,37.504,4.729,17.02,17.40863011,78.40046328,0.421,0.64
1942,64.81956666666656,0.5,-0.282,-0.709,-1.446,4.629,4.72,16.99,17.40863099,78.40046208,0.421,0.64
1943,64.85293333333357,1.658,-2.689,-0.514,-75.948,28.532,4.726,17.01,17.40863182,78.40046084,0.421,0.64
1944,64.88630000000012,1.512,-3.029,-6.607,-14.306,4.164,4.732,17.03,17.40863266,78.40045961,0.421,0.64
1945,64.91966666666667,1.22,-1.982,3.376,28.109,-6.671,4.735,17.05,17.40863357,78.40045841,0.421,0.64
1946,64.95303333333322,-0.044,-1.933,1.051,-1.72,-28.839,4.737,17.05,17.40863454,78.40045724,0.421,0.64
1947,64.98639999999978,-2.146,0.491,-8.547,71.467,-45.69,4.739,17.06,17.40863551,78.40045608,0.421,0.64
1948,65.01976666666678,0.014,1.936,4.421,43.361,44.287,4.742,17.07,17.40863645,78.40045491,0.421,0.64
1949,65.05313333333334,1.722,1.648,6.484,-8.825,35.768,4.746,17.09,17.40863739,78.40045374,0.421,0.64
1950,65.08649999999989,4.343,1.285,12.344,-11.38,59.736,4.75,17.1,17.40863832,78.40045257,0.421,0.64
1951,65.1198666666669,5.621,2.328,8.931,31.654,32.528,4.757,17.13,17.40863924,78.40045135,0.421,0.64
1952,65.15323333333299,5.909,0.167,-3.112,-66.189,19.984,4.766,17.16,17.40864014,78.40045008,0.421,0.64
1953,65.1866,4.017,-1.439,-6.278,-50.923,-28.495,4.775,17.19,17.40864104,78.40044881,0.421,0.64
1954,65.21996666666655,2.751,-0.163,-1.535,36.536,-20.817,4.778,17.2,17.40864198,78.40044764,0.421,0.64
1955,65.25333333333356,2.729,2.485,-0.919,79.881,5.231,4.777,17.2,17.40864295,78.40044654,0.421,0.64
1956,65.28670000000011,3.053,5.676,3.061,98.832,10.413,4.776,17.19,17.40864391,78.40044544,0.421,0.64
1957,65.32006666666666,5.286,6.278,10.545,21.765,53.255,4.775,17.19,17.4086448,78.40044424,0.421,0.64
1958,65.35343333333321,6.373,-0.355,3.931,-200.633,33.483,4.776,17.19,17.40864564,78.40044297,0.421,0.64
1959,65.38680000000022,4.86,-0.047,-4.02,7.63,-19.98,4.777,17.2,17.40864647,78.4004417,0.421,0.64
1960,65.42016666666677,4.523,1.146,1.54,35.158,0.46,4.786,17.23,17.40864736,78.40044043,0.421,0.64
1961,65.45353333333333,3.374,-1.456,-2.799,-80.755,-15.978,4.802,17.29,17.4086483,78.40043917,0.421,0.64
1962,65.48689999999988,1.392,-2.263,-0.954,-27.629,-40.048,4.817,17.34,17.40864923,78.4004379,0.421,0.64
1963,65.52026666666688,1.398,1.375,9.569,108.622,-4.205,4.834,17.4,17.40865017,78.40043663,0.421,0.64
1964,65.55363333333298,2.105,5.06,5.353,113.154,14.831,4.852,17.47,17.4086511,78.40043536,0.421,0.64
1965,65.58699999999999,2.029,5.624,1.001,20.087,1.318,4.871,17.54,17.40865204,78.40043409,0.421,0.64
1966,65.62036666666654,2.349,8.419,10.369,89.298,3.681,4.883,17.58,17.40865299,78.40043287,0.421,0.64
1967,65.6537333333331,6.013,6.919,21.997,-40.642,83.147,4.893,17.61,17.40865396,78.40043167,0.421,0.64
1968,65.6871000000001,6.746,3.397,7.113,-104.212,23.421,4.902,17.65,17.40865493,78.40043046,0.421,0.64
1969,65.72046666666665,5.693,1.935,3.104,-43.705,-13.005,4.924,17.73,17.40865591,78.40042922,0.421,0.64
1970,65.7538333333332,6.124,-1.253,4.117,-98.084,17.691,4.955,17.84,17.40865691,78.40042795,0.421,0.64
1971,65.78720000000021,3.721,-2.333,-4.403,-35.842,-40.509,4.985,17.95,17.40865792,78.40042669,0.421,0.64
1972,65.82056666666676,2.927,-1.482,3.753,22.735,-13.344,5.003,18.01,17.40865886,78.40042536,0.421,0.64
1973,65.85393333333332,2.388,0.455,5.49,56.915,-10.357,5.013,18.05,17.40865976,78.40042399,0.421,0.64
1974,65.88729999999987,3.294,1.284,8.701,24.427,18.512,5.023,18.08,17.40866066,78.40042262,0.421,0.64
1975,65.92066666666688,3.074,3.65,13.208,72.453,-7.7,5.048,18.17,17.40866154,78.40042123,0.421,0.64
1976,65.95403333333297,4.773,6.366,14.134,85.255,34.172,5.081,18.29,17.4086624,78.40041983,0.421,0.64
1977,65.98739999999998,7.044,4.78,13.585,-44.987,52.414,5.114,18.41,17.40866327,78.40041843,0.421,0.64
1978,66.02076666666653,4.772,5.712,-3.179,31.229,-35.059,5.139,18.5,17.40866418,78.40041705,0.421,0.64
1979,66.05413333333308,4.947,4.111,6.897,-45.988,7.886,5.157,18.57,17.40866512,78.40041568,0.421,0.64
1980,66.08750000000009,4.278,3.251,-0.061,-24.529,-5.339,5.176,18.63,17.40866605,78.40041431,0.421,0.64
1981,66.12086666666619,2.153,2.411,-2.635,-24.589,-37.377,5.183,18.66,17.40866692,78.4004129,0.421,0.64
1982,66.1542333333332,-0.11,1.392,-8.403,-30.848,-40.969,5.182,18.65,17.40866776,78.40041147,0.421,0.64
1983,66.1876000000002,-0.434,0.887,-0.967,-15.85,-6.807,5.181,18.65,17.40866859,78.40041003,0.421,0.64
1984,66.22096666666675,1.211,1.246,4.374,10.358,32.098,5.175,18.63,17.40866951,78.40040866,0.421,0.64
1985,66.2543333333333,2.211,0.581,2.225,-20.925,22.223,5.166,18.6,17.40867048,78.40040733,0.421,0.64
1986,66.28769999999986,1.426,0.101,-4.69,-15.75,-9.963,5.156,18.56,17.40867144,78.40040599,0.421,0.64
1987,66.32106666666687,0.35,0.337,-2.93,5.907,-19.112,5.133,18.48,17.40867247,78.40040474,0.421,0.64
1988,66.35443333333342,0.331,-1.551,-7.634,-59.346,4.979,5.102,18.37,17.40867354,78.40040354,0.421,0.64
1989,66.38779999999997,-0.466,-2.074,-9.968,-18.874,-10.498,5.07,18.25,17.40867461,78.40040234,0.421,0.64
1990,66.42116666666652,-1.545,-1.578,-12.519,12.065,-16.609,5.062,18.22,17.40867563,78.40040107,0.421,0.64
1991,66.45453333333307,-1.859,-0.605,-9.625,27.185,-3.775,5.066,18.24,17.40867664,78.40039977,0.421,0.64
1992,66.48790000000008,-2.367,0.964,-2.917,46.374,-13.094,5.07,18.25,17.40867764,78.40039847,0.421,0.64
1993,66.52126666666618,-3.203,1.685,-4.104,21.56,-20.636,5.071,18.26,17.4086786,78.40039717,0.421,0.64
1994,66.55463333333319,-3.442,1.644,1.31,-1.32,-12.597,5.072,18.26,17.40867953,78.40039587,0.421,0.64
1995,66.58800000000019,-1.964,0.706,3.478,-28.983,23.37,5.072,18.26,17.40868046,78.40039457,0.421,0.64
1996,66.62136666666675,-1.904,0.702,1.557,-0.97,-3.834,5.045,18.16,17.40868148,78.40039339,0.421,0.64
1997,66.6547333333333,-1.54,0.953,3.755,6.844,1.479,5.004,18.01,17.40868255,78.40039229,0.421,0.64
1998,66.68809999999985,-1.333,1.224,2.17,7.71,-0.207,4.962,17.86,17.40868362,78.40039119,0.421,0.64
1999,66.72146666666686,-0.274,-0.071,1.245,-40.338,20.084,4.948,17.81,17.40868467,78.40039003,0.421,0.64
2000,66.75483333333341,-0.152,-1.281,-1.052,-38.785,2.571,4.95,17.82,17.4086857,78.40038883,0.421,0.64
2001,66.78819999999996,-0.881,-1.176,-5.553,0.696,-13.238,4.952,17.83,17.40868673,78.40038762,0.421,0.64
2002,66.82156666666651,-0.922,-1.522,-5.672,-13.1,0.873,4.936,17.77,17.4086877,78.40038642,0.421,0.64
2003,66.85493333333307,-0.153,-0.527,0.185,27.9,15.102,4.91,17.67,17.40868864,78.40038522,0.421,0.64
2004,66.88830000000007,0.602,-0.423,0.189,1.308,16.437,4.883,17.58,17.40868957,78.40038402,0.421,0.64
2005,66.92166666666662,1.0,-0.929,2.961,-17.402,7.77,4.906,17.66,17.40869048,78.40038269,0.421,0.64
2006,66.95503333333318,0.214,-0.819,-1.303,1.136,-15.176,4.956,17.84,17.40869139,78.40038129,0.421,0.64
2007,66.98840000000018,0.472,-0.94,4.501,-5.902,2.751,5.006,18.02,17.40869229,78.40037989,0.421,0.64
2008,67.02176666666674,0.929,0.066,8.205,28.747,5.145,5.007,18.03,17.40869317,78.40037855,0.421,0.64
2009,67.05513333333329,0.435,0.338,6.579,6.989,-14.025,4.983,17.94,17.40869403,78.40037725,0.421,0.64
2010,67.08849999999984,0.981,0.153,8.982,-6.901,6.596,4.959,17.85,17.4086949,78.40037595,0.421,0.64
2011,67.12186666666685,1.469,0.154,6.581,-1.316,8.062,4.933,17.76,17.4086957,78.40037465,0.421,0.64
2012,67.1552333333334,2.525,-1.027,7.108,-37.701,21.78,4.905,17.66,17.40869647,78.40037335,0.421,0.64
2013,67.18859999999995,2.411,-1.852,2.04,-27.773,0.676,4.877,17.56,17.40869724,78.40037204,0.421,0.64
2014,67.22196666666696,1.047,-2.252,-4.951,-15.356,-23.44,4.865,17.51,17.40869809,78.40037079,0.421,0.64
2015,67.25533333333306,-0.862,-1.038,-8.697,34.036,-36.867,4.86,17.5,17.40869899,78.40036955,0.421,0.64
2016,67.28870000000006,0.337,-1.23,-0.697,-8.25,26.2,4.856,17.48,17.40869989,78.40036832,0.421,0.64
2017,67.32206666666661,-1.208,-1.608,-10.123,-14.147,-28.582,4.827,17.38,17.40870075,78.40036711,0.421,0.64
2018,67.35543333333362,-3.334,-2.376,-14.696,-26.495,-43.438,4.786,17.23,17.40870159,78.4003659,0.421,0.64
2019,67.38880000000017,-2.869,-2.807,-6.041,-16.78,7.981,4.746,17.08,17.40870242,78.4003647,0.421,0.64
2020,67.42216666666673,-2.859,-2.344,-5.571,10.406,-2.026,4.737,17.05,17.40870317,78.40036339,0.421,0.64
2021,67.45553333333328,-2.55,-1.705,-4.571,16.253,4.258,4.744,17.08,17.40870387,78.40036202,0.421,0.64
2022,67.48890000000029,-3.262,-1.387,-7.41,6.849,-17.012,4.751,17.1,17.40870457,78.40036066,0.421,0.64
2023,67.52226666666684,-3.243,-0.823,-2.18,14.712,-5.04,4.749,17.1,17.40870531,78.40035935,0.421,0.64
2024,67.55563333333339,-2.622,-0.833,-0.24,-2.475,7.689,4.744,17.08,17.40870608,78.40035809,0.421,0.64
2025,67.58899999999994,-2.885,-0.191,-1.037,17.573,-11.191,4.739,17.06,17.40870685,78.40035682,0.421,0.64
2026,67.62236666666695,-2.599,1.233,1.475,42.213,-0.622,4.726,17.01,17.40870759,78.40035555,0.421,0.64
2027,67.65573333333305,-2.022,1.542,-0.53,9.053,8.218,4.709,16.95,17.40870833,78.40035428,0.421,0.64
2028,67.68910000000005,-1.304,0.932,0.098,-18.997,12.363,4.692,16.89,17.40870906,78.40035301,0.421,0.64
2029,67.7224666666666,-0.971,1.059,-1.826,3.207,6.082,4.699,16.92,17.40870979,78.4003517,0.421,0.64
2030,67.75583333333361,-0.856,1.674,-2.98,18.356,2.441,4.716,16.98,17.40871053,78.40035037,0.421,0.64
2031,67.78920000000016,-1.305,1.507,-4.576,-5.233,-9.394,4.733,17.04,17.40871126,78.40034903,0.421,0.64
2032,67.82256666666672,-1.115,0.746,-3.273,-23.653,3.718,4.716,16.98,17.40871197,78.40034777,0.421,0.64
2033,67.85593333333327,-1.28,0.738,-0.766,-1.106,-6.051,4.681,16.85,17.40871267,78.40034653,0.421,0.64
2034,67.88930000000028,-1.005,-0.271,-0.067,-31.951,3.524,4.647,16.73,17.40871338,78.4003453,0.421,0.64
2035,67.92266666666683,-1.132,-1.226,-2.286,-31.131,-3.901,4.595,16.54,17.40871417,78.40034417,0.421,0.64
2036,67.95603333333338,-0.839,-2.531,-1.861,-42.722,5.7,4.535,16.32,17.408715,78.40034311,0.421,0.64
2037,67.98939999999993,-0.861,-2.597,1.823,-5.66,-4.159,4.474,16.11,17.40871584,78.40034204,0.421,0.64
2038,68.02276666666694,-1.643,-2.47,-2.041,0.22,-20.468,4.425,15.93,17.40871667,78.40034097,0.421,0.64
2039,68.05613333333304,-1.419,-1.866,3.35,15.031,-0.99,4.38,15.77,17.4087175,78.4003399,0.421,0.64
2040,68.08950000000004,-0.674,-1.904,1.8,-4.229,14.083,4.336,15.61,17.40871834,78.40033884,0.421,0.64
2041,68.1228666666666,-1.432,-0.828,-1.844,30.041,-20.13,4.308,15.51,17.40871924,78.40033784,0.421,0.64
2042,68.1562333333336,-1.773,-0.334,-2.723,13.032,-10.354,4.288,15.44,17.40872017,78.40033687,0.421,0.64
2043,68.18960000000015,-1.082,0.577,2.306,26.265,11.696,4.268,15.37,17.40872111,78.4003359,0.421,0.64
2044,68.22296666666671,0.459,0.804,4.848,5.976,34.227,4.234,15.24,17.408722,78.40033493,0.421,0.64
2045,68.25633333333326,0.811,0.067,-0.712,-23.512,10.515,4.193,15.1,17.40872286,78.40033397,0.421,0.64
2046,68.28970000000027,-0.144,0.558,-1.629,13.677,-22.922,4.153,14.95,17.40872373,78.400333,0.421,0.64
2047,68.32306666666682,-0.276,0.861,-2.399,8.288,-2.373,4.127,14.86,17.40872446,78.40033194,0.421,0.64
2048,68.35643333333337,0.623,0.103,3.593,-24.12,20.33,4.107,14.79,17.40872513,78.40033084,0.421,0.64
2049,68.38979999999992,0.655,0.858,5.284,21.857,-2.45,4.088,14.72,17.4087258,78.40032974,0.421,0.64
2050,68.42316666666693,0.638,2.115,3.576,37.949,-2.337,4.04,14.55,17.40872637,78.40032861,0.421,0.64
2051,68.45653333333303,1.562,3.436,7.881,40.993,20.269,3.98,14.33,17.4087269,78.40032748,0.421,0.64
2052,68.48990000000003,2.458,5.011,7.722,49.926,22.245,3.92,14.11,17.40872744,78.40032634,0.421,0.64
2053,68.52326666666659,2.674,4.741,-1.668,-5.608,13.225,3.908,14.07,17.40872809,78.40032528,0.421,0.64
2054,68.5566333333336,2.27,3.194,-3.071,-45.137,-2.612,3.916,14.1,17.40872879,78.40032424,0.421,0.64
2055,68.59000000000015,1.284,2.864,-3.539,-8.957,-19.77,3.924,14.12,17.40872949,78.40032321,0.421,0.64
2056,68.6233666666667,1.328,1.945,-2.112,-27.386,5.831,3.898,14.03,17.40873012,78.40032222,0.421,0.64
2057,68.6567333333328,1.06,2.092,-2.976,4.722,-2.23,3.858,13.89,17.40873072,78.40032125,0.421,0.64
2058,68.69010000000026,0.551,1.782,-3.134,-9.253,-9.776,3.819,13.75,17.40873132,78.40032029,0.421,0.64
2059,68.72346666666681,0.182,1.094,-5.673,-21.175,-4.816,3.79,13.64,17.40873195,78.40031927,0.421,0.64
2060,68.75683333333336,-0.093,0.145,-2.795,-29.773,-5.591,3.765,13.55,17.40873258,78.40031824,0.421,0.64
2061,68.79019999999991,-0.724,1.71,-1.486,46.891,-18.154,3.74,13.46,17.40873321,78.4003172,0.421,0.64
2062,68.82356666666692,-0.916,3.66,-1.938,60.059,-6.278,3.741,13.47,17.40873392,78.40031626,0.421,0.64
2063,68.85693333333302,-0.547,3.49,-4.099,-3.59,11.742,3.751,13.5,17.40873465,78.40031536,0.421,0.64
2064,68.89030000000002,-1.082,3.758,-9.568,9.763,-9.082,3.762,13.54,17.40873539,78.40031446,0.421,0.64
2065,68.92366666666658,-2.485,4.308,-9.34,18.651,-36.92,3.763,13.55,17.40873612,78.40031351,0.421,0.64
2066,68.95703333333358,-2.189,4.598,-7.958,11.14,8.948,3.76,13.54,17.40873685,78.40031255,0.421,0.64
2067,68.99040000000014,-2.613,5.298,-13.112,23.997,-6.895,3.757,13.52,17.40873759,78.40031158,0.421,0.64
2068,69.02376666666669,-3.626,6.268,-9.677,32.933,-28.988,3.728,13.42,17.4087383,78.40031066,0.421,0.64
2069,69.05713333333279,-4.159,6.956,-9.228,25.077,-17.707,3.689,13.28,17.408739,78.40030976,0.421,0.64
2070,69.09049999999979,-3.632,4.866,-8.817,-59.932,12.545,3.649,13.14,17.4087397,78.40030886,0.421,0.64
2071,69.1238666666668,-3.614,3.85,-10.805,-28.613,0.299,3.649,13.13,17.40874038,78.40030788,0.421,0.64
2072,69.15723333333335,-4.033,4.176,-11.168,11.907,-12.561,3.663,13.19,17.40874104,78.40030688,0.421,0.64
2073,69.1905999999999,-3.531,3.61,-8.713,-15.296,11.92,3.678,13.24,17.40874171,78.40030588,0.421,0.64
2074,69.22396666666691,-3.613,2.396,-11.442,-35.738,-1.911,3.692,13.29,17.4087424,78.40030488,0.421,0.64
2075,69.25733333333301,-4.254,3.459,-8.477,33.393,-21.617,3.706,13.34,17.4087431,78.40030388,0.421,0.64
2076,69.29070000000002,-4.634,4.617,-9.653,37.225,-14.318,3.719,13.39,17.4087438,78.40030288,0.421,0.64
2077,69.32406666666657,-3.24,3.69,-4.266,-26.025,33.134,3.724,13.41,17.40874451,78.4003019,0.421,0.64
2078,69.35743333333357,-3.029,3.176,-7.113,-14.065,3.629,3.726,13.42,17.40874521,78.40030093,0.421,0.64
2079,69.39080000000013,-3.521,4.315,-3.886,36.406,-19.726,3.728,13.42,17.40874591,78.40029997,0.421,0.64
2080,69.42416666666668,-2.882,4.886,-1.464,19.902,10.505,3.729,13.42,17.40874653,78.40029893,0.421,0.64
2081,69.45753333333278,-0.883,2.005,3.166,-85.993,50.08,3.729,13.42,17.40874714,78.40029786,0.421,0.64
2082,69.49089999999978,-0.53,0.321,-2.151,-51.521,9.463,3.729,13.42,17.40874774,78.40029679,0.421,0.64
2083,69.52426666666679,-1.559,1.317,0.757,29.607,-33.694,3.743,13.47,17.40874846,78.4002958,0.421,0.64
2084,69.55763333333334,-0.512,1.864,8.06,16.646,19.034,3.761,13.54,17.40874923,78.40029483,0.421,0.64
2085,69.5909999999999,1.994,-0.429,13.473,-70.39,62.8,3.78,13.61,17.40874999,78.40029386,0.421,0.64
2086,69.6243666666669,1.436,-1.475,-4.418,-33.937,-7.922,3.788,13.64,17.40875071,78.40029284,0.421,0.64
2087,69.657733333333,-0.531,0.14,-4.64,47.206,-52.282,3.793,13.66,17.40875141,78.40029181,0.421,0.64
2088,69.6911,-0.707,2.385,0.708,67.958,-7.741,3.798,13.67,17.40875211,78.40029078,0.421,0.64
2089,69.72446666666656,0.739,1.858,3.447,-15.534,37.41,3.799,13.68,17.40875284,78.40028979,0.421,0.64
2090,69.75783333333356,0.893,0.874,-5.111,-30.088,10.286,3.799,13.68,17.40875357,78.40028882,0.421,0.64
2091,69.79120000000012,-0.158,2.141,-5.809,38.461,-24.063,3.799,13.68,17.40875431,78.40028786,0.421,0.64
2092,69.82456666666667,-0.452,4.305,-2.502,67.168,-7.362,3.816,13.74,17.40875499,78.40028676,0.421,0.64
2093,69.85793333333322,0.16,3.567,-1.531,-20.423,17.287,3.84,13.82,17.40875566,78.40028563,0.421,0.64
2094,69.89129999999977,0.884,1.089,-1.802,-74.671,22.248,3.864,13.91,17.40875633,78.4002845,0.421,0.64
2095,69.92466666666678,0.192,0.585,-3.62,-15.905,-14.99,3.9,14.04,17.40875709,78.40028344,0.421,0.64
2096,69.95803333333333,-1.055,1.853,-4.91,38.251,-31.486,3.941,14.19,17.40875789,78.4002824,0.421,0.64
2097,69.99139999999989,-0.002,2.908,4.94,32.791,22.084,3.982,14.34,17.40875869,78.40028137,0.421,0.64
2098,70.02476666666689,0.832,-0.929,-2.016,-117.078,24.403,4.0,14.4,17.40875949,78.40028031,0.421,0.64
2099,70.05813333333299,0.008,-1.28,0.866,-12.889,-22.269,4.01,14.44,17.4087603,78.40027924,0.421,0.64
2100,70.0915,-1.154,1.181,3.075,73.447,-35.927,4.02,14.47,17.4087611,78.40027817,0.421,0.64
2101,70.12486666666655,-0.235,3.808,8.146,80.644,15.115,4.03,14.51,17.40876187,78.4002771,0.421,0.64
2102,70.15823333333356,1.643,3.039,11.275,-21.777,42.121,4.041,14.55,17.40876264,78.40027604,0.421,0.64
2103,70.19160000000011,2.436,-1.622,0.901,-142.333,24.49,4.052,14.59,17.40876341,78.40027497,0.421,0.64
2104,70.22496666666666,-0.511,-1.945,-11.679,-12.594,-70.856,4.056,14.6,17.4087643,78.400274,0.421,0.64
2105,70.25833333333321,-1.648,0.151,-0.968,61.657,-32.588,4.058,14.61,17.40876523,78.40027307,0.421,0.64
2106,70.29170000000022,-0.74,2.218,6.611,62.504,14.835,4.06,14.61,17.40876617,78.40027213,0.421,0.64
2107,70.32506666666677,1.331,1.159,8.554,-32.051,48.928,4.059,14.61,17.40876708,78.4002712,0.421,0.64
2108,70.35843333333332,1.46,-0.524,-4.314,-52.158,9.708,4.058,14.61,17.40876798,78.40027026,0.421,0.64
2109,70.39179999999988,0.264,-0.865,-3.695,-12.221,-27.004,4.056,14.6,17.40876888,78.40026933,0.421,0.64
2110,70.42516666666688,-0.214,0.765,-0.146,48.188,-12.877,4.061,14.62,17.40876963,78.40026822,0.421,0.64
2111,70.45853333333298,0.867,2.492,6.524,52.583,23.144,4.068,14.65,17.40877033,78.40026705,0.421,0.64
2112,70.49189999999999,2.854,2.218,12.665,-7.628,46.67,4.075,14.67,17.40877103,78.40026588,0.421,0.64
2113,70.52526666666654,2.131,1.757,-3.393,-13.601,-10.641,4.079,14.68,17.40877176,78.40026479,0.421,0.64
2114,70.55863333333309,-1.289,2.161,-12.2,12.636,-87.856,4.081,14.69,17.40877249,78.40026372,0.421,0.64
2115,70.5920000000001,-2.415,3.525,1.647,42.566,-36.281,4.083,14.7,17.40877322,78.40026266,0.421,0.64
2116,70.62536666666665,-1.531,5.577,8.351,64.93,10.834,4.083,14.7,17.40877408,78.40026164,0.421,0.64
2117,70.6587333333332,2.654,3.737,20.763,-53.256,108.95,4.083,14.7,17.40877499,78.40026064,0.421,0.64
2118,70.69210000000021,3.871,3.626,4.84,-1.514,35.516,4.082,14.7,17.40877589,78.40025964,0.421,0.64
2119,70.72546666666676,1.998,2.875,-3.188,-21.342,-40.441,4.101,14.76,17.40877686,78.40025869,0.421,0.64
2120,70.75883333333331,1.171,2.239,1.178,-18.431,-19.105,4.126,14.85,17.40877786,78.40025775,0.421,0.64
2121,70.79219999999987,0.837,3.475,5.57,38.749,-11.239,4.15,14.94,17.40877887,78.40025682,0.421,0.64
2122,70.82556666666687,2.035,3.016,10.537,-12.454,25.182,4.143,14.91,17.40877987,78.40025588,0.421,0.64
2123,70.85893333333343,2.811,4.053,3.974,33.269,22.036,4.125,14.85,17.40878087,78.40025495,0.421,0.64
2124,70.89229999999998,1.919,2.66,3.982,-40.74,-21.339,4.108,14.79,17.40878187,78.40025402,0.421,0.64
2125,70.92566666666653,-0.183,2.057,-4.21,-17.569,-51.353,4.112,14.8,17.40878272,78.40025298,0.421,0.64
2126,70.95903333333308,-1.35,3.401,3.365,41.923,-35.766,4.123,14.84,17.40878352,78.40025191,0.421,0.64
2127,70.99240000000009,2.217,4.83,19.667,45.673,84.851,4.134,14.88,17.40878432,78.40025084,0.421,0.64
2128,71.02576666666619,6.448,2.928,26.004,-55.734,117.179,4.142,14.91,17.40878512,78.40024972,0.421,0.64
2129,71.0591333333332,7.793,1.861,9.398,-31.611,44.315,4.15,14.94,17.40878592,78.40024859,0.421,0.64
2130,71.0925000000002,5.715,1.226,3.722,-19.19,-41.889,4.157,14.97,17.40878672,78.40024746,0.421,0.64
2131,71.12586666666675,3.248,0.92,2.204,-9.599,-57.29,4.193,15.09,17.40878744,78.40024619,0.421,0.64
2132,71.1592333333333,2.032,2.193,6.527,38.818,-30.444,4.237,15.25,17.40878814,78.40024489,0.421,0.64
2133,71.19259999999986,2.816,5.476,17.363,101.814,10.842,4.28,15.41,17.40878884,78.40024359,0.421,0.64
2134,71.22596666666686,4.632,8.44,21.0,94.749,37.412,4.278,15.4,17.40878957,78.40024242,0.421,0.64
2135,71.25933333333342,6.588,9.686,20.347,44.303,46.691,4.263,15.35,17.40879031,78.40024128,0.421,0.64
2136,71.29269999999997,6.49,8.644,8.381,-25.099,5.488,4.248,15.29,17.40879104,78.40024015,0.421,0.64
2137,71.32606666666652,3.297,8.729,1.437,8.755,-76.776,4.271,15.37,17.4087919,78.40023901,0.421,0.64
2138,71.35943333333307,3.884,8.504,12.902,-0.698,12.152,4.304,15.49,17.4087928,78.40023788,0.421,0.64
2139,71.39280000000008,6.381,8.274,15.66,-1.071,64.596,4.337,15.61,17.40879371,78.40023674,0.421,0.64
2140,71.42616666666618,5.673,7.764,5.591,-9.836,-8.459,4.341,15.63,17.40879445,78.40023556,0.421,0.64
2141,71.45953333333318,4.72,7.122,8.595,-14.335,-18.728,4.337,15.61,17.40879515,78.40023436,0.421,0.64
2142,71.49290000000019,6.371,2.709,17.9,-131.075,39.725,4.333,15.6,17.40879585,78.40023316,0.421,0.64
2143,71.52626666666674,4.327,3.64,4.512,29.89,-43.039,4.352,15.67,17.40879663,78.40023188,0.421,0.64
2144,71.5596333333333,5.167,6.861,21.1,101.259,14.416,4.377,15.76,17.40879743,78.40023057,0.421,0.64
2145,71.59299999999985,7.668,8.928,21.844,68.401,61.506,4.402,15.85,17.40879823,78.40022927,0.421,0.64
2146,71.62636666666685,8.536,9.707,18.767,30.449,24.236,4.438,15.98,17.40879895,78.40022792,0.421,0.64
2147,71.6597333333334,8.86,14.901,15.791,167.166,14.49,4.477,16.12,17.40879965,78.40022655,0.421,0.64
2148,71.69309999999996,9.824,14.044,17.582,-14.871,29.911,4.516,16.26,17.40880036,78.40022518,0.421,0.64
2149,71.72646666666651,6.911,14.465,-7.936,23.799,-46.538,4.52,16.27,17.40880111,78.40022389,0.421,0.64
2150,71.75983333333306,4.092,16.132,0.071,62.574,-58.242,4.514,16.25,17.40880188,78.40022263,0.421,0.64
2151,71.79320000000007,4.343,17.089,5.56,42.137,10.678,4.509,16.23,17.40880264,78.40022136,0.421,0.64
2152,71.82656666666662,3.72,15.155,4.37,-46.115,-9.335,4.522,16.28,17.4088034,78.40022013,0.421,0.64
2153,71.85993333333317,1.8,13.451,-1.839,-40.654,-38.822,4.541,16.35,17.40880416,78.40021892,0.421,0.64
2154,71.89330000000018,-0.049,10.818,-9.076,-70.679,-35.393,4.559,16.41,17.40880492,78.40021771,0.421,0.64
2155,71.92666666666673,-2.698,12.184,-3.146,50.319,-67.771,4.579,16.49,17.40880565,78.40021649,0.421,0.64
2156,71.96003333333329,0.013,14.081,10.758,67.872,54.866,4.602,16.57,17.40880635,78.40021528,0.421,0.64
2157,71.99339999999984,-0.186,14.01,-3.702,8.868,-2.127,4.625,16.65,17.40880704,78.40021407,0.421,0.64
2158,72.02676666666684,-2.233,12.594,-12.293,-32.634,-41.991,4.638,16.7,17.40880774,78.40021287,0.421,0.64
2159,72.0601333333334,-4.204,9.041,-22.855,-99.68,-36.428,4.613,16.61,17.40880844,78.40021171,0.421,0.64
2160,72.09349999999995,-5.968,8.44,-16.673,-11.67,-40.714,4.589,16.52,17.40880914,78.40021056,0.421,0.64
2161,72.12686666666696,-5.286,9.803,-3.453,48.369,6.317,4.564,16.43,17.40880983,78.40020941,0.421,0.64
2162,72.16023333333305,-6.004,7.752,-12.081,-55.69,-19.966,4.576,16.47,17.40881053,78.40020823,0.421,0.64
2163,72.19360000000006,-8.349,7.133,-17.385,-13.258,-61.011,4.591,16.53,17.40881123,78.40020705,0.421,0.64
2164,72.22696666666661,-7.72,8.251,-7.258,39.716,2.717,4.606,16.58,17.40881193,78.40020586,0.421,0.64
2165,72.26033333333362,-8.02,8.707,-15.793,20.295,-12.129,4.589,16.52,17.40881259,78.40020472,0.421,0.64
2166,72.29370000000017,-6.882,6.881,-14.419,-49.617,21.292,4.551,16.39,17.40881323,78.40020359,0.421,0.64
2167,72.32706666666672,-8.542,6.626,-24.108,-2.728,-38.884,4.514,16.25,17.40881386,78.40020247,0.421,0.64
2168,72.36043333333328,-8.45,7.722,-13.531,38.663,-6.222,4.491,16.17,17.40881452,78.40020136,0.421,0.64
2169,72.39380000000028,-8.059,7.325,-11.124,-6.372,-0.478,4.502,16.21,17.40881522,78.40020027,0.421,0.64
2170,72.42716666666684,-10.101,7.001,-19.18,-4.464,-56.818,4.513,16.25,17.40881591,78.40019917,0.421,0.64
2171,72.46053333333339,-9.089,6.575,-8.993,-7.863,9.596,4.524,16.29,17.40881661,78.40019808,0.421,0.64
2172,72.49389999999994,-7.875,5.198,-5.284,-37.517,13.891,4.545,16.36,17.40881731,78.4001969,0.421,0.64
2173,72.52726666666695,-9.511,6.675,-9.66,49.267,-52.362,4.566,16.44,17.40881801,78.40019572,0.421,0.64
2174,72.56063333333304,-8.815,7.424,-4.546,28.07,-0.24,4.587,16.51,17.4088187,78.40019453,0.421,0.64
2175,72.59400000000005,-6.454,7.059,0.793,-5.565,38.783,4.579,16.49,17.40881949,78.40019348,0.421,0.64
2176,72.6273666666666,-7.342,4.341,-11.416,-78.396,-27.584,4.56,16.42,17.40882031,78.40019248,0.421,0.64
2177,72.66073333333361,-5.513,6.241,-0.521,61.626,29.546,4.541,16.35,17.40882113,78.40019148,0.421,0.64
2178,72.69410000000016,-5.983,2.757,-6.129,-102.687,-19.218,4.522,16.28,17.40882192,78.40019048,0.421,0.64
2179,72.72746666666671,-5.482,1.316,-9.641,-42.623,6.32,4.502,16.21,17.40882268,78.40018948,0.421,0.64
2180,72.76083333333327,-5.72,2.287,-9.411,30.458,-11.008,4.483,16.14,17.40882344,78.40018847,0.421,0.64
2181,72.79420000000027,-6.351,4.896,-9.25,81.752,-21.649,4.465,16.07,17.4088242,78.40018747,0.421,0.64
2182,72.82756666666683,-4.118,2.975,-4.602,-55.626,46.737,4.458,16.05,17.40882495,78.40018644,0.421,0.64
2183,72.86093333333338,-6.109,2.749,-15.737,-5.009,-49.222,4.452,16.03,17.40882571,78.40018541,0.421,0.64
2184,72.89429999999993,-5.939,3.842,-15.81,35.445,2.502,4.445,16.0,17.40882647,78.40018438,0.421,0.64
2185,72.92766666666694,-5.25,3.197,-3.905,-17.166,6.773,4.46,16.06,17.4088274,78.40018312,0.421,0.64
2186,72.96103333333303,-4.88,1.829,-0.126,-40.0,-2.534,4.48,16.13,17.40882836,78.40018183,0.421,0.64
2187,72.99440000000004,-5.23,2.293,-3.39,15.325,-17.109,4.495,16.18,17.40882931,78.40018052,0.421,0.64
2188,73.0277666666666,-4.532,2.255,-2.758,0.24,7.629,4.477,16.12,17.40883017,78.40017919,0.421,0.64
2189,73.0611333333336,-3.045,-0.601,-1.198,-86.641,27.987,4.459,16.05,17.40883102,78.40017785,0.421,0.64
2190,73.09450000000015,-4.934,0.742,-6.645,40.369,-51.554,4.456,16.04,17.4088319,78.40017652,0.421,0.64
2191,73.1278666666667,-5.5,2.599,-0.818,57.308,-24.806,4.472,16.1,17.40883283,78.40017519,0.421,0.64
2192,73.16123333333326,-4.57,3.648,-1.69,34.002,11.962,4.489,16.16,17.40883376,78.40017385,0.421,0.64
2193,73.19460000000026,-4.615,4.542,-7.254,30.101,-5.953,4.491,16.17,17.40883471,78.4001726,0.421,0.64
2194,73.22796666666682,-7.082,7.727,-13.677,101.444,-66.286,4.488,16.16,17.40883567,78.40017137,0.421,0.64
2195,73.26133333333337,-5.845,11.774,2.293,130.716,13.119,4.487,16.15,17.40883664,78.40017015,0.421,0.64
2196,73.29469999999992,-2.889,10.131,1.336,-41.179,63.279,4.511,16.24,17.40883764,78.40016881,0.421,0.64
2197,73.32806666666693,-2.672,8.83,-4.968,-32.037,2.358,4.535,16.33,17.40883864,78.40016748,0.421,0.64
2198,73.36143333333303,-3.469,9.459,-10.753,26.382,-17.647,4.563,16.43,17.40883964,78.40016613,0.421,0.64
2199,73.39480000000003,-1.035,6.943,-8.512,-69.994,61.598,4.599,16.56,17.40884064,78.40016476,0.421,0.64
2200,73.42816666666658,0.964,4.005,0.055,-85.112,47.26,4.634,16.68,17.40884164,78.40016339,0.421,0.64
2201,73.46153333333359,0.964,2.757,-5.195,-35.498,5.304,4.646,16.73,17.40884269,78.40016209,0.421,0.64
2202,73.49490000000014,0.298,3.194,-4.65,15.364,-11.0,4.645,16.72,17.40884377,78.40016083,0.421,0.64
2203,73.5282666666667,-0.227,4.164,-1.374,32.189,-11.419,4.644,16.72,17.40884484,78.40015957,0.421,0.64
2204,73.5616333333328,-0.918,5.049,-2.982,30.368,-15.181,4.694,16.9,17.40884595,78.4001582,0.421,0.64
2205,73.59500000000025,-1.963,5.129,-7.017,6.309,-21.991,4.747,17.09,17.40884707,78.40015683,0.421,0.64
2206,73.6283666666668,-2.1,5.743,-3.642,22.845,-5.042,4.783,17.22,17.40884817,78.40015547,0.421,0.64
2207,73.66173333333336,-2.979,7.604,-3.425,61.807,-23.024,4.769,17.17,17.40884924,78.40015413,0.421,0.64
2208,73.69509999999991,-4.62,9.561,-9.293,66.34,-39.54,4.755,17.12,17.40885032,78.4001528,0.421,0.64
2209,73.72846666666692,-4.483,10.873,-4.833,48.102,-3.27,4.754,17.11,17.40885142,78.40015148,0.421,0.64
2210,73.76183333333302,-3.002,12.664,0.414,63.998,24.888,4.762,17.14,17.40885253,78.40015018,0.421,0.64
2211,73.79520000000002,-1.392,11.378,7.405,-29.284,25.95,4.771,17.17,17.40885364,78.40014889,0.421,0.64
2212,73.82856666666657,-0.194,11.766,3.34,21.232,22.377,4.776,17.19,17.40885471,78.4001477,0.421,0.64
2213,73.86193333333358,1.596,11.308,1.989,-4.467,40.67,4.781,17.21,17.40885578,78.40014653,0.421,0.64
2214,73.89530000000013,1.508,10.223,0.247,-24.173,0.528,4.786,17.23,17.40885685,78.40014536,0.421,0.64
2215,73.92866666666669,1.672,11.039,7.412,33.478,1.135,4.795,17.26,17.40885786,78.40014417,0.421,0.64
2216,73.96203333333278,2.088,11.9,5.108,35.601,8.914,4.804,17.29,17.40885886,78.40014297,0.421,0.64
2217,73.99539999999979,2.842,11.621,3.549,1.211,18.742,4.813,17.33,17.40885986,78.40014177,0.421,0.64
2218,74.0287666666668,3.283,11.585,5.772,8.468,11.387,4.814,17.33,17.40886086,78.40014054,0.421,0.64
2219,74.06213333333335,4.55,10.726,10.978,-16.904,28.09,4.815,17.33,17.40886186,78.4001393,0.421,0.64
2220,74.0954999999999,4.449,9.332,8.481,-34.072,0.445,4.815,17.33,17.40886286,78.40013807,0.421,0.64
2221,74.12886666666691,3.385,8.634,4.523,-13.805,-19.332,4.805,17.3,17.40886375,78.40013672,0.421,0.64
2222,74.162233333333,3.255,9.305,8.497,27.81,-2.59,4.794,17.26,17.40886462,78.40013535,0.421,0.64
2223,74.19560000000001,5.727,8.876,16.375,-5.501,55.485,4.783,17.22,17.40886549,78.40013398,0.421,0.64
2224,74.22896666666657,6.778,8.898,16.234,8.037,24.216,4.817,17.34,17.40886644,78.40013258,0.421,0.64
2225,74.26233333333357,7.878,7.851,15.804,-24.863,27.735,4.858,17.49,17.40886741,78.40013118,0.421,0.64
2226,74.29570000000012,6.812,7.46,1.395,-5.518,-9.9,4.899,17.64,17.40886838,78.40012978,0.421,0.64
2227,74.32906666666668,5.816,7.924,7.438,20.483,-14.526,4.925,17.73,17.4088694,78.40012852,0.421,0.64
2228,74.36243333333277,5.053,8.966,6.897,38.716,-10.783,4.95,17.82,17.40887044,78.40012729,0.421,0.64
2229,74.39579999999978,4.374,10.399,7.115,51.68,-10.473,4.974,17.91,17.40887147,78.40012606,0.421,0.64
2230,74.42916666666679,4.238,9.908,6.437,-6.427,0.793,4.942,17.79,17.40887236,78.40012479,0.421,0.64
2231,74.46253333333334,5.029,9.546,10.898,-2.833,18.559,4.902,17.65,17.40887323,78.40012352,0.421,0.64
2232,74.49589999999989,5.397,7.634,9.09,-50.877,11.786,4.862,17.5,17.40887409,78.40012226,0.421,0.64
2233,74.5292666666669,2.97,8.313,4.442,27.385,-50.934,4.853,17.47,17.40887499,78.40012096,0.421,0.64
2234,74.562633333333,3.203,8.388,7.934,9.313,5.433,4.848,17.45,17.40887589,78.40011966,0.421,0.64
2235,74.596,4.187,7.905,7.945,-7.786,23.37,4.844,17.44,17.40887679,78.40011836,0.421,0.64
2236,74.62936666666656,4.294,8.826,1.739,35.074,9.327,4.833,17.4,17.40887766,78.40011708,0.421,0.64
2237,74.66273333333356,4.152,9.075,2.904,15.185,3.043,4.822,17.36,17.40887853,78.40011582,0.421,0.64
2238,74.69610000000011,2.736,8.44,2.799,-11.867,-26.935,4.811,17.32,17.4088794,78.40011455,0.421,0.64
2239,74.72946666666667,0.807,8.123,-4.135,-2.565,-37.466,4.812,17.32,17.40888027,78.40011322,0.421,0.64
2240,74.76283333333322,-0.721,7.288,-3.923,-18.779,-31.796,4.815,17.33,17.40888113,78.40011189,0.421,0.64
2241,74.79620000000023,-1.263,8.078,0.971,30.582,-14.954,4.818,17.34,17.408882,78.40011055,0.421,0.64
2242,74.82956666666678,-1.251,8.887,4.421,31.835,-5.62,4.818,17.34,17.40888281,78.40010922,0.421,0.64
2243,74.86293333333333,-0.993,8.289,-1.961,-10.788,4.504,4.817,17.34,17.40888361,78.40010788,0.421,0.64
2244,74.89629999999988,-1.048,5.959,-15.441,-64.678,7.279,4.817,17.34,17.40888441,78.40010655,0.421,0.64
2245,74.92966666666689,-2.533,6.132,-12.57,10.515,-28.292,4.814,17.33,17.40888533,78.4001053,0.421,0.64
2246,74.96303333333299,-2.431,6.5,-5.685,16.654,0.918,4.81,17.32,17.40888626,78.40010407,0.421,0.64
2247,74.9964,-2.099,6.408,-4.376,2.826,5.526,4.806,17.3,17.4088872,78.40010283,0.421,0.64
2248,75.02976666666655,-2.837,5.267,-9.807,-29.578,-14.783,4.793,17.26,17.40888804,78.40010154,0.421,0.64
2249,75.06313333333355,-4.368,5.326,-12.051,6.446,-33.914,4.779,17.21,17.40888888,78.40010024,0.421,0.64
2250,75.0965000000001,-5.708,3.954,-14.132,-37.587,-31.034,4.765,17.16,17.40888971,78.40009894,0.421,0.64
2251,75.12986666666666,-6.001,4.242,-7.611,12.404,-13.46,4.75,17.1,17.40889064,78.40009769,0.421,0.64
2252,75.16323333333321,-5.859,2.277,-12.115,-56.764,-0.674,4.734,17.04,17.40889157,78.40009646,0.421,0.64
2253,75.19660000000022,-6.489,0.739,-15.147,-45.239,-16.443,4.719,16.99,17.4088925,78.40009523,0.421,0.64
2254,75.22996666666677,-6.756,-0.37,-12.245,-33.33,-11.351,4.677,16.84,17.40889347,78.40009408,0.421,0.64
2255,75.26333333333332,-6.809,0.519,-5.329,27.321,-11.934,4.633,16.68,17.40889444,78.40009295,0.421,0.64
2256,75.29669999999987,-5.681,0.633,-3.273,4.168,14.943,4.588,16.52,17.4088954,78.40009181,0.421,0.64
2257,75.33006666666688,-4.891,-0.572,-6.884,-36.372,11.804,4.563,16.43,17.40889628,78.40009062,0.421,0.64
2258,75.36343333333298,-4.724,-0.129,-5.813,13.374,-2.457,4.54,16.34,17.40889715,78.40008942,0.421,0.64
2259,75.39679999999998,-3.712,1.725,0.085,57.247,14.229,4.517,16.26,17.40889802,78.40008822,0.421,0.64
2260,75.43016666666654,-3.487,3.004,0.098,41.079,-2.955,4.483,16.14,17.40889888,78.40008707,0.421,0.64
2261,75.46353333333309,-3.09,3.859,-0.474,29.119,2.213,4.448,16.01,17.40889975,78.40008594,0.421,0.64
2262,75.4969000000001,-1.662,3.154,0.556,-18.248,28.627,4.413,15.89,17.40890062,78.40008481,0.421,0.64
2263,75.5302666666662,-0.688,3.289,-0.197,7.049,20.755,4.392,15.81,17.40890152,78.4000837,0.421,0.64
2264,75.5636333333332,-0.813,2.972,-5.217,-6.76,-1.132,4.373,15.74,17.40890242,78.4000826,0.421,0.64
2265,75.59700000000021,-1.38,1.788,-10.336,-33.731,-8.689,4.354,15.67,17.40890332,78.4000815,0.421,0.64
2266,75.63036666666676,-3.145,-0.202,-22.449,-59.564,-31.947,4.315,15.53,17.40890422,78.40008049,0.421,0.64
2267,75.66373333333331,-5.057,1.203,-14.327,43.396,-47.803,4.275,15.39,17.40890512,78.40007949,0.421,0.64
2268,75.69709999999986,-5.514,3.369,-7.332,67.993,-18.308,4.235,15.24,17.40890602,78.40007849,0.421,0.64
2269,75.73046666666687,-5.586,4.911,-10.091,50.59,-7.061,4.188,15.08,17.4089068,78.40007743,0.421,0.64
2270,75.76383333333342,-5.221,3.559,-12.623,-37.239,6.427,4.141,14.91,17.40890757,78.40007636,0.421,0.64
2271,75.79719999999998,-4.453,1.574,-10.866,-57.913,16.865,4.094,14.74,17.40890834,78.40007529,0.421,0.64
2272,75.83056666666653,-3.494,0.553,-7.809,-29.852,21.583,4.062,14.62,17.40890893,78.40007428,0.421,0.64
2273,75.86393333333308,-3.934,0.891,-6.93,11.158,-15.34,4.031,14.51,17.4089095,78.40007328,0.421,0.64
2274,75.89730000000009,-3.745,0.886,-2.465,0.885,-2.832,4.001,14.4,17.40891008,78.40007228,0.421,0.64
2275,75.93066666666618,-3.261,2.492,2.99,50.482,1.216,4.0,14.4,17.40891075,78.40007128,0.421,0.64
2276,75.96403333333319,-3.57,3.33,-0.884,28.209,-16.326,4.017,14.46,17.40891148,78.40007028,0.421,0.64
2277,75.9974000000002,-3.016,3.729,1.591,15.372,4.691,4.033,14.52,17.40891221,78.40006928,0.421,0.64
2278,76.03076666666675,-1.783,3.168,4.42,-13.837,22.555,4.026,14.49,17.40891292,78.40006833,0.421,0.64
2279,76.0641333333333,-1.85,3.635,3.803,17.356,-10.081,3.967,14.28,17.40891358,78.40006748,0.421,0.64
2280,76.09749999999985,-0.639,1.058,7.429,-76.059,22.882,3.908,14.07,17.40891425,78.40006663,0.421,0.64
2281,76.13086666666686,0.385,0.687,5.6,-10.221,22.461,3.851,13.86,17.40891492,78.40006577,0.421,0.64
2282,76.16423333333341,0.636,0.865,5.739,6.376,2.557,3.86,13.9,17.40891552,78.40006477,0.421,0.64
2283,76.19759999999997,2.388,-0.688,12.377,-46.837,41.395,3.869,13.93,17.40891613,78.40006377,0.421,0.64
2284,76.23096666666652,1.837,-1.522,1.01,-25.953,-11.255,3.878,13.96,17.40891674,78.40006277,0.421,0.64
2285,76.26433333333307,0.522,-0.48,2.709,31.119,-36.641,3.881,13.97,17.40891734,78.40006179,0.421,0.64
2286,76.29770000000008,2.675,-1.708,11.119,-37.953,54.881,3.882,13.97,17.40891795,78.40006082,0.421,0.64
2287,76.33106666666617,0.93,-0.449,-2.702,37.679,-42.46,3.882,13.98,17.40891856,78.40005985,0.421,0.64
2288,76.36443333333318,-0.022,0.106,2.376,17.015,-27.717,3.892,14.01,17.40891921,78.40005887,0.421,0.64
2289,76.39780000000019,1.994,-0.293,11.276,-11.896,48.441,3.912,14.08,17.40891994,78.40005787,0.421,0.64
2290,76.43116666666674,1.214,-1.493,-4.605,-36.924,-13.721,3.932,14.16,17.40892067,78.40005687,0.421,0.64
2291,76.46453333333329,0.164,0.304,0.617,54.386,-27.871,3.95,14.22,17.40892141,78.40005587,0.421,0.64
2292,76.49789999999985,2.976,-0.129,14.574,-12.771,71.517,3.948,14.21,17.40892223,78.40005493,0.421,0.64
2293,76.53126666666685,2.469,-1.059,0.956,-28.472,-8.293,3.947,14.21,17.40892305,78.40005399,0.421,0.64
2294,76.5646333333334,0.502,-0.942,-6.262,3.013,-45.807,3.945,14.2,17.40892387,78.40005305,0.421,0.64
2295,76.59799999999996,1.53,0.516,7.505,44.421,23.272,3.958,14.25,17.40892453,78.40005201,0.421,0.64
2296,76.63136666666651,1.901,0.356,5.983,-4.21,8.464,3.975,14.31,17.40892517,78.40005095,0.421,0.64
2297,76.66473333333306,0.437,0.233,-0.519,-3.179,-36.869,3.991,14.37,17.40892581,78.40004989,0.421,0.64
2298,76.69810000000007,1.689,2.385,9.854,66.793,27.096,4.019,14.47,17.40892651,78.40004884,0.421,0.64
2299,76.73146666666662,2.211,2.42,6.118,3.393,12.724,4.056,14.6,17.40892727,78.40004781,0.421,0.64
2300,76.76483333333317,0.736,-0.439,-12.915,-85.771,-24.753,4.094,14.74,17.40892803,78.40004678,0.421,0.64
2301,76.79820000000018,-1.207,1.672,-5.909,64.996,-47.943,4.122,14.84,17.40892876,78.40004574,0.421,0.64
2302,76.83156666666673,-0.66,3.546,5.516,59.442,6.863,4.118,14.83,17.40892943,78.40004468,0.421,0.64
2303,76.86493333333328,1.025,3.248,9.114,-5.891,36.68,4.115,14.81,17.4089301,78.40004362,0.421,0.64
2304,76.89830000000029,0.433,1.301,-6.185,-56.957,-8.957,4.111,14.8,17.40893077,78.40004255,0.421,0.64
2305,76.93166666666684,-1.844,1.035,-7.251,-6.773,-57.987,4.109,14.79,17.40893171,78.40004137,0.421,0.64
2306,76.9650333333334,-4.154,2.5,-3.411,46.331,-69.448,4.107,14.79,17.40893268,78.40004019,0.421,0.64
2307,76.99839999999995,-4.823,5.708,5.034,101.259,-33.035,4.109,14.79,17.40893361,78.40003897,0.421,0.64
2308,77.03176666666695,-3.802,9.0,9.885,106.565,7.58,4.119,14.83,17.40893447,78.40003768,0.421,0.64
2309,77.06513333333305,-1.803,11.126,11.748,73.441,35.379,4.13,14.87,17.40893532,78.40003638,0.421,0.64
2310,77.09850000000006,1.226,11.078,17.398,8.253,66.624,4.158,14.97,17.40893626,78.4000351,0.421,0.64
2311,77.13186666666661,3.47,10.074,15.377,-21.242,51.572,4.2,15.12,17.40893726,78.40003384,0.421,0.64
2312,77.16523333333362,6.05,8.514,12.784,-39.207,70.35,4.241,15.27,17.40893826,78.40003258,0.421,0.64
2313,77.19860000000017,6.562,3.549,-1.782,-145.418,28.447,4.265,15.35,17.40893916,78.40003119,0.421,0.64
2314,77.23196666666672,5.0,1.067,-8.844,-73.062,-19.12,4.286,15.43,17.40894005,78.40002978,0.421,0.64
2315,77.26533333333327,2.785,-0.024,-9.158,-32.309,-40.165,4.304,15.5,17.40894093,78.40002837,0.421,0.64
2316,77.29870000000028,0.497,-1.337,-11.075,-40.048,-46.105,4.306,15.5,17.40894175,78.40002697,0.421,0.64
2317,77.33206666666683,-1.766,-0.558,-9.782,23.281,-52.365,4.307,15.51,17.40894256,78.40002556,0.421,0.64
2318,77.36543333333339,-3.379,1.166,-5.552,53.047,-42.767,4.327,15.58,17.40894343,78.40002417,0.421,0.64
2319,77.39879999999994,-4.877,4.21,-4.607,95.188,-43.908,4.367,15.72,17.40894436,78.40002279,0.421,0.64
2320,77.43216666666694,-4.894,7.062,-2.86,91.834,-9.389,4.407,15.86,17.40894528,78.40002142,0.421,0.64
2321,77.46553333333304,-4.571,8.77,-0.807,59.006,-2.431,4.403,15.85,17.40894615,78.40002005,0.421,0.64
2322,77.49890000000005,-3.001,9.123,0.395,18.685,29.315,4.386,15.79,17.40894701,78.40001868,0.421,0.64
2323,77.5322666666666,-2.004,10.722,1.615,57.416,17.039,4.374,15.75,17.40894786,78.4000173,0.421,0.64
2324,77.56563333333361,-0.666,11.598,4.492,36.485,25.487,4.439,15.98,17.40894875,78.40001578,0.421,0.64
2325,77.59900000000016,1.574,10.761,6.346,-15.544,51.072,4.503,16.21,17.40894964,78.40001426,0.421,0.64
2326,77.63236666666671,3.517,8.005,6.101,-75.348,48.037,4.537,16.33,17.4089505,78.40001275,0.421,0.64
2327,77.66573333333326,4.816,5.148,-0.484,-80.768,40.632,4.52,16.27,17.40895132,78.40001127,0.421,0.64
2328,77.69910000000027,5.472,2.017,-4.081,-91.623,29.653,4.502,16.21,17.40895213,78.40000978,0.421,0.64
2329,77.73246666666682,6.812,-0.961,0.708,-89.529,45.601,4.507,16.23,17.40895302,78.40000833,0.421,0.64
2330,77.76583333333338,7.454,-3.878,-0.564,-90.159,30.88,4.525,16.29,17.40895395,78.40000688,0.421,0.64
2331,77.79919999999993,7.613,-5.519,-2.443,-53.308,21.354,4.542,16.35,17.40895488,78.40000543,0.421,0.64
2332,77.83256666666693,6.116,-6.33,-2.98,-29.129,-18.518,4.568,16.44,17.40895558,78.40000406,0.421,0.64
2333,77.86593333333303,4.365,-6.213,-0.791,-1.214,-29.71,4.595,16.54,17.40895628,78.4000027,0.421,0.64
2334,77.89930000000004,2.355,-2.831,-1.367,99.466,-39.725,4.621,16.64,17.40895699,78.40000133,0.421,0.64
2335,77.93266666666659,1.641,-0.438,-3.153,71.863,-10.243,4.655,16.76,17.40895785,78.40000003,0.421,0.64
2336,77.9660333333336,1.934,0.053,-0.048,15.244,9.966,4.689,16.88,17.40895872,78.39999872,0.421,0.64
2337,77.99940000000015,3.014,-1.288,3.112,-40.784,27.129,4.722,17.0,17.40895958,78.39999742,0.421,0.64
2338,78.03276666666625,4.051,-3.48,-2.228,-68.129,32.392,4.729,17.02,17.40896055,78.39999619,0.421,0.64
2339,78.0661333333328,4.497,-6.316,-9.812,-89.855,25.658,4.735,17.05,17.40896152,78.39999495,0.421,0.64
2340,78.09949999999981,2.497,-5.927,-8.616,7.151,-32.571,4.741,17.07,17.40896249,78.39999372,0.421,0.64
2341,78.13286666666681,1.712,-4.65,1.566,34.843,-14.794,4.753,17.11,17.40896342,78.39999245,0.421,0.64
2342,78.16623333333291,-0.561,-1.554,-5.583,91.93,-48.24,4.764,17.15,17.40896435,78.39999118,0.421,0.64
2343,78.19959999999992,-0.292,2.874,1.84,135.579,3.408,4.776,17.19,17.40896529,78.39998992,0.421,0.64
2344,78.23296666666693,0.427,4.809,-2.433,62.493,17.447,4.796,17.27,17.40896626,78.39998865,0.421,0.64
2345,78.26633333333348,1.389,5.764,1.831,33.926,21.529,4.816,17.34,17.40896722,78.39998738,0.421,0.64
2346,78.29970000000003,3.6,4.817,6.446,-23.841,51.514,4.837,17.41,17.40896819,78.39998611,0.421,0.64
2347,78.33306666666658,4.582,2.192,0.578,-76.337,29.341,4.858,17.49,17.40896936,78.39998494,0.421,0.64
2348,78.36643333333359,3.941,1.087,-9.399,-31.725,0.624,4.88,17.57,17.40897053,78.39998377,0.421,0.64
2349,78.39980000000014,3.066,-1.476,-9.595,-77.557,-5.797,4.902,17.65,17.40897169,78.39998261,0.421,0.64
2350,78.43316666666624,1.521,-1.775,-6.437,-9.997,-25.196,4.905,17.66,17.4089726,78.39998131,0.421,0.64
2351,78.46653333333279,-0.239,1.578,1.12,102.318,-39.302,4.909,17.67,17.4089735,78.39998001,0.421,0.64
2352,78.4998999999998,-1.762,4.469,-5.377,90.893,-32.308,4.912,17.68,17.4089744,78.3999787,0.421,0.64
2353,78.5332666666668,-1.612,5.848,0.095,46.742,-0.573,4.905,17.66,17.40897533,78.39997744,0.421,0.64
2354,78.5666333333329,-0.34,6.015,3.607,10.55,22.992,4.899,17.64,17.40897627,78.39997617,0.421,0.64
2355,78.59999999999991,0.859,6.631,6.407,24.56,21.905,4.892,17.61,17.4089772,78.3999749,0.421,0.64
2356,78.63336666666692,3.749,3.789,12.511,-81.476,63.384,4.906,17.66,17.40897817,78.39997363,0.421,0.64
2357,78.66673333333347,2.853,0.741,-5.638,-90.2,-9.329,4.921,17.71,17.40897914,78.39997236,0.421,0.64
2358,78.70010000000002,0.956,-0.197,-1.717,-27.756,-37.437,4.935,17.77,17.4089801,78.3999711,0.421,0.64
2359,78.73346666666657,0.827,-0.756,2.133,-16.867,-2.841,4.973,17.9,17.40898104,78.39996973,0.421,0.64
2360,78.76683333333358,-0.387,-1.87,-0.443,-34.41,-25.717,5.012,18.04,17.40898197,78.39996836,0.421,0.64
2361,78.80020000000013,-1.777,-1.936,-2.892,-3.095,-30.384,5.05,18.18,17.40898291,78.39996699,0.421,0.64
2362,78.83356666666623,-1.322,1.608,7.389,108.085,1.285,5.051,18.18,17.40898382,78.39996581,0.421,0.64
2363,78.86693333333278,0.311,2.953,8.441,43.305,27.823,5.051,18.18,17.40898473,78.39996463,0.421,0.64
2364,78.90029999999979,1.262,0.471,1.889,-73.455,20.02,5.052,18.19,17.40898564,78.39996344,0.421,0.64
2365,78.9336666666668,1.651,-1.644,1.631,-64.231,9.47,5.078,18.28,17.40898661,78.39996224,0.421,0.64
2366,78.96703333333289,-0.696,-4.769,-9.723,-97.164,-43.727,5.115,18.41,17.40898761,78.39996103,0.421,0.64
2367,79.0003999999999,-2.598,-8.82,-8.091,-128.318,-38.766,5.151,18.55,17.40898861,78.39995981,0.421,0.64
2368,79.0337666666669,-5.984,-2.193,-0.685,197.281,-93.73,5.161,18.58,17.40898953,78.3999586,0.421,0.64
2369,79.06713333333346,-2.176,0.027,11.232,67.055,71.213,5.131,18.47,17.40899031,78.39995739,0.421,0.64
2370,79.10050000000001,-2.192,0.858,0.763,26.116,-5.339,5.102,18.37,17.4089911,78.39995617,0.421,0.64
2371,79.13386666666656,-2.165,2.02,-0.158,37.049,-3.834,5.077,18.28,17.40899188,78.39995495,0.421,0.64
2372,79.16723333333357,-2.039,1.62,0.731,-10.122,-2.197,5.09,18.32,17.40899258,78.39995361,0.421,0.64
2373,79.20060000000012,-1.983,4.095,3.936,78.127,-5.595,5.102,18.37,17.40899328,78.39995228,0.421,0.64
2374,79.23396666666622,-0.574,7.946,7.652,122.601,21.632,5.114,18.41,17.40899397,78.39995094,0.421,0.64
2375,79.26733333333323,0.122,4.423,6.57,-101.338,9.291,5.143,18.51,17.40899477,78.39994961,0.421,0.64
2376,79.30069999999978,1.017,2.813,1.136,-45.35,18.474,5.175,18.63,17.40899559,78.39994827,0.421,0.64
2377,79.33406666666679,1.599,1.877,2.45,-25.933,12.395,5.208,18.75,17.40899641,78.39994694,0.421,0.64
2378,79.36743333333288,-0.456,-1.001,-9.602,-86.563,-36.088,5.207,18.74,17.4089972,78.39994567,0.421,0.64
2379,79.40079999999989,-2.624,1.576,-3.344,79.096,-48.216,5.176,18.63,17.40899795,78.39994445,0.421,0.64
2380,79.4341666666669,-1.915,4.198,4.227,82.674,7.249,5.145,18.52,17.40899871,78.39994324,0.421,0.64
2381,79.467533333333,1.455,3.736,14.86,-10.176,65.456,5.131,18.47,17.40899944,78.39994196,0.421,0.64
2382,79.5009,2.659,1.482,4.435,-65.743,25.703,5.177,18.64,17.40900008,78.39994044,0.421,0.64
2383,79.53426666666655,1.752,2.874,2.9,44.701,-16.597,5.223,18.8,17.40900072,78.39993892,0.421,0.64
2384,79.56763333333356,2.454,1.158,6.25,-49.909,13.737,5.269,18.97,17.40900135,78.39993741,0.421,0.64
2385,79.60100000000011,-0.146,-0.732,-4.942,-56.686,-50.279,5.305,19.1,17.40900216,78.399936,0.421,0.64
2386,79.63436666666621,1.412,4.941,16.598,174.735,21.571,5.341,19.23,17.40900298,78.39993461,0.421,0.64
2387,79.66773333333322,4.052,2.569,18.543,-68.374,47.995,5.377,19.36,17.4090038,78.39993321,0.421,0.64
2388,79.70110000000022,3.758,-0.729,1.334,-98.886,0.124,5.389,19.4,17.40900466,78.39993189,0.421,0.64
2389,79.73446666666678,5.711,0.062,16.262,24.342,37.985,5.388,19.4,17.40900554,78.39993062,0.421,0.64
2390,79.76783333333287,5.996,-0.771,10.495,-25.046,9.317,5.387,19.39,17.40900642,78.39992935,0.421,0.64
2391,79.80119999999988,6.832,-0.949,11.842,-5.572,20.558,5.385,19.39,17.40900732,78.39992808,0.421,0.64
2392,79.83456666666689,5.59,1.456,13.178,73.873,-22.039,5.383,19.38,17.40900826,78.39992684,0.421,0.64
2393,79.86793333333299,7.207,1.417,12.483,0.585,36.681,5.381,19.37,17.4090092,78.3999256,0.421,0.64
2394,79.90129999999999,9.155,0.895,10.837,-14.329,49.264,5.379,19.36,17.40901014,78.39992435,0.421,0.64
2395,79.93466666666654,5.853,0.37,1.237,-14.852,-57.406,5.375,19.35,17.40901111,78.39992294,0.421,0.64
2396,79.96803333333355,3.514,-5.224,-12.303,-171.47,-31.002,5.372,19.34,17.40901207,78.39992154,0.421,0.64
2397,80.0014000000001,2.676,-2.942,11.008,66.473,-18.232,5.37,19.33,17.40901304,78.39992014,0.421,0.64
2398,80.0347666666662,2.947,-0.989,9.907,58.28,3.968,5.41,19.48,17.40901401,78.39991864,0.421,0.64
2399,80.06813333333321,4.254,-3.332,4.572,-72.463,29.536,5.451,19.62,17.40901498,78.39991713,0.421,0.64
2400,80.10150000000021,2.493,-1.964,3.313,39.881,-31.137,5.49,19.76,17.40901594,78.39991564,0.421,0.64
2401,80.13486666666631,0.154,-1.265,-5.572,20.444,-41.654,5.481,19.73,17.40901695,78.39991424,0.421,0.64
2402,80.16823333333286,-1.37,-3.392,-11.629,-66.064,-24.0,5.472,19.7,17.40901795,78.39991283,0.421,0.64
2403,80.20159999999987,-1.179,-4.14,-4.518,-25.337,4.047,5.463,19.67,17.40901894,78.39991143,0.421,0.64
2404,80.23496666666688,-1.158,-3.748,-0.345,9.132,-1.623,5.441,19.59,17.40901984,78.39991,0.421,0.64
2405,80.26833333333298,-3.037,-3.778,-9.002,-3.543,-36.444,5.418,19.51,17.40902074,78.39990856,0.421,0.64
2406,80.30169999999998,-5.733,-4.765,-15.596,-33.07,-55.751,5.397,19.43,17.40902164,78.39990713,0.421,0.64
2407,80.33506666666653,-7.998,-5.366,-11.423,-22.025,-53.932,5.401,19.44,17.40902248,78.39990566,0.421,0.64
2408,80.36843333333354,-9.0,-4.377,-9.165,26.483,-30.146,5.404,19.45,17.40902331,78.39990419,0.421,0.64
2409,80.4018000000001,-8.576,-1.726,-3.217,78.493,-5.626,5.406,19.46,17.40902415,78.39990273,0.421,0.64
2410,80.43516666666619,-9.534,-1.696,-15.321,-0.033,-26.225,5.391,19.41,17.40902512,78.39990136,0.421,0.64
2411,80.4685333333332,-11.922,-0.34,-11.6,40.852,-66.584,5.375,19.35,17.40902609,78.39989999,0.421,0.64
2412,80.5019000000002,-10.3,1.352,-1.519,52.352,12.776,5.359,19.29,17.40902706,78.39989863,0.421,0.64
2413,80.5352666666663,-8.004,3.374,-0.439,63.948,29.79,5.329,19.18,17.40902809,78.3998974,0.421,0.64
2414,80.56863333333285,-6.534,3.14,-4.035,-3.867,18.595,5.298,19.07,17.40902913,78.39989616,0.421,0.64
2415,80.60199999999986,-6.351,2.659,-9.214,-11.679,-2.514,5.269,18.97,17.40903015,78.39989491,0.421,0.64
2416,80.63536666666687,-6.082,2.942,-8.874,11.476,-0.591,5.26,18.94,17.40903098,78.39989348,0.421,0.64
2417,80.66873333333297,-4.591,2.755,-3.265,-2.759,22.351,5.252,18.91,17.40903182,78.39989204,0.421,0.64
2418,80.70209999999997,-4.541,2.999,-3.75,10.357,-5.279,5.243,18.88,17.40903267,78.39989062,0.421,0.64
2419,80.73546666666653,-4.103,3.185,-4.949,8.787,3.772,5.234,18.84,17.4090337,78.39988935,0.421,0.64
2420,80.76883333333353,-3.363,3.136,-2.986,1.715,9.736,5.225,18.81,17.40903473,78.39988808,0.421,0.64
2421,80.80220000000008,-3.224,3.178,-3.541,4.469,-1.284,5.215,18.78,17.40903577,78.39988683,0.421,0.64
2422,80.83556666666618,-3.285,3.897,-3.648,25.352,-5.249,5.191,18.69,17.40903687,78.39988569,0.421,0.64
2423,80.86893333333319,-2.614,4.236,3.893,14.272,5.396,5.167,18.6,17.40903797,78.39988456,0.421,0.64
2424,80.9023000000002,-2.544,4.757,1.885,20.185,-4.958,5.144,18.52,17.40903906,78.39988341,0.421,0.64
2425,80.9356666666663,-2.105,5.195,1.81,18.041,3.193,5.135,18.49,17.40904,78.39988207,0.421,0.64
2426,80.96903333333285,-0.983,4.647,4.172,-11.92,17.367,5.126,18.45,17.40904093,78.39988074,0.421,0.64
2427,81.00239999999985,0.377,4.786,3.444,8.772,25.432,5.117,18.42,17.40904187,78.39987941,0.421,0.64
2428,81.03576666666686,-0.073,5.774,-0.298,35.049,-9.133,5.119,18.43,17.40904287,78.39987818,0.421,0.64
2429,81.06913333333296,0.671,6.192,4.445,18.33,12.774,5.12,18.43,17.40904387,78.39987694,0.421,0.64
2430,81.10249999999996,1.733,6.632,3.997,19.361,21.576,5.121,18.44,17.40904488,78.39987571,0.421,0.64
2431,81.13586666666652,2.869,6.019,4.887,-12.677,24.767,5.113,18.41,17.40904602,78.39987454,0.421,0.64
2432,81.16923333333352,3.573,5.25,2.162,-18.021,19.176,5.104,18.37,17.40904715,78.39987338,0.421,0.64
2433,81.20260000000007,2.047,4.236,-5.201,-26.211,-23.572,5.095,18.34,17.40904828,78.39987221,0.421,0.64
2434,81.23596666666663,1.102,3.792,-3.019,-9.472,-15.082,5.08,18.29,17.40904935,78.39987101,0.421,0.64
2435,81.26933333333318,0.308,2.408,-3.73,-38.803,-13.115,5.065,18.24,17.40905042,78.3998698,0.421,0.64
2436,81.30270000000019,-1.059,2.002,-4.9,-9.83,-26.906,5.05,18.18,17.40905148,78.39986861,0.421,0.64
2437,81.33606666666628,-1.587,1.323,-5.111,-18.593,-10.557,5.031,18.11,17.40905252,78.39986744,0.421,0.64
2438,81.36943333333284,-1.896,1.46,-4.082,5.964,-7.456,5.012,18.04,17.40905355,78.39986627,0.421,0.64
2439,81.40279999999984,-0.692,1.643,0.347,7.53,22.769,4.996,17.98,17.40905458,78.39986509,0.421,0.64
2440,81.43616666666685,-0.175,2.176,-1.123,18.456,10.578,5.003,18.01,17.40905558,78.39986379,0.421,0.64
2441,81.46953333333295,-0.649,2.395,-3.298,9.237,-8.906,5.011,18.04,17.40905659,78.39986249,0.421,0.64
2442,81.50289999999995,-1.088,3.12,-2.638,25.023,-9.489,5.018,18.07,17.40905759,78.3998612,0.421,0.64
2443,81.5362666666665,-0.788,2.552,-4.811,-14.226,7.438,5.019,18.07,17.40905866,78.39985999,0.421,0.64
2444,81.56963333333351,-0.528,1.298,-6.119,-35.804,8.023,5.021,18.07,17.40905973,78.39985879,0.421,0.64
2445,81.60300000000007,-0.407,0.803,-10.764,-13.497,8.567,5.018,18.06,17.40906079,78.3998576,0.421,0.64
2446,81.63636666666662,-0.696,0.792,-10.625,1.03,-0.381,4.973,17.9,17.40906175,78.39985643,0.421,0.64
2447,81.66973333333362,-1.007,0.552,-9.146,-6.069,-2.455,4.929,17.74,17.40906272,78.39985526,0.421,0.64
2448,81.70310000000018,-1.25,0.849,-8.462,10.299,-2.02,4.889,17.6,17.40906369,78.39985408,0.421,0.64
2449,81.73646666666627,-0.91,0.404,-9.404,-12.313,11.366,4.896,17.63,17.40906462,78.39985278,0.421,0.64
2450,81.76983333333283,-0.013,-0.441,-9.047,-25.04,24.653,4.903,17.65,17.40906556,78.39985148,0.421,0.64
2451,81.80319999999983,-0.103,-2.059,-9.641,-49.537,4.157,4.913,17.69,17.40906649,78.39985017,0.421,0.64
2452,81.83656666666684,-1.128,-2.207,-9.58,-5.609,-17.15,4.941,17.79,17.40906739,78.39984876,0.421,0.64
2453,81.86993333333294,-1.635,-0.711,-4.698,44.886,-10.727,4.969,17.89,17.40906829,78.39984736,0.421,0.64
2454,81.90329999999994,-0.162,0.552,-1.975,38.998,31.198,4.991,17.97,17.40906918,78.39984597,0.421,0.64
2455,81.93666666666695,1.231,0.265,1.045,-7.713,30.354,4.96,17.86,17.40907002,78.39984463,0.421,0.64
2456,81.9700333333335,2.275,-0.098,2.163,-10.291,24.318,4.93,17.75,17.40907085,78.3998433,0.421,0.64
2457,82.00340000000006,2.294,-1.304,-0.422,-36.569,4.808,4.905,17.66,17.4090717,78.39984196,0.421,0.64
2458,82.03676666666661,2.16,-1.947,0.476,-20.258,0.75,4.931,17.75,17.40907267,78.39984063,0.421,0.64
2459,82.07013333333362,1.583,-1.009,2.908,27.949,-11.078,4.958,17.85,17.40907363,78.39983929,0.421,0.64
2460,82.10350000000017,2.209,-0.389,6.102,18.916,12.509,4.981,17.93,17.4090746,78.39983797,0.421,0.64
2461,82.13686666666626,1.763,-1.547,-4.15,-35.347,-3.212,4.973,17.9,17.40907561,78.39983674,0.421,0.64
2462,82.17023333333282,1.871,-2.528,-3.336,-30.862,7.73,4.965,17.87,17.40907661,78.3998355,0.421,0.64
2463,82.20359999999982,1.229,-1.534,-2.407,29.142,-9.477,4.957,17.85,17.4090776,78.39983426,0.421,0.64
2464,82.23696666666683,0.83,-0.519,-0.127,30.643,-6.838,4.95,17.82,17.40907854,78.39983296,0.421,0.64
2465,82.27033333333293,0.48,0.255,-0.48,24.082,-6.289,4.943,17.79,17.40907947,78.39983166,0.421,0.64
2466,82.30369999999994,1.234,0.224,3.067,-0.099,15.463,4.933,17.76,17.4090804,78.39983036,0.421,0.64
2467,82.33706666666694,2.326,0.265,6.5,2.11,22.504,4.903,17.65,17.40908126,78.39982905,0.421,0.64
2468,82.3704333333335,3.232,0.141,4.369,-2.95,22.025,4.873,17.54,17.40908213,78.39982775,0.421,0.64
2469,82.40380000000005,3.508,-0.216,3.917,-10.239,9.658,4.847,17.45,17.40908302,78.39982646,0.421,0.64
2470,82.4371666666666,2.406,-0.836,-0.332,-18.61,-18.476,4.847,17.45,17.40908409,78.39982522,0.421,0.64
2471,82.4705333333336,1.613,-0.154,2.278,20.961,-15.355,4.848,17.45,17.40908516,78.39982399,0.421,0.64
2472,82.50390000000016,1.839,0.995,6.507,35.909,3.472,4.847,17.45,17.4090862,78.39982274,0.421,0.64
2473,82.53726666666626,2.43,1.174,6.619,7.019,12.265,4.839,17.42,17.40908707,78.39982137,0.421,0.64
2474,82.57063333333281,2.539,1.537,7.504,12.837,1.744,4.832,17.39,17.40908794,78.39982,0.421,0.64
2475,82.60399999999981,2.78,1.369,4.149,-3.234,7.383,4.823,17.36,17.4090888,78.39981865,0.421,0.64
2476,82.63736666666682,3.223,0.957,4.116,-10.869,12.59,4.807,17.31,17.40908967,78.39981738,0.421,0.64
2477,82.67073333333292,2.907,1.205,0.853,9.087,-1.757,4.792,17.25,17.40909054,78.39981611,0.421,0.64
2478,82.70409999999993,2.843,1.911,4.242,23.454,1.062,4.782,17.21,17.40909143,78.39981484,0.421,0.64
2479,82.73746666666693,3.39,2.361,6.686,16.14,13.312,4.811,17.32,17.40909246,78.39981358,0.421,0.64
2480,82.77083333333348,3.786,0.12,3.346,-66.4,13.233,4.841,17.43,17.4090935,78.39981231,0.421,0.64
2481,82.80420000000004,3.416,0.498,7.481,12.406,-6.424,4.867,17.52,17.40909451,78.39981102,0.421,0.64
2482,82.83756666666659,3.68,2.217,13.574,54.068,3.073,4.866,17.52,17.40909538,78.39980962,0.421,0.64
2483,82.8709333333336,3.855,1.678,10.392,-14.073,3.803,4.865,17.51,17.40909624,78.39980822,0.421,0.64
2484,82.90430000000015,3.514,1.235,8.754,-11.541,-6.465,4.861,17.5,17.40909712,78.39980683,0.421,0.64
2485,82.93766666666625,4.613,0.487,11.382,-21.336,24.301,4.838,17.42,17.40909802,78.39980553,0.421,0.64
2486,82.9710333333328,5.029,0.951,11.054,15.381,10.838,4.816,17.34,17.40909892,78.39980423,0.421,0.64
2487,83.0043999999998,4.818,1.423,8.611,16.021,-1.059,4.798,17.27,17.40909983,78.39980293,0.421,0.64
2488,83.03776666666681,5.344,0.62,6.469,-22.869,17.112,4.814,17.33,17.4091008,78.39980166,0.421,0.64
2489,83.07113333333291,5.389,0.304,3.979,-8.512,8.719,4.83,17.39,17.40910176,78.3998004,0.421,0.64
2490,83.10449999999992,3.466,0.332,-2.203,1.806,-32.779,4.839,17.42,17.40910271,78.39979912,0.421,0.64
2491,83.13786666666692,2.964,-0.875,-0.967,-36.24,-4.165,4.804,17.29,17.40910351,78.39979779,0.421,0.64
2492,83.17123333333348,1.71,-0.073,1.198,24.656,-24.531,4.768,17.17,17.40910431,78.39979645,0.421,0.64
2493,83.20460000000003,2.396,1.717,9.033,55.77,12.894,4.743,17.07,17.40910511,78.39979511,0.421,0.64
2494,83.23796666666658,2.355,2.111,3.415,14.278,1.246,4.777,17.2,17.40910587,78.39979371,0.421,0.64
2495,83.27133333333359,1.513,2.153,1.058,3.767,-15.702,4.812,17.32,17.40910664,78.3997923,0.421,0.64
2496,83.30470000000014,1.46,2.392,3.518,9.875,-0.875,4.834,17.4,17.40910741,78.39979091,0.421,0.64
2497,83.33806666666624,1.623,2.155,6.697,-4.585,1.784,4.78,17.21,17.40910821,78.39978958,0.421,0.64
2498,83.37143333333279,1.588,1.024,6.377,-32.357,-2.246,4.725,17.01,17.40910901,78.39978824,0.421,0.64
2499,83.4047999999998,1.795,1.265,6.404,9.004,3.356,4.677,16.84,17.40910983,78.39978693,0.421,0.64
2500,83.4381666666668,1.471,1.744,3.254,16.526,-6.541,4.67,16.81,17.40911077,78.39978573,0.421,0.64
2501,83.4715333333329,1.01,1.358,-0.353,-9.717,-7.854,4.664,16.79,17.4091117,78.39978452,0.421,0.64
2502,83.5048999999999,0.658,0.423,0.439,-26.972,-6.805,4.657,16.77,17.40911262,78.3997833,0.421,0.64
2503,83.53826666666691,0.974,-0.022,3.012,-12.641,6.522,4.651,16.74,17.40911346,78.39978197,0.421,0.64
2504,83.57163333333347,0.712,0.882,0.325,28.557,-4.673,4.645,16.72,17.40911429,78.39978063,0.421,0.64
2505,83.60500000000002,0.747,-0.619,-1.464,-44.799,3.185,4.638,16.7,17.40911514,78.39977933,0.421,0.64
2506,83.63836666666657,0.096,-0.277,-0.591,10.708,-13.835,4.627,16.66,17.40911607,78.3997782,0.421,0.64
2507,83.67173333333358,0.174,0.151,-1.672,13.672,3.09,4.615,16.61,17.40911701,78.39977706,0.421,0.64
2508,83.70510000000013,-0.24,-0.851,-2.243,-30.034,-8.158,4.605,16.58,17.40911794,78.39977592,0.421,0.64
2509,83.73846666666623,-0.188,-0.329,1.237,16.073,-0.367,4.608,16.59,17.40911888,78.39977472,0.421,0.64
2510,83.77183333333278,0.562,0.492,5.542,25.739,13.393,4.611,16.6,17.40911981,78.39977351,0.421,0.64
2511,83.80519999999979,0.718,0.181,2.802,-8.479,2.697,4.612,16.6,17.40912072,78.3997723,0.421,0.64
2512,83.8385666666668,-0.164,-0.345,-1.445,-15.327,-19.01,4.602,16.57,17.40912153,78.399771,0.421,0.64
2513,83.87193333333289,-0.994,0.451,0.531,24.917,-21.144,4.593,16.53,17.40912233,78.39976969,0.421,0.64
2514,83.9052999999999,-0.793,2.2,6.008,54.995,-1.839,4.588,16.52,17.40912314,78.3997684,0.421,0.64
2515,83.9386666666669,-0.574,3.29,3.966,36.135,0.504,4.606,16.58,17.40912404,78.39976713,0.421,0.64
2516,83.97203333333346,-1.009,3.764,-1.268,18.087,-10.89,4.624,16.65,17.40912494,78.39976586,0.421,0.64
2517,84.00540000000001,-1.153,2.769,0.195,-26.748,-5.877,4.63,16.67,17.40912581,78.39976459,0.421,0.64
2518,84.03876666666656,-1.643,2.406,-0.881,-8.124,-13.88,4.578,16.48,17.40912651,78.39976333,0.421,0.64
2519,84.07213333333357,-1.362,2.721,3.53,12.457,0.539,4.525,16.29,17.40912721,78.39976206,0.421,0.64
2520,84.10550000000012,-1.571,2.928,1.361,9.385,-9.293,4.488,16.16,17.40912795,78.3997608,0.421,0.64
2521,84.13886666666622,-1.684,3.783,1.996,29.542,-7.791,4.53,16.31,17.40912885,78.39975956,0.421,0.64
2522,84.17223333333322,-0.774,4.855,5.185,36.965,14.535,4.571,16.46,17.40912975,78.39975833,0.421,0.64
2523,84.20559999999978,-0.653,5.107,1.701,12.594,-0.137,4.598,16.55,17.40913063,78.3997571,0.421,0.64
2524,84.23896666666678,-0.68,4.289,-1.53,-20.12,-1.078,4.552,16.39,17.4091314,78.3997559,0.421,0.64
2525,84.27233333333288,-0.74,4.144,1.505,-0.102,-4.231,4.505,16.22,17.40913216,78.3997547,0.421,0.64
2526,84.30569999999989,-0.478,4.373,1.785,11.308,3.365,4.464,16.07,17.40913294,78.39975349,0.421,0.64
2527,84.3390666666669,-0.035,4.699,3.593,14.505,7.111,4.449,16.02,17.40913378,78.39975229,0.421,0.64
2528,84.37243333333299,-0.032,5.37,2.874,25.416,-2.351,4.434,15.96,17.40913461,78.39975109,0.421,0.64
2529,84.4058,-0.252,6.109,-0.639,28.068,-5.274,4.411,15.88,17.40913543,78.39974991,0.421,0.64
2530,84.43916666666655,-0.165,5.693,-2.512,-6.862,3.419,4.346,15.65,17.40913616,78.39974881,0.421,0.64
2531,84.47253333333356,-0.497,5.83,-6.937,9.83,-3.681,4.282,15.42,17.4091369,78.39974771,0.421,0.64
2532,84.50590000000011,-1.662,6.078,-10.116,13.379,-24.047,4.221,15.2,17.40913764,78.39974662,0.421,0.64
2533,84.53926666666621,-2.078,6.178,-12.134,9.018,-5.295,4.175,15.03,17.40913844,78.39974558,0.421,0.64
2534,84.57263333333321,-2.308,6.509,-11.932,16.23,-1.515,4.129,14.86,17.40913924,78.39974455,0.421,0.64
2535,84.60600000000022,-3.011,6.319,-11.764,0.476,-15.084,4.09,14.72,17.40914004,78.39974351,0.421,0.64
2536,84.63936666666677,-3.258,6.698,-9.946,17.86,-5.889,4.084,14.7,17.40914084,78.39974248,0.421,0.64
2537,84.67273333333287,-2.973,6.523,-5.121,1.106,3.982,4.079,14.68,17.40914165,78.39974145,0.421,0.64
2538,84.70609999999988,-1.937,6.498,3.865,5.595,17.794,4.06,14.62,17.40914245,78.39974044,0.421,0.64
2539,84.73946666666689,-1.265,6.57,0.032,8.591,13.731,3.983,14.34,17.40914329,78.39973957,0.421,0.64
2540,84.77283333333298,-0.737,6.267,0.791,-2.911,10.894,3.906,14.06,17.40914412,78.39973871,0.421,0.64
2541,84.80619999999999,-0.527,5.583,-1.923,-14.896,5.638,3.826,13.77,17.4091449,78.39973781,0.421,0.64
2542,84.83956666666654,-0.416,3.965,-7.233,-44.234,8.189,3.733,13.44,17.40914543,78.39973681,0.421,0.64
2543,84.87293333333355,-1.049,2.89,-14.662,-28.867,-7.128,3.64,13.1,17.40914597,78.39973581,0.421,0.64
2544,84.9063000000001,-1.499,2.686,-12.074,-2.934,-5.731,3.561,12.82,17.40914654,78.39973484,0.421,0.64
2545,84.9396666666662,-1.29,2.684,-5.313,3.116,7.155,3.537,12.73,17.40914727,78.39973401,0.421,0.64
2546,84.9730333333332,-1.218,3.01,-2.242,13.251,0.503,3.513,12.65,17.40914801,78.39973317,0.421,0.64
2547,85.00640000000021,-0.907,2.439,3.949,-14.115,2.343,3.485,12.54,17.40914873,78.39973234,0.421,0.64
2548,85.03976666666631,-0.385,1.93,11.063,-12.684,3.046,3.436,12.37,17.40914944,78.39973151,0.421,0.64
2549,85.07313333333286,0.875,1.694,19.196,-4.698,20.768,3.388,12.2,17.40915014,78.39973067,0.421,0.64
2550,85.10649999999987,2.0,2.17,22.095,17.042,17.317,3.334,12.0,17.40915082,78.39972986,0.421,0.64
2551,85.13986666666688,3.437,2.072,22.285,-0.268,31.787,3.254,11.71,17.40915146,78.39972912,0.421,0.64
2552,85.17323333333297,4.78,2.087,19.501,3.17,36.86,3.175,11.43,17.40915209,78.39972839,0.421,0.64
2553,85.20659999999998,5.34,1.377,13.27,-19.152,20.28,3.106,11.18,17.40915275,78.39972767,0.421,0.64
2554,85.23996666666653,5.229,1.018,7.851,-8.949,3.949,3.08,11.09,17.40915348,78.399727,0.421,0.64
2555,85.27333333333354,4.934,1.688,6.736,22.451,-1.794,3.055,11.0,17.40915421,78.39972633,0.421,0.64
2556,85.30670000000009,4.971,2.135,5.405,16.17,10.911,3.018,10.86,17.40915493,78.39972569,0.421,0.64
2557,85.34006666666619,4.58,2.223,1.039,5.488,-0.43,2.937,10.57,17.4091556,78.39972512,0.422,0.64
2558,85.3734333333332,4.052,3.042,2.311,28.048,-10.086,2.856,10.28,17.40915627,78.39972455,0.423,0.64
2559,85.4068000000002,3.868,3.828,1.918,27.766,2.807,2.783,10.02,17.40915689,78.39972395,0.426,0.64
2560,85.4401666666663,3.718,3.109,-3.275,-17.96,11.054,2.742,9.87,17.40915732,78.39972322,0.428,0.64
2561,85.47353333333285,3.042,2.857,-9.389,-4.141,-5.658,2.702,9.73,17.40915776,78.39972248,0.431,0.64
2562,85.50689999999986,2.11,2.521,-12.568,-6.958,-16.497,2.658,9.57,17.40915819,78.39972176,0.433,0.64
2563,85.54026666666687,1.474,3.121,-9.114,21.583,-11.179,2.602,9.37,17.40915862,78.39972109,0.436,0.64
2564,85.57363333333296,1.105,3.558,-9.406,17.1,0.924,2.546,9.17,17.40915906,78.39972043,0.439,0.64
2565,85.60699999999997,0.181,3.984,-14.229,17.134,-24.517,2.482,8.93,17.40915951,78.3997198,0.443,0.64
2566,85.64036666666652,-0.492,4.442,-12.287,18.462,-18.595,2.385,8.58,17.40916001,78.39971933,0.447,0.64
2567,85.67373333333353,-0.76,4.822,-9.769,16.458,0.061,2.287,8.23,17.40916051,78.39971887,0.452,0.64
2568,85.70710000000008,-1.185,4.914,-13.242,7.92,-4.65,2.2,7.92,17.40916099,78.39971839,0.457,0.64
2569,85.74046666666618,-1.721,4.581,-13.68,-5.075,-14.68,2.151,7.74,17.40916139,78.39971789,0.463,0.64
2570,85.77383333333319,-2.371,4.568,-14.675,4.479,-24.973,2.102,7.57,17.40916179,78.39971739,0.468,0.64
2571,85.8072000000002,-2.663,4.734,-10.502,10.0,-8.411,2.042,7.35,17.40916216,78.3997169,0.473,0.64
2572,85.84056666666629,-2.801,3.758,-10.292,-25.015,5.518,1.945,7.0,17.40916242,78.39971643,0.479,0.64
2573,85.87393333333284,-2.869,3.832,-7.583,6.494,4.798,1.849,6.65,17.40916269,78.39971596,0.486,0.64
2574,85.90729999999985,-2.83,3.79,-5.349,2.994,10.804,1.761,6.34,17.409163,78.39971553,0.493,0.64
2575,85.94066666666686,-2.746,3.812,-4.597,4.922,15.641,1.703,6.13,17.40916347,78.39971519,0.5,0.64
2576,85.97403333333295,-2.727,4.503,-3.18,25.571,0.925,1.646,5.93,17.40916394,78.39971486,0.507,0.64
2577,86.00739999999996,-2.79,5.072,-4.188,22.408,-6.458,1.592,5.73,17.40916436,78.3997145,0.514,0.64
2578,86.04076666666651,-2.757,4.756,-2.806,-4.374,2.366,1.545,5.56,17.40916463,78.39971407,0.521,0.64
2579,86.07413333333352,-2.638,4.197,-0.278,-12.108,4.261,1.499,5.4,17.40916489,78.39971364,0.528,0.64
2580,86.10750000000007,-2.525,4.106,0.793,1.818,-2.191,1.453,5.23,17.40916515,78.39971322,0.535,0.64
2581,86.14086666666662,-2.3,3.966,3.408,0.263,4.964,1.409,5.07,17.40916539,78.39971289,0.542,0.64
2582,86.17423333333318,-2.031,3.922,3.474,3.103,17.343,1.366,4.92,17.40916562,78.39971256,0.55,0.64
2583,86.20760000000018,-1.96,3.899,-1.711,3.7,13.89,1.317,4.74,17.40916585,78.39971224,0.557,0.64
2584,86.24096666666628,-2.233,4.137,-9.108,11.743,-11.925,1.251,4.5,17.40916605,78.39971197,0.564,0.64
2585,86.27433333333283,-2.757,3.8,-14.819,-5.768,-35.643,1.186,4.27,17.40916625,78.39971171,0.572,0.64
2586,86.30769999999984,-3.284,2.874,-17.191,-24.196,-15.741,1.138,4.1,17.40916642,78.3997114,0.58,0.64
2587,86.34106666666685,-3.647,1.2,-16.897,-48.028,31.631,1.149,4.14,17.40916648,78.39971097,0.588,0.64
2588,86.37443333333295,-4.404,-0.164,-25.918,-39.865,-6.99,1.16,4.18,17.40916655,78.39971053,0.595,0.64
2589,86.40779999999995,-5.354,-1.001,-29.962,-24.776,-33.645,1.154,4.15,17.40916666,78.39971016,0.601,0.64
2590,86.44116666666696,-5.922,-1.56,-21.667,-16.93,-1.576,1.088,3.92,17.40916693,78.39970999,0.608,0.64
2591,86.47453333333351,-6.238,-1.556,-14.521,-0.034,7.154,1.023,3.68,17.4091672,78.39970983,0.616,0.64
2592,86.50790000000006,-6.383,-1.962,-8.18,-12.675,-7.915,0.974,3.51,17.40916738,78.39970959,0.624,0.64
2593,86.54126666666662,-6.124,-1.733,1.311,6.535,32.733,0.98,3.53,17.40916732,78.39970912,0.631,0.64
2594,86.57463333333362,-5.711,-1.849,6.58,-3.895,23.491,0.986,3.55,17.40916725,78.39970866,0.638,0.64
2595,86.60800000000017,-5.059,-2.517,15.523,-21.015,3.161,0.98,3.53,17.40916724,78.39970825,0.645,0.64
2596,86.64136666666627,-3.979,-2.31,26.944,5.374,41.089,0.94,3.39,17.40916741,78.39970805,0.651,0.64
2597,86.67473333333282,-2.894,-0.857,29.456,43.956,17.375,0.9,3.24,17.40916757,78.39970785,0.658,0.64
2598,86.70809999999983,-1.827,-0.769,30.012,3.113,10.164,0.877,3.16,17.40916776,78.39970764,0.666,0.64
2599,86.74146666666684,-0.594,-1.401,32.848,-18.99,57.399,0.908,3.27,17.40916799,78.39970741,0.672,0.64
2600,86.77483333333294,0.451,-0.993,29.887,12.503,20.535,0.938,3.38,17.40916822,78.39970718,0.677,0.64
2601,86.80819999999994,1.037,-0.725,18.469,8.533,-7.332,0.961,3.46,17.40916842,78.39970692,0.682,0.64
2602,86.84156666666695,1.441,-2.466,10.202,-53.121,35.952,0.96,3.46,17.40916848,78.39970658,0.687,0.64
2603,86.8749333333335,1.635,-3.086,6.394,-20.061,3.188,0.959,3.45,17.40916855,78.39970625,0.691,0.64
2604,86.90830000000005,1.497,-1.192,-0.09,56.853,-42.35,0.971,3.5,17.40916866,78.39970592,0.695,0.64
2605,86.9416666666666,1.67,-2.013,3.775,-25.192,27.283,1.025,3.69,17.40916889,78.39970558,0.698,0.64
2606,86.97503333333361,1.718,-2.83,-0.429,-25.761,29.516,1.08,3.89,17.40916913,78.39970525,0.7,0.64
2607,87.00840000000017,1.185,-1.758,-10.161,31.751,-40.992,1.119,4.03,17.40916935,78.39970492,0.7,0.64
2608,87.04176666666626,1.086,-1.774,-0.494,-0.886,-14.139,1.117,4.02,17.40916955,78.39970462,0.701,0.64
2609,87.07513333333281,1.264,-2.779,2.578,-31.352,30.96,1.115,4.02,17.40916975,78.39970432,0.701,0.64
2610,87.10849999999982,1.271,-2.7,1.312,1.19,-0.976,1.118,4.02,17.40916995,78.39970402,0.702,0.64
2611,87.14186666666683,1.184,-1.711,-0.332,29.289,-10.785,1.132,4.08,17.40917015,78.39970372,0.702,0.64
2612,87.17523333333293,1.14,-3.11,-4.002,-43.461,27.275,1.146,4.13,17.40917035,78.39970342,0.702,0.64
2613,87.20859999999993,0.684,-3.412,-10.656,-10.842,-18.894,1.165,4.19,17.40917058,78.39970311,0.701,0.64
2614,87.24196666666694,-0.295,-1.428,-18.539,59.314,-78.709,1.195,4.3,17.40917088,78.39970278,0.7,0.64
2615,87.27533333333349,-0.66,-1.864,-12.269,-13.558,0.899,1.226,4.41,17.40917118,78.39970245,0.698,0.64
2616,87.30870000000004,-0.945,-4.068,-17.998,-68.395,47.336,1.248,4.49,17.40917143,78.3997021,0.696,0.64
2617,87.3420666666666,-1.644,-3.173,-19.278,25.188,-25.293,1.246,4.49,17.40917153,78.3997017,0.694,0.64
2618,87.3754333333336,-2.39,0.341,-18.435,106.662,-45.21,1.244,4.48,17.40917163,78.39970129,0.692,0.64
2619,87.40880000000016,-2.232,-0.805,-4.979,-33.945,37.951,1.261,4.54,17.40917179,78.39970089,0.69,0.64
2620,87.44216666666625,-2.144,-3.152,-9.887,-71.946,46.073,1.329,4.79,17.40917212,78.39970049,0.687,0.64
2621,87.4755333333328,-2.45,-1.923,-5.436,36.255,-35.444,1.398,5.03,17.40917246,78.39970009,0.682,0.64
2622,87.50889999999981,-2.589,1.781,1.938,113.58,-43.378,1.454,5.23,17.40917275,78.39969968,0.676,0.64
2623,87.54226666666682,-1.561,-0.315,12.119,-62.047,60.918,1.474,5.31,17.40917295,78.39969921,0.67,0.64
2624,87.57563333333292,-1.182,-3.019,-4.547,-82.536,51.085,1.495,5.38,17.40917315,78.39969874,0.665,0.64
2625,87.60899999999992,-1.435,-1.4,-2.929,48.387,-28.068,1.515,5.45,17.40917342,78.39969831,0.659,0.64
2626,87.64236666666693,-1.671,1.763,0.762,97.346,-40.62,1.533,5.52,17.40917385,78.39969798,0.653,0.64
2627,87.67573333333348,-0.693,-0.389,13.162,-63.783,51.725,1.552,5.59,17.40917428,78.39969764,0.648,0.64
2628,87.70910000000003,-0.121,-2.752,3.399,-72.09,44.882,1.581,5.69,17.40917472,78.39969728,0.642,0.64
2629,87.74246666666659,-0.359,-1.566,3.783,35.269,-37.624,1.638,5.9,17.40917515,78.39969685,0.636,0.64
2630,87.7758333333336,-0.2,1.156,10.037,83.578,-17.467,1.696,6.11,17.40917559,78.39969641,0.629,0.64
2631,87.80920000000015,1.147,-0.881,15.525,-60.735,74.112,1.737,6.25,17.40917601,78.39969599,0.622,0.64
2632,87.84256666666624,1.329,-2.577,-2.274,-51.949,27.858,1.735,6.24,17.40917641,78.39969559,0.616,0.64
2633,87.8759333333328,0.405,-0.306,-5.117,68.834,-64.429,1.732,6.23,17.40917681,78.39969519,0.61,0.64
2634,87.9092999999998,0.269,2.918,3.773,100.097,-21.778,1.752,6.31,17.40917726,78.39969478,0.605,0.64
2635,87.94266666666681,1.852,0.15,16.499,-81.78,88.736,1.831,6.59,17.40917783,78.39969435,0.598,0.64
2636,87.97603333333291,1.976,-1.721,-0.771,-56.468,19.197,1.909,6.87,17.40917839,78.39969391,0.591,0.64
2637,88.00939999999991,0.878,-0.297,1.067,43.467,-69.211,1.971,7.09,17.40917891,78.39969345,0.583,0.64
2638,88.04276666666692,1.294,3.131,19.058,106.41,-8.282,1.988,7.16,17.40917931,78.39969292,0.576,0.64
2639,88.07613333333347,3.722,0.172,30.79,-87.502,110.401,2.005,7.22,17.40917971,78.39969238,0.569,0.64
2640,88.10950000000003,4.041,-2.526,8.494,-81.953,20.734,2.035,7.33,17.40918014,78.39969182,0.563,0.64
2641,88.14286666666658,2.694,-0.349,13.519,66.011,-94.602,2.099,7.56,17.40918064,78.39969119,0.556,0.64
2642,88.17623333333358,3.801,2.748,29.753,96.158,22.69,2.163,7.79,17.40918114,78.39969055,0.549,0.64
2643,88.20960000000014,6.826,-0.596,34.868,-99.693,134.754,2.219,7.99,17.40918162,78.39968991,0.541,0.64
2644,88.24296666666623,6.345,-3.381,1.936,-85.261,-0.189,2.256,8.12,17.40918206,78.39968924,0.534,0.64
2645,88.27633333333279,3.673,-2.504,-3.893,25.209,-115.507,2.292,8.25,17.40918249,78.39968857,0.528,0.64
2646,88.3096999999998,3.877,0.574,13.301,93.769,4.364,2.321,8.36,17.40918292,78.39968792,0.521,0.64
2647,88.3430666666668,5.674,-1.319,13.213,-56.82,92.629,2.334,8.4,17.40918332,78.39968728,0.516,0.64
2648,88.3764333333329,5.038,-2.708,-2.965,-42.868,-5.465,2.346,8.44,17.40918372,78.39968665,0.511,0.64
2649,88.4097999999999,3.549,-1.822,1.442,26.04,-60.942,2.364,8.51,17.40918413,78.39968599,0.506,0.64
2650,88.44316666666691,4.161,-0.581,13.416,37.738,24.326,2.398,8.63,17.40918456,78.39968529,0.502,0.64
2651,88.47653333333346,4.986,-2.194,9.738,-49.174,42.966,2.431,8.75,17.40918499,78.39968459,0.497,0.64
2652,88.50990000000002,3.996,-2.247,5.566,-2.459,-36.794,2.473,8.9,17.40918548,78.39968388,0.493,0.64
2653,88.54326666666657,3.052,-2.204,8.002,0.459,-39.628,2.532,9.11,17.40918608,78.39968315,0.488,0.64
2654,88.57663333333358,4.114,-3.868,14.034,-52.12,39.32,2.591,9.33,17.40918668,78.39968241,0.483,0.64
2655,88.61000000000013,3.822,-5.898,4.65,-64.789,-3.356,2.633,9.48,17.40918725,78.39968168,0.478,0.64
2656,88.64336666666622,1.929,-5.488,-1.378,8.686,-67.463,2.638,9.5,17.40918775,78.39968095,0.474,0.64
2657,88.67673333333278,2.037,-3.687,3.734,51.851,6.716,2.642,9.51,17.40918825,78.39968021,0.47,0.64
2658,88.71009999999978,2.609,-4.772,-2.195,-35.55,35.532,2.647,9.53,17.40918876,78.39967949,0.467,0.64
2659,88.74346666666679,1.53,-4.54,-8.544,4.11,-26.492,2.655,9.56,17.4091893,78.39967879,0.465,0.64
2660,88.77683333333289,0.302,-3.584,-8.451,26.614,-37.404,2.663,9.59,17.40918983,78.39967809,0.462,0.64
2661,88.8101999999999,0.564,-2.95,-3.144,17.48,16.699,2.672,9.62,17.40919036,78.39967739,0.46,0.64
2662,88.8435666666669,0.041,-3.457,-6.341,-17.153,-12.466,2.684,9.66,17.4091909,78.39967669,0.458,0.64
2663,88.87693333333345,-1.259,-3.013,-5.504,11.737,-49.89,2.696,9.71,17.40919143,78.39967598,0.456,0.64
2664,88.9103,-1.167,-1.455,2.881,46.41,-4.48,2.702,9.73,17.40919194,78.39967527,0.454,0.64
2665,88.94366666666656,-0.189,-2.725,0.195,-39.393,39.007,2.691,9.69,17.40919241,78.39967454,0.453,0.64
2666,88.97703333333357,-0.597,-3.927,-10.332,-38.405,-4.931,2.681,9.65,17.40919288,78.39967381,0.452,0.64
2667,89.01040000000012,-1.713,-2.921,-11.501,28.656,-37.094,2.678,9.64,17.40919335,78.39967303,0.451,0.64
2668,89.04376666666622,-1.986,-3.279,-8.504,-12.553,-6.894,2.692,9.69,17.40919381,78.39967216,0.45,0.64
2669,89.07713333333322,-2.684,-3.777,-14.475,-17.191,-18.545,2.706,9.74,17.40919428,78.39967129,0.45,0.64
2670,89.11049999999977,-3.471,-3.683,-12.838,0.653,-27.305,2.708,9.75,17.40919474,78.39967046,0.449,0.64
2671,89.14386666666678,-2.922,-2.096,-2.773,46.703,16.122,2.681,9.65,17.40919517,78.39966969,0.448,0.64
2672,89.17723333333288,-1.873,-2.485,-2.519,-12.843,42.493,2.655,9.56,17.4091956,78.39966892,0.449,0.64
2673,89.21059999999989,-2.241,-3.077,-7.115,-19.413,-14.222,2.641,9.51,17.40919603,78.39966814,0.449,0.64
2674,89.24396666666689,-2.533,-1.737,-3.354,39.608,-17.329,2.655,9.56,17.40919643,78.3996673,0.449,0.64
2675,89.27733333333299,-1.986,-2.672,-0.366,-29.35,16.353,2.668,9.6,17.40919683,78.39966647,0.449,0.64
2676,89.3107,-1.72,-2.916,3.781,-8.882,-0.526,2.671,9.62,17.40919725,78.39966566,0.449,0.64
2677,89.34406666666655,-1.374,-0.1,9.642,85.197,-4.212,2.653,9.55,17.40919772,78.39966493,0.449,0.64
2678,89.37743333333356,-0.186,-0.272,8.782,-4.467,38.997,2.635,9.49,17.40919818,78.3996642,0.449,0.64
2679,89.41080000000011,0.249,-1.586,2.429,-39.842,16.658,2.617,9.42,17.40919866,78.39966347,0.45,0.64
2680,89.4441666666662,-0.096,-0.103,0.293,45.251,-16.967,2.597,9.35,17.40919916,78.39966277,0.45,0.64
2681,89.47753333333321,0.343,-1.487,1.41,-41.818,19.444,2.578,9.28,17.40919966,78.39966207,0.451,0.64
2682,89.51090000000022,0.491,-3.164,4.747,-52.029,1.087,2.56,9.22,17.40920012,78.39966136,0.452,0.64
2683,89.54426666666632,0.772,-0.231,17.768,88.584,-12.376,2.546,9.17,17.40920049,78.39966063,0.453,0.64
2684,89.57763333333287,2.53,0.217,24.011,14.504,57.548,2.532,9.11,17.40920085,78.39965989,0.454,0.64
2685,89.61099999999988,3.615,-1.001,24.627,-36.476,26.921,2.517,9.06,17.40920124,78.39965918,0.455,0.64
2686,89.64436666666688,4.138,0.288,27.915,39.77,-4.678,2.501,9.0,17.40920168,78.39965851,0.456,0.64
2687,89.67773333333298,5.442,0.329,27.684,2.381,40.928,2.485,8.95,17.40920211,78.39965785,0.458,0.64
2688,89.71109999999999,6.394,-1.138,30.978,-44.038,20.867,2.47,8.89,17.40920252,78.39965717,0.459,0.64
2689,89.74446666666654,7.012,-0.304,28.05,25.632,10.986,2.455,8.84,17.40920289,78.39965647,0.46,0.64
2690,89.77783333333355,7.961,-0.393,22.363,-2.127,42.865,2.44,8.78,17.40920326,78.39965577,0.461,0.64
2691,89.8112000000001,7.769,1.324,21.122,53.471,-16.924,2.43,8.75,17.40920363,78.39965506,0.463,0.64
2692,89.8445666666662,7.776,3.643,20.583,73.451,-5.068,2.43,8.75,17.40920403,78.39965436,0.464,0.64
2693,89.8779333333332,8.424,1.355,16.494,-66.545,39.301,2.431,8.75,17.40920444,78.39965366,0.465,0.64
2694,89.91130000000021,7.337,1.102,4.695,-5.783,-35.431,2.446,8.8,17.40920484,78.39965293,0.465,0.64
2695,89.94466666666631,6.086,3.884,7.046,87.548,-49.697,2.489,8.96,17.40920524,78.39965213,0.465,0.64
2696,89.97803333333286,7.031,3.351,7.367,-12.248,61.163,2.532,9.12,17.40920564,78.39965133,0.465,0.64
2697,90.01139999999987,6.027,2.475,-10.356,-23.282,-6.282,2.577,9.28,17.40920607,78.39965053,0.463,0.64
2698,90.04476666666687,3.326,3.307,-12.631,28.641,-88.18,2.623,9.44,17.40920657,78.39964973,0.462,0.64
2699,90.07813333333296,2.718,4.616,-2.842,44.013,-10.589,2.67,9.61,17.40920707,78.39964892,0.46,0.64
2700,90.11149999999998,3.371,1.539,-4.589,-89.995,44.775,2.698,9.71,17.40920754,78.39964812,0.457,0.64
2701,90.14486666666652,1.273,1.71,-14.495,7.495,-61.568,2.691,9.69,17.40920794,78.39964732,0.456,0.64
2702,90.17823333333354,-0.29,3.048,-8.708,43.571,-53.606,2.684,9.66,17.40920834,78.39964652,0.454,0.64
2703,90.21160000000008,0.609,3.073,-1.296,4.274,41.221,2.689,9.68,17.40920876,78.39964572,0.453,0.64
2704,90.2449666666662,-0.333,2.216,-18.922,-22.896,-13.351,2.716,9.78,17.40920923,78.39964492,0.452,0.64
2705,90.2783333333332,-2.882,3.648,-25.383,46.923,-79.665,2.742,9.87,17.4092097,78.39964412,0.45,0.64
2706,90.3117000000002,-3.728,4.957,-19.428,44.37,-20.44,2.769,9.97,17.40921012,78.39964326,0.448,0.64
2707,90.3450666666663,-2.601,2.948,-10.852,-56.774,47.068,2.796,10.07,17.40921045,78.39964229,0.447,0.64
2708,90.37843333333284,-3.672,2.074,-20.289,-23.512,-26.934,2.824,10.17,17.40921078,78.39964133,0.445,0.64
2709,90.41179999999986,-5.054,4.029,-11.693,62.939,-53.876,2.845,10.24,17.40921118,78.39964043,0.443,0.64
2710,90.44516666666686,-4.489,4.938,-2.756,32.38,8.288,2.853,10.27,17.40921168,78.39963966,0.441,0.64
2711,90.47853333333296,-2.433,2.614,5.742,-66.493,60.048,2.861,10.3,17.40921218,78.39963889,0.44,0.64
2712,90.51189999999995,-2.246,0.869,-0.15,-50.579,-0.754,2.872,10.34,17.40921269,78.3996381,0.438,0.64
2713,90.54526666666652,-2.379,2.323,6.754,46.496,-20.504,2.89,10.41,17.40921322,78.39963727,0.437,0.64
2714,90.57863333333351,-1.902,4.029,8.071,55.496,0.884,2.908,10.47,17.40921376,78.39963643,0.435,0.64
2715,90.61200000000008,-0.561,2.745,6.114,-35.183,37.233,2.933,10.56,17.40921429,78.3996356,0.434,0.64
2716,90.64536666666618,-0.349,-0.811,-3.272,-106.252,9.49,2.968,10.69,17.40921483,78.39963477,0.432,0.64
2717,90.67873333333318,-1.84,-0.452,-5.946,11.372,-48.391,3.003,10.81,17.40921536,78.39963393,0.43,0.64
2718,90.7121000000002,-2.295,2.526,-0.358,92.346,-21.603,3.025,10.89,17.40921591,78.39963313,0.429,0.64
2719,90.74546666666627,-1.046,2.114,-0.189,-9.577,37.8,3.021,10.87,17.40921647,78.3996324,0.427,0.64
2720,90.77883333333284,-0.779,-0.982,-9.549,-92.621,16.668,3.017,10.86,17.40921704,78.39963167,0.426,0.64
2721,90.81219999999983,-2.408,-2.601,-15.918,-49.71,-44.294,3.029,10.91,17.40921763,78.3996309,0.425,0.64
2722,90.84556666666684,-3.112,-0.807,-5.176,54.083,-27.14,3.072,11.06,17.40921827,78.39963006,0.425,0.64
2723,90.87893333333297,-2.19,2.749,6.304,109.877,15.957,3.114,11.21,17.4092189,78.39962923,0.424,0.64
2724,90.91229999999996,0.179,2.132,14.447,-15.718,62.889,3.142,11.31,17.4092195,78.3996284,0.424,0.64
2725,90.94566666666653,1.115,-2.378,-0.102,-136.172,33.702,3.143,11.32,17.40922003,78.3996276,0.423,0.64
2726,90.97903333333352,0.253,-3.916,1.763,-48.381,-28.751,3.145,11.32,17.40922056,78.3996268,0.423,0.64
2727,91.01240000000008,0.692,-0.718,17.986,96.228,-2.963,3.157,11.37,17.40922109,78.39962595,0.422,0.64
2728,91.04576666666662,2.059,2.444,22.87,97.817,25.527,3.188,11.48,17.40922159,78.39962502,0.422,0.64
2729,91.07913333333316,3.648,0.911,16.923,-44.212,43.921,3.218,11.58,17.40922209,78.39962408,0.422,0.64
2730,91.11250000000018,3.693,-2.178,2.758,-93.4,9.671,3.242,11.67,17.4092226,78.39962316,0.422,0.64
2731,91.14586666666628,1.574,-3.425,-4.013,-39.262,-58.723,3.255,11.72,17.40922313,78.39962226,0.422,0.64
2732,91.17923333333285,0.042,-0.562,3.115,86.304,-51.637,3.269,11.77,17.40922367,78.39962136,0.422,0.64
2733,91.21259999999984,0.315,2.755,4.174,102.715,5.14,3.293,11.86,17.40922432,78.3996205,0.421,0.64
2734,91.24596666666685,0.952,0.858,-3.804,-55.163,26.16,3.337,12.01,17.40922515,78.3996197,0.421,0.64
2735,91.27933333333294,0.298,-3.144,-17.504,-121.572,-1.167,3.38,12.17,17.40922598,78.3996189,0.421,0.64
2736,91.31269999999996,-1.75,-6.133,-25.021,-93.773,-41.756,3.402,12.25,17.40922674,78.39961807,0.421,0.64
2737,91.34606666666696,-3.793,-4.649,-15.578,41.524,-58.356,3.389,12.2,17.40922738,78.3996172,0.421,0.64
2738,91.37943333333352,-4.64,-0.245,-8.984,132.774,-29.967,3.376,12.15,17.40922801,78.39961633,0.421,0.64
2739,91.41280000000006,-4.466,1.167,-12.426,44.248,4.811,3.387,12.19,17.40922862,78.3996154,0.421,0.64
2740,91.4461666666666,-4.249,-1.75,-14.248,-87.913,8.384,3.437,12.37,17.40922918,78.39961437,0.421,0.64
2741,91.47953333333362,-5.988,-4.327,-26.37,-79.912,-42.475,3.487,12.55,17.40922975,78.39961333,0.421,0.64
2742,91.51290000000016,-6.931,-5.445,-18.774,-37.126,-28.388,3.531,12.71,17.40923036,78.39961233,0.421,0.64
2743,91.54626666666628,-5.821,-3.027,-2.966,70.866,18.445,3.565,12.83,17.40923103,78.39961136,0.421,0.64
2744,91.57963333333282,-6.0,0.51,-5.621,107.359,-16.009,3.598,12.95,17.40923169,78.39961039,0.421,0.64
2745,91.61299999999984,-7.461,1.421,-21.063,29.472,-42.42,3.602,12.97,17.4092323,78.39960942,0.421,0.64
2746,91.64636666666684,-7.091,-0.749,-21.561,-64.721,11.54,3.557,12.81,17.4092328,78.39960846,0.421,0.64
2747,91.67973333333292,-6.743,-4.878,-28.518,-126.901,18.706,3.513,12.65,17.4092333,78.39960749,0.421,0.64
2748,91.71309999999994,-8.157,-6.626,-27.861,-57.042,-37.286,3.511,12.64,17.40923382,78.39960647,0.421,0.64
2749,91.74646666666696,-8.478,-4.538,-9.681,59.704,-23.262,3.576,12.87,17.40923439,78.39960537,0.421,0.64
2750,91.7798333333335,-7.648,-0.329,-4.747,126.775,6.891,3.64,13.1,17.40923496,78.39960427,0.421,0.64
2751,91.81320000000004,-7.769,0.961,-14.359,40.394,-10.861,3.682,13.26,17.40923551,78.39960315,0.421,0.64
2752,91.8465666666666,-7.065,-1.807,-12.429,-83.562,11.881,3.691,13.29,17.40923605,78.39960202,0.421,0.64
2753,91.8799333333336,-5.711,-5.49,-11.188,-114.054,32.435,3.699,13.32,17.40923658,78.39960088,0.421,0.64
2754,91.91330000000016,-4.662,-8.579,-10.861,-98.895,26.241,3.705,13.34,17.40923715,78.3995998,0.421,0.64
2755,91.94666666666626,-4.201,-7.696,4.292,20.884,-2.587,3.709,13.35,17.40923779,78.3995988,0.421,0.64
2756,91.9800333333328,-3.805,-3.979,7.772,108.943,-6.476,3.713,13.37,17.40923842,78.3995978,0.421,0.64
2757,92.01339999999982,-2.924,0.097,4.069,123.112,12.379,3.72,13.39,17.40923905,78.39959677,0.421,0.64
2758,92.04676666666684,-2.142,1.011,-1.323,29.146,16.566,3.733,13.44,17.40923969,78.3995957,0.421,0.64
2759,92.08013333333292,-1.127,-1.721,-5.464,-82.457,29.455,3.745,13.48,17.40924032,78.39959464,0.421,0.64
2760,92.11349999999992,-1.26,-4.256,-12.387,-78.683,3.997,3.765,13.56,17.40924097,78.39959357,0.421,0.64
2761,92.14686666666694,-2.465,-6.476,-16.158,-71.105,-24.567,3.796,13.66,17.40924164,78.3995925,0.421,0.64
2762,92.18023333333348,-3.042,-5.286,-1.231,32.077,-22.32,3.826,13.77,17.4092423,78.39959143,0.421,0.64
2763,92.21360000000004,-2.548,-1.604,7.334,109.852,-0.173,3.839,13.82,17.40924301,78.39959042,0.421,0.64
2764,92.2469666666666,-1.606,2.188,7.088,116.37,14.299,3.827,13.78,17.40924378,78.39958948,0.421,0.64
2765,92.2803333333336,-0.328,1.87,1.273,-7.098,32.071,3.814,13.73,17.40924455,78.39958855,0.421,0.64
2766,92.31370000000015,0.825,-1.877,1.172,-113.03,31.779,3.813,13.73,17.40924529,78.39958759,0.421,0.64
2767,92.34706666666624,1.608,-5.146,-0.589,-101.443,25.145,3.829,13.78,17.40924599,78.39958659,0.421,0.64
2768,92.3804333333328,1.185,-6.467,-0.506,-44.199,-8.006,3.844,13.84,17.40924669,78.39958559,0.421,0.64
2769,92.4137999999998,1.083,-6.082,6.356,7.288,-5.811,3.86,13.9,17.40924733,78.3995845,0.421,0.64
2770,92.44716666666682,1.126,-1.912,12.435,124.184,-7.155,3.877,13.96,17.4092479,78.3995833,0.421,0.64
2771,92.48053333333291,1.516,0.938,3.676,87.036,10.427,3.893,14.02,17.40924847,78.3995821,0.421,0.64
2772,92.51389999999992,2.038,2.047,3.362,35.791,15.391,3.917,14.1,17.40924913,78.39958098,0.421,0.64
2773,92.54726666666691,2.525,-0.201,1.896,-66.724,16.824,3.95,14.22,17.40924993,78.39957998,0.421,0.64
2774,92.58063333333348,2.164,-2.618,-8.251,-73.805,2.812,3.984,14.34,17.40925074,78.39957898,0.421,0.64
2775,92.61400000000005,0.688,-4.19,-10.739,-49.791,-27.092,4.012,14.44,17.40925151,78.39957795,0.421,0.64
2776,92.64736666666658,-0.451,-4.758,-3.784,-20.221,-27.07,4.033,14.52,17.40925224,78.39957688,0.421,0.64
2777,92.6807333333336,-0.439,-2.409,2.503,69.19,-3.1,4.055,14.6,17.40925298,78.39957582,0.421,0.64
2778,92.71410000000014,0.465,1.283,5.748,112.54,18.54,4.088,14.72,17.40925368,78.39957469,0.421,0.64
2779,92.74746666666624,0.945,1.761,0.152,16.629,13.561,4.138,14.9,17.40925435,78.39957349,0.421,0.64
2780,92.7808333333328,0.592,-0.338,-4.796,-62.381,-3.547,4.187,15.07,17.40925502,78.39957229,0.421,0.64
2781,92.8141999999998,0.875,-2.792,-4.323,-75.089,11.964,4.227,15.22,17.40925568,78.39957107,0.421,0.64
2782,92.8475666666668,0.921,-4.461,-7.393,-52.95,8.798,4.252,15.31,17.40925635,78.39956984,0.421,0.64
2783,92.8809333333329,-0.464,-6.285,-10.748,-59.154,-25.904,4.278,15.4,17.40925702,78.39956861,0.421,0.64
2784,92.91429999999993,-1.525,-6.066,1.635,2.242,-30.708,4.265,15.35,17.40925769,78.39956744,0.421,0.64
2785,92.94766666666692,-1.001,-2.892,10.434,93.483,1.668,4.202,15.13,17.40925835,78.39956637,0.421,0.64
2786,92.98103333333349,0.717,0.872,12.715,114.32,33.62,4.14,14.9,17.40925902,78.39956531,0.421,0.64
2787,93.01440000000002,2.11,3.101,10.707,70.207,30.553,4.126,14.85,17.40925972,78.39956418,0.421,0.64
2788,93.04776666666658,2.968,1.592,6.197,-43.113,22.584,4.178,15.04,17.40926045,78.39956298,0.421,0.64
2789,93.08113333333358,4.293,-1.65,1.628,-97.738,41.166,4.229,15.22,17.40926118,78.39956178,0.421,0.64
2790,93.11450000000012,4.521,-4.168,0.549,-78.188,15.065,4.252,15.31,17.4092619,78.39956059,0.421,0.64
2791,93.14786666666625,3.432,-6.68,-7.222,-80.148,-12.668,4.237,15.25,17.40926261,78.39955942,0.421,0.64
2792,93.18123333333278,1.384,-7.102,-5.348,-17.825,-43.227,4.223,15.2,17.40926331,78.39955826,0.421,0.64
2793,93.2145999999998,0.429,-5.465,4.486,45.2,-26.006,4.226,15.21,17.40926402,78.39955709,0.421,0.64
2794,93.2479666666668,0.497,-1.309,11.018,124.214,-6.221,4.252,15.31,17.40926476,78.39955592,0.421,0.64
2795,93.2813333333329,1.072,2.18,8.551,107.147,9.063,4.278,15.4,17.40926549,78.39955475,0.421,0.64
2796,93.3146999999999,1.935,3.091,6.413,30.647,19.501,4.308,15.51,17.40926616,78.39955351,0.421,0.64
2797,93.34806666666692,3.429,1.509,7.429,-45.364,37.378,4.344,15.64,17.40926677,78.39955218,0.421,0.64
2798,93.38143333333346,4.34,-0.99,4.337,-74.985,27.472,4.381,15.77,17.40926737,78.39955084,0.421,0.64
2799,93.4148,4.086,-4.009,1.381,-93.074,1.877,4.396,15.82,17.40926797,78.39954952,0.421,0.64
2800,93.44816666666657,2.203,-6.799,-8.634,-88.598,-32.767,4.384,15.78,17.40926857,78.39954822,0.421,0.64
2801,93.48153333333356,0.526,-5.861,5.781,23.939,-43.809,4.372,15.74,17.40926917,78.39954692,0.421,0.64
2802,93.51490000000013,0.732,-3.152,15.477,79.261,-5.72,4.379,15.76,17.40926978,78.39954557,0.421,0.64
2803,93.54826666666622,1.874,0.523,15.458,111.302,18.409,4.408,15.87,17.40927042,78.39954417,0.421,0.64
2804,93.58163333333276,2.674,3.43,10.635,90.744,15.901,4.438,15.98,17.40927105,78.39954277,0.421,0.64
2805,93.61499999999978,2.264,5.443,5.858,65.655,-8.97,4.456,16.04,17.4092717,78.39954143,0.421,0.64
2806,93.6483666666668,2.891,3.868,5.097,-43.219,16.566,4.462,16.06,17.40927237,78.39954016,0.421,0.64
2807,93.68173333333289,4.122,0.525,5.187,-99.005,33.491,4.467,16.08,17.40927303,78.39953889,0.421,0.64
2808,93.7150999999999,5.079,-3.283,3.037,-116.145,30.696,4.483,16.14,17.40927372,78.3995376,0.421,0.64
2809,93.7484666666669,2.723,-6.116,-16.373,-89.307,-35.751,4.512,16.24,17.40927442,78.39953626,0.421,0.64
2810,93.78183333333344,-0.327,-7.911,-12.185,-59.692,-64.758,4.541,16.35,17.40927512,78.39953493,0.421,0.64
2811,93.8152,-1.417,-7.758,0.395,-1.225,-28.102,4.55,16.38,17.40927583,78.39953364,0.421,0.64
2812,93.84856666666656,-1.292,-4.774,10.982,86.109,-8.286,4.535,16.33,17.40927657,78.3995324,0.421,0.64
2813,93.88193333333356,-1.151,-1.265,9.276,104.813,-6.348,4.52,16.27,17.4092773,78.39953117,0.421,0.64
2814,93.91530000000012,-0.844,0.337,5.711,49.011,0.687,4.503,16.21,17.40927807,78.39952998,0.421,0.64
2815,93.9486666666662,0.508,0.584,8.856,8.599,25.111,4.483,16.14,17.40927887,78.39952885,0.421,0.64
2816,93.98203333333322,2.562,-1.184,12.5,-53.309,44.196,4.463,16.07,17.40927967,78.39952771,0.421,0.64
2817,94.01540000000024,4.018,-4.893,4.174,-114.55,39.73,4.454,16.03,17.40928052,78.39952659,0.421,0.64
2818,94.04876666666678,2.522,-6.88,-8.764,-64.648,-22.132,4.457,16.05,17.40928142,78.39952549,0.421,0.64
2819,94.08213333333288,-0.421,-9.558,-19.159,-87.633,-56.6,4.461,16.06,17.40928232,78.39952439,0.421,0.64
2820,94.11549999999988,-3.025,-10.581,-14.925,-38.881,-57.875,4.471,16.1,17.4092832,78.39952327,0.421,0.64
2821,94.14886666666688,-4.356,-8.146,-2.853,66.771,-38.465,4.489,16.16,17.40928407,78.39952214,0.421,0.64
2822,94.182233333333,-4.339,-5.313,-0.095,81.063,-9.007,4.507,16.23,17.40928494,78.399521,0.421,0.64
2823,94.2156,-4.036,-3.131,-1.237,63.405,-1.069,4.526,16.29,17.40928577,78.39951982,0.421,0.64
2824,94.24896666666656,-4.174,-0.225,-3.409,87.526,-9.556,4.546,16.37,17.40928658,78.39951859,0.421,0.64
2825,94.28233333333355,-3.227,-0.207,-0.386,1.017,14.319,4.566,16.44,17.40928738,78.39951735,0.421,0.64
2826,94.3157000000001,-1.271,-2.574,2.342,-72.5,39.738,4.601,16.56,17.40928824,78.3995161,0.421,0.64
2827,94.3490666666662,-0.813,-5.599,-6.142,-94.727,12.623,4.654,16.75,17.40928917,78.39951484,0.421,0.64
2828,94.3824333333332,-1.38,-8.048,-13.382,-79.56,-5.595,4.707,16.95,17.40929011,78.39951357,0.421,0.64
2829,94.41580000000022,-2.684,-9.321,-8.472,-45.4,-27.91,4.738,17.06,17.40929104,78.39951236,0.421,0.64
2830,94.44916666666631,-3.322,-9.381,-5.791,-9.108,-16.495,4.743,17.07,17.40929198,78.39951123,0.421,0.64
2831,94.48253333333288,-3.924,-7.195,0.406,60.029,-21.492,4.748,17.09,17.40929291,78.39951009,0.421,0.64
2832,94.51589999999987,-4.103,-4.324,1.403,82.997,-13.352,4.756,17.12,17.40929383,78.39950891,0.421,0.64
2833,94.54926666666688,-4.716,-0.118,1.635,126.514,-24.213,4.765,17.16,17.40929473,78.39950768,0.421,0.64
2834,94.58263333333298,-4.303,2.685,0.893,86.817,-0.754,4.775,17.19,17.40929563,78.39950644,0.421,0.64
2835,94.616,-3.78,3.849,-0.83,38.673,3.844,4.792,17.25,17.40929648,78.39950516,0.421,0.64
2836,94.64936666666654,-1.921,2.925,2.693,-24.652,33.974,4.819,17.35,17.40929728,78.39950383,0.421,0.64
2837,94.68273333333354,-0.358,0.388,-0.615,-75.151,33.016,4.845,17.44,17.40929809,78.39950249,0.421,0.64
2838,94.7161000000001,0.851,-2.673,-1.687,-93.41,28.442,4.847,17.45,17.40929893,78.39950122,0.421,0.64
2839,94.7494666666662,0.437,-5.05,-9.91,-74.928,-1.028,4.824,17.37,17.40929984,78.39950002,0.421,0.64
2840,94.7828333333332,-1.196,-6.722,-16.733,-55.191,-25.609,4.802,17.29,17.40930074,78.39949882,0.421,0.64
2841,94.8162000000002,-2.518,-6.005,-4.794,16.973,-30.341,4.804,17.29,17.40930169,78.39949762,0.421,0.64
2842,94.8495666666663,-3.498,-5.483,-5.537,11.578,-24.148,4.832,17.4,17.40930269,78.39949642,0.421,0.64
2843,94.88293333333286,-5.106,-3.171,-4.769,67.149,-42.213,4.86,17.5,17.40930369,78.39949521,0.421,0.64
2844,94.91629999999986,-5.589,-0.103,-1.395,92.402,-20.392,4.908,17.67,17.40930475,78.39949401,0.421,0.64
2845,94.94966666666689,-5.986,3.51,-3.291,111.752,-17.781,4.976,17.91,17.40930589,78.39949281,0.421,0.64
2846,94.98303333333295,-5.656,4.834,-4.555,44.305,-1.381,5.044,18.16,17.40930702,78.39949161,0.421,0.64
2847,95.01639999999998,-4.659,5.009,-3.854,9.997,13.429,5.059,18.21,17.40930806,78.39949039,0.421,0.64
2848,95.04976666666651,-3.846,3.696,-3.232,-35.703,10.957,5.02,18.07,17.40930899,78.39948916,0.421,0.64
2849,95.08313333333354,-1.773,0.173,-0.949,-104.893,40.669,4.981,17.93,17.40930993,78.39948792,0.421,0.64
2850,95.11650000000007,-0.754,-3.109,-8.683,-100.423,25.298,4.975,17.91,17.40931089,78.39948667,0.421,0.64
2851,95.14986666666618,-0.996,-5.36,-10.489,-71.397,0.028,5.004,18.01,17.4093119,78.39948541,0.421,0.64
2852,95.1832333333332,-1.285,-7.125,-10.852,-58.361,-1.244,5.033,18.12,17.4093129,78.39948414,0.421,0.64
2853,95.2166000000002,-1.365,-9.096,-12.431,-66.204,3.856,5.039,18.14,17.40931395,78.39948295,0.421,0.64
2854,95.2499666666663,-2.402,-9.671,-11.061,-24.855,-18.487,5.023,18.08,17.40931505,78.39948185,0.421,0.64
2855,95.28333333333283,-4.202,-7.941,-3.535,45.662,-44.425,5.007,18.03,17.40931615,78.39948075,0.421,0.64
2856,95.31669999999986,-3.344,-6.257,-1.24,45.71,11.52,4.981,17.93,17.40931722,78.39947962,0.421,0.64
2857,95.35006666666686,-3.776,-3.434,-3.666,82.184,-14.054,4.945,17.8,17.40931825,78.39947845,0.421,0.64
2858,95.38343333333296,-4.071,0.546,-0.426,120.217,-14.122,4.909,17.67,17.40931929,78.39947728,0.421,0.64
2859,95.41679999999997,-3.338,4.227,-0.964,114.377,8.887,4.922,17.72,17.40932037,78.39947608,0.421,0.64
2860,95.45016666666652,-1.911,5.377,-2.522,39.458,27.163,4.984,17.94,17.40932151,78.39947484,0.421,0.64
2861,95.48353333333353,-2.108,3.986,-9.712,-37.838,-1.766,5.046,18.17,17.40932264,78.39947361,0.421,0.64
2862,95.51690000000008,-2.832,3.093,-11.997,-23.658,-12.211,5.06,18.22,17.40932374,78.39947243,0.421,0.64
2863,95.55026666666618,-2.419,1.601,-9.487,-42.874,9.74,5.026,18.09,17.40932481,78.39947129,0.421,0.64
2864,95.58363333333318,-1.598,-0.545,-10.851,-64.279,20.744,4.992,17.97,17.40932588,78.39947016,0.421,0.64
2865,95.6170000000002,-2.653,-3.038,-18.537,-76.748,-14.4,4.983,17.94,17.40932701,78.39946906,0.421,0.64
2866,95.65036666666629,-3.028,-4.507,-12.572,-47.319,-5.286,4.998,17.99,17.40932821,78.39946799,0.421,0.64
2867,95.68373333333284,-2.998,-4.76,-11.442,-11.093,2.169,5.013,18.05,17.40932941,78.39946692,0.421,0.64
2868,95.71709999999985,-2.528,-4.268,-7.926,11.636,9.612,4.998,17.99,17.40933043,78.39946573,0.421,0.64
2869,95.75046666666684,-2.091,-3.889,-6.371,8.551,8.813,4.954,17.84,17.40933126,78.39946443,0.421,0.64
2870,95.78383333333296,-1.458,-4.049,-4.127,-7.737,12.659,4.911,17.68,17.4093321,78.39946313,0.421,0.64
2871,95.81719999999996,-0.654,-5.648,-6.468,-52.187,19.55,4.898,17.63,17.40933307,78.39946193,0.421,0.64
2872,95.85056666666652,-0.564,-7.026,-6.516,-46.773,4.808,4.912,17.68,17.40933417,78.39946083,0.421,0.64
2873,95.88393333333352,-0.069,-7.816,-1.178,-29.814,10.464,4.927,17.74,17.40933527,78.39945973,0.421,0.64
2874,95.91730000000008,1.122,-7.496,3.037,3.732,24.441,4.941,17.79,17.40933641,78.39945865,0.421,0.64
2875,95.95066666666662,1.008,-7.533,0.386,-7.037,-0.997,4.954,17.84,17.40933757,78.39945758,0.421,0.64
2876,95.98403333333316,1.476,-6.936,4.751,12.494,8.796,4.968,17.88,17.40933874,78.39945651,0.421,0.64
2877,96.01740000000018,2.177,-6.167,6.495,18.239,13.773,4.972,17.9,17.40933987,78.39945541,0.421,0.64
2878,96.05076666666628,3.223,-7.087,6.806,-33.126,22.858,4.968,17.89,17.40934098,78.39945427,0.421,0.64
2879,96.08413333333284,3.11,-7.252,6.766,-10.675,-1.196,4.965,17.87,17.40934208,78.39945314,0.421,0.64
2880,96.11749999999984,2.686,-6.493,7.133,17.646,-8.634,4.959,17.85,17.40934302,78.39945188,0.421,0.64
2881,96.15086666666684,2.763,-6.923,4.804,-18.339,3.355,4.95,17.82,17.40934382,78.39945051,0.421,0.64
2882,96.18423333333294,3.37,-7.109,6.839,-11.212,14.06,4.942,17.79,17.40934462,78.39944915,0.421,0.64
2883,96.21759999999996,3.036,-7.535,4.989,-18.752,-4.645,4.927,17.74,17.40934551,78.39944787,0.421,0.64
2884,96.25096666666695,2.682,-6.884,7.399,14.047,-7.426,4.906,17.66,17.40934648,78.39944667,0.421,0.64
2885,96.2843333333335,3.135,-6.771,7.871,-1.997,9.848,4.886,17.59,17.40934745,78.39944546,0.421,0.64
2886,96.31770000000006,2.945,-6.307,5.34,8.903,-2.112,4.876,17.55,17.40934827,78.39944412,0.421,0.64
2887,96.3510666666666,2.333,-5.696,2.906,13.809,-10.402,4.877,17.56,17.40934897,78.39944265,0.421,0.64
2888,96.38443333333362,1.461,-5.565,1.281,-0.475,-16.47,4.878,17.56,17.40934967,78.39944118,0.421,0.64
2889,96.41780000000016,0.987,-5.138,3.9,8.779,-10.895,4.881,17.57,17.40935041,78.39943977,0.421,0.64
2890,96.45116666666628,1.876,-4.955,5.16,1.572,18.395,4.886,17.59,17.40935118,78.3994384,0.421,0.64
2891,96.48453333333282,1.633,-4.407,2.93,12.988,-4.117,4.892,17.61,17.40935194,78.39943703,0.421,0.64
2892,96.51789999999984,1.345,-4.09,0.703,6.306,-4.08,4.88,17.57,17.40935273,78.3994357,0.421,0.64
2893,96.55126666666683,0.635,-4.405,-1.185,-12.874,-13.02,4.855,17.48,17.40935353,78.3994344,0.421,0.64
2894,96.58463333333292,0.385,-4.769,1.672,-14.694,-5.945,4.829,17.38,17.40935433,78.3994331,0.421,0.64
2895,96.61799999999994,0.511,-3.194,8.359,44.775,-2.465,4.822,17.36,17.40935513,78.3994318,0.421,0.64
2896,96.65136666666696,1.263,-1.941,7.497,36.146,12.793,4.831,17.39,17.40935593,78.3994305,0.421,0.64
2897,96.6847333333335,2.614,-1.671,7.252,6.919,28.649,4.841,17.43,17.40935673,78.3994292,0.421,0.64
2898,96.71810000000004,2.267,-2.399,1.479,-23.616,-4.01,4.831,17.39,17.40935755,78.39942793,0.421,0.64
2899,96.7514666666666,0.676,-3.362,-4.532,-31.475,-29.795,4.806,17.3,17.40935839,78.3994267,0.421,0.64
2900,96.7848333333336,-0.956,-1.835,-1.751,44.47,-36.566,4.781,17.21,17.40935922,78.39942546,0.421,0.64
2901,96.81820000000016,-1.148,-0.086,1.525,52.551,-7.732,4.785,17.23,17.40936007,78.39942417,0.421,0.64
2902,96.85156666666626,-0.116,0.19,1.87,8.649,20.046,4.812,17.32,17.40936094,78.39942284,0.421,0.64
2903,96.8849333333328,0.881,-1.455,0.634,-50.305,22.126,4.839,17.42,17.40936181,78.3994215,0.421,0.64
2904,96.91829999999982,0.291,-3.247,-8.032,-56.233,-6.411,4.846,17.45,17.40936269,78.39942022,0.421,0.64
2905,96.95166666666682,-0.329,-3.033,-3.962,4.072,-11.15,4.838,17.42,17.40936359,78.39941899,0.421,0.64
2906,96.98503333333292,-1.075,-1.918,-0.181,32.001,-18.053,4.83,17.39,17.4093645,78.39941775,0.421,0.64
2907,97.01839999999991,-0.606,-0.743,4.54,34.8,5.152,4.841,17.43,17.40936538,78.39941645,0.421,0.64
2908,97.05176666666694,1.179,-1.611,7.897,-27.166,34.64,4.868,17.52,17.40936625,78.39941508,0.421,0.64
2909,97.08513333333347,1.838,-3.143,3.284,-48.345,14.786,4.895,17.62,17.40936711,78.39941371,0.421,0.64
2910,97.11850000000004,1.11,-5.22,-3.02,-66.448,-11.044,4.903,17.65,17.40936793,78.39941232,0.421,0.64
2911,97.1518666666666,-0.552,-4.592,-0.147,15.135,-36.703,4.896,17.63,17.40936869,78.39941092,0.421,0.64
2912,97.1852333333336,-1.028,-2.772,6.778,52.396,-16.929,4.889,17.6,17.40936946,78.39940952,0.421,0.64
2913,97.21860000000017,-0.661,-1.519,6.734,36.447,1.391,4.88,17.57,17.40937026,78.39940817,0.421,0.64
2914,97.25196666666623,0.844,-1.569,8.995,-2.627,26.916,4.869,17.53,17.4093711,78.39940687,0.421,0.64
2915,97.2853333333328,3.205,-3.195,8.97,-51.247,52.17,4.859,17.49,17.40937193,78.39940557,0.421,0.64
2916,97.3186999999998,3.494,-6.32,-5.87,-98.809,16.831,4.88,17.57,17.4093728,78.39940423,0.421,0.64
2917,97.3520666666668,1.025,-6.508,-4.144,-10.96,-48.672,4.927,17.74,17.40937371,78.39940287,0.421,0.64
2918,97.38543333333293,-0.577,-5.625,2.83,21.88,-37.061,4.974,17.9,17.40937461,78.3994015,0.421,0.64
2919,97.41879999999992,-0.644,-1.616,13.226,118.907,-11.769,4.998,17.99,17.40937551,78.39940015,0.421,0.64
2920,97.45216666666693,1.003,0.408,12.858,61.138,26.795,5.004,18.02,17.40937641,78.39939881,0.421,0.64
2921,97.48553333333348,2.806,0.255,13.273,-4.219,33.6,5.011,18.04,17.40937731,78.39939748,0.421,0.64
2922,97.51890000000004,4.968,-1.171,15.972,-43.581,44.336,5.013,18.05,17.40937815,78.39939611,0.421,0.64
2923,97.55226666666658,5.596,-5.108,3.962,-122.16,20.847,5.011,18.04,17.40937895,78.3993947,0.421,0.64
2924,97.5856333333336,3.448,-7.351,-3.688,-73.297,-35.47,5.01,18.03,17.40937976,78.3993933,0.421,0.64
2925,97.61900000000014,0.821,-7.111,0.732,1.342,-55.953,5.026,18.09,17.40938065,78.39939192,0.421,0.64
2926,97.65236666666624,-0.341,-4.535,10.222,73.499,-31.663,5.055,18.2,17.40938162,78.39939055,0.421,0.64
2927,97.6857333333328,-0.24,-0.841,12.691,110.088,-7.027,5.084,18.3,17.40938259,78.39938918,0.421,0.64
2928,97.7190999999998,0.634,1.639,6.029,75.806,14.473,5.1,18.36,17.40938353,78.3993878,0.421,0.64
2929,97.7524666666668,0.854,2.468,3.322,27.024,3.65,5.107,18.39,17.40938447,78.3993864,0.421,0.64
2930,97.7858333333329,2.179,0.667,3.401,-53.311,28.522,5.114,18.41,17.4093854,78.399385,0.421,0.64
2931,97.81919999999992,1.717,-1.427,-3.249,-63.866,-3.861,5.122,18.44,17.40938641,78.39938367,0.421,0.64
2932,97.85256666666692,1.405,-3.505,-4.587,-65.102,-0.626,5.13,18.47,17.40938748,78.3993824,0.421,0.64
2933,97.88593333333348,0.47,-4.508,-1.676,-33.758,-16.668,5.138,18.5,17.40938855,78.39938113,0.421,0.64
2934,97.91930000000002,-1.024,-6.683,-9.098,-70.712,-25.925,5.144,18.52,17.4093896,78.39937985,0.421,0.64
2935,97.95266666666656,-3.0,-4.335,2.697,66.786,-49.286,5.148,18.53,17.40939063,78.39937855,0.421,0.64
2936,97.98603333333358,-3.477,-0.298,8.909,120.828,-22.146,5.152,18.55,17.40939167,78.39937724,0.421,0.64
2937,98.01940000000012,-1.233,0.191,10.053,14.874,36.123,5.168,18.6,17.40939264,78.39937589,0.421,0.64
2938,98.05276666666624,-0.289,1.09,5.95,27.925,13.933,5.191,18.69,17.40939358,78.39937448,0.421,0.64
2939,98.08613333333278,-0.435,0.685,1.588,-11.466,-4.77,5.214,18.77,17.40939451,78.39937308,0.421,0.64
2940,98.1194999999998,-0.375,0.537,0.665,-3.923,-0.073,5.223,18.8,17.40939543,78.3993717,0.421,0.64
2941,98.1528666666668,-0.487,0.511,0.558,-0.263,-3.542,5.221,18.8,17.40939633,78.39937033,0.421,0.64
2942,98.1862333333329,-1.198,-0.632,-2.581,-34.7,-14.519,5.22,18.79,17.40939723,78.39936896,0.421,0.64
2943,98.2195999999999,-1.663,-1.426,-5.084,-24.917,-8.962,5.212,18.76,17.40939811,78.39936756,0.421,0.64
2944,98.25296666666692,-1.757,-0.366,0.709,31.509,-5.662,5.2,18.72,17.40939898,78.39936612,0.421,0.64
2945,98.28633333333346,-1.838,1.267,2.811,50.088,-6.956,5.189,18.68,17.40939984,78.39936469,0.421,0.64
2946,98.3197,-1.66,2.93,0.885,52.377,-0.31,5.185,18.67,17.40940073,78.39936325,0.421,0.64
2947,98.35306666666656,-1.539,3.231,-1.768,11.821,0.516,5.186,18.67,17.40940163,78.39936182,0.421,0.64
2948,98.38643333333356,-1.448,2.011,-6.598,-34.779,3.247,5.187,18.67,17.40940253,78.39936038,0.421,0.64
2949,98.41980000000012,-1.851,1.827,-7.239,-3.886,-6.744,5.185,18.67,17.40940343,78.39935897,0.421,0.64
2950,98.45316666666622,-1.372,1.589,-4.265,-5.699,9.444,5.181,18.65,17.40940434,78.39935757,0.421,0.64
2951,98.48653333333324,-0.641,1.923,0.051,11.733,12.959,5.177,18.64,17.40940524,78.39935617,0.421,0.64
2952,98.51989999999978,-0.329,2.652,-0.205,24.163,5.478,5.181,18.65,17.4094061,78.39935472,0.421,0.64
2953,98.5532666666668,-0.768,2.81,-3.513,7.201,-7.855,5.19,18.69,17.40940693,78.39935326,0.421,0.64
2954,98.58663333333288,-1.524,2.172,-7.248,-17.189,-13.013,5.2,18.72,17.40940777,78.39935179,0.421,0.64
2955,98.61999999999988,-2.848,1.842,-10.056,-8.237,-25.225,5.171,18.62,17.40940856,78.39935036,0.421,0.64
2956,98.6533666666669,-2.933,1.479,-3.617,-9.502,-5.005,5.116,18.42,17.40940933,78.39934896,0.421,0.64
2957,98.686733333333,-3.159,1.942,-3.222,15.599,-8.584,5.061,18.22,17.40941009,78.39934756,0.421,0.64
2958,98.7201,-2.9,0.874,-4.061,-31.145,2.193,5.045,18.16,17.40941092,78.39934616,0.421,0.64
2959,98.75346666666655,-3.514,-1.109,-11.833,-60.233,-11.316,5.055,18.2,17.40941179,78.39934475,0.421,0.64
2960,98.78683333333356,-3.118,-0.654,-1.586,13.19,2.827,5.065,18.23,17.40941266,78.39934335,0.421,0.64
2961,98.82020000000011,-1.997,0.853,0.522,46.0,18.237,5.046,18.17,17.40941346,78.39934197,0.421,0.64
2962,98.8535666666662,-1.958,1.428,-4.789,18.56,0.047,5.009,18.03,17.40941423,78.3993406,0.421,0.64
2963,98.88693333333322,-2.562,0.802,-8.002,-17.986,-12.068,4.972,17.9,17.409415,78.39933924,0.421,0.64
2964,98.92030000000022,-3.0,1.096,-5.932,9.854,-10.987,4.949,17.82,17.40941577,78.39933787,0.421,0.64
2965,98.95366666666678,-2.125,1.229,-1.184,5.15,14.429,4.935,17.77,17.40941653,78.3993365,0.421,0.64
2966,98.98703333333287,-0.987,2.057,0.514,26.658,21.099,4.921,17.72,17.4094173,78.39933513,0.421,0.64
