timestamp_s,roll_deg,pitch_deg,yaw_deg
0.133941,3.605491,-78.247897,111.548204
0.144004,2.662852,-76.322351,113.842916
0.154067,3.119640,-77.144268,113.164855
0.164130,6.305747,-78.561000,113.985482
0.174193,7.082085,-78.625265,115.222682
0.184257,9.970095,-77.246380,118.898663
0.194320,12.890636,-77.380203,120.655237
0.204383,13.088060,-77.256707,120.702297
0.214446,13.029143,-76.874906,121.209124
0.224509,15.463053,-77.950128,121.938110
0.234572,14.987064,-78.256790,120.863927
0.244635,13.461460,-78.262329,119.575821
0.254698,12.089729,-77.454434,119.620409
0.264761,12.142184,-77.422305,119.549402
0.274825,11.977747,-77.289772,119.651377
0.284888,12.284375,-77.481960,119.982504
0.294951,11.812036,-77.639696,119.569756
0.305014,12.667515,-78.109866,119.749841
0.315077,12.628606,-77.970544,119.785768
0.325140,11.880983,-77.586161,119.799715
0.335203,11.556164,-77.461210,119.667168
0.345267,12.035391,-77.542782,120.010358
0.355330,12.421630,-77.637640,120.349668
0.365393,12.433547,-77.780111,120.357140
0.375456,12.349992,-78.121675,120.093618
0.385519,12.296657,-78.204901,119.847977
0.395582,12.050032,-78.211738,119.537709
0.405645,11.420598,-77.722389,119.644424
0.415708,10.367555,-77.696926,118.845005
0.425771,10.044770,-77.746595,118.628433
0.435834,9.462379,-78.019605,117.840844
0.445898,9.353103,-78.188153,117.437398
0.455961,8.899790,-78.281146,116.893879
0.466024,8.644097,-78.311513,116.650315
0.476087,8.747574,-78.031141,117.105137
0.486150,8.381180,-77.979757,116.978942
0.496213,8.474290,-77.800103,117.251617
0.506276,8.466977,-77.890986,117.138619
0.516340,8.678067,-77.949814,117.243175
0.526403,8.915361,-78.116464,117.222206
0.536466,9.030128,-78.198351,117.201128
0.546529,9.021308,-78.277547,117.034390
0.556592,8.918896,-78.075667,117.126160
0.566655,8.394307,-78.017822,116.728370
0.576719,8.371275,-77.808771,116.999324
0.586781,8.079888,-77.741384,116.966388
0.596845,8.107236,-77.852545,116.917689
0.616971,8.565993,-78.083112,116.986660
0.627034,8.353913,-78.061938,116.945365
0.637097,8.664851,-77.999647,117.311491
0.647160,8.614355,-77.934118,117.443750
0.657223,8.517400,-77.990419,117.295576
0.667286,8.370886,-77.831720,117.434762
0.677349,8.337609,-77.832048,117.469336
0.687413,8.405730,-77.832724,117.587362
0.697476,8.581326,-77.955408,117.667781
0.707539,8.841783,-78.098801,117.721083
0.717602,8.884813,-78.117290,117.625816
0.727665,8.654895,-78.110426,117.302092
0.737728,8.506562,-78.028190,117.168658
0.747792,8.204226,-77.942683,116.996715
0.757854,8.085588,-77.910028,116.974434
0.767918,7.825236,-77.990139,116.797300
0.777981,7.536852,-78.183666,116.314652
0.788044,7.000523,-78.330699,115.463897
0.798107,6.345724,-78.272506,114.682100
0.808170,5.658411,-78.191726,114.072116
0.818233,5.503040,-78.074465,114.015159
0.828296,5.440033,-78.013383,114.038416
0.838359,5.830073,-78.017563,114.274351
0.848422,6.213321,-77.934869,114.723518
0.858486,6.602066,-77.896176,115.197206
0.868549,6.873413,-77.969314,115.484934
0.878612,6.962615,-78.139119,115.391647
0.888675,6.739949,-78.205051,114.989800
0.898738,6.109496,-78.234325,114.300593
0.908801,5.542688,-78.157431,113.829153
0.918865,4.800384,-78.092490,113.214149
0.928927,4.262619,-78.037172,112.717751
0.938991,3.866730,-77.961418,112.399608
0.949054,3.714104,-77.933797,112.339912
0.959117,3.812904,-77.955182,112.456394
0.969180,4.148782,-78.080113,112.668062
0.979243,4.518240,-78.169985,112.795049
0.989306,4.717466,-78.144024,112.805738
0.999369,4.917145,-78.037254,113.039870
1.009432,4.874497,-77.981445,113.242255
1.019496,5.080033,-78.074957,113.406316
1.029559,5.223883,-78.111471,113.447004
1.039622,5.223666,-78.123301,113.264057
1.049685,5.110707,-77.970578,113.251824
1.059748,5.075240,-77.916879,113.392499
1.069811,5.168641,-78.004756,113.613203
1.079874,5.321022,-78.208658,113.620197
1.089938,5.410656,-78.297361,113.423419
1.100000,5.304052,-78.332434,113.173619
1.110064,5.249762,-78.238710,113.196254
1.120126,5.111792,-78.175818,113.176747
1.130190,5.107442,-78.151188,113.207278
1.140253,5.225506,-78.113465,113.335542
1.150316,5.351908,-78.119018,113.468915
1.160379,5.478759,-78.159275,113.613981
1.170442,5.665289,-78.282287,113.728783
1.180505,5.755503,-78.367070,113.669538
1.190569,5.710773,-78.357371,113.467201
1.200632,5.633074,-78.228930,113.452126
1.210695,5.496088,-78.229018,113.470636
1.220758,5.693548,-78.286843,113.725546
1.230821,5.800048,-78.383750,113.721188
1.240884,5.932900,-78.387110,113.669791
1.250947,6.020043,-78.272807,113.731891
1.261010,6.141778,-78.133710,113.996458
1.271073,6.328333,-78.155601,114.336656
1.281136,6.627530,-78.290128,114.625860
1.291199,6.928669,-78.398038,114.661213
1.301263,7.158252,-78.328350,114.647348
1.311326,7.243649,-78.223424,114.695760
1.321389,7.419946,-78.102141,114.992573
1.331452,7.531159,-78.067293,115.238023
1.341515,7.790995,-78.107448,115.482462
1.351578,8.089043,-78.089594,115.724073
1.361642,8.365191,-78.056645,115.941969
1.371705,8.648663,-78.040744,116.274968
1.381768,8.997920,-78.108937,116.612954
1.391831,9.379123,-78.155847,116.830358
1.401894,9.694386,-78.065852,116.989406
1.411957,9.973789,-77.912023,117.330547
1.422020,10.515384,-77.750625,117.972639
1.432083,11.055043,-77.716030,118.786907
1.442146,11.650039,-77.792173,119.339005
1.452209,11.693889,-77.824596,119.323514
1.462272,11.509877,-77.735851,119.032261
1.472336,11.418748,-77.563922,119.125794
1.482399,11.660948,-77.501596,119.554060
1.492462,11.787577,-77.617635,119.819167
1.502525,11.694612,-77.819234,119.641992
1.512588,11.481648,-77.912904,119.159467
1.522651,11.323214,-77.903574,118.851329
1.532715,11.140170,-77.836030,118.839827
1.542778,11.046076,-77.791879,118.832096
1.552841,11.024888,-77.889435,118.904714
1.562904,10.900133,-77.893233,118.731118
1.572967,10.842211,-77.927787,118.517702
1.583030,10.594122,-77.968399,118.440248
1.593093,10.494584,-78.087490,118.332809
1.603156,10.285471,-78.235248,118.004072
1.613219,9.770621,-78.273681,117.481221
1.623282,8.991942,-78.231744,116.741771
1.633346,8.336177,-78.157595,116.151547
1.643409,7.791884,-78.172253,115.744727
1.653472,7.734551,-78.203077,115.656590
1.663535,7.804541,-78.162171,115.670879
1.673598,8.063043,-78.016080,115.825883
1.683661,8.372545,-77.830395,116.204003
1.693724,8.810670,-77.784086,116.761537
1.703787,9.214702,-77.897775,117.238694
1.713850,9.413586,-78.064732,117.348592
1.723914,9.187932,-78.093931,116.963451
1.733977,8.739863,-78.041687,116.423593
1.744040,7.995742,-77.959964,115.922230
1.754103,7.139204,-77.969574,115.323468
1.764166,6.371790,-78.017597,114.667319
1.774229,5.496961,-78.048066,113.861767
1.784292,4.708387,-78.041468,113.089156
1.794355,4.051024,-78.045491,112.475081
1.804419,3.535017,-78.114141,111.985890
1.814482,3.133905,-78.212804,111.571509
1.824545,2.895177,-78.196766,111.247389
1.834608,2.840776,-78.102858,111.107944
1.844671,2.984582,-77.976144,111.298520
1.854734,3.334741,-78.027104,111.724252
1.864797,3.827452,-78.123232,112.229352
1.874860,4.067713,-78.213043,112.370962
1.884923,4.175404,-78.141203,112.343334
1.894987,4.133247,-77.966678,112.267212
1.905050,4.147448,-77.858406,112.379295
1.915113,4.268543,-77.948967,112.633740
1.925176,4.421628,-78.152855,112.812807
1.935239,4.493554,-78.270990,112.726241
1.945302,4.514334,-78.208343,112.610026
1.955365,4.525677,-78.146503,112.645324
1.965428,4.730262,-78.093828,112.921243
1.975491,4.944334,-78.100918,113.230637
1.985554,5.342283,-78.131531,113.640824
1.995618,5.781155,-78.099395,114.025131
2.005681,6.206283,-78.085161,114.371941
2.015744,6.590987,-78.122898,114.751754
2.025807,6.941948,-78.234742,115.085751
2.035870,7.175741,-78.269180,115.193121
2.045933,7.287882,-78.178550,115.180062
2.055996,7.432062,-78.013908,115.342921
2.066059,7.632597,-77.983528,115.649227
2.076123,8.033261,-77.997776,116.092807
2.086186,8.306828,-78.017761,116.359881
2.096249,8.560574,-77.946023,116.522290
2.106312,8.798190,-77.821973,116.716267
2.116375,9.157203,-77.761588,117.127526
2.126438,9.603600,-77.856794,117.601637
2.136501,10.055846,-78.005903,117.952736
2.146564,10.309335,-78.050634,118.037171
2.156627,10.455657,-77.948345,117.993212
2.166691,10.387458,-77.854963,117.931959
2.176754,10.383589,-77.803081,118.001326
2.186817,10.350111,-77.782146,118.074122
2.196880,10.384914,-77.784243,118.151344
2.206943,10.553203,-77.737914,118.296568
2.217006,10.913459,-77.706529,118.644334
2.227069,11.288677,-77.729008,119.063407
2.237132,11.543684,-77.801428,119.304280
2.247196,11.519743,-77.799891,119.229148
2.257259,11.363113,-77.700007,119.017194
2.267322,11.266274,-77.570329,119.008301
2.277385,11.513807,-77.544715,119.364222
2.287448,11.707743,-77.572678,119.665611
2.297511,11.873208,-77.616303,119.828907
2.307574,11.839267,-77.570977,119.815698
2.317637,11.970022,-77.452064,119.964336
2.327700,12.188378,-77.387321,120.272569
2.337763,12.298910,-77.468716,120.458978
2.347827,12.147319,-77.616712,120.304575
2.357890,11.861024,-77.718469,119.889901
2.367953,11.652301,-77.715101,119.539061
2.378016,11.526980,-77.710703,119.456375
2.388079,11.451200,-77.730182,119.393264
2.398142,11.371017,-77.761267,119.368552
2.408205,11.356278,-77.781921,119.355493
2.418269,11.391428,-77.783034,119.378511
2.428331,11.454602,-77.795486,119.354113
2.438395,11.462365,-77.913976,119.508653
2.448458,11.417725,-78.042759,119.308447
2.458521,11.127012,-78.075886,119.061358
2.468584,10.721162,-78.018683,118.780036
2.478647,10.545561,-77.948243,118.631001
2.488710,10.604155,-78.005343,118.823572
2.498773,11.019920,-78.067969,119.234940
2.508836,11.400276,-78.043019,119.517532
2.518899,11.803965,-77.888691,119.838879
2.528963,12.235706,-77.699733,120.323344
2.539026,12.605884,-77.641629,120.796239
2.549089,12.712074,-77.754580,120.996938
2.559152,12.466719,-77.907487,120.707625
2.569215,11.968605,-77.935641,120.025931
2.579278,11.531012,-77.836064,119.389275
2.589341,11.164008,-77.745824,119.059828
2.599404,10.902275,-77.725797,118.812985
2.609468,10.624168,-77.740680,118.577780
2.619531,10.375794,-77.756048,118.335869
2.629594,10.261681,-77.737334,118.173925
2.639657,10.221273,-77.750912,118.121073
2.649720,10.157785,-77.840831,118.023347
2.659783,9.968787,-77.964123,117.780738
2.669846,9.534250,-77.961289,117.297229
2.679909,8.902867,-77.876519,116.662240
2.689972,8.200587,-77.783116,116.069134
2.700035,7.661524,-77.866492,115.651809
2.710098,7.185867,-77.960155,115.249019
2.720162,6.517493,-78.018847,114.552654
2.730225,5.869574,-77.917794,113.849377
2.740288,5.322545,-77.768664,113.349831
2.750351,5.093228,-77.703647,113.168004
2.760414,5.080097,-77.805485,113.217359
2.770477,5.209232,-77.961302,113.305448
2.780541,5.187925,-77.998991,113.185524
2.790603,5.189233,-77.928961,113.087285
2.800667,4.977419,-77.880228,113.017030
2.810729,4.744773,-77.916127,112.962170
2.820793,4.479351,-77.983528,112.918115
2.830856,4.161572,-78.056146,112.715695
2.840919,3.977230,-78.092906,112.490846
2.850982,3.913879,-78.131183,112.304976
2.861045,4.017571,-78.177000,112.353183
2.871108,4.205798,-78.209532,112.460342
2.881172,4.433714,-78.142910,112.618044
2.891235,4.622705,-78.063414,112.852101
2.901298,5.232159,-78.091814,113.440440
2.911361,5.955145,-78.206089,114.177506
2.921424,6.681624,-78.310960,114.785045
2.931487,7.279459,-78.267834,115.242408
2.941550,7.701072,-78.141913,115.599490
2.951613,8.046680,-78.047110,115.977377
2.961676,8.402755,-78.112249,116.374238
2.971740,8.636273,-78.245349,116.619019
2.981802,8.571764,-78.333281,116.503069
2.991866,8.325755,-78.255745,116.142080
3.001929,7.865818,-78.199519,115.729974
3.011992,7.518910,-78.161659,115.423941
3.022055,7.158808,-78.130732,115.142468
3.032118,6.950345,-78.120166,114.975580
3.042181,7.019938,-78.104764,115.044360
3.052244,7.194376,-78.151544,115.205921
3.062307,7.407883,-78.236538,115.360065
3.072371,7.610438,-78.330781,115.489811
3.082434,7.680058,-78.277677,115.485071
3.092497,7.556471,-78.155034,115.340913
3.102560,7.538791,-78.026975,115.335148
3.112623,7.559139,-78.083078,115.488622
3.122686,7.770098,-78.174698,115.749782
3.132749,7.828577,-78.201896,115.760928
3.142812,7.939746,-78.096082,115.757841
3.152875,8.143777,-77.989463,115.924539
3.162938,8.517933,-78.024605,116.313600
3.173001,8.822610,-78.198221,116.688755
3.183065,8.948448,-78.373798,116.784719
3.193128,8.686417,-78.370663,116.412610
3.203191,8.370474,-78.292211,115.967610
3.213254,7.893254,-78.200407,115.565967
3.223317,7.382055,-78.178550,115.154599
3.233380,6.987723,-78.167485,114.832118
3.243444,6.707685,-78.178400,114.611804
3.253507,6.620857,-78.196616,114.538850
3.263570,6.624040,-78.277007,114.521884
3.273633,6.673044,-78.385751,114.520778
3.283696,6.631203,-78.455576,114.399187
3.293759,6.535908,-78.374153,114.204738
3.303822,6.266580,-78.280873,113.942295
3.313885,6.274166,-78.245384,113.981364
3.323948,6.158604,-78.345446,113.989710
3.334011,6.120816,-78.434279,113.898814
3.344074,5.947546,-78.392369,113.674504
3.354138,5.888528,-78.263251,113.571894
3.364201,5.987394,-78.183365,113.728093
3.374264,6.250919,-78.278858,114.060409
3.384327,6.556094,-78.455337,114.390827
3.394390,6.708758,-78.576641,114.447661
3.404453,6.822884,-78.509623,114.360241
3.414516,6.817494,-78.455610,114.318433
3.424579,6.873095,-78.392772,114.377767
3.434643,6.756940,-78.335276,114.350474
3.444706,6.633329,-78.301924,114.307211
3.454769,6.590657,-78.273715,114.333392
3.464832,6.461166,-78.314737,114.227879
3.474895,6.317210,-78.399022,114.092737
3.484958,6.205802,-78.498142,113.954309
3.495021,6.071386,-78.455589,113.750093
3.505084,5.895922,-78.366360,113.521268
3.515148,6.049546,-78.258115,113.587753
3.525211,6.164653,-78.284924,113.755086
3.535274,6.427998,-78.325987,113.984499
3.545337,6.496835,-78.290108,114.026723
3.555400,6.612465,-78.165054,114.079343
3.565463,6.791513,-78.090325,114.328317
3.575526,7.117916,-78.186118,114.759623
3.585589,7.392998,-78.415148,115.129491
3.595652,7.481563,-78.618414,115.169898
3.605716,7.257637,-78.595868,114.814934
3.615779,6.953397,-78.544238,114.427266
3.625842,6.597490,-78.422449,114.098372
3.635905,6.080731,-78.336690,113.669941
3.645968,5.745490,-78.252692,113.396290
3.656031,5.574329,-78.218391,113.286194
3.666094,5.539977,-78.263484,113.291064
3.676157,5.536060,-78.374085,113.300469
3.686220,5.580318,-78.479386,113.286064
3.706347,5.336866,-78.350944,112.844089
3.716410,5.174173,-78.207421,112.698852
3.726473,5.049247,-78.266694,112.656314
3.736536,5.173412,-78.335508,112.808197
3.746599,5.092041,-78.363580,112.725797
3.756662,5.292519,-78.253832,112.800759
3.766725,5.569348,-78.140786,113.032445
3.776788,5.961933,-78.134721,113.455869
3.786852,6.282046,-78.275833,113.814707
3.796915,6.495657,-78.422381,114.002892
3.806978,6.431038,-78.411309,113.876158
3.817041,6.344248,-78.356914,113.679025
3.827104,6.245614,-78.265451,113.580431
3.837167,6.017991,-78.214293,113.435085
3.847230,6.020643,-78.167451,113.490580
3.857293,6.177037,-78.138245,113.681552
3.867356,6.388371,-78.180449,113.901539
3.877420,6.607332,-78.274924,114.115147
3.887483,6.760016,-78.364393,114.249018
3.897546,6.747130,-78.349947,114.163040
3.907609,6.620107,-78.229018,113.945334
3.917672,6.492846,-78.109039,113.854104
3.927735,6.472466,-78.171952,113.937828
3.937798,6.599622,-78.268709,114.125214
3.947861,6.524075,-78.299656,114.060867
3.957925,6.587529,-78.183885,114.039031
3.967988,6.678595,-78.038818,114.113179
3.978051,6.969731,-78.029891,114.447483
3.988114,7.268276,-78.175046,114.796178
3.998177,7.511507,-78.345651,115.042502
4.008240,7.499841,-78.354830,114.986767
4.018303,7.513387,-78.268927,114.841599
4.028366,7.388261,-78.177184,114.704162
4.038429,7.242102,-78.156632,114.612815
4.048493,7.221884,-78.143395,114.633551
4.058556,7.203494,-78.156250,114.679436
4.068619,7.341033,-78.196302,114.823171
4.078682,7.440234,-78.273749,114.880981
4.088745,7.496951,-78.372357,114.887566
4.098808,7.422691,-78.402860,114.764581
4.108872,7.256261,-78.302648,114.522936
4.118935,6.890883,-78.192142,114.219573
4.128998,6.858105,-78.220214,114.241020
4.139061,6.835441,-78.310031,114.312717
4.149124,6.741541,-78.386154,114.208112
4.159187,6.760938,-78.285210,114.132133
4.169250,6.850996,-78.142261,114.185265
4.179313,7.139350,-78.088467,114.487918
4.189376,7.503153,-78.214846,114.887866
4.199440,7.865461,-78.375205,115.239881
4.209503,7.877897,-78.429498,115.191618
4.219566,7.922395,-78.338418,115.073811
4.229629,7.743159,-78.253061,114.907688
4.239692,7.598856,-78.208275,114.810808
4.249755,7.535685,-78.170750,114.795795
4.259819,7.520214,-78.155997,114.845738
4.269882,7.667575,-78.185455,115.011397
4.279945,7.850077,-78.259672,115.158137
4.290008,7.919966,-78.341170,115.198066
4.300071,7.847769,-78.360807,115.074467
4.310134,7.650366,-78.239851,114.819373
4.320198,7.271309,-78.121074,114.495875
4.330261,7.199549,-78.136695,114.488956
4.380577,7.400092,-78.030185,114.612965
4.390640,7.670042,-78.149713,114.954816
4.400703,7.853841,-78.319204,115.173191
4.410766,7.748819,-78.378968,115.014416
4.488034,8.580635,-79.080361,115.792156
4.498100,8.665947,-79.149243,115.858327
4.508188,8.569002,-79.078434,115.710781
4.518452,8.389893,-78.960204,115.469293
4.528339,8.254883,-78.862949,115.379339
4.538553,8.206868,-79.003862,115.441439
4.548767,8.245159,-79.101944,115.564451
4.558980,7.962153,-79.084889,115.298620
4.569244,7.746203,-78.917379,115.022571
4.579484,7.691645,-78.817692,114.887921
4.589723,7.898273,-78.850122,115.118658
4.599923,8.092073,-79.025371,115.399270
4.610053,8.202953,-79.139886,115.555435
4.620116,8.029341,-79.088926,115.342429
4.630204,7.990025,-78.961263,115.177275
4.650355,7.652890,-78.928225,114.876146
4.660594,7.620670,-78.945881,114.914367
4.670808,7.587416,-78.958906,114.945049
4.681072,7.626128,-78.965128,114.989404
4.691261,7.651204,-79.043430,114.978380
4.701474,7.624834,-79.140377,114.916389
4.711739,7.380074,-79.166598,114.653659
4.722003,7.090408,-79.022584,114.315298
4.732217,6.695822,-78.928723,113.909742
4.742229,6.675903,-78.889484,113.924898
4.752317,6.648868,-79.016799,113.985448
4.762531,6.720448,-79.057739,114.097832
4.772795,6.660555,-78.957424,114.001984
4.793273,6.959113,-78.688991,114.155609
4.803487,7.311110,-78.807447,114.555386
4.813701,7.514016,-78.989137,114.841735
4.823892,7.523701,-79.052760,114.868810
4.833959,7.321395,-78.894094,114.603799
4.854086,7.038925,-78.695787,114.197512
4.864149,6.791950,-78.689237,114.054208
4.874313,6.722294,-78.708197,114.059856
4.884426,6.764729,-78.724357,114.150841
4.894438,6.920693,-78.784914,114.300388
4.904652,7.132503,-78.892216,114.468739
4.914916,7.396464,-78.968987,114.738545
4.925180,7.608645,-78.878610,114.911130
4.935394,7.750304,-78.668814,114.880585
4.945608,7.918612,-78.543740,114.980415
4.955864,8.467216,-78.582713,115.536516
4.966039,8.810152,-78.738113,115.956081
4.986341,8.989905,-78.708962,116.228660
4.996303,8.836889,-78.539888,115.936191
5.006467,8.857753,-78.502923,115.849502
5.016681,8.893965,-78.683021,116.025721
5.026895,8.912952,-78.888248,116.212568
5.037159,8.621090,-78.941981,115.924129
5.057637,8.307177,-78.685159,115.468050
5.067885,8.650632,-78.601878,115.758278
5.077993,8.915765,-78.577297,116.004971
5.088106,9.369186,-78.578628,116.384169
5.098371,9.811673,-78.568991,116.837749
5.108584,9.963706,-78.633099,116.963602
5.118849,9.914119,-78.751043,116.929874
5.128912,9.697819,-78.835068,116.835303
5.139101,9.212878,-78.743899,116.365332
5.149239,8.654422,-78.569435,115.688119
5.159352,8.266850,-78.468451,115.275848
5.169566,8.281571,-78.561321,115.349874
5.179830,8.240207,-78.748693,115.410239
5.189947,8.172806,-78.849418,115.434923
5.200161,8.010180,-78.718313,115.256778
5.210223,7.857999,-78.505026,114.922413
5.220286,7.976332,-78.446942,114.898986
5.230500,8.222347,-78.644055,115.246424
5.240764,8.376573,-78.859062,115.564560
5.261242,8.160162,-78.717964,115.285602
5.271431,8.160074,-78.595451,115.238556
5.281685,8.360051,-78.497834,115.464662
5.291837,8.586787,-78.502731,115.805256
5.301901,9.113445,-78.511112,116.397871
5.311964,9.560416,-78.484720,116.947537
5.322027,9.914221,-78.467153,117.405406
5.332241,9.949280,-78.525749,117.463421
5.342254,9.680153,-78.590895,117.122226
5.352367,9.244978,-78.555146,116.613186
5.362606,8.727910,-78.401214,116.002895
5.372870,8.275126,-78.344162,115.451111
5.393348,8.213391,-78.613155,115.391169
5.403562,8.333104,-78.726311,115.497707
5.413758,8.166201,-78.671608,115.265125
5.423918,8.113427,-78.468690,115.029292
5.434007,8.263620,-78.351941,115.005468
5.454157,8.999422,-78.724569,115.781487
5.464396,9.144128,-78.816319,115.888229
5.474660,9.189573,-78.705438,115.857056
5.484874,9.442330,-78.556246,115.921151
5.495139,9.637329,-78.498585,115.960903
5.505353,10.012769,-78.522232,116.328585
5.525810,10.711820,-78.575780,117.028256
5.535873,10.898776,-78.553971,117.150872
5.545936,11.007226,-78.613777,117.200377
5.556000,10.998929,-78.739179,117.228381
5.566063,10.877383,-78.802276,117.166158
5.586365,10.370193,-78.541124,116.489983
5.596327,10.191899,-78.476449,116.237921
5.606491,10.405910,-78.610765,116.479492
5.616629,10.638020,-78.810807,116.811726
5.626742,10.610872,-78.909599,116.814430
5.636981,10.421998,-78.763863,116.578721
5.657485,10.140535,-78.555037,116.255612
5.667749,10.087605,-78.715697,116.345169
5.677940,9.820265,-78.902537,116.176218
5.688131,9.195106,-78.951652,115.550914
5.698345,8.471385,-78.926073,114.801000
5.708257,7.799403,-78.803471,114.121014
5.718521,7.238508,-78.929236,113.462556
5.728584,7.021503,-78.984096,113.306131
5.738772,6.520329,-78.970914,112.948899
5.748911,6.390427,-78.928327,112.824391
5.759024,6.557593,-78.888350,112.938585
5.769238,6.808097,-78.896581,113.194997
5.779502,6.950491,-79.034393,113.357877
5.789766,7.164458,-79.100154,113.481093
5.799980,7.122648,-79.121362,113.324778
5.810112,6.905495,-78.980005,113.068304
5.820162,6.820510,-78.837820,112.970578
5.830250,6.660209,-78.756295,112.871260
5.850401,7.071886,-78.830485,113.439709
5.860640,7.162016,-79.045260,113.497472
5.870829,6.949735,-79.021512,113.167307
5.881094,6.693244,-78.943279,112.846862
5.891308,6.443295,-78.795876,112.625318
5.911786,6.540855,-78.733776,112.826686
5.922050,6.561761,-78.861590,112.933865
5.932264,6.548696,-78.887695,112.928237
5.942276,6.271662,-78.865517,112.664674
5.952389,5.973934,-78.814277,112.360252
5.962629,6.243085,-78.781997,112.653875
5.972893,6.276176,-78.837418,112.724793
5.993371,6.217019,-78.899559,112.767632
6.003610,5.718362,-78.815158,112.323540
6.013748,5.510353,-78.926572,112.110595
6.023845,5.175148,-78.993337,111.826132
6.044073,4.594127,-79.057233,111.337541
6.054136,4.421926,-79.118664,111.135033
6.064350,3.897903,-79.169652,110.668654
6.074362,3.884218,-79.085032,110.614599
6.084475,3.763664,-79.036265,110.482012
6.094740,3.467998,-79.236342,110.248993
6.104953,2.841491,-79.340297,109.701745
6.125482,2.665588,-79.174378,109.427185
6.135671,2.163643,-79.378587,108.960013
6.145868,1.593127,-79.453275,108.414008
6.156028,1.690638,-79.353493,108.436370
6.166092,1.757836,-79.302294,108.460993
6.186218,0.537336,-79.603976,107.367172
6.196282,0.797838,-79.439048,107.625224
6.206345,0.984245,-79.304910,107.807911
6.216484,0.357102,-79.532321,107.376414
6.226723,-0.457254,-79.488498,106.638446
6.236987,-0.043814,-79.281858,107.010937
6.257466,0.009503,-79.449225,107.369570
6.267730,-0.277252,-79.395608,107.108602
6.277944,0.624263,-79.279986,107.847048
6.288157,1.520378,-79.151675,108.743858
6.298371,1.589028,-79.505512,108.946210
6.308283,1.461371,-79.507200,108.809585
6.318547,2.398537,-79.366511,109.543079
6.328610,3.158099,-79.101452,110.126972
6.338799,3.308514,-79.500731,110.237354
6.348937,3.351595,-79.434984,110.263480
6.369264,4.305940,-79.253157,110.981442
6.379529,3.874315,-79.541685,110.620542
6.389793,3.318034,-79.513224,109.963949
6.400007,3.383855,-79.485316,109.812715
6.410140,3.478316,-79.393231,109.889910
6.420193,2.729727,-79.635149,109.210060
6.430281,2.149188,-79.611107,108.437258
6.450432,1.862491,-79.592946,107.962416
6.460671,1.084773,-79.750013,107.205235
6.470885,0.829306,-79.691717,106.733105
6.481149,0.986621,-79.546541,106.778492
6.491338,0.897538,-79.661780,106.774974
6.501552,0.119404,-79.846633,106.003491
6.511816,0.079676,-79.716292,105.726814
6.522081,0.217772,-79.469982,105.760432
6.532295,0.076163,-79.542327,105.716288
6.542307,-0.752569,-79.726087,104.931144
6.552420,-0.415148,-79.567756,105.065207
6.562659,0.089774,-79.417902,105.481473
6.572923,0.228811,-79.618047,105.678510
6.593401,0.370697,-79.731243,105.533977
6.603666,0.894654,-79.659895,105.945175
6.613879,0.718701,-79.778454,105.761040
6.634042,-0.008169,-79.789723,104.761243
6.654344,-1.096655,-79.915658,103.697182
6.664609,-1.639637,-79.928813,103.015112
6.674823,-1.620203,-79.779089,102.913657
6.685086,-1.372082,-79.655865,103.174686
6.695301,-1.789524,-79.870046,102.846864
6.715778,-1.329013,-79.651296,103.145002
6.725870,-1.071867,-79.585651,103.509174
6.735934,-1.855137,-79.888857,102.787278
6.746098,-2.054811,-79.766262,102.437647
6.756363,-1.678299,-79.575208,102.706859
6.766576,-1.588937,-79.664232,102.887695
6.787055,-2.423951,-80.008337,101.977743
6.797268,-1.878823,-79.921007,102.415032
6.807533,-1.417847,-80.040391,102.950792
6.817747,-1.903916,-80.236158,102.530510
6.827986,-1.888758,-80.157775,102.434225
6.838250,-1.748658,-80.001330,102.723784
6.848464,-2.226430,-80.058710,102.483942
6.858729,-2.962006,-80.092417,101.835047
6.868993,-2.959447,-79.959932,101.840976
6.879207,-2.425984,-79.905755,102.565105
6.889420,-2.109913,-80.216583,103.049543
6.899592,-1.553720,-80.335312,103.584812
6.919593,1.012888,-80.287139,106.363121
6.929656,1.379278,-80.645034,106.848358
6.939720,1.355123,-80.739017,106.806933
6.949783,1.224684,-80.593056,106.764811
6.959846,1.325821,-80.373609,107.177553
6.969911,0.432410,-80.553065,106.550015
6.979974,-0.170178,-80.527985,105.982693
6.990038,-0.260024,-80.447081,106.007282
7.000251,0.838819,-80.412773,107.344100
7.010491,1.603835,-80.610746,108.226560
7.020755,3.063025,-80.662362,109.603165
7.030969,5.040946,-80.564513,111.642044
7.051472,7.245625,-80.633006,114.066789
7.061711,7.309169,-80.516579,114.085456
7.071809,7.337690,-80.354963,114.311603
7.081967,7.200628,-80.446733,114.379297
7.102093,6.472324,-80.574751,113.502069
7.122571,7.856241,-80.699505,115.125707
7.132785,7.777466,-80.679069,114.900570
7.143049,7.798973,-80.515540,114.898726
7.153263,8.038854,-80.384483,115.409624
7.163520,7.743808,-80.690339,115.183545
7.173722,7.122165,-80.835323,114.314998
7.193898,7.645974,-80.802770,114.946387
7.204112,7.470928,-80.923856,114.764909
7.214326,7.345892,-80.853805,114.499181
7.234804,7.804929,-80.807428,115.275466
7.255282,6.895882,-81.159019,114.083413
7.275590,7.078927,-81.247320,114.543304
7.285653,6.311012,-81.172782,113.688697
7.295716,6.065721,-81.097083,113.433378
7.316045,7.283518,-81.382401,115.052242
7.336170,6.816840,-81.515781,114.569142
7.346435,7.420407,-81.286389,115.566405
7.356649,6.994762,-81.209672,115.296790
7.366838,6.297671,-81.126549,114.469169
7.397378,7.960527,-81.302542,116.656667
7.407629,7.508976,-81.229445,116.099897
7.417738,7.849960,-81.031916,116.631996
7.427801,8.793838,-80.897348,117.791107
7.437865,8.729397,-81.031739,117.650241
7.447928,8.878308,-81.114753,117.597525
7.457992,9.502350,-81.124493,118.395032
7.468056,9.966246,-81.152114,119.040662
7.478119,9.183372,-81.248167,118.086239
7.488258,8.406691,-81.234691,117.088157
7.498421,8.812133,-81.269156,117.456974
7.508358,8.894131,-81.371397,117.445758
7.518622,8.114288,-81.329139,116.420383
7.528836,8.106681,-81.160754,116.359239
7.539101,8.692534,-81.095300,117.064115
7.549314,8.405062,-81.318231,116.633266
7.559528,7.200184,-81.343653,115.102006
7.569742,6.759601,-81.284360,114.503047
7.580006,6.893249,-81.284743,114.598458
7.590076,5.675975,-81.271950,113.290797
7.600290,4.367704,-81.046301,111.723822
7.610529,3.761588,-81.050822,110.976374
7.620794,3.531833,-81.079803,110.781857
7.631008,1.663053,-81.229514,108.636823
7.641272,0.237757,-81.177679,106.846835
7.661750,-0.847635,-81.357095,105.475886
7.671964,-2.514591,-81.196763,103.474880
7.682228,-3.399681,-81.091086,102.299561
7.692442,-3.678121,-80.956907,102.002264
7.702656,-5.348884,-81.200199,100.046528
7.712920,-7.178887,-81.025079,97.744440
7.733399,-7.917429,-80.813589,96.606967
7.743538,-9.048326,-80.809136,95.353054
7.753710,-10.471547,-80.517098,93.580046
7.763974,-10.860900,-80.587414,92.880751
7.774188,-10.633606,-80.640225,93.090902
7.794666,-13.658982,-80.546099,89.585724
7.804931,-14.392267,-80.438728,88.568490
7.815145,-14.289532,-80.447081,88.562951
7.825311,-14.640954,-80.314282,88.164867
7.835376,-15.483638,-80.164885,87.203013
7.855504,-15.718728,-80.143999,86.870260
7.865567,-16.117066,-80.141840,86.183621
7.875631,-16.324403,-80.081270,85.798719
7.885694,-15.949286,-80.052993,86.132271
7.895757,-16.036272,-80.189269,85.806116
7.916086,-16.685414,-80.070014,84.645442
7.925997,-16.863076,-80.058396,84.399589
7.936211,-18.165267,-80.150740,82.790642
7.956690,-19.389842,-79.873537,81.150864
7.966878,-19.661586,-79.972049,80.846176
7.987206,-21.521636,-80.035119,78.413734
7.997269,-21.758544,-79.970771,78.056686
8.007457,-21.244569,-79.956933,78.518352
8.017665,-21.416039,-80.075321,78.164774
8.037932,-21.503095,-79.966004,77.811298
8.048196,-21.267592,-79.940732,78.018710
8.058082,-21.711489,-79.963477,77.394424
8.068321,-21.680076,-79.821286,77.298740
8.078585,-21.359619,-79.766071,77.694044
8.088799,-21.339287,-79.894854,77.670063
8.099064,-21.707301,-79.930022,77.064635
8.109252,-21.716952,-79.878161,76.872884
8.119517,-21.113735,-79.880066,77.522893
8.129579,-21.479389,-80.210176,77.076014
8.139793,-22.156203,-80.187124,76.066697
8.149932,-22.626764,-80.136062,75.441891
8.159978,-22.320864,-80.002197,75.797539
8.169991,-22.373932,-80.171169,75.780027
8.180055,-22.908484,-80.169366,74.956395
8.190119,-22.864816,-80.042680,74.898721
8.200333,-22.129173,-80.018002,75.806787
8.210572,-21.380089,-80.159927,76.601623
8.220836,-21.687838,-80.273806,76.050659
8.231050,-21.662980,-80.299146,76.021044
8.241315,-20.499691,-80.276436,77.378639
8.251554,-20.375675,-80.539091,77.373845
8.261792,-19.852947,-80.625206,77.705935
8.271891,-19.462798,-80.646318,78.238041
8.282050,-19.051232,-80.738976,78.760872
8.292163,-19.349118,-80.762472,78.309300
8.302175,-18.946880,-80.664698,78.673029
8.322654,-17.872694,-80.906548,80.154585
8.332716,-17.897379,-80.787293,79.986494
8.342905,-17.393743,-80.649596,80.489046
8.353119,-16.515987,-80.774268,81.649994
8.363383,-16.491623,-81.132040,81.642248
8.373597,-16.184145,-81.113407,81.713125
8.393912,-14.112657,-81.238837,83.969745
8.403971,-13.593207,-81.417849,84.507417
8.414135,-13.980339,-81.402481,83.891054
8.424248,-14.535682,-81.507427,83.315009
8.434260,-13.811603,-81.325382,84.340747
8.454713,-15.349826,-81.549897,82.587758
8.464978,-14.931666,-81.549850,83.093595
8.475192,-13.101405,-81.471289,85.184774
8.485330,-12.990556,-81.654065,85.277084
8.495444,-12.814824,-81.610768,85.302936
8.515720,-10.686135,-81.676051,87.770793
8.525959,-10.431768,-81.759857,88.027294
8.536053,-10.936551,-81.804322,87.369977
8.546121,-10.754565,-81.849913,87.598822
8.556259,-9.514377,-81.793735,88.922772
8.566473,-9.380989,-81.807197,88.971663
8.576385,-9.557723,-81.906529,88.727784
8.596864,-7.840296,-81.758163,90.613791
8.607128,-8.108130,-81.858349,90.333527
8.617342,-8.167216,-81.779112,90.267022
8.627605,-7.683381,-81.658422,90.805548
8.637819,-7.391836,-81.695367,91.199534
8.648084,-7.149770,-81.653928,91.385117
8.658079,-6.992949,-81.809281,91.446124
8.668293,-6.307917,-81.823774,92.212943
8.678532,-5.967750,-81.843056,92.518662
8.688645,-6.523408,-82.000949,91.779806
8.698658,-6.379461,-81.959975,91.808432
8.708872,-5.889876,-81.831342,92.301168
8.719135,-6.215489,-81.838965,91.966769
8.729349,-6.860659,-81.829320,91.228897
8.739614,-6.983005,-81.755739,91.092901
8.749819,-7.172413,-81.798571,90.900939
8.759974,-7.208764,-81.678879,90.860736
8.770037,-7.504383,-81.742597,90.432914
8.780101,-7.137441,-81.769584,90.804476
8.790165,-6.498674,-81.784508,91.454321
8.800379,-6.699723,-81.978895,91.109519
8.810618,-6.539418,-82.031535,91.132222
8.820882,-6.380160,-82.136180,91.160848
8.831096,-6.773385,-82.212426,90.631160
8.841360,-7.005422,-82.154349,90.285805
8.861838,-7.756470,-82.186512,89.452365
8.871937,-7.886905,-82.100445,89.305714
8.882096,-8.362943,-82.224481,88.624054
8.892209,-7.596177,-82.126823,89.378606
8.902222,-7.136569,-82.106783,89.848502
8.922699,-6.593921,-82.208444,90.304964
8.932762,-6.815224,-82.353531,89.995249
8.942951,-6.585544,-82.312727,90.129544
8.953165,-6.304013,-82.395475,90.221239
8.963429,-6.106408,-82.556503,90.340385
8.973643,-5.937884,-82.501923,90.343336
8.993959,-6.167345,-82.408910,89.929966
9.004018,-5.697629,-82.276349,90.350644
9.014182,-5.772334,-82.273733,90.306200
9.034308,-5.965953,-82.215253,90.030561
9.044521,-6.123978,-82.244200,89.801169
9.054760,-4.973012,-82.104024,90.818532
9.065025,-4.481508,-82.287134,91.373513
9.075239,-4.985979,-82.362102,90.794859
9.085377,-5.037965,-82.331128,90.555106
9.095490,-5.327063,-82.300733,90.154372
9.115767,-5.463296,-82.242779,89.979355
9.126006,-6.007587,-82.222111,89.263708
9.136101,-6.254853,-82.284539,88.905581
9.146168,-7.013847,-82.376999,87.977365
9.156307,-6.948332,-82.300938,87.788947
9.176432,-7.826456,-82.348292,86.684287
9.196911,-8.157880,-82.156370,86.249259
9.207176,-8.205983,-82.120567,86.090402
9.217389,-8.925494,-82.235068,85.288579
9.227653,-9.136900,-82.185030,84.875448
9.237867,-9.086758,-82.197147,84.907898
9.248131,-8.765561,-82.192441,85.136252
9.258127,-7.784234,-82.182018,86.075164
9.268341,-7.635021,-82.239036,86.277727
9.278353,-7.439533,-82.167995,86.411681
9.288466,-7.740122,-82.256200,86.066476
9.298730,-7.415289,-82.190282,86.198934
9.319183,-7.306994,-82.164935,86.229786
9.329422,-6.926422,-82.139029,86.589853
9.339687,-7.067656,-82.243517,86.495542
9.349879,-6.761459,-82.147047,86.704470
9.360097,-6.541523,-82.081675,86.916964
9.370311,-5.359066,-81.930093,88.098696
9.380575,-4.035504,-81.952598,89.545856
9.401054,-2.525116,-82.055768,91.117592
9.411268,-2.693092,-82.158549,90.942473
9.421533,-2.520167,-82.118975,90.964104
9.431685,-2.679920,-82.089346,90.739862
9.441790,-2.748361,-81.991558,90.595991
9.452054,-2.547035,-82.038932,90.789791
9.462319,-2.235419,-82.019671,91.049898
9.472533,-1.818143,-82.138899,91.504372
9.482797,-1.574091,-82.173261,91.668208
9.493011,-0.977061,-82.233524,92.200567
9.503225,-0.691193,-82.261808,92.387837
9.513468,-0.106633,-82.247335,92.925509
9.533622,-0.104584,-82.217268,92.792054
9.543685,0.085125,-82.316811,93.033993
9.553749,0.415974,-82.285987,93.272578
9.563812,1.072742,-82.352472,93.967106
9.583940,2.882993,-82.357738,95.700485
9.594004,3.238161,-82.350655,96.070757
9.604068,3.662486,-82.310705,96.481278
9.614232,3.876394,-82.402606,96.681512
9.624345,4.489882,-82.398057,97.239866
9.634357,4.660505,-82.504696,97.417028
9.654835,4.775131,-82.322228,97.501060
9.665099,5.610745,-82.173207,98.425621
9.675313,6.565741,-82.250627,99.485544
9.685452,7.736832,-82.436128,100.730633
9.695565,8.570380,-82.429776,101.528740
9.715842,9.356206,-82.407332,102.296044
9.726068,9.728586,-82.443682,102.693383
9.736155,9.926299,-82.496637,102.838572
9.746218,10.312976,-82.668798,103.163423
9.756357,10.497412,-82.695989,103.211453
9.776483,11.462916,-82.483154,104.230599
9.796962,12.985538,-82.233476,106.085112
9.807226,14.055681,-82.466932,107.334599
9.817439,14.672529,-82.588523,107.873788
9.827628,15.123425,-82.629778,108.234907
9.837890,14.746373,-82.609096,107.834815
9.848114,14.453474,-82.521785,107.510074
9.858177,14.364477,-82.389649,107.517539
9.868241,14.440120,-82.465764,107.677147
9.878305,15.021958,-82.453292,108.342721
9.888444,15.169715,-82.399552,108.554423
9.898607,15.995687,-82.370688,109.419897
9.908544,16.629805,-82.339474,110.167885
9.918809,17.281977,-82.347807,110.931356
9.929073,17.658252,-82.386862,111.329727
9.939287,17.820590,-82.511820,111.435253
9.949501,17.405885,-82.448252,111.010156
9.959766,17.376806,-82.323963,110.872992
9.969980,17.123942,-82.165639,110.704464
9.990265,18.171344,-82.118128,112.012083
10.000328,19.028145,-82.229255,112.944794
10.010392,19.132284,-82.221810,113.069233
10.020456,19.164719,-82.337835,112.987810
10.030519,18.575857,-82.358353,112.277525
10.050646,17.731694,-82.286117,111.373003
10.060711,18.170366,-82.320083,111.795771
10.070875,18.529079,-82.385216,112.148346
10.080988,18.641465,-82.423397,112.308650
10.091000,18.520830,-82.323963,112.182223
10.111479,18.696376,-82.310582,112.393830
10.121743,18.519918,-82.366419,112.149787
10.131957,17.748409,-82.309278,111.458831
10.142171,17.161409,-82.209885,110.887028
10.152385,16.922441,-82.184955,110.628847
10.162601,16.788579,-82.227643,110.614196
10.172670,16.805826,-82.290058,110.691664
10.182935,17.052245,-82.417290,110.832298
10.193174,17.373141,-82.553047,111.038413
10.203439,17.088003,-82.483256,110.724661
10.213653,15.784654,-82.367758,109.488233
10.223867,15.375907,-82.379287,109.040002
10.234131,15.054995,-82.519006,108.715137
10.254609,14.665784,-82.484274,108.237270
10.264527,14.818691,-82.340014,108.485247
10.274567,15.462614,-82.287107,109.314541
10.284630,16.645608,-82.324837,110.492052
10.294693,17.480776,-82.544045,111.304066
10.324885,15.919532,-82.267716,109.488465
10.334949,15.302549,-82.245108,108.927953
10.345014,15.056862,-82.165687,108.930999
10.355127,14.921132,-82.305733,108.874465
10.375630,15.572099,-82.642461,109.387385
10.385896,16.007919,-82.604554,109.659712
10.396109,16.236125,-82.720175,109.769118
10.406374,16.489057,-82.609253,110.015462
10.416587,16.858748,-82.472977,110.354164
10.426801,16.990331,-82.429359,110.601738
10.437065,17.050801,-82.394314,110.798031
10.457544,16.326823,-82.468182,110.077275
10.467758,16.012571,-82.427365,109.734898
10.478023,15.804665,-82.407510,109.487195
10.488237,15.729794,-82.442432,109.363281
10.498460,15.717910,-82.480285,109.355379
10.518814,15.666285,-82.508467,109.289092
10.529079,15.948654,-82.595511,109.567429
10.539293,15.916576,-82.559748,109.637097
10.549507,16.289680,-82.498699,109.971564
10.559771,16.433550,-82.652495,110.139860
10.569986,16.441835,-82.718099,110.147360
10.590319,14.743832,-82.666790,108.353336
10.600383,14.569932,-82.671988,108.200831
10.610446,15.018111,-82.595722,108.761733
10.620510,15.861400,-82.641819,109.665388
10.630574,16.747772,-82.690293,110.567164
10.640638,17.068996,-82.752673,110.839388
10.650701,16.814351,-82.626902,110.531100
10.660765,16.464871,-82.540808,110.216789
10.670929,16.307171,-82.509197,110.177112
10.691055,15.769510,-82.443682,109.803351
10.701319,15.907540,-82.324605,110.038896
10.721798,16.617878,-82.418424,110.708091
10.732012,16.448499,-82.360818,110.625091
10.742276,15.643008,-82.333791,109.850574
10.752490,15.070802,-82.478250,109.218078
10.762694,14.741920,-82.605059,108.816320
10.772725,14.575234,-82.709916,108.594783
10.782790,15.408125,-82.744067,109.320285
10.792853,15.796870,-82.689248,109.749870
10.802917,15.913922,-82.623364,109.982424
10.812981,16.044176,-82.526772,110.108838
10.823045,15.900631,-82.567001,110.001508
10.833109,15.305979,-82.535862,109.451152
10.843172,14.209391,-82.526355,108.396509
10.853411,13.530808,-82.483495,107.763159
10.863373,13.577074,-82.589316,107.770638
10.873512,13.548586,-82.591747,107.778124
10.883676,13.718123,-82.529237,107.927972
10.893789,14.114359,-82.540125,108.307648
10.914091,14.101865,-82.563122,108.312573
10.924304,13.841863,-82.601876,108.114818
10.934518,13.785209,-82.561141,108.107756
10.944783,13.375118,-82.578572,107.632696
10.954997,12.780498,-82.530945,107.112188
10.975266,12.383865,-82.319414,106.863022
10.985324,12.557922,-82.373550,107.111641
10.995513,12.816979,-82.502968,107.369583
11.005576,12.824221,-82.498208,107.377090
11.015639,12.709684,-82.432679,107.184321
11.036092,12.514327,-82.654359,106.956992
11.046356,12.333254,-82.626957,106.641062
11.056570,11.781532,-82.445185,106.091361
11.066784,11.493714,-82.310118,105.910751
11.077049,11.467419,-82.143598,105.992638
11.087215,11.514459,-82.182243,106.175079
11.107349,12.306440,-82.312037,107.146660
11.117412,12.289173,-82.460006,106.985638
11.127476,11.974934,-82.340246,106.622811
11.137640,11.337662,-82.460894,105.922382
11.147804,10.813220,-82.484643,105.284429
11.167980,8.465838,-82.468134,102.976508
11.178245,8.414450,-82.448279,102.920173
11.188509,8.066670,-82.641976,102.505649
11.198723,7.726450,-82.693305,102.095106
11.208937,7.172867,-82.566264,101.433049
11.219194,7.141352,-82.628234,101.258770
11.239437,7.968075,-82.727914,102.008233
11.249500,8.349747,-82.539387,102.392397
11.259564,8.333436,-82.564939,102.477010
11.269703,7.651780,-82.506213,101.871841
11.279867,6.917427,-82.416614,101.140478
11.289829,6.165374,-82.456701,100.388911
11.300093,5.660713,-82.488352,99.879967
11.310333,5.266387,-82.605592,99.308321
11.320572,5.181609,-82.668074,99.060487
11.330786,5.631640,-82.567158,99.468134
11.341050,6.011968,-82.400796,99.939430
11.351264,6.449253,-82.267668,100.479111
11.361498,6.318757,-82.177974,100.551197
11.381589,4.239267,-82.314257,98.428080
11.391653,3.264647,-82.201368,97.364210
11.401717,3.530213,-82.031637,97.717269
11.411780,4.269876,-82.042825,98.559732
11.421844,4.793087,-82.304510,99.136453
11.431908,4.766474,-82.456940,99.046151
11.441972,3.066444,-82.700743,97.099458
11.452186,1.480182,-82.624136,95.197449
11.462198,-0.012980,-82.539646,93.462642
11.472286,0.093048,-82.454023,93.574985
11.482475,1.533173,-82.279990,95.152164
11.492563,2.501052,-82.185754,96.349128
11.512890,2.704207,-82.021344,96.821599
11.523079,2.100179,-82.180085,96.169050
11.533292,1.588552,-82.363516,95.549483
11.543557,1.096774,-82.418117,94.888649
11.553771,0.706518,-82.595326,94.321716
11.574070,-0.878379,-82.774414,92.338775
11.584124,-1.561358,-82.681175,91.414507
11.594288,-1.456702,-82.371050,91.411003
11.604401,-1.073868,-82.016030,91.961175
11.614413,-0.155364,-81.720037,93.114931
11.634891,1.310264,-81.793954,95.100043
11.645156,1.172808,-81.880321,94.947136
11.655369,0.424386,-82.065208,94.028223
11.665508,0.127037,-82.051418,93.603638
11.675621,-0.101289,-82.023953,93.154771
11.695898,-0.464282,-82.101408,92.600372
11.706125,-1.421279,-82.095199,91.715924
11.716212,-2.053723,-82.058487,91.069187
11.726276,-2.535640,-82.130388,90.538488
11.736415,-2.602119,-82.338299,90.333282
11.746655,-2.785958,-82.337685,90.016982
11.767158,-3.799286,-82.351523,88.739423
11.777397,-4.148963,-82.271985,88.363448
11.787662,-4.096861,-82.197522,88.334065
11.797875,-3.564813,-82.230799,88.837197
11.808089,-3.521085,-82.281691,88.822662
11.818354,-3.502753,-82.170700,88.765350
11.828568,-3.495904,-82.025750,88.807772
11.838833,-2.922438,-81.936076,89.479590
11.849096,-2.230918,-81.906044,90.211458
11.859310,-1.847696,-81.939123,90.610307
11.869524,-1.746557,-81.997316,90.717999
11.879741,-2.447765,-82.038761,89.904107
11.889814,-3.505558,-82.131242,88.584316
11.899878,-4.494337,-82.109543,87.389040
11.909942,-5.066898,-82.027102,86.727536
11.920156,-4.652613,-81.866265,87.170433
11.930219,-3.651530,-81.767746,88.300931
11.940282,-2.300962,-81.789193,89.805923
11.950497,-1.074047,-81.769105,91.124627
11.960761,-0.681587,-81.820960,91.503792
11.981239,-1.126388,-81.790245,91.007421
11.991503,-1.500879,-81.844572,90.456614
12.001717,-1.735160,-81.823604,90.160143
12.021927,-1.941728,-81.823528,89.923614
12.042078,-2.324306,-82.020211,89.365471
12.052317,-2.342582,-82.077413,89.152260
12.062582,-1.802867,-82.180283,89.588395
12.072770,-0.888926,-82.088526,90.527320
12.083009,-0.737592,-82.036220,90.721113
12.093273,-0.686371,-81.938952,90.779081
12.113716,-0.835561,-81.969107,90.647873
12.123950,-0.115404,-81.922942,91.359695
12.134164,1.213347,-81.955624,92.728178
12.144429,2.283632,-82.238585,93.814759
12.154643,2.662706,-82.484513,93.966362
12.175096,2.176793,-82.464747,93.011412
12.185361,2.082517,-82.060707,92.951211
12.195575,2.265178,-81.614047,93.348728
12.205654,2.570346,-81.463209,93.991053
12.215633,2.849359,-81.468413,94.590299
12.235961,3.994809,-81.689834,95.819617
12.245873,4.587084,-81.793018,96.336984
12.256087,5.285065,-81.833357,96.859118
12.266301,5.825871,-81.904589,97.330640
12.276565,6.158327,-81.966956,97.665223
12.286779,5.986927,-82.003504,97.466752
12.307257,5.118995,-81.907936,96.626488
12.317507,4.845512,-81.847024,96.449402
12.327719,5.014284,-81.896420,96.535353
12.337781,5.395803,-81.913079,96.952923
12.347844,6.041000,-81.896639,97.703090
12.358109,7.005484,-81.880062,98.640397
12.368298,7.648124,-82.035975,99.290030
12.378562,7.939913,-82.117930,99.567083
12.388776,7.619581,-82.101934,99.125074
12.399041,7.531994,-81.914486,99.005819
12.409255,7.912755,-81.789384,99.529892
12.419438,8.804970,-81.704451,100.720613
12.429490,9.850801,-81.771230,101.886710
12.439555,10.512821,-82.033386,102.527573
12.449618,10.497663,-82.360948,102.333029
12.459682,9.770808,-82.482785,101.256018
12.469746,8.939066,-82.544387,100.158591
12.479809,8.852635,-82.368789,100.118777
12.499938,9.843529,-82.220752,101.353293
12.510002,10.176062,-82.321053,101.706469
12.520216,9.643548,-82.284033,101.247712
12.530279,9.536290,-82.044902,101.145430
12.550556,11.456008,-82.109269,103.368766
12.571060,11.948531,-82.373775,103.829278
12.581299,11.685682,-82.538547,103.380090
12.601676,10.962948,-82.995036,102.158115
12.611890,10.606894,-82.973534,101.743263
12.622154,10.061779,-82.844150,101.166645
12.632368,10.237414,-82.637182,101.343246
12.642557,10.597410,-82.474439,101.840293
12.662884,11.374719,-82.192741,102.883782
12.672947,11.742197,-82.011263,103.447149
12.683135,12.374138,-82.127096,104.255782
12.693349,12.783388,-82.143147,104.634216
12.703611,12.995732,-82.181137,104.780744
12.713821,12.933397,-82.181990,104.641695
12.734324,12.067084,-82.177018,103.618382
12.744589,11.844684,-82.182469,103.453733
12.754803,11.628018,-82.090486,103.344737
12.765067,12.075476,-82.153147,103.769773
12.775281,12.488164,-82.192413,104.273520
12.785495,12.415752,-82.287285,104.235770
12.795759,12.133269,-82.185911,103.888345
12.806024,11.750114,-82.181738,103.535750
12.816238,11.672796,-82.158727,103.578692
12.826452,11.688041,-82.208423,103.599257
12.836717,11.971136,-82.287339,103.788023
12.846931,12.325776,-82.303486,104.111440
12.857175,12.425740,-82.109918,104.223455
12.877510,13.066637,-81.968793,105.091510
12.887774,12.682334,-82.044704,104.864898
12.897989,12.329797,-82.268126,104.321352
12.908203,11.512549,-82.539073,103.275500
12.918467,10.641035,-82.630788,102.254844
12.928681,10.325450,-82.485606,101.836235
12.938946,10.733982,-82.313615,102.393251
12.949039,12.004653,-82.167995,103.900018
12.959104,13.251202,-82.201170,105.274061
12.969243,13.925446,-82.279730,105.888368
12.979507,13.780754,-82.293118,105.740542
12.989722,12.745389,-82.169751,104.742911
13.010024,11.482378,-82.219085,103.462059
13.020238,10.944377,-82.326422,102.955294
13.030451,10.652267,-82.377484,102.507336
13.040716,10.687431,-82.501814,102.380274
13.050908,11.244814,-82.513705,102.891336
13.061001,11.801442,-82.393487,103.454949
13.081304,13.101179,-82.363414,104.951048
13.091317,12.807855,-82.368584,104.810633
13.101430,12.188997,-82.387483,104.148637
13.111644,11.443981,-82.555499,103.294611
13.121908,11.042290,-82.638247,102.792004
13.132122,11.395422,-82.649291,103.008023
13.142386,12.073196,-82.671025,103.669287
13.152600,12.816628,-82.719123,104.365079
13.162852,12.947421,-82.625516,104.327690
13.172962,12.693615,-82.416976,104.060705
13.183026,12.475626,-81.998934,104.104637
13.203155,12.533649,-81.578345,104.840890
13.213368,13.152669,-81.688393,105.653867
13.223381,13.588506,-81.928754,106.074095
13.233494,13.966919,-81.950406,106.273318
13.243657,14.069224,-81.861463,106.285100
13.253771,14.427776,-81.772234,106.717177
13.274073,13.945856,-81.916166,106.370347
13.284287,12.600787,-82.063377,105.009705
13.294500,11.050203,-82.023906,103.312799
13.304765,10.358009,-82.139828,102.449641
13.314979,10.626039,-82.204817,102.758448
13.335248,12.448745,-82.245033,104.615883
13.345307,13.149509,-82.214543,105.357649
13.355496,13.516488,-82.122486,105.862126
13.365559,13.722408,-81.946895,106.093383
13.375621,14.143719,-81.885984,106.613775
13.396074,14.340114,-81.799869,107.113000
13.406339,14.059879,-81.972290,106.806352
13.416553,13.924343,-82.240505,106.484008
13.426767,12.979309,-82.386555,105.368577
13.437032,12.155453,-82.369377,104.355462
13.447198,11.960098,-82.286444,104.157509
13.467532,13.070772,-82.131515,105.652276
13.477444,13.596095,-82.117882,106.332139
13.487658,13.570917,-82.169546,106.336333
13.497872,13.117386,-82.141098,105.862229
13.508085,12.748409,-82.190433,105.500065
13.518350,13.072135,-82.360176,105.832026
13.528564,13.103747,-82.568005,105.728118
13.538829,12.735963,-82.785745,105.101530
13.549079,12.104609,-82.759278,104.306701
13.559166,11.689870,-82.536491,103.886528
13.569229,12.051251,-82.272798,104.393970
13.579293,12.534978,-82.057346,105.193308
13.599421,12.971826,-82.201094,105.904364
13.609484,12.446752,-82.419879,105.192795
13.619549,12.020960,-82.538806,104.611184
13.629613,11.709075,-82.440356,104.253835
13.639676,11.929442,-82.345239,104.565620
13.649741,12.525778,-82.430083,105.215526
13.660005,12.373464,-82.573258,104.956095
13.669917,11.958726,-82.602833,104.357873
13.680131,11.474782,-82.424230,103.899321
13.690344,11.480249,-82.272873,104.060732
13.700609,12.053751,-82.269772,104.718766
13.710823,12.556940,-82.393050,105.305405
13.721088,12.596410,-82.454645,105.360087
13.741552,11.570977,-82.298896,104.082876
13.751638,11.507216,-82.219591,104.124479
13.761702,11.572669,-82.102057,104.298252
13.771766,11.754688,-82.045837,104.560798
13.781830,11.991332,-82.123961,104.838179
13.791894,11.654926,-82.150817,104.509408
13.801958,11.061811,-82.121864,103.790680
13.812172,10.582160,-82.071772,103.346540
13.822184,10.531369,-82.049915,103.405908
13.832272,11.122595,-82.127322,103.958799
13.842537,11.488362,-82.204113,104.341842
13.852751,11.438362,-82.248653,104.235995
13.873078,10.125150,-81.969155,102.936531
13.883267,10.096141,-81.928194,103.163942
13.893481,10.116138,-82.035428,103.236212
13.903740,10.173224,-82.230819,103.158102
13.913919,9.861363,-82.333149,102.740484
13.934047,9.097382,-82.248250,101.799168
13.944111,9.252645,-82.297421,102.038122
13.954175,9.617881,-82.426272,102.454893
13.964289,9.634787,-82.523937,102.276079
13.974502,9.078088,-82.517851,101.621938
13.994678,8.777957,-82.176021,101.448117
14.004943,8.923180,-82.183445,101.733803
14.015156,9.019775,-82.254807,101.918519
14.025370,8.248552,-82.294265,101.077968
14.035635,7.814891,-82.313615,100.432871
14.045847,7.855547,-82.244883,100.468674
14.066136,9.516100,-82.270052,102.362795
14.076200,9.866653,-82.411881,102.675181
14.086264,9.401338,-82.507422,102.079295
14.096403,8.392656,-82.392326,100.896203
14.106642,7.537486,-82.235874,100.080931
14.116906,7.389304,-82.151972,100.142116
14.137385,7.290192,-82.557289,99.991647
14.147650,7.280986,-82.691796,99.808195
14.157864,7.008253,-82.630338,99.377825
14.168077,7.566174,-82.530289,99.861860
14.188556,8.763326,-82.545910,101.311185
14.198820,8.809408,-82.576878,101.321096
14.208883,8.168987,-82.627087,100.627060
14.219072,7.202527,-82.629511,99.593140
14.229210,6.483997,-82.573019,98.736969
14.239324,6.332514,-82.553498,98.641722
14.249537,7.218782,-82.580266,99.565956
14.259802,7.847200,-82.589684,100.154301
14.269932,8.061614,-82.464357,100.352452
14.280146,8.152127,-82.218935,100.554359
14.290208,8.191036,-81.963732,100.807868
14.300271,8.720033,-81.894945,101.569086
14.310486,9.424087,-81.966006,102.440372
14.341228,8.836219,-82.617005,101.265047
14.351442,8.435829,-82.467663,100.842115
14.361696,8.652890,-82.393596,101.108322
14.371829,9.016455,-82.432105,101.603947
14.391957,8.714258,-82.502497,101.267950
14.402021,8.257300,-82.432679,100.768028
14.412235,8.663381,-82.420111,101.272916
14.422247,9.238621,-82.517066,101.918765
14.432361,10.022775,-82.628548,102.655209
14.442600,10.327574,-82.694432,102.852670
14.452864,10.366000,-82.680908,102.805187
14.473342,10.915362,-82.533629,103.423496
14.483581,11.144409,-82.614936,103.735834
14.493770,10.884302,-82.602382,103.421611
14.503918,10.384982,-82.637236,102.816108
14.514007,10.293407,-82.597102,102.696709
14.534158,11.114172,-82.538151,103.716088
14.544397,12.278699,-82.598427,105.031022
14.554661,12.787315,-82.647154,105.531388
14.564875,13.038705,-82.563675,105.700955
14.575139,12.990039,-82.468913,105.770240
14.585353,13.056708,-82.443839,106.011011
14.605816,13.085444,-82.656743,106.001544
14.615880,12.912700,-82.722627,105.725755
14.625944,12.492166,-82.678176,105.181662
14.636008,12.444617,-82.728890,105.170529
14.646072,13.116513,-82.698564,106.005424
14.666200,14.213186,-82.569324,107.178639
14.676264,14.352650,-82.439967,107.466640
14.686328,14.042302,-82.351707,107.276030
14.696467,14.197170,-82.309715,107.490628
14.706706,14.833933,-82.371617,108.227564
14.716970,15.770292,-82.562172,109.149715
14.737449,16.010127,-82.568716,109.094247
14.747713,15.660063,-82.318854,108.875101
14.757927,15.451488,-82.182694,108.892709
14.768141,15.592238,-82.199988,109.264360
14.778354,15.800891,-82.328669,109.572893
14.788266,15.441763,-82.417782,109.136792
14.798530,15.316938,-82.368940,108.949037
14.808593,15.614828,-82.257853,109.361007
14.818782,16.328805,-82.250525,110.255181
14.828920,17.197464,-82.330103,111.174415
14.839034,17.301661,-82.476549,111.245074
14.859512,15.770212,-82.356584,109.567142
14.869777,15.651723,-82.319824,109.597099
14.879990,16.488222,-82.403323,110.551844
14.890127,16.983469,-82.520577,110.999248
14.900187,17.105008,-82.588045,111.001455
14.910276,16.613018,-82.503358,110.471384
14.930427,16.325930,-82.260258,110.344623
14.940666,17.143049,-82.332664,111.304694
14.950854,17.028375,-82.458135,111.225840
14.961119,16.307857,-82.424380,110.346446
14.971333,15.523686,-82.348524,109.496129
14.991811,15.278366,-82.338757,109.329800
15.002076,15.352109,-82.313745,109.496197
15.012290,15.924144,-82.291922,110.154771
15.022303,15.993861,-82.192038,110.293806
15.032416,15.588940,-82.151343,110.034470
15.042655,15.145914,-82.220021,109.717324
15.063158,14.325518,-82.529449,108.655011
15.073397,13.690638,-82.487594,108.045642
15.083636,13.077338,-82.460840,107.400907
15.093829,13.071137,-82.477259,107.369419
15.103983,13.172226,-82.435479,107.539771
15.114047,13.257924,-82.391349,107.687317
15.134350,12.086343,-82.208676,106.696830
15.144615,11.974263,-82.207993,106.714500
15.154829,12.078175,-82.318779,106.788758
15.165093,12.367886,-82.433457,107.049432
15.175307,12.757786,-82.425316,107.390333
15.195785,11.941218,-82.253134,106.604691
15.205880,11.392988,-82.114570,106.275216
15.215945,11.362156,-82.075583,106.473531
15.226009,11.723005,-82.191635,106.855086
15.236147,11.516315,-82.384389,106.610524
15.256424,9.177233,-82.376972,104.060097
15.266311,8.186069,-82.395762,103.084644
15.276525,8.001462,-82.474493,102.988802
15.286790,7.915744,-82.537256,102.851570
15.297004,7.691149,-82.573551,102.533270
15.307268,7.503455,-82.521260,102.415435
15.317481,7.304984,-82.536334,102.222927
15.327746,7.809820,-82.619136,102.690945
15.337971,7.943735,-82.705559,102.833156
15.348185,7.437852,-82.739798,102.337892
15.358424,6.617344,-82.630440,101.394288
15.368537,5.891208,-82.614881,100.694269
15.378549,5.612495,-82.587458,100.527885
15.388763,5.492586,-82.635850,100.391719
15.399027,5.048911,-82.764401,99.876770
15.409241,4.607446,-82.890465,99.272900
15.419506,4.213486,-82.824520,98.672219
15.429712,4.187025,-82.747100,98.633054
15.439868,4.557760,-82.495066,99.156991
15.449932,4.258003,-82.382122,98.982890
15.459996,3.875015,-82.214038,98.705557
15.470060,3.069333,-82.100172,98.055009
15.480274,2.171930,-82.004337,97.311317
15.490513,1.444517,-82.134630,96.559942
15.500778,0.765973,-82.339529,95.762995
15.510992,0.230268,-82.500352,95.059677
15.521257,-0.241845,-82.470532,94.283515
15.541734,-0.445232,-82.228121,94.111947
15.551835,-0.307323,-82.218880,94.325718
15.561994,-0.270342,-82.229078,94.378557
15.572107,-0.506587,-82.277955,94.099987
15.582120,-1.133944,-82.079176,93.446823
15.602598,-1.297614,-81.867836,93.407475
15.612661,-1.283347,-81.902745,93.511956
15.622849,-1.106088,-81.900662,93.593563
15.633063,-1.139050,-81.899350,93.500386
15.643328,-1.183460,-81.917136,93.385031
15.653542,-1.068375,-81.872303,93.401403
15.673860,-1.575261,-81.756162,93.053562
15.683920,-2.264998,-81.636907,92.359041
15.694084,-3.247604,-81.599170,91.362844
15.704197,-4.202774,-81.598843,90.486968
15.714210,-4.591942,-81.543996,90.093433
15.734662,-3.603583,-81.786037,91.058579
15.744927,-3.727461,-81.875732,90.881520
15.755141,-3.814625,-82.000704,90.550406
15.765280,-4.133831,-82.162306,90.060054
15.775393,-4.131260,-82.275892,89.979949
15.785657,-4.086119,-82.170249,89.937882
15.806136,-4.796259,-81.921630,89.238259
15.816375,-4.993053,-81.799240,89.113785
15.826614,-5.045867,-81.749783,89.181568
15.836878,-4.715697,-81.947483,89.541171
15.847092,-4.819708,-82.142375,89.337611
15.867570,-4.686872,-82.115587,89.127268
15.877652,-4.615236,-82.173808,89.162123
15.887866,-4.454038,-82.140251,89.306165
15.898105,-4.838478,-82.125054,88.936037
15.908218,-5.223618,-82.004508,88.645596
15.918231,-5.168103,-81.888238,88.727880
15.928445,-4.798508,-81.893490,89.267526
15.938708,-4.012872,-82.142573,90.113165
15.948974,-3.753605,-82.414545,90.186221
15.959162,-4.228600,-82.662433,89.409116
15.969417,-4.619173,-82.616821,88.828994
15.979550,-4.926522,-82.488113,88.432010
15.999903,-3.674816,-82.003600,89.944343
16.010143,-3.548019,-81.834081,90.259399
16.020407,-3.643238,-81.893101,90.215338
16.030621,-3.978372,-81.985404,89.924508
16.040860,-4.123345,-82.241823,89.684099
16.051099,-3.648883,-82.338402,89.981069
16.061336,-3.375658,-82.440568,90.169227
16.071384,-2.684607,-82.274369,90.835833
16.081448,-2.469428,-82.161930,90.989663
16.091662,-2.393894,-82.043126,91.182643
16.101876,-2.661109,-81.950283,91.068155
16.112115,-3.466448,-81.877378,90.321950
16.122379,-3.938940,-81.844524,89.831966
16.142857,-3.551362,-81.869400,90.267063
16.153096,-2.576676,-81.933891,91.120768
16.163217,-1.591916,-81.885984,92.153547
16.173382,-0.915185,-81.837879,92.932585
16.183621,-0.523720,-81.767125,93.319877
16.193835,-0.774573,-81.764550,93.103743
16.214011,-1.542523,-81.802259,92.131602
16.224225,-2.449901,-81.896202,91.105004
16.234464,-2.864270,-81.787998,90.629206
16.244678,-3.176957,-81.660355,90.308051
16.254932,-2.453918,-81.584287,91.098932
16.265142,-1.288198,-81.561618,92.491280
16.285620,-0.276909,-81.614586,93.609860
16.295858,-1.091520,-81.620440,92.747535
16.306123,-2.120613,-81.633082,91.681124
16.316336,-2.823372,-81.616485,90.874970
16.326575,-3.489873,-81.838575,90.119490
16.336816,-3.493447,-81.881872,90.034871
16.357126,-4.219821,-81.801952,89.078330
16.367365,-3.834451,-81.687375,89.585840
16.377427,-3.357836,-81.633554,90.210297
16.387490,-2.841828,-81.721274,90.758208
16.397704,-3.069127,-81.860138,90.499139
16.418207,-4.285816,-81.683031,89.097161
16.428446,-4.309391,-81.704758,89.117064
16.438670,-4.117420,-81.873218,89.244071
16.448784,-4.160022,-81.877664,89.085174
16.458849,-4.720809,-81.743458,88.475450
16.468912,-4.832229,-81.660587,88.424927
16.479177,-4.823059,-81.613206,88.508713
16.489088,-4.953227,-81.792062,88.407428
16.499302,-4.963413,-81.808966,88.293657
16.509541,-5.586804,-81.771872,87.512714
16.519781,-5.705672,-81.614163,87.369731
16.530019,-5.771074,-81.604641,87.392380
16.550548,-5.048423,-81.675081,88.072714
16.560713,-5.085638,-81.649482,87.991872
16.570936,-5.309129,-81.633458,87.788176
16.580999,-5.592764,-81.557520,87.434153
16.591062,-5.930988,-81.603234,87.100847
16.601275,-6.163596,-81.701657,86.778551
16.621779,-6.829857,-81.952114,85.669068
16.631992,-6.306026,-81.881920,86.149388
16.642257,-5.621263,-81.684001,86.886918
16.652466,-5.160174,-81.516054,87.468666
16.662695,-5.216811,-81.474075,87.557513
16.672909,-5.673165,-81.467464,87.156390
16.682820,-6.188648,-81.440532,86.482100
16.693084,-6.491880,-81.352184,86.211918
16.703324,-6.666295,-81.333312,86.122743
16.713563,-6.590943,-81.364096,86.150125
16.723827,-6.732669,-81.516914,85.990845
16.734041,-6.781077,-81.716131,85.780059
16.754544,-6.589669,-81.830140,85.628477
16.764554,-6.086114,-81.682089,86.223413
16.774732,-6.181506,-81.516306,86.254231
16.784971,-6.042064,-81.457990,86.376089
16.795134,-6.126736,-81.517140,86.317991
16.805096,-6.116701,-81.475134,86.351821
16.825574,-5.876154,-81.320355,86.594402
16.835813,-5.505278,-81.380556,87.030079
16.846027,-5.042100,-81.393486,87.454773
16.856277,-4.895818,-81.464472,87.588953
16.866491,-4.861221,-81.541489,87.598686
16.886969,-6.705286,-81.674398,85.399255
16.897208,-7.355922,-81.690640,84.612049
16.907473,-7.660821,-81.657971,84.217230
16.917686,-7.322416,-81.642405,84.524465
16.927926,-6.983931,-81.659788,84.906088
16.938142,-6.810048,-81.643840,85.055567
16.948211,-6.344946,-81.577922,85.464320
16.958476,-5.900681,-81.593747,85.928991
16.968715,-5.290510,-81.554890,86.588514
16.978979,-5.126527,-81.456146,86.738819
16.989194,-5.455909,-81.418444,86.434350
16.999407,-5.785608,-81.511355,86.076954
17.009646,-6.002583,-81.568045,85.760456
17.019910,-5.849067,-81.730529,85.770729
17.030150,-5.623022,-81.812136,85.871679
17.040415,-6.022318,-81.845337,85.275199
17.050629,-6.129481,-81.683646,85.048942
17.060842,-5.992433,-81.517748,85.291721
17.071082,-5.575672,-81.477784,85.845226
17.081346,-5.052486,-81.527194,86.350298
17.091584,-4.759349,-81.479765,86.697531
17.101683,-4.523138,-81.472511,86.966668
17.111902,-3.985248,-81.333490,87.522768
17.122141,-3.589342,-81.405999,87.991462
17.132254,-2.819126,-81.493425,88.772023
17.142266,-2.628314,-81.585715,88.880644
17.162744,-2.490598,-81.508950,89.036222
17.173010,-2.630697,-81.495201,88.971902
17.183198,-2.570472,-81.508862,89.058133
17.193437,-2.709198,-81.625016,88.895479
17.203621,-2.799819,-81.707436,88.708796
17.213650,-2.680996,-81.621635,88.698408
17.223714,-2.470205,-81.584383,88.997604
17.233778,-1.752417,-81.608992,89.783970
17.243842,-1.083380,-81.662425,90.394774
17.254006,-0.478532,-81.781734,90.957595
17.264119,0.190670,-81.650328,91.673051
17.274132,0.528734,-81.446249,92.105716
17.284371,1.106600,-81.456290,92.819983
17.304874,1.980170,-81.876845,93.630187
17.315113,1.967261,-82.033434,93.355866
17.335575,1.989082,-81.806282,93.406095
17.345740,2.379992,-81.622386,93.957564
17.355804,2.669689,-81.592251,94.449331
17.365868,2.614972,-81.717217,94.497423
17.376082,2.513647,-81.844210,94.279553
17.386321,2.822701,-82.011140,94.469890
17.396434,3.644933,-82.029937,95.251598
17.406447,3.683977,-82.059525,95.279773
17.426925,3.746316,-82.112152,95.240895
17.437164,3.681870,-82.115362,95.134085
17.447428,3.752957,-82.022574,95.197722
17.457622,3.737350,-81.985308,95.277765
17.467842,3.982243,-81.986900,95.573150
17.478081,4.106799,-81.956751,95.706550
17.488320,4.329932,-81.943535,96.011525
17.498584,4.854366,-82.021297,96.577010
17.508848,4.789715,-82.004679,96.499283
17.519062,4.150061,-82.047149,95.846808
17.529301,3.393403,-81.966273,95.086683
17.539484,2.910179,-81.851744,94.663676
17.549562,3.002322,-81.788380,94.797234
17.570065,3.014868,-81.899787,94.930429
17.580330,3.123018,-81.843411,95.026994
17.590544,3.534320,-81.838261,95.482220
17.600783,3.940821,-81.866962,95.950040
17.611022,3.430039,-81.957776,95.373210
17.621260,2.442949,-82.008558,94.262095
17.631525,1.662954,-82.024104,93.356426
17.641437,0.970900,-81.830447,92.631189
17.651650,0.972137,-81.701090,92.766844
17.661864,1.114083,-81.632235,93.082030
17.672103,0.978495,-81.729531,92.994542
17.682367,0.872450,-81.686201,92.853854
17.702845,0.618118,-81.702982,92.719026
17.713084,0.101500,-81.832278,92.154463
17.723156,-0.648086,-81.897076,91.319281
17.733305,-1.512923,-81.959920,90.308461
17.743544,-2.107617,-81.832278,89.614691
17.753758,-2.505426,-81.772329,89.297955
17.773934,-3.622982,-81.742003,88.411642
17.784148,-4.070957,-81.756927,87.883737
17.794412,-4.280456,-81.795340,87.705038
17.804601,-4.096423,-81.806139,87.846273
17.814840,-4.298714,-81.810981,87.623650
17.835344,-5.165254,-81.821848,86.676999
17.845609,-5.529544,-81.865561,86.191223
17.855823,-5.737453,-81.809110,86.022353
17.866062,-6.286746,-81.853841,85.517165
17.876301,-7.544495,-81.931186,84.142931
17.886556,-8.646099,-82.053194,82.776565
17.906810,-9.685956,-81.904104,81.495406
17.917049,-9.561255,-81.654140,81.598528
17.927288,-9.286217,-81.436721,81.999542
17.937553,-8.793191,-81.192077,82.658943
17.947767,-8.868385,-81.125066,82.715654
17.968220,-10.294451,-81.407645,81.265078
17.978484,-11.489648,-81.533922,79.822379
17.988723,-12.387896,-81.525944,78.674647
17.998735,-12.731565,-81.448203,78.112946
18.008848,-12.546515,-81.288779,78.329695
18.019062,-12.421506,-81.145878,78.600478
18.029327,-13.069840,-81.099535,78.070066
18.039541,-14.569755,-81.278657,76.494717
18.049805,-15.531290,-81.232738,75.339541
18.060044,-16.410417,-81.289995,74.322212
18.070283,-16.463932,-81.269948,74.187602
18.090528,-15.881761,-81.231331,74.545374
18.100793,-15.704126,-81.068465,74.788434
18.121246,-15.867542,-80.815194,74.787505
18.131511,-16.137671,-80.830501,74.538401
18.141700,-17.150436,-80.974481,73.423912
18.151939,-17.739132,-80.825235,72.759915
18.162178,-18.454172,-80.785415,72.013963
18.172442,-18.327887,-80.836805,72.112147
18.192921,-18.114261,-81.075903,72.144638
18.203160,-18.698538,-81.102800,71.420215
18.223663,-19.723684,-80.788297,70.355142
18.233857,-20.492699,-80.777376,69.553811
18.254219,-21.053001,-80.765580,68.770094
18.264458,-20.533338,-80.703896,69.328517
18.274697,-20.063167,-80.761796,69.835146
18.284961,-20.303238,-80.860663,69.496342
18.295175,-21.169055,-80.929313,68.447505
18.305414,-22.323623,-80.849339,67.055621
18.325725,-22.971045,-80.597591,66.090160
18.335939,-22.875996,-80.665545,66.247234
18.346178,-22.854192,-80.766263,66.180899
18.356291,-22.874648,-80.680250,66.112058
18.366304,-23.078842,-80.601792,65.803340
18.386782,-22.308791,-80.427964,66.626740
18.397021,-22.106956,-80.372530,66.899306
18.407235,-22.356830,-80.369832,66.624513
18.417479,-22.710592,-80.323947,66.185141
18.427699,-22.860404,-80.243453,65.897269
18.437913,-23.153552,-80.250768,65.508836
18.448152,-23.232863,-80.239464,65.321306
18.458416,-23.190857,-80.149640,65.301697
18.468680,-23.031726,-80.055923,65.450117
18.478894,-22.704129,-79.955410,65.842914
18.489133,-23.006442,-80.014437,65.487956
18.499325,-23.087190,-79.983919,65.290373
18.509419,-23.247951,-79.917919,65.011728
18.529922,-22.525687,-79.544827,65.694228
18.540161,-22.262430,-79.444396,66.083965
18.550425,-22.097506,-79.393197,66.267090
18.560639,-22.257404,-79.420798,66.041837
18.570878,-21.754952,-79.312976,66.505361
18.591381,-21.346609,-79.393866,66.820792
18.601293,-21.598405,-79.505512,66.471538
18.611507,-22.225982,-79.509037,65.664858
18.621721,-22.173098,-79.218617,65.614745
18.631960,-22.447782,-79.025849,65.319688
18.642224,-22.318762,-78.890440,65.567535
18.662702,-22.276250,-78.960846,65.581687
18.672941,-22.331577,-79.064310,65.432495
18.683180,-22.226901,-79.036640,65.446606
18.693419,-22.222873,-78.966665,65.467513
18.703582,-22.380587,-78.910296,65.245075
18.713544,-22.559772,-78.918478,65.009447
18.723809,-22.906610,-78.876165,64.594697
18.744262,-23.498421,-78.764007,63.858615
18.754527,-23.738761,-78.813505,63.552410
18.764689,-24.064908,-78.887326,63.057065
18.774883,-24.205535,-78.853462,62.747759
18.795386,-23.842966,-78.662380,63.070069
18.805651,-23.635021,-78.633304,63.302528
18.815865,-23.669959,-78.660994,63.254867
18.826104,-23.757730,-78.698013,63.123481
18.836343,-24.192952,-78.776212,62.540388
18.846582,-24.313009,-78.733127,62.289768
18.856846,-24.315675,-78.670447,62.240208
18.877325,-25.133558,-78.720655,61.188933
18.887564,-25.809702,-78.709065,60.315010
18.897803,-25.740164,-78.544997,60.289615
18.908063,-26.379500,-78.610416,59.567104
18.918245,-26.305147,-78.600396,59.520912
18.928309,-26.371512,-78.661308,59.323171
18.938573,-26.142272,-78.574503,59.458839
18.948812,-26.241138,-78.487698,59.254247
18.958824,-26.607883,-78.355288,58.830086
18.968938,-26.743404,-78.289049,58.592122
18.979177,-26.466689,-78.184786,58.788545
18.989416,-26.183435,-78.158661,59.031214
18.999680,-26.063700,-78.177751,59.108710
19.009894,-25.951507,-78.149214,59.165236
19.020110,-26.362794,-78.182751,58.596056
19.030333,-26.928023,-78.180818,57.774316
19.040547,-27.182404,-78.039460,57.324378
19.050786,-27.318527,-77.810485,57.101942
19.061050,-27.310581,-77.654190,57.124451
19.081528,-27.349358,-77.621111,57.061436
19.101911,-26.814624,-77.575028,57.357579
19.112053,-26.965915,-77.572487,57.121801
19.122292,-26.999292,-77.443813,57.095703
19.132556,-27.355592,-77.475300,56.556138
19.153035,-27.952532,-77.455397,55.569681
19.163249,-28.008444,-77.222057,55.474919
19.173513,-28.182474,-77.166480,55.296686
19.183728,-28.540710,-77.377376,54.747559
19.193967,-28.979110,-77.745844,53.964778
19.214445,-29.790396,-77.743897,52.480804
19.224710,-29.482901,-77.467992,52.548750
19.234924,-29.037289,-77.258408,53.064160
19.245163,-29.033608,-77.235636,53.013005
19.255402,-29.339836,-77.365846,52.495301
19.265618,-29.544168,-77.500107,51.911319
19.285583,-29.940913,-77.636698,50.744279
19.295797,-30.011424,-77.479740,50.218980
19.306036,-28.539484,-77.002289,51.381587
19.316275,-26.281861,-76.375421,53.759705
19.326489,-24.391854,-75.706001,56.202430
19.346665,-23.423251,-75.246562,57.756933
19.356930,-22.686909,-75.186654,58.690948
19.367118,-21.984967,-75.117990,59.746069
19.377357,-21.474130,-75.120374,60.329859
19.387538,-21.725351,-75.346986,59.994080
19.397545,-22.775916,-75.658326,58.455491
19.407609,-24.074704,-76.186068,56.541604
19.417673,-25.310849,-76.551176,54.647917
19.427887,-26.305744,-76.788258,53.228398
19.438126,-26.766526,-76.828331,52.339531
19.448240,-26.842143,-76.782760,51.961579
19.458252,-27.482453,-76.808086,51.059062
19.468466,-27.747741,-76.825968,50.453962
19.478730,-28.060034,-76.958166,49.867600
19.488995,-27.177697,-76.941965,50.723638
19.499184,-25.823977,-76.919644,52.231034
19.509423,-24.428966,-76.961902,53.812219
19.519597,-23.636891,-77.089278,54.711403
19.529636,-23.967451,-77.197079,54.298573
19.539700,-24.869135,-77.167498,53.107214
19.549764,-25.958144,-77.102918,51.577979
19.559978,-26.527936,-77.060776,50.743900
19.570217,-26.926464,-77.236735,50.190573
19.580482,-26.481567,-77.613243,50.583500
19.590696,-25.601180,-77.822492,51.519369
19.600935,-24.968096,-77.885959,52.176956
19.611199,-24.473041,-77.753227,52.735894
19.621413,-24.559012,-77.744539,52.533734
19.631652,-25.029437,-77.868945,51.983764
19.641715,-25.690418,-78.169698,51.042943
19.651778,-25.934602,-78.471675,50.469422
19.662042,-26.097659,-78.765755,50.011953
19.672231,-26.461164,-78.854206,49.292919
19.682496,-26.645341,-78.858359,48.712991
19.702949,-26.244158,-78.745893,48.865209
19.713188,-26.019520,-78.763023,49.001638
19.723427,-25.489580,-78.876554,49.478054
19.733692,-25.069475,-79.030268,49.845536
19.754170,-24.937106,-79.408660,49.518315
19.764409,-24.831605,-79.483670,49.321674
19.774648,-24.658001,-79.557654,49.319068
19.784887,-23.978344,-79.516051,49.894057
19.795095,-23.000792,-79.447920,50.968801
19.805164,-21.891270,-79.334908,52.174476
19.825643,-21.132489,-79.339232,52.802116
19.835907,-20.748327,-79.349422,53.076464
19.846121,-20.176099,-79.363069,53.509034
19.856335,-19.536827,-79.473294,54.101085
19.866574,-18.853578,-79.470883,54.727734
19.876817,-17.878941,-79.435039,55.662545
19.897148,-16.729816,-79.423625,56.790438
19.907387,-16.133552,-79.373396,57.314310
19.917450,-15.737299,-79.344122,57.778906
19.927513,-15.173950,-79.261313,58.329850
19.937727,-14.991927,-79.292185,58.430554
19.958230,-14.640118,-79.638872,58.596370
19.968444,-14.645152,-79.813540,58.294442
19.978684,-14.413538,-79.892846,58.259109
19.988808,-14.091598,-79.863797,58.444023
19.998872,-14.008186,-79.841503,58.526327
20.019200,-12.747692,-79.704455,59.842463
20.029112,-12.324614,-79.725513,60.327373
20.039326,-12.144262,-79.811648,60.414075
20.049565,-11.616274,-79.873810,60.814932
20.059804,-11.055154,-80.024880,61.293305
20.070068,-10.752456,-80.094917,61.499891
20.080282,-10.366104,-80.159530,61.740266
20.090546,-9.794480,-80.145235,62.277077
20.100730,-9.233929,-80.245830,62.824073
20.110835,-8.998853,-80.332423,62.968163
20.120999,-9.030050,-80.471021,62.812687
20.131238,-8.588275,-80.460325,63.164893
20.141477,-7.765879,-80.389387,63.975547
20.162005,-7.216698,-80.441795,64.534598
20.172219,-6.443712,-80.505036,65.291172
20.182433,-5.379246,-80.591635,66.314505
20.192672,-4.748042,-80.674431,66.951283
20.202835,-4.619662,-80.723622,66.953899
20.212798,-4.737788,-80.841614,66.654300
20.233301,-4.314703,-80.883592,66.672407
20.243540,-3.383924,-80.879535,67.653645
20.253779,-2.710971,-80.850151,68.369982
20.264043,-2.349909,-80.829087,68.705303
20.274250,-1.775032,-80.774671,69.261062
20.284440,-0.960932,-80.732529,70.122499
20.304568,0.848862,-80.785866,71.995433
20.324996,1.941203,-80.885832,72.890611
20.335261,2.225068,-80.746660,73.055457
20.345475,2.952965,-80.582572,73.841264
20.365953,4.103688,-80.274148,75.390405
20.376192,4.099064,-80.200436,75.372449
20.386431,4.511098,-80.165083,75.735432
20.396544,5.389123,-80.285233,76.586276
20.406557,6.381901,-80.306735,77.559257
20.427035,7.517454,-80.260774,78.731570
20.437274,7.742411,-80.276374,78.944542
20.447538,8.259830,-80.210217,79.390458
20.457752,8.771682,-80.187623,79.944140
20.467991,9.053952,-80.192472,80.234369
20.478197,9.260900,-80.293436,80.372147
20.488237,9.474490,-80.232012,80.506811
20.498501,9.854237,-80.245160,80.892779
20.508740,10.186921,-80.152420,81.231788
20.518752,10.976545,-80.149722,82.032751
20.528865,11.219404,-80.140761,82.335492
20.539080,11.476358,-80.128009,82.577001
20.549344,11.492197,-80.104295,82.525720
20.559558,11.901704,-80.127012,82.940469
20.569797,12.190467,-80.153117,83.259207
20.580036,12.376488,-80.198736,83.407285
20.590275,12.360291,-80.205539,83.317393
20.600540,12.601499,-80.263015,83.507252
20.610754,12.919892,-80.278683,83.769565
20.621019,13.356875,-80.358671,84.142890
20.641472,13.874411,-80.262209,84.667797
20.651711,14.086238,-80.289789,84.858605
20.661845,14.266075,-80.242763,84.997319
20.671981,14.561342,-80.214431,85.340782
20.682220,14.799039,-80.138732,85.622316
20.702724,15.243420,-80.207485,86.042741
20.723202,15.507000,-80.457006,86.018774
20.733441,15.851826,-80.482045,86.194337
20.743681,16.187331,-80.438687,86.531236
20.753894,16.335080,-80.302835,86.750369
20.774070,16.236432,-80.087731,86.723206
20.794549,16.373948,-79.967575,86.969543
20.804763,16.605300,-79.856502,87.259990
20.815002,16.796260,-79.781691,87.538102
20.825259,17.074329,-79.837494,87.820441
20.845512,16.994211,-79.999444,87.575565
20.855726,17.158738,-79.987416,87.669726
20.865965,17.355004,-80.014027,87.824492
20.876204,17.479043,-80.066052,87.911071
20.896682,17.586180,-80.080273,87.915518
20.906946,17.761031,-80.049435,88.048809
20.917185,17.876864,-80.037939,88.229235
20.927425,18.121737,-80.034388,88.459699
20.937689,18.280153,-80.062726,88.566257
20.947903,18.445645,-79.963750,88.678880
20.958117,18.783599,-79.874281,89.081390
20.968356,19.048803,-79.797332,89.432134
20.978620,19.189838,-79.857431,89.612000
20.988885,19.065259,-79.953819,89.448062
21.009153,19.312461,-80.107355,89.352951
21.019392,19.608276,-80.023459,89.673670
21.029631,19.604750,-79.933308,89.768370
21.050160,19.345606,-79.947112,89.549251
21.060374,19.541593,-79.958265,89.687269
21.070638,20.010894,-79.926430,90.178824
21.080755,20.716024,-79.928697,90.891356
21.090874,21.038214,-79.952357,91.257386
21.101113,21.260610,-80.050288,91.439096
21.111377,21.037558,-80.081646,91.086337
21.121642,21.022074,-80.045603,90.911184
21.131856,21.249214,-79.969009,91.206303
21.142095,21.550094,-79.962165,91.629016
21.152334,21.751245,-80.030365,91.807537
21.162573,21.834768,-80.019798,91.795407
21.172837,21.996942,-80.024648,91.928069
21.193316,22.540751,-79.826893,92.563215
21.203530,22.721825,-79.824168,92.871462
21.213769,22.798289,-79.854173,92.954660
21.224033,22.754678,-79.911021,92.786972
21.234224,22.710681,-79.843750,92.678017
21.244301,22.646244,-79.687981,92.680456
21.264429,22.213502,-79.643052,92.445463
21.274618,22.293845,-79.643011,92.491362
21.284857,22.785475,-79.691314,92.988661
21.295122,23.275430,-79.692940,93.429563
21.305336,23.724131,-79.709769,93.910026
21.325814,23.716616,-79.786001,93.845180
21.336079,23.470743,-79.781534,93.486206
21.346293,23.469505,-79.722337,93.499614
21.356558,23.456861,-79.653407,93.587300
21.366747,23.499073,-79.610581,93.671782
21.387225,23.431042,-79.589503,93.635910
21.397464,23.389585,-79.526905,93.563640
21.407728,23.462093,-79.492487,93.631594
21.417875,23.442205,-79.436773,93.683927
21.428046,23.493054,-79.431077,93.809219
21.438285,23.404202,-79.431890,93.702928
21.448549,23.314702,-79.367952,93.584424
21.458435,23.093623,-79.305757,93.439133
21.468674,22.786631,-79.269051,93.201230
21.478888,22.719402,-79.334321,93.156103
21.499342,23.071430,-79.563644,93.363338
21.509581,22.964906,-79.641720,93.080281
21.519845,23.030107,-79.624549,93.091326
21.530084,23.168178,-79.629398,93.247874
21.540349,23.237791,-79.668877,93.322575
21.550563,22.928612,-79.680789,92.959653
21.560777,22.535483,-79.592987,92.531728
21.571041,22.316526,-79.462735,92.353269
21.581256,22.385959,-79.430606,92.521879
21.601759,22.607270,-79.606545,92.794356
21.611721,22.430034,-79.797544,92.476499
21.621885,22.299413,-79.885203,92.101324
21.632098,22.234240,-79.859296,91.930426
21.642337,22.417485,-79.872512,92.188395
21.652602,22.309891,-79.872977,92.058464
21.673080,21.701229,-79.917769,91.419207
21.683280,21.502434,-79.787640,91.222415
21.693411,21.581130,-79.703308,91.408668
21.703475,21.795310,-79.774028,91.702017
21.713564,22.217536,-79.915290,92.115606
21.734068,22.364879,-80.085669,91.985231
21.744332,22.449182,-80.081782,92.067603
21.754546,22.597049,-80.087492,92.192370
21.764785,22.651860,-80.107751,92.246144
21.775024,22.362167,-80.095115,91.904860
21.795528,22.110289,-80.088326,91.494229
21.805439,22.623193,-80.164544,92.027961
21.815653,22.937688,-80.183320,92.310901
21.825918,22.973036,-80.234348,92.265569
21.836107,22.898020,-80.076988,92.102465
21.846346,23.109798,-79.906376,92.434371
21.856610,23.289666,-79.764841,92.792334
21.877088,23.742407,-79.821231,93.356057
21.887327,23.998180,-79.883065,93.529134
21.897592,24.049275,-79.804736,93.464998
21.907806,24.546875,-79.842043,94.056267
21.918020,24.828697,-79.848361,94.404061
21.928259,25.195011,-79.993072,94.738077
21.938523,24.891660,-79.935282,94.314121
21.948762,24.829548,-79.856304,94.280666
21.958870,24.910052,-79.779724,94.465539
21.969015,25.619970,-79.837610,95.232003
21.979229,26.001446,-79.960150,95.628201
21.989468,26.261217,-80.049202,95.783527
22.009996,26.361743,-79.895318,95.748372
22.020210,26.449937,-79.737964,96.022829
22.030449,26.568312,-79.763263,96.296972
22.040618,26.131327,-79.698479,95.812774
22.050736,25.724521,-79.627978,95.418262
22.071239,25.718683,-79.409685,95.614773
22.081504,26.539825,-79.505321,96.551978
22.091718,27.252105,-79.696894,97.288771
22.101932,27.424089,-79.813636,97.298196
22.112197,27.267319,-79.743469,96.992183
22.122365,26.627334,-79.470883,96.524568
22.142721,25.583780,-79.109512,95.956146
22.152960,25.684721,-79.270684,96.203918
22.163225,26.061454,-79.541385,96.513647
22.173439,26.372805,-79.779342,96.580999
22.183678,27.100893,-79.963518,97.063033
22.193917,28.041004,-80.028432,97.897675
22.214228,27.721638,-79.707761,97.714674
22.224292,26.732491,-79.507124,96.857895
22.234481,25.910611,-79.376176,96.312101
22.244720,25.374136,-79.328897,95.908601
22.254934,25.568982,-79.497227,96.109129
22.265198,25.795065,-79.624337,96.291379
22.285677,26.255042,-79.739460,96.446854
22.295916,26.549287,-79.704401,96.817337
22.306155,26.403201,-79.605752,96.818341
22.316268,26.144964,-79.595596,96.581409
22.326280,25.783093,-79.588752,96.280334
22.346758,24.361225,-79.516878,94.957586
22.356997,24.266410,-79.678118,94.898457
22.367261,24.435772,-79.839912,95.004919
22.377475,24.683214,-79.994288,95.066425
22.387714,24.965528,-79.860416,95.224537
22.397953,25.229897,-79.682449,95.720600
22.418457,24.598890,-79.615772,95.319846
22.428418,23.662632,-79.612173,94.349979
22.438582,22.619971,-79.583083,93.323935
22.448821,21.935624,-79.494530,92.701493
22.459085,22.111192,-79.609973,92.992602
22.469299,22.743871,-79.743142,93.636368
22.489716,23.078342,-80.032380,93.646490
22.499946,22.799347,-80.009635,93.267046
22.510185,22.340620,-79.881603,92.860014
22.520450,21.957482,-79.795789,92.600693
22.530664,21.616951,-79.819086,92.329111
22.540903,21.296216,-79.884076,91.990811
22.571645,20.350716,-79.614707,91.276401
22.581708,20.740991,-79.787736,91.748271
22.591771,20.646120,-79.760763,91.556719
22.602010,20.344068,-79.684142,91.319178
22.622513,19.533001,-79.651112,90.589748
22.632777,19.202121,-79.850724,90.246900
22.642991,18.669113,-79.920692,89.529191
22.653230,17.860217,-79.936101,88.493256
22.663469,17.293061,-79.875524,87.946472
22.673683,17.172764,-79.779034,87.925237
22.693859,17.069235,-79.624870,88.133366
22.704073,16.630315,-79.604598,87.794248
22.714312,16.447131,-79.629153,87.658566
22.724551,16.266169,-79.743661,87.382148
22.734815,16.294886,-79.885121,87.321598
22.755172,15.470353,-79.929046,86.208845
22.765236,15.077139,-79.893938,85.846032
22.775425,14.922785,-79.956407,85.772730
22.785488,14.723543,-80.074310,85.542594
22.795551,14.635352,-80.174646,85.279754
22.805790,14.358939,-80.107635,85.032324
22.816054,14.089803,-80.048451,84.791546
22.836532,14.127706,-80.225974,84.852642
22.846771,13.885327,-80.303934,84.458964
22.857010,12.979969,-80.315129,83.315727
22.867202,12.104960,-80.099541,82.340622
22.877224,11.964433,-79.947870,82.339945
22.887463,12.397720,-79.917393,82.868131
22.897728,12.643770,-80.022005,83.216593
22.907967,12.215074,-80.126930,82.716070
22.918231,11.847676,-80.080573,82.216544
22.928445,11.817886,-80.008611,82.086156
22.938658,12.148189,-80.065397,82.527796
22.948897,12.142238,-80.238658,82.481487
22.959161,11.482503,-80.367482,81.608808
22.969073,10.681211,-80.328298,80.564117
22.979287,10.030556,-80.177890,79.928253
22.989526,9.933482,-80.080478,79.885913
22.999765,10.458599,-80.169188,80.493281
23.010004,11.065622,-80.254887,81.178424
23.030532,10.920331,-80.372018,80.727980
23.040705,10.642743,-80.271102,80.437451
23.050805,10.543851,-80.242121,80.382236
23.060869,10.296249,-80.239498,80.141096
23.070983,9.912565,-80.401422,79.649165
23.081222,9.644288,-80.458303,79.186399
23.091487,9.681809,-80.461001,79.010098
23.101751,10.018866,-80.419173,79.412690
23.111965,10.124010,-80.305676,79.617022
23.122179,10.371530,-80.200696,79.970027
23.132418,10.519807,-80.146990,80.203845
23.142634,10.414638,-79.996337,80.237613
23.152704,10.575570,-79.915795,80.474914
23.162768,10.717105,-79.890182,80.675913
23.173007,10.748278,-80.008768,80.722085
23.183246,10.686648,-80.102143,80.560961
23.193485,10.713532,-80.200860,80.452327
23.203649,10.858019,-80.212041,80.528586
23.213611,10.931894,-80.269360,80.632207
23.223850,10.641551,-80.379695,80.268192
23.244378,10.298093,-80.347873,79.693322
23.254592,10.289952,-80.324780,79.757642
23.264831,10.287112,-80.263909,79.736489
23.274994,10.283040,-80.238815,79.737329
23.284957,10.580912,-80.302411,80.050302
23.305435,10.696822,-80.311195,80.065390
23.315699,10.543021,-80.216521,79.879930
23.325888,10.458555,-80.166729,79.786670
23.336127,10.759752,-80.041635,80.076380
23.346366,11.282048,-80.094364,80.764036
23.356631,11.449817,-80.212102,80.985881
23.366871,11.291550,-80.334964,80.628628
23.387349,9.826161,-80.133371,78.921593
23.397587,9.819313,-79.925590,79.040363
23.407852,10.465406,-80.058553,79.864576
23.418053,11.163166,-80.211679,80.631353
23.438472,10.913404,-80.281313,79.933588
23.448712,10.450829,-80.256697,79.450721
23.458976,10.313517,-80.187828,79.307191
23.469190,10.619132,-80.209090,79.575078
23.479404,10.467394,-80.267864,79.417143
23.489643,9.938104,-80.259545,78.785419
23.510147,10.039059,-79.992150,78.808212
23.520411,10.629782,-80.033992,79.580269
23.530625,10.563583,-80.009321,79.497152
23.540839,10.280198,-80.018637,79.113856
23.551078,9.822959,-79.858244,78.675440
23.561343,9.603663,-79.711108,78.569988
23.581681,10.603388,-79.871324,79.716941
23.591900,10.692431,-80.050760,79.723894
23.601912,10.255875,-80.162126,79.030097
23.612025,9.981762,-80.192015,78.503148
23.622265,10.356363,-80.160009,78.866774
23.642768,10.572680,-80.143275,79.180122
23.653032,10.207631,-80.175650,78.715977
23.663246,9.573322,-80.114827,77.995364
23.673485,9.465006,-79.909341,77.798662
23.683724,9.780910,-79.743066,78.308057
23.693988,9.969222,-79.798719,78.648023
23.704203,9.902938,-79.787046,78.544635
23.714467,9.882675,-79.737582,78.513113
23.724681,10.061790,-79.658659,78.764451
23.734920,10.319294,-79.691430,79.108842
23.745156,10.183862,-79.761993,79.015467
23.755292,10.092179,-79.965089,78.870209
23.765380,9.772314,-80.053389,78.396823
23.785884,9.481475,-80.134266,78.068605
23.796123,9.680435,-80.203551,78.318460
23.806387,10.015487,-80.365447,78.585281
23.816602,9.772932,-80.565804,78.290545
23.826866,9.382746,-80.625663,77.728379
23.847127,8.856197,-80.645416,76.967141
23.857191,9.133844,-80.784390,77.149691
23.867255,9.433415,-80.788762,77.282976
23.877419,9.644231,-80.735028,77.503222
23.897922,9.233660,-80.429890,77.168618
23.908137,9.276419,-80.303565,77.230165
23.918401,9.551233,-80.207888,77.644887
23.928640,9.812713,-80.185663,78.013055
23.938879,9.734290,-80.163465,77.941365
23.949118,9.387127,-80.266737,77.594111
23.959281,9.017847,-80.272188,77.072155
23.969244,8.975043,-80.221446,76.898682
23.979483,8.902477,-80.308189,76.878294
23.989747,8.810276,-80.351090,76.748964
23.999986,8.411692,-80.415444,76.184531
24.010250,7.995383,-80.419426,75.621177
24.020464,7.648398,-80.379695,75.225969
24.030703,7.702249,-80.269483,75.246808
24.051206,7.340462,-80.159448,74.978552
24.061471,7.191392,-80.148288,74.762137
24.071685,7.549137,-80.095354,75.017586
24.081924,7.960674,-80.103277,75.512174
24.092163,8.107745,-80.103455,75.645807
24.102402,7.880702,-80.103858,75.370536
24.122631,7.550064,-80.019204,74.876106
24.132870,7.969241,-79.944256,75.311148
24.143084,8.094974,-79.925357,75.570511
24.153323,7.921456,-79.948717,75.416326
24.163587,7.591510,-79.920692,75.040010
24.173801,7.622299,-79.842719,74.995238
24.194304,8.287347,-79.899758,75.809745
24.204401,8.164208,-79.803309,75.691309
24.214591,8.047466,-79.859275,75.561973
24.224830,8.043750,-79.910686,75.464356
24.234993,8.113456,-80.042802,75.438449
24.244955,7.797399,-80.129983,74.984446
24.265433,7.527362,-80.107833,74.383362
24.275698,7.921260,-80.023972,74.835439
24.285887,8.320233,-79.951162,75.444364
24.296126,9.056474,-80.026813,76.277866
24.306365,9.270913,-80.160391,76.448456
24.316629,8.920711,-80.263424,75.958281
24.337108,8.694072,-80.297931,75.343837
24.357586,9.050453,-80.432977,75.650315
24.367839,8.901020,-80.490105,75.401183
24.378008,8.869565,-80.478534,75.301470
24.398336,9.410311,-80.503799,75.858212
24.408575,9.476879,-80.481758,75.925612
24.418840,9.440426,-80.542376,75.825714
24.429054,9.668290,-80.581192,76.009528
24.439268,10.276732,-80.649699,76.505202
24.449532,10.395585,-80.679513,76.629866
24.469838,10.464937,-80.660784,76.489800
24.479907,10.274772,-80.697176,76.215479
24.489970,10.394172,-80.548735,76.300337
24.500035,11.250142,-80.427882,77.187551
24.510124,11.881462,-80.379169,78.007795
24.530275,12.341063,-80.459150,78.470418
24.540514,12.451749,-80.401422,78.422545
24.550753,12.391555,-80.355325,78.326922
24.560992,12.610987,-80.350537,78.500307
24.571231,13.109829,-80.271320,78.913998
24.581495,13.587648,-80.202745,79.478205
24.601917,13.643095,-80.040391,79.661193
24.611998,13.580267,-79.996412,79.605062
24.622062,13.585607,-79.961516,79.612016
24.632201,14.153051,-80.007231,80.110039
24.642440,14.931096,-80.019361,80.823111
24.652705,15.381634,-80.073600,81.289162
24.673183,15.108117,-79.999622,80.869925
24.683397,15.159325,-79.853517,80.921670
24.693662,15.413124,-79.810146,81.341693
24.703876,16.057348,-79.901506,81.999146
24.714115,16.501563,-80.008768,82.401485
24.734618,16.490230,-79.999403,82.108013
24.744883,16.952125,-79.919716,82.552678
24.755097,17.399864,-79.887532,83.180120
24.765362,18.010024,-80.071120,83.820293
24.775510,18.023758,-80.059564,83.681033
24.785628,18.123550,-80.066742,83.707124
24.805779,18.554559,-79.893645,84.191494
24.816018,18.614333,-79.965239,84.275177
24.826258,18.450921,-80.002395,84.070674
24.836521,18.475571,-79.966181,83.997974
24.846735,18.818445,-79.963361,84.333732
24.867213,20.369613,-80.131472,85.896459
24.877439,20.805933,-80.202444,86.183928
24.887653,20.916968,-80.086803,86.296373
24.897892,21.317355,-80.022278,86.762158
24.908105,21.524745,-79.996296,87.051574
24.928584,22.182465,-80.237893,87.626881
24.938849,22.568757,-80.220988,87.852147
24.949088,23.177152,-80.196448,88.383071
24.959327,23.928890,-80.109260,89.083480
24.969389,24.789654,-80.085355,89.968058
24.979452,25.166223,-79.981324,90.360917
24.989691,24.778910,-79.882908,90.113589
24.999930,24.175735,-79.782265,89.654115
25.020434,24.445469,-79.787176,90.010678
25.030698,24.909432,-79.940794,90.407888
25.040890,25.411982,-80.000681,90.716790
25.051094,25.728522,-79.968886,90.988153
25.061333,26.389462,-79.886856,91.553003
25.071598,27.147466,-79.806744,92.351903
25.081510,27.568937,-79.748517,92.789916
25.091723,27.342526,-79.664840,92.663517
25.101937,27.128772,-79.605069,92.540321
25.112202,26.922237,-79.529104,92.425915
25.122416,27.044571,-79.489175,92.582695
25.142919,27.831412,-79.321541,93.401164
25.163008,28.088726,-79.180600,93.896209
25.173172,28.453084,-79.182526,94.305412
25.183411,28.921681,-79.154980,94.754443
25.193650,29.512551,-79.202382,95.305017
25.224392,29.486688,-79.047487,95.411992
25.234631,29.803985,-78.975558,95.778650
25.244870,30.140320,-78.930069,96.138198
25.255135,30.365474,-78.876097,96.415094
25.265349,30.778540,-78.992285,96.818655
25.285827,30.798546,-78.919175,96.763058
25.296091,30.713742,-78.835334,96.696177
25.306330,31.068949,-78.821408,97.114929
25.316569,31.016292,-78.866562,97.108911
25.326808,30.951634,-78.973482,97.036573
25.346959,30.683607,-78.805234,96.754260
25.357198,30.255713,-78.815882,96.491339
25.367437,30.102911,-78.980735,96.459060
25.377676,30.027793,-79.098563,96.289958
25.398145,29.708161,-79.100878,95.937281
25.408321,29.727107,-79.174214,95.985277
25.418585,29.541951,-79.367768,95.827240
25.428824,29.490916,-79.540183,95.659579
25.438836,29.558607,-79.464306,95.593845
25.448949,29.985241,-79.319308,95.978761
25.459188,30.302944,-79.263000,96.341826
25.489905,28.589193,-79.284576,94.751649
25.500122,28.143154,-79.198263,94.319571
25.520584,28.842134,-78.951386,95.076868
25.530823,28.621640,-78.980913,94.973712
25.541087,28.557518,-78.890973,94.885917
25.561565,28.741948,-78.932419,95.151311
25.571804,28.429587,-78.904415,94.876628
25.581933,28.264853,-78.885372,94.733590
25.592065,27.815203,-78.796033,94.341332
25.602305,27.521544,-78.858038,94.112630
25.612569,27.190146,-78.994464,93.733138
25.633048,26.846431,-79.120495,93.219569
25.643261,26.890485,-78.970627,93.171642
25.653526,27.079654,-78.927194,93.449904
25.663740,27.331487,-79.043232,93.715509
25.673979,27.184452,-79.091617,93.457437
25.694458,26.771739,-79.007892,92.927647
25.704722,26.728344,-78.973659,92.894603
25.714936,26.642804,-78.970661,92.823917
25.725175,26.436228,-78.953756,92.550573
25.735414,26.000831,-78.959924,92.197151
25.745630,25.818943,-79.024742,91.976270
25.765597,26.190003,-79.214253,92.152045
25.775811,25.914868,-79.152146,91.719796
25.786050,25.456708,-79.067909,91.252488
25.796289,25.143984,-78.996540,90.980695
25.816415,25.216083,-79.051749,91.016663
25.826679,25.091246,-79.172124,90.798260
25.836917,24.825571,-79.180382,90.417184
25.847131,24.824374,-79.167507,90.326151
25.857364,24.905791,-79.278006,90.360479
25.867496,24.793805,-79.322224,90.236286
25.877560,24.996185,-79.218508,90.296474
25.887625,25.117375,-79.049720,90.398646
25.897864,25.420771,-79.042262,90.697474
25.907826,25.340408,-79.041688,90.575022
25.917989,25.150797,-79.114122,90.393558
25.928228,24.866123,-79.167493,90.071911
25.938467,24.670737,-79.143369,89.860578
25.948706,24.686633,-79.147324,89.842833
25.969234,24.527751,-78.963168,89.659996
25.979409,24.189487,-78.868932,89.375976
25.989624,23.969386,-78.839569,89.192476
25.999737,24.112639,-78.985578,89.340234
26.009749,24.016214,-79.099362,89.194600
26.019963,23.980692,-79.166380,89.033538
26.030227,24.057658,-79.188988,89.072012
26.040466,24.203991,-79.158751,89.138552
26.050680,24.006272,-79.189227,88.972537
26.060945,23.818113,-79.252515,88.771347
26.071156,23.540990,-79.188810,88.499895
26.081384,23.551384,-79.117401,88.567090
26.101887,23.475630,-79.169979,88.597239
26.112126,23.134230,-79.287957,88.193226
26.122189,22.637014,-79.383553,87.700565
26.132252,22.298274,-79.377378,87.304127
26.142491,22.180788,-79.316801,87.181757
26.152730,22.201931,-79.316180,87.235934
26.173180,21.693497,-79.424076,86.878094
26.183259,21.252154,-79.453214,86.458686
26.193422,20.979713,-79.600944,86.208537
26.203662,20.961962,-79.777108,86.112354
26.213926,20.742781,-79.957657,85.817242
26.234405,20.224950,-80.039463,85.075504
26.244644,20.188690,-79.984896,85.058402
26.254883,20.045745,-79.865580,84.996985
26.265122,19.792116,-79.796793,84.912891
26.275285,19.549217,-79.736646,84.743769
26.285247,19.393427,-79.741229,84.687679
26.305725,19.612282,-79.918623,84.864697
26.315964,19.574067,-80.009990,84.809796
26.326229,19.586285,-80.070055,84.735088
26.336442,19.747477,-80.135659,84.822828
26.346681,19.712121,-80.241192,84.737806
26.356914,19.515922,-80.353801,84.507110
26.377168,19.154036,-80.144238,84.134926
26.387407,19.319330,-80.155296,84.431452
26.397469,19.418957,-80.280179,84.590766
26.407532,19.392483,-80.425539,84.446963
26.417746,19.270793,-80.449841,84.180538
26.438249,19.951232,-80.458549,84.723873
26.448463,19.942020,-80.472551,84.767702
26.458703,19.717252,-80.504544,84.540557
26.468828,19.158349,-80.326139,83.950777
26.478892,19.093326,-80.274537,83.977429
26.499220,19.445318,-80.450927,84.364106
26.509132,19.359452,-80.558598,84.163107
26.519346,18.984880,-80.551631,83.694789
26.529585,18.989311,-80.508437,83.638726
26.539824,19.430027,-80.503649,84.108493
26.550088,19.941034,-80.614011,84.650817
26.560302,19.726918,-80.626838,84.410947
26.570566,19.554386,-80.651611,84.109845
26.580751,19.278409,-80.693460,83.841576
26.590981,19.703545,-80.824934,84.193782
26.601043,19.906979,-80.831382,84.304834
26.611106,19.955564,-80.818207,84.388428
26.621320,20.019457,-80.762431,84.471019
26.641823,20.166702,-80.788762,84.697276
26.652037,20.125972,-80.766222,84.586388
26.662302,20.332889,-80.696506,84.737581
26.672510,20.758729,-80.672075,85.222374
26.682741,21.055825,-80.636278,85.662921
26.703244,20.988364,-80.655402,85.523346
26.713156,20.716360,-80.638948,85.322812
26.723370,20.819275,-80.581192,85.462872
26.733583,21.690097,-80.666173,86.322717
26.743848,22.114071,-80.791282,86.763237
26.754037,22.302407,-80.784411,86.901255
26.774540,22.285246,-80.727331,86.900210
26.784595,22.931339,-80.874494,87.541852
26.794654,22.898163,-80.910831,87.483406
26.804719,22.993484,-80.910482,87.484731
26.814833,22.787485,-80.809655,87.350408
26.835336,23.655342,-80.667416,88.403377
26.845601,23.591847,-80.591799,88.485504
26.855814,23.750957,-80.600494,88.676196
26.866053,23.920695,-80.600706,88.844895
26.876292,24.088132,-80.701513,89.076561
26.886531,23.986755,-80.766393,88.904775
26.906682,23.821195,-80.715323,88.703906
26.916921,24.677108,-80.733287,89.676293
26.927186,25.185481,-80.806315,90.235828
26.937375,25.165159,-80.857760,90.184377
26.947640,24.672942,-80.879405,89.660467
26.957829,24.372755,-80.892000,89.286138
26.968068,24.629806,-81.037462,89.477254
26.978332,25.134973,-81.114159,89.879880
26.988571,25.288226,-81.023898,90.035096
26.998583,25.442945,-80.788529,90.216882
27.008697,25.530159,-80.561016,90.561970
27.018911,25.492824,-80.476308,90.780290
27.029150,24.974218,-80.422295,90.313563
27.039414,24.692495,-80.472408,90.037316
27.059893,25.046186,-80.561432,90.285443
27.070083,25.339158,-80.629987,90.624562
27.080224,25.086549,-80.660825,90.431787
27.090313,25.234317,-80.588876,90.490622
27.110464,25.242226,-80.636865,90.691545
27.120703,24.818565,-80.609073,90.193871
27.130942,24.522891,-80.558618,89.891730
27.141206,24.197970,-80.535437,89.752770
27.151420,24.410340,-80.675947,90.003575
27.161634,25.224741,-80.827543,90.599235
27.171898,25.897598,-80.923808,91.251307
27.182124,25.672613,-80.821485,90.982874
27.192188,25.248091,-80.666515,90.477310
27.202377,25.435276,-80.677744,90.853906
27.212641,25.877089,-80.761495,91.343453
27.222830,25.688314,-80.779083,91.093680
27.233095,25.256411,-80.700857,90.616536
27.243309,24.716293,-80.495268,90.188523
27.253548,24.442520,-80.327847,90.089355
27.263762,24.580085,-80.332095,90.325598
27.273937,24.778531,-80.473767,90.583888
27.284098,25.155807,-80.673550,90.798178
27.294337,25.114686,-80.708507,90.630982
27.314487,24.568295,-80.702230,90.050785
27.324726,24.564557,-80.715685,90.044378
27.334966,24.583917,-80.727946,90.124612
27.345205,24.663007,-80.665292,90.269891
27.355444,24.668328,-80.641400,90.297136
27.365697,24.615720,-80.709060,90.274098
27.385922,23.232788,-80.710836,88.864982
27.395987,22.684363,-80.608069,88.395605
27.406050,23.141810,-80.785907,88.905567
27.416190,24.125803,-81.019547,89.784592
27.426429,24.424504,-81.053479,89.941994
27.436693,24.401674,-81.028433,89.882441
27.457172,23.943995,-80.987247,89.412586
27.467411,23.464017,-80.809525,89.014283
27.477650,23.712274,-80.649637,89.440883
27.487889,24.141326,-80.537178,90.062594
27.498103,24.479166,-80.626422,90.525504
27.518279,23.753349,-80.507856,89.806210
27.528544,23.900577,-80.503321,89.988617
27.538733,24.106441,-80.461391,90.369686
27.548998,24.513889,-80.623314,90.798766
27.559187,24.417692,-80.797962,90.535817
27.569449,23.714637,-80.940843,89.760092
27.579657,22.912940,-80.997718,88.844649
27.589721,22.448146,-81.023112,88.304463
27.599935,22.007452,-80.920864,87.935742
27.610174,22.059460,-80.861886,88.077311
27.620287,22.220902,-80.754269,88.324530
27.630300,22.509956,-80.739912,88.721794
27.640539,23.179511,-80.768305,89.388632
27.661017,23.811588,-80.920263,89.785944
27.671231,23.524570,-80.868429,89.483668
27.681476,23.115771,-80.801234,89.108909
27.691621,22.908036,-80.794827,88.956035
27.701710,22.367049,-80.731381,88.527591
27.722213,22.258663,-80.744939,88.417823
27.732479,22.265930,-80.734735,88.562726
27.742692,22.112085,-80.740458,88.407175
27.752931,21.988240,-80.713923,88.321729
27.763145,22.192482,-80.853204,88.546286
27.773385,22.521167,-80.929054,88.810689
27.783456,22.015668,-80.937004,88.247636
27.793521,21.068919,-80.909403,87.264252
27.803735,20.336941,-80.801705,86.602257
27.814000,20.174629,-80.695106,86.537527
27.824189,20.673444,-80.659357,87.156240
27.834428,21.166997,-80.614810,87.765008
27.844667,21.761432,-80.800209,88.337480
27.854906,21.781108,-80.824716,88.247472
27.865171,21.458677,-80.786822,87.938849
27.875280,20.899556,-80.629038,87.451263
27.885356,20.702741,-80.523771,87.352778
27.895420,20.593379,-80.546946,87.412973
27.905510,20.643441,-80.633361,87.555437
27.925660,19.900856,-80.939039,86.558885
27.935899,19.103875,-81.002956,85.634357
27.946138,18.507215,-80.952843,85.018896
27.956377,18.743274,-80.979358,85.291414
27.966641,19.097789,-80.944968,85.756686
27.987119,18.764270,-81.055166,85.301304
27.997320,18.358223,-80.997280,84.871357
28.007384,18.075215,-81.009486,84.626426
28.017448,18.311344,-80.968607,84.912140
28.027512,18.465927,-81.002103,85.098625
28.037576,18.936718,-81.070555,85.567961
28.047641,18.797311,-81.007587,85.415894
28.057880,18.591543,-81.087644,85.205947
28.067842,17.708259,-81.108367,84.271058
28.078005,16.943956,-81.221611,83.391385
28.088244,16.462675,-81.254683,82.786640
28.098483,16.328339,-81.123072,82.661565
28.108722,16.335862,-81.006645,82.782890
28.118986,16.278412,-80.862084,82.814917
28.129250,16.526409,-80.913126,83.139986
28.139425,16.594959,-81.031172,83.230971
28.149640,16.421428,-81.139690,82.887091
28.159753,15.883079,-81.026527,82.228866
28.169766,15.637448,-80.884664,81.965405
28.190244,14.851401,-80.489278,81.633697
28.200483,14.928777,-80.468234,81.926924
28.210697,14.876739,-80.562600,81.867248
28.220961,14.540938,-80.556146,81.506901
28.231172,14.216227,-80.506115,81.236720
28.241401,14.271600,-80.457006,81.363884
28.261904,14.368073,-81.001993,81.497605
28.272143,13.386699,-81.287242,80.145829
28.282206,12.067008,-81.389012,78.514937
28.292268,10.945437,-81.267517,77.288488
28.302507,10.441724,-81.119998,76.745399
28.323011,10.965584,-80.740096,77.583094
28.333197,11.954212,-80.459663,78.879888
28.343276,12.666367,-80.244901,79.903029
28.353439,13.186916,-80.211419,80.592694
28.363679,12.953797,-80.378021,80.403423
28.373943,11.942885,-80.580857,79.275520
28.394422,10.607601,-81.000463,77.401910
28.404661,10.189435,-81.198190,76.753240
28.414900,10.205034,-81.284135,76.692759
28.425139,10.041313,-81.248734,76.519224
28.435303,9.795502,-81.235634,76.356283
28.445265,9.223166,-81.069189,75.817764
28.465743,8.786334,-80.836334,75.622154
28.475982,9.035359,-80.868408,75.859742
28.486246,8.482000,-80.960753,75.316762
28.496460,8.079690,-81.057714,74.743149
28.506699,7.491151,-81.073150,73.975866
28.516931,7.459157,-81.074762,73.883112
28.537185,8.455259,-80.956081,75.018809
28.547424,8.326855,-81.029218,74.900134
28.557487,7.592932,-81.157332,74.146717
28.567550,6.676859,-81.169360,73.051448
28.577764,6.016018,-81.122498,72.207790
28.588003,5.738404,-80.932216,71.952361
28.598267,5.795935,-80.866277,72.120179
28.608480,6.280164,-80.790087,72.707418
28.618721,6.658946,-80.893291,73.160103
28.628846,6.777601,-81.069674,73.151592
28.638910,6.303840,-81.186504,72.411207
28.648974,5.919900,-81.330361,71.713476
28.659239,5.411743,-81.240811,71.049971
28.669150,5.066520,-80.953451,70.636553
28.679364,5.006027,-80.660661,70.705743
28.689603,5.238289,-80.472216,71.180482
28.699867,5.763920,-80.379169,71.914433
28.710081,6.131527,-80.385705,72.477111
28.720320,6.045135,-80.436016,72.429211
28.730584,5.596656,-80.503342,71.923852
28.740823,5.407305,-80.500855,71.563737
28.750907,5.524530,-80.574854,71.645590
28.760938,5.613951,-80.704258,71.674188
28.771003,5.221103,-80.870341,71.154220
28.781066,4.439061,-80.963601,70.197529
28.791131,3.637636,-80.957904,69.225005
28.801370,2.893283,-80.865417,68.439527
28.811609,2.814335,-80.747596,68.452518
28.821874,3.639259,-80.692155,69.379368
28.832088,4.753868,-80.715405,70.546661
28.842327,5.353705,-80.832816,71.184518
28.862831,4.230068,-80.927230,69.724238
28.872905,3.931527,-80.928316,69.177611
28.882966,3.864966,-80.892970,69.058158
28.893131,4.203849,-80.855718,69.441693
28.903370,4.606433,-80.770921,69.996557
28.913609,4.494330,-80.719073,70.081941
28.934137,4.132518,-80.548592,69.892902
28.944351,4.267280,-80.711724,70.000833
28.954590,5.047134,-80.945706,70.689125
28.964750,5.017482,-81.070821,70.551319
28.974802,4.878801,-81.196538,70.184497
28.994930,3.827294,-81.137381,68.995695
29.004994,3.542756,-81.122717,68.628716
29.015183,3.188935,-81.220805,68.163492
29.025246,2.952746,-81.156444,67.863469
29.035309,3.337250,-80.925345,68.272720
29.045523,4.009236,-80.894049,69.030147
29.066026,5.198773,-81.145297,70.150366
29.076265,5.432399,-81.102957,70.298042
29.086529,5.078506,-81.063103,69.888620
29.096729,4.642077,-80.953998,69.400227
29.106944,4.409323,-81.018406,69.141916
29.117158,4.767448,-80.970848,69.510214
29.137334,5.861521,-80.899165,70.741089
29.147573,5.867244,-80.859051,70.824492
29.157837,5.538854,-80.912736,70.486739
29.168051,5.295370,-80.884193,70.151500
29.178290,4.951191,-80.886911,69.822531
29.188529,4.658976,-81.109541,69.427077
29.198793,4.760665,-81.201988,69.308641
29.209032,4.972230,-81.326195,69.379982
29.219044,5.389660,-81.209583,69.752071
29.229158,5.422446,-81.157223,69.810988
29.239372,5.361141,-81.185589,69.747132
29.249611,5.564044,-81.184769,69.930530
29.270139,5.416294,-81.021056,69.802430
29.280353,5.510806,-80.964386,69.899248
29.290592,5.873342,-81.073061,70.238599
29.300693,6.156152,-81.122013,70.454235
29.310743,6.303973,-81.119356,70.574152
29.320982,6.532221,-81.073020,70.750815
29.331246,6.463078,-81.081695,70.702935
29.341512,6.261284,-81.018345,70.486514
29.351726,6.335562,-80.941280,70.600278
29.361939,6.251610,-80.900544,70.591357
29.372178,6.282692,-80.979317,70.601261
29.382417,6.475291,-81.053124,70.695388
29.402568,6.922025,-80.922640,71.219803
29.412807,7.091814,-81.089720,71.398652
29.423021,6.966381,-81.435075,71.120649
29.433260,6.615673,-81.767391,70.360593
29.443524,6.495458,-81.714874,69.979448
29.453738,6.442282,-81.429064,69.779863
29.474241,7.177275,-80.927210,70.892979
29.484480,7.512603,-80.835132,71.487977
29.494493,8.025278,-80.817612,72.100153
29.504606,8.214917,-80.828315,72.374242
29.514820,8.286835,-80.918679,72.354024
29.525084,8.407283,-80.870191,72.391372
29.545538,8.313022,-80.932278,72.236661
29.555777,8.131610,-80.869330,72.058523
29.565974,8.004164,-80.934190,71.931393
29.576136,8.269875,-80.903140,72.236579
29.586200,8.099751,-80.929054,72.046174
29.606328,8.249061,-80.986072,72.164849
29.616542,8.716572,-81.020749,72.566389
29.626555,9.683117,-80.882772,73.532580
29.636668,9.508918,-80.829900,73.529992
29.646907,8.970876,-80.862575,72.903506
29.667385,8.281431,-80.843950,72.094750
29.677650,8.965699,-80.693439,72.889081
29.687865,10.196908,-80.663503,74.313612
29.698071,10.856769,-80.766604,75.181948
29.708303,10.929658,-80.881133,75.258952
29.718467,10.430872,-80.913775,74.625233
29.728429,9.685607,-80.942618,73.844679
29.738693,9.431886,-81.049702,73.534588
29.759196,9.258142,-81.287557,73.150882
29.769410,9.434714,-81.268009,73.357707
29.779649,9.252290,-81.233796,73.205032
29.789888,9.418274,-81.257176,73.303776
29.800152,9.775892,-81.326605,73.602836
29.810128,9.959416,-81.348619,73.718539
29.820192,10.114141,-81.253583,73.758714
29.830381,9.784624,-81.222465,73.458193
29.840620,9.432120,-81.135988,73.136539
29.850859,9.358903,-81.057010,73.081597
29.861123,9.481514,-81.087999,73.311234
29.881602,10.847452,-81.163418,74.616989
29.891841,10.615866,-81.102650,74.411776
29.901969,10.145287,-80.955254,74.047474
29.912102,9.918865,-80.894199,73.938335
29.922342,9.882532,-81.154245,73.872171
29.932606,9.889021,-81.368556,73.706347
29.953085,8.609354,-81.489962,72.117830
29.963299,8.249643,-81.416838,71.745782
29.973538,8.405933,-81.433832,71.883206
29.983777,9.162622,-81.316325,72.670167
29.993990,9.856062,-81.224589,73.489215
30.024380,9.748098,-81.533225,73.066912
30.034619,9.220198,-81.321393,72.537640
30.044884,9.173707,-81.127034,72.555385
30.055097,9.711939,-81.104590,73.245617
30.065336,10.380212,-81.150734,73.986904
30.085635,10.102138,-80.950999,73.865593
30.095849,10.103638,-80.960056,73.968982
30.106087,9.909340,-81.173322,73.702618
30.116200,10.034037,-81.292386,73.689265
30.126213,9.836480,-81.293943,73.452954
30.146691,9.468299,-81.356910,73.062165
30.156957,9.418001,-81.394326,72.973454
30.167145,9.067016,-81.339343,72.650134
30.177384,8.936845,-81.228913,72.546205
30.187624,8.844911,-81.257893,72.537456
30.197888,8.610733,-81.402823,72.287102
30.218367,8.206246,-81.575545,71.589071
30.228606,8.139165,-81.760622,71.367868
30.238845,8.047421,-81.653197,71.193295
30.249094,8.087968,-81.547479,71.202673
30.259241,8.633165,-81.437691,71.894441
30.279595,8.589952,-81.533553,71.961910
30.289834,8.278450,-81.593699,71.555691
30.300099,7.629039,-81.532713,70.730475
30.310313,7.409657,-81.385044,70.421190
30.320527,7.347372,-81.126549,70.566550
30.330766,7.334454,-81.061033,70.663744
30.341005,7.634385,-81.008680,71.031795
30.351269,7.765523,-80.946614,71.319292
30.361181,7.930326,-81.046212,71.502156
30.371395,7.645663,-81.149512,71.127589
30.381609,6.937301,-81.298430,70.248905
30.391848,6.261549,-81.296265,69.443257
30.402112,5.766016,-81.112478,68.905004
30.422590,6.019964,-81.185056,69.194509
30.432829,6.194650,-81.095232,69.349329
30.443068,6.101593,-80.955821,69.418955
30.453307,6.160507,-80.867999,69.608322
30.463470,6.174357,-81.116788,69.573502
30.473432,6.570562,-81.190247,69.853369
30.493936,6.252708,-81.178772,69.465469
30.504200,5.453678,-81.276519,68.583637
30.514414,4.477254,-81.258385,67.510655
30.524604,3.763307,-81.120244,66.761698
30.534749,4.039884,-80.965930,67.080483
30.554877,5.708055,-81.027094,69.052010
30.565116,5.765465,-80.982951,69.195246
30.575355,5.389429,-80.932694,68.807899
30.585594,4.984176,-80.909834,68.400028
30.595758,4.497038,-80.961729,67.846653
30.605720,4.184736,-81.065125,67.431698
30.626198,3.541136,-81.275727,66.575582
30.636437,3.198574,-81.381397,66.135923
30.646661,3.193861,-81.343195,66.122317
30.656777,3.148720,-81.408424,66.074813
30.666891,3.517341,-81.507700,66.337625
30.677105,3.288797,-81.585408,66.072204
30.697281,1.515296,-81.577990,63.915278
30.707520,1.065562,-81.298205,63.428115
30.717784,1.430945,-81.132061,63.951594
30.727998,2.562079,-81.036253,65.215076
30.738237,3.288214,-81.148651,66.108534
30.748476,3.328597,-81.259375,66.147151
30.758740,2.803789,-81.197391,65.523569
30.768979,2.130718,-81.137607,64.735194
30.779244,1.647489,-81.260816,64.195664
30.789458,1.237022,-81.283930,63.693379
30.799672,0.686909,-81.335484,63.070322
30.809911,0.681602,-81.325881,63.034607
30.830385,1.069996,-81.281471,63.314201
30.840448,1.137655,-81.071306,63.529857
30.850637,1.555178,-80.999767,64.062468
30.860700,1.928380,-81.058861,64.483515
30.870763,0.990220,-81.263514,63.510480
30.880977,0.132424,-81.308689,62.293388
30.891241,-0.698481,-81.329412,61.124271
30.901480,-1.295833,-81.322555,60.355267
30.911744,-1.077977,-81.133263,60.583696
30.921958,-0.029665,-80.821888,61.775653
30.932203,0.888149,-80.684027,63.038691
30.942348,1.388900,-80.508061,63.849824
30.962677,0.959704,-80.634099,63.606342
30.972916,0.487017,-80.698193,63.090007
30.983181,0.149676,-80.796323,62.638388
30.993395,0.425936,-80.945596,62.773591
31.003634,0.618258,-81.200649,62.891166
31.013873,-0.294121,-81.431291,61.848142
31.034184,-1.969202,-81.305431,59.737483
31.044248,-2.359295,-81.259847,59.371324
31.054437,-1.691160,-81.094460,60.090427
31.064677,-1.117967,-80.998025,60.815192
31.074890,-0.710399,-80.932995,61.384932
31.085155,-0.218522,-80.958949,61.902216
31.105634,-0.175938,-81.185882,61.753134
31.115899,-0.082128,-81.156752,61.697167
31.126004,0.199041,-81.142217,61.986357
31.136159,0.296099,-81.151048,62.075710
31.146398,-0.175813,-81.144082,61.630511
31.156663,-0.398756,-81.167181,61.350958
31.177142,-0.622124,-81.270891,60.997325
31.187381,-0.487808,-81.355660,61.051728
31.197620,-0.813412,-81.383767,60.687330
31.207859,-0.780534,-81.417071,60.671758
31.218072,-0.578496,-81.482395,60.757688
31.227984,-0.704978,-81.588932,60.595362
31.238249,-0.907751,-81.719095,60.185660
31.248488,-1.311497,-81.711056,59.571175
31.258727,-1.304537,-81.624592,59.527530
31.268990,-1.041115,-81.510801,59.783239
31.279204,-0.702114,-81.346009,60.143934
31.289443,-0.316745,-81.272913,60.624493
31.309947,0.344744,-81.270010,61.335440
31.319909,0.288033,-81.255646,61.255056
31.330072,0.151315,-81.188826,61.077293
31.340286,0.188453,-81.111263,61.089485
31.350525,0.532581,-81.178308,61.424567
31.371003,-0.209119,-81.351822,60.499213
31.381268,-0.686359,-81.283814,59.756089
31.391424,-0.821846,-81.172051,59.584788
31.401527,-0.776627,-81.105389,59.672487
31.411592,-0.377382,-80.932564,60.093234
31.421656,0.179343,-80.879712,60.773930
31.441784,1.045459,-80.826649,61.732862
31.451998,1.030321,-80.917149,61.713744
31.462011,0.995273,-80.928746,61.582099
31.472124,1.310540,-80.842037,61.776725
31.482338,1.628510,-80.898127,62.098625
31.492602,1.389600,-80.896576,61.885769
31.502842,1.095985,-80.902272,61.490854
31.513081,0.983526,-80.812005,61.266483
31.523295,0.834677,-80.764241,61.146326
31.533534,0.829565,-80.767410,61.194042
31.543773,1.168790,-80.739844,61.472420
31.563899,1.353698,-80.772970,61.683589
31.574163,1.511783,-80.716061,61.767832
31.584377,1.382547,-80.780681,61.687106
31.594616,1.310444,-80.857849,61.532389
31.604880,1.252435,-80.831293,61.354742
31.615094,1.484982,-80.794998,61.602678
31.625333,1.835189,-80.823432,61.952486
31.645584,1.779324,-81.166915,61.686915
31.655798,1.803459,-81.157442,61.553043
31.666037,1.911646,-80.988032,61.629910
31.676276,2.063840,-80.768394,61.922891
31.686490,2.289726,-80.657253,62.305061
31.706666,2.345275,-80.889111,62.403573
31.716905,2.324364,-80.972760,62.266511
31.727118,2.540530,-81.101810,62.396558
31.737351,2.745154,-81.101939,62.506394
31.747484,2.655392,-81.189093,62.399905
31.757548,2.316364,-81.238946,62.100626
31.767613,2.024543,-81.310021,61.666465
31.777677,1.655832,-81.434843,61.149509
31.787891,1.834700,-81.573120,61.198707
31.798130,2.172831,-81.613206,61.421453
31.808243,2.316315,-81.616929,61.561335
31.818255,2.610842,-81.558920,61.811955
31.828469,3.137626,-81.426319,62.348870
31.838733,3.962137,-81.373378,63.294434
31.848972,4.061183,-81.306271,63.456965
31.859212,3.439032,-81.378275,62.812291
31.869444,2.904768,-81.374334,62.096883
31.879577,2.913966,-81.322213,62.018760
31.889666,3.548122,-81.323866,62.687927
31.899930,4.696742,-81.384723,63.847317
31.910169,5.001936,-81.519086,64.133659
31.920435,4.886312,-81.536449,63.916842
31.930649,4.361054,-81.434385,63.287522
31.940863,3.841461,-81.236890,62.734564
31.951127,3.872315,-81.155843,62.741230
31.961342,4.556949,-81.171027,63.375952
31.981845,5.275417,-81.292973,64.063165
31.992084,5.140484,-81.209132,63.776208
32.002147,5.488732,-81.084010,64.056014
32.012209,6.130849,-80.861886,64.806959
32.022448,6.788301,-80.656959,65.646649
32.032688,6.918673,-80.605685,65.994490
32.042952,6.631597,-80.570680,65.765795
32.053166,6.550792,-80.549404,65.675752
32.063248,6.764269,-80.490890,65.846678
32.073412,6.957519,-80.514277,66.112700
32.083651,7.325396,-80.703118,66.391945
32.093916,7.383433,-80.785866,66.316629
32.114395,7.124516,-80.821635,65.953966
32.124609,6.903648,-80.816970,65.620701
32.134848,6.895879,-80.910093,65.569563
32.145087,7.272059,-80.865670,65.929405
32.155250,7.902527,-80.799116,66.590895
32.165212,8.357674,-80.820631,67.102934
32.185690,8.832427,-80.675025,67.585186
32.195929,8.710918,-80.543039,67.577127
32.206193,8.501564,-80.434534,67.441664
32.216407,8.565759,-80.510964,67.533741
32.226646,8.918536,-80.701936,67.827139
32.236882,9.134862,-80.901494,68.002504
32.257159,9.124241,-81.255892,67.644288
32.267398,8.759637,-81.360824,67.131190
32.277461,8.695137,-81.263870,67.018431
32.287524,9.018081,-81.217137,67.337332
32.297738,9.149187,-81.277441,67.513708
32.308002,9.324604,-81.439337,67.649697
32.318242,9.273664,-81.412126,67.449607
32.328456,9.209586,-81.410118,67.327476
32.338709,9.919659,-81.302064,68.050548
32.348820,10.674296,-81.344691,68.805645
32.358884,11.425820,-81.395446,69.566563
32.368948,11.722555,-81.367238,69.843083
32.379213,11.170835,-81.307849,69.276430
32.389125,10.373842,-81.265488,68.447252
32.399338,10.007768,-81.243078,68.074986
32.409577,10.008934,-81.296443,68.035111
32.419816,11.003851,-81.285009,68.998134
32.430081,11.677839,-81.218210,69.717032
32.450559,12.208176,-81.088750,70.305084
32.460744,12.141781,-81.017511,70.259950
32.470849,12.057371,-81.002478,70.218962
32.481012,12.234997,-81.059626,70.324768
32.491251,12.311763,-81.046915,70.315138
32.501491,12.779115,-80.938630,70.825845
32.522019,13.322136,-80.807688,71.520734
32.532233,13.665854,-80.839209,71.859321
32.542447,13.625433,-80.804649,71.818073
32.552686,13.538209,-80.731996,71.745277
32.562849,13.188700,-80.596669,71.477779
32.572811,13.100647,-80.610207,71.401602
32.593314,13.283763,-80.560101,71.599432
32.603553,13.688075,-80.589252,72.026093
32.613792,14.238644,-80.660743,72.571040
32.624057,14.244550,-80.664678,72.598463
32.634264,14.306812,-80.633805,72.636746
32.654720,13.934514,-80.825426,72.242084
32.664632,13.858119,-80.933664,71.967962
32.674846,13.796157,-80.849721,71.809850
32.685060,13.972967,-80.830672,72.116108
32.695299,14.071606,-80.772649,72.294868
32.715777,14.609983,-80.834251,72.893575
32.726042,14.357771,-80.776973,72.689025
32.736246,14.069262,-80.856941,72.366100
32.746481,14.128712,-80.982234,72.346463
32.756746,14.170483,-81.186641,72.267411
32.766936,14.120289,-81.272264,72.111457
32.777175,14.206951,-81.183963,72.083665
32.797653,14.479248,-81.095273,72.479761
32.807918,14.055195,-80.962078,72.090140
32.818048,13.885926,-80.877062,72.002843
32.828203,13.909251,-80.766304,72.101294
32.838367,14.249788,-80.797388,72.486632
32.848329,14.575031,-80.858532,72.823894
32.868832,14.388955,-80.918897,72.541909
32.879096,14.445563,-80.977787,72.452516
32.889310,14.217704,-81.021056,72.191049
32.899524,13.941641,-80.856988,71.891948
32.909779,13.696869,-80.724517,71.735189
32.919964,13.441902,-80.721675,71.611658
32.930228,13.469940,-80.830071,71.614827
32.940494,13.582939,-80.728540,71.672713
32.950682,14.015792,-80.747063,72.138832
32.960896,14.341978,-80.796323,72.456552
32.971161,14.303951,-80.926581,72.356914
32.981375,14.157509,-80.953041,72.058434
33.001879,13.307481,-80.753668,71.135928
33.012144,13.643890,-80.755560,71.540214
33.022358,13.914711,-80.746339,71.934296
33.032597,14.133223,-80.634515,72.239557
33.042811,14.119119,-80.539733,72.300489
33.063314,14.399186,-80.586267,72.635353
33.073439,14.319399,-80.590338,72.549347
33.083658,14.199173,-80.702168,72.390286
33.093923,13.762330,-80.807859,71.799659
33.104112,13.588646,-80.938937,71.472226
33.114351,13.691928,-81.032135,71.437331
33.134829,13.982284,-80.887833,71.757127
33.145094,13.815457,-80.842857,71.619642
33.155204,13.617673,-80.806363,71.422107
33.165380,13.521381,-80.697012,71.326942
33.175619,13.785020,-80.660238,71.644149
33.185833,13.906679,-80.679069,71.802104
33.206009,14.159775,-80.685189,72.019318
33.216248,13.966212,-80.741264,71.790821
33.226461,13.606425,-80.634181,71.312755
33.236700,13.474549,-80.722099,71.242876
33.246949,13.407459,-80.664828,71.130355
33.267180,13.038776,-80.662683,70.857735
33.277419,13.189333,-80.625663,71.007616
33.287658,13.359339,-80.723117,71.142240
33.297923,13.388188,-80.757841,71.149159
33.308137,13.522230,-80.778489,71.188746
33.318351,13.555681,-80.857671,71.174055
33.328590,13.545022,-80.830972,71.113177
33.338854,13.443347,-80.774227,71.002883
33.348951,13.775131,-80.721293,71.358722
33.359016,14.019703,-80.697456,71.710457
33.369180,14.035345,-80.631121,71.763964
33.379419,14.100472,-80.492270,71.880528
33.399923,14.322114,-80.341637,72.260301
33.409834,14.274003,-80.385664,72.269747
33.420048,14.450974,-80.499988,72.347754
33.430287,14.083291,-80.443543,71.895971
33.440551,13.675027,-80.437622,71.490825
33.450765,13.499558,-80.344369,71.288727
33.471268,14.008691,-80.448133,71.897672
33.481180,14.192125,-80.483780,72.042042
33.491394,14.235325,-80.625206,71.985290
33.501608,14.187649,-80.686077,71.810259
33.511873,14.018539,-80.594641,71.607492
33.522087,13.968243,-80.538469,71.516104
33.542590,14.172054,-80.381867,71.884811
33.552829,14.371664,-80.306509,72.116921
33.563094,14.342462,-80.358651,72.105481
33.573309,14.373530,-80.414092,72.083235
33.583573,14.525876,-80.315190,72.177778
33.593763,14.515771,-80.225128,72.254106
33.614266,14.341396,-80.097697,72.272479
33.624447,14.450484,-80.254258,72.369987
33.634649,14.238551,-80.348788,72.042096
33.644888,13.808885,-80.419918,71.512825
33.655051,13.542254,-80.348399,71.156037
33.665014,13.493828,-80.263301,71.176944
33.685491,14.207726,-80.254723,72.074840
33.705946,14.266557,-80.242504,72.105617
33.716185,14.057139,-80.179113,71.970858
33.726424,14.314671,-80.238214,72.243259
33.736688,14.302302,-80.278738,72.224565
33.757167,14.324305,-80.242080,72.180640
33.767406,13.992267,-80.209029,71.880023
33.777645,13.472674,-80.144176,71.390292
33.787898,13.035223,-80.044558,71.031925
33.798068,12.995066,-79.979521,71.138148
33.808132,13.662507,-80.242565,71.737340
33.818396,14.106277,-80.456883,72.081425
33.828635,13.850440,-80.525014,71.664585
33.838648,13.054106,-80.288068,70.737018
33.848761,12.629886,-80.168444,70.393842
33.858975,12.511097,-80.036266,70.536006
33.869214,12.775849,-80.062610,70.924158
33.879478,13.579145,-80.140604,71.761403
33.889692,13.753921,-80.186161,71.982715
33.899928,13.341672,-80.264394,71.539640
33.910032,12.899406,-80.347381,70.943870
33.920096,12.339911,-80.357982,70.303308
33.930186,12.138488,-80.313428,70.149376
33.940450,11.924599,-80.297910,70.041008
33.950336,12.076467,-80.407507,70.218894
33.960575,11.775450,-80.466342,69.867747
33.970814,11.151039,-80.528087,69.175534
33.981053,10.858198,-80.470195,68.793809
33.991292,11.002463,-80.535273,68.912852
34.001557,11.601794,-80.566992,69.527863
34.021980,11.265804,-80.722502,69.043418
34.032061,10.748835,-80.633867,68.390315
34.042125,10.357143,-80.578002,67.948300
34.052264,10.316311,-80.441836,67.969760
34.062503,10.706122,-80.472654,68.448481
34.082654,10.556448,-80.417042,68.438338
34.092893,9.859516,-80.288416,67.758714
34.103107,9.585840,-80.205634,67.513702
34.113346,9.481855,-80.208004,67.420476
34.123610,9.867990,-80.261908,67.859862
34.133819,10.021663,-80.279346,68.044114
34.154290,9.590908,-80.256273,67.715226
34.164529,9.248705,-80.250871,67.406338
34.174768,9.161054,-80.239136,67.405088
34.195246,9.440387,-80.398232,67.748892
34.205485,9.934506,-80.668236,68.142263
34.225797,9.527495,-81.084802,67.455010
34.236011,8.568512,-80.995470,66.278817
34.246250,7.971817,-80.856298,65.644743
34.256515,8.085045,-80.895756,65.741356
34.266729,9.003809,-81.352457,66.423296
34.276969,8.644135,-81.879140,65.631978
34.297472,11.719981,-82.616397,67.675092
34.307711,14.521862,-82.187038,69.977030
34.317773,17.406167,-81.234377,73.112879
34.327836,16.659892,-80.335797,73.118999
34.338050,13.970593,-79.965362,71.408986
34.348289,12.318202,-79.852233,69.949914
34.358553,11.330688,-79.499065,69.277195
34.368817,10.341415,-78.952738,68.796302
34.379031,10.748057,-78.670235,69.409940
34.389270,11.452060,-78.887893,70.283104
34.399439,12.196686,-79.542477,70.975760
34.409494,11.717945,-80.091345,70.194148
34.429998,7.422798,-80.307343,65.079969
34.440263,5.779016,-80.322444,63.305321
34.450477,5.575529,-80.407938,63.064154
34.460691,6.759875,-80.554063,64.138277
34.470930,9.365229,-80.724640,66.662100
34.491433,10.866394,-80.418292,68.240010
34.501698,9.364721,-80.544125,66.674073
34.511912,7.014772,-80.746742,64.039860
34.522126,5.467884,-80.915175,61.989164
34.532365,5.214775,-80.852474,61.642020
34.542629,7.431528,-80.837488,63.808734
34.552843,9.316859,-80.638313,66.137705
34.562949,10.370746,-80.472428,67.635409
34.573188,9.898161,-80.450374,67.603238
34.583427,8.139849,-80.659207,65.860297
34.593490,7.024292,-80.761796,64.338674
34.603552,6.104066,-80.923965,63.244143
34.613766,5.677947,-81.185076,62.727481
34.634270,3.503637,-81.899255,60.019591
34.644534,2.376875,-81.925688,58.718563
34.654724,2.444556,-81.895573,58.634162
34.664849,3.206198,-81.876818,59.302667
34.674963,4.099247,-81.862092,60.245445
34.695467,3.497746,-82.017608,59.555206
34.705732,2.498422,-82.123886,58.343790
34.715946,2.110011,-82.118654,57.804820
34.726185,3.451946,-82.131017,59.067517
34.736424,5.277821,-82.095500,60.938026
34.746634,7.148187,-81.944655,63.056416
34.766750,6.943800,-81.675361,63.196476
34.776989,6.139929,-81.498316,62.523422
34.787254,5.089064,-81.519455,61.558460
34.797443,4.789011,-81.473638,61.295566
34.807708,4.824803,-81.454015,61.336991
34.817897,5.443490,-81.263241,62.079323
34.828136,6.265847,-81.134458,63.075281
34.838400,7.131151,-81.135872,64.037142
34.848510,7.806006,-81.371739,64.591309
34.858586,7.452699,-81.589219,63.959298
34.868650,6.526452,-81.561126,62.781637
34.878714,5.343372,-81.257217,61.545127
34.888779,4.746804,-80.919826,61.159529
34.899043,4.959947,-80.808501,61.572181
34.908954,5.906685,-80.875874,62.624010
34.919168,7.127467,-80.865068,63.863485
34.929382,8.072659,-80.880313,64.853848
34.939621,8.445689,-80.896508,65.166773
34.949860,7.762613,-81.074694,64.412195
34.970388,4.813646,-81.175699,60.938039
34.980574,3.598047,-81.103442,59.532175
34.990679,3.172194,-80.954735,59.045462
35.000743,3.291051,-80.871243,59.220513
35.010857,3.992762,-80.736135,60.132849
35.031360,5.697892,-80.612631,62.219075
35.041272,6.372120,-80.543995,63.040795
35.051486,6.681654,-80.433407,63.493049
35.061700,6.377503,-80.423360,63.310383
35.071965,5.116709,-80.649030,61.982970
35.082154,3.805429,-80.847986,60.390525
35.102657,1.378662,-81.106666,57.371164
35.112896,1.099637,-80.973108,57.032213
35.123161,1.454426,-80.821273,57.558817
35.133375,1.695535,-80.767520,58.012341
35.143614,1.692016,-80.724872,58.166069
35.153854,1.349391,-80.781897,57.830597
35.174351,0.923552,-80.785435,57.196807
35.184415,0.597106,-80.831744,56.782979
35.194604,0.319976,-80.811083,56.481423
35.204843,0.000759,-80.803023,56.145033
35.215007,-0.027318,-80.795851,56.065912
35.224969,0.063019,-80.852795,56.096193
35.245447,-0.418069,-80.811212,55.466771
35.255686,-1.115613,-80.599538,54.893780
35.265925,-1.563784,-80.572245,54.595997
35.276166,-2.103088,-80.703562,54.002211
35.286315,-2.658656,-80.829326,53.240194
35.306444,-2.774553,-80.794396,52.733640
35.316658,-2.959257,-80.860574,52.472098
35.326670,-3.254083,-80.840323,52.111458
35.336784,-3.598298,-80.780319,51.691490
35.347023,-3.753180,-80.646168,51.473614
35.357262,-3.916768,-80.564725,51.330241
35.367526,-3.891202,-80.536912,51.359023
35.377790,-3.830621,-80.466008,51.430624
35.388004,-3.713517,-80.419296,51.563116
35.398199,-3.540573,-80.343918,51.776348
35.408344,-3.490687,-80.395793,51.830819
35.418458,-3.538434,-80.499592,51.680824
35.428698,-3.850108,-80.597025,51.199586
35.449175,-5.040840,-80.279810,49.795067
35.459441,-5.430271,-80.174407,49.527443
35.469655,-5.867803,-80.196687,49.167373
35.479868,-6.163992,-80.355611,48.758774
35.490091,-6.219278,-80.377161,48.470140
35.500180,-6.492534,-80.341357,48.067265
35.510445,-6.528835,-80.154059,48.062211
35.520684,-6.512882,-79.987628,48.238279
35.530696,-6.088948,-79.967930,48.813388
35.540809,-5.874867,-80.007545,49.100376
35.551023,-6.062562,-80.134546,48.919598
35.561262,-6.194578,-80.210415,48.674127
35.581740,-6.841799,-80.352149,47.866649
35.591976,-7.181469,-80.246233,47.613228
35.602081,-7.509465,-80.348768,47.317949
35.612220,-7.853240,-80.480392,46.890475
35.622459,-8.321602,-80.601314,46.241965
35.642610,-8.830430,-80.421147,45.732884
35.652849,-9.018475,-80.463494,45.568601
35.663063,-9.327139,-80.576937,45.180103
35.673302,-9.176847,-80.657335,45.162672
35.683566,-8.951566,-80.634242,45.291490
35.693775,-8.914945,-80.575229,45.345629
35.714245,-9.858956,-80.756496,44.212504
35.724484,-10.766366,-80.782348,43.120456
35.734723,-10.972529,-80.694580,42.793290
35.744988,-11.126742,-80.777505,42.566214
35.755201,-10.778336,-80.781938,42.883572
35.765440,-11.054748,-80.833117,42.533705
35.785753,-11.335057,-80.752780,42.098926
35.795967,-11.470399,-80.664404,41.916362
35.806206,-11.397168,-80.616211,41.973459
35.816471,-11.256461,-80.633826,42.129819
35.826686,-11.111151,-80.587414,42.279458
35.836925,-11.302140,-80.650498,42.009297
35.857428,-11.947579,-80.810229,41.030910
35.867667,-12.521435,-80.773032,40.221850
35.877729,-12.691005,-80.661331,39.950251
35.887792,-12.974273,-80.709839,39.562180
35.898006,-13.178923,-80.694409,39.210463
35.918509,-12.967062,-80.472237,39.273321
35.928773,-12.333308,-80.448051,39.915438
35.938987,-11.822113,-80.482455,40.407249
35.949226,-11.482603,-80.467722,40.698194
35.959396,-11.498356,-80.473623,40.608210
35.969450,-11.240729,-80.245324,40.867764
35.979715,-11.154190,-80.117614,40.998094
35.989954,-10.821461,-80.064229,41.417150
36.000219,-10.830296,-80.143479,41.364732
36.020647,-11.121742,-79.998775,41.042511
36.030912,-11.313452,-80.049810,40.798639
36.041101,-11.671356,-80.095313,40.337209
36.051198,-12.131132,-80.125796,39.747968
36.061437,-12.411600,-80.110572,39.360645
36.071677,-12.770265,-80.207185,38.822915
36.081941,-13.067191,-80.299618,38.300460
36.092156,-13.162656,-80.239362,38.111540
36.102395,-13.235230,-80.201058,37.997606
36.122898,-12.814697,-80.189549,38.385646
36.132972,-12.394372,-80.229916,38.799255
36.143034,-12.533288,-80.428455,38.457698
36.153199,-12.418561,-80.371198,38.422000
36.163438,-12.620001,-80.295581,38.215564
36.173677,-12.407933,-80.219117,38.487050
36.194205,-12.293306,-80.502884,38.502326
36.204419,-12.453268,-80.524973,38.251382
36.214658,-12.669665,-80.449861,37.945584
36.224897,-12.824150,-80.481075,37.709884
36.235061,-13.275655,-80.585283,37.204898
36.245022,-13.765889,-80.695570,36.511691
36.265500,-14.123491,-80.721293,35.810344
36.275740,-13.956889,-80.688310,35.838317
36.286004,-13.773406,-80.651195,35.923168
36.296218,-13.533731,-80.676835,36.087779
36.306457,-13.152227,-80.677764,36.444831
36.326960,-12.720864,-80.760136,36.619636
36.337199,-12.700450,-80.871612,36.453191
36.347211,-12.393744,-80.816458,36.603745
36.357324,-11.904101,-80.735875,37.017474
36.367589,-11.474486,-80.746087,37.498425
36.377779,-11.266218,-80.871072,37.646794
36.388018,-11.222330,-80.880874,37.518632
36.398282,-10.954496,-80.715870,37.741050
36.408439,-10.624671,-80.633006,38.116359
36.418544,-10.434716,-80.632965,38.340915
36.428608,-10.394390,-80.780811,38.265612
36.438723,-10.288789,-80.832195,38.165096
36.448962,-10.071295,-80.746790,38.261620
36.459226,-9.713658,-80.682907,38.512018
36.469137,-9.286943,-80.710030,38.948826
36.479351,-8.812172,-80.831293,39.356650
36.489565,-8.337306,-80.761072,39.733645
36.499804,-8.173377,-80.771864,39.843567
36.510043,-7.557711,-80.675360,40.442629
36.520307,-7.397709,-80.689915,40.572017
36.530509,-6.980137,-80.658052,40.998627
36.540573,-6.535242,-80.675845,41.413571
36.550638,-5.942779,-80.703179,41.944335
36.560702,-5.160060,-80.668537,42.733454
36.570816,-4.561544,-80.770819,43.296368
36.581055,-4.047914,-80.808521,43.799131
36.591319,-4.106164,-80.833677,43.712135
36.601231,-3.990068,-80.790640,43.769119
36.611445,-4.028768,-80.765430,43.752467
36.621659,-4.066467,-80.895668,43.622120
36.631923,-3.810539,-80.905947,43.770506
36.642113,-3.643664,-81.055166,43.853602
36.662616,-2.286980,-81.236077,44.906974
36.672855,-1.530199,-81.189851,45.617399
36.683120,-1.019045,-81.089850,46.244605
36.693334,-0.459196,-80.942209,46.963250
36.713812,0.551264,-81.223872,48.103639
36.734311,0.844640,-81.428286,48.023637
36.744375,1.379020,-81.434016,48.486413
36.754564,1.992777,-81.539420,49.095547
36.764803,2.426060,-81.631580,49.466098
36.775042,2.675474,-81.598890,49.699346
36.795193,3.209721,-81.592484,50.235785
36.805432,3.676181,-81.743554,50.635580
36.815698,4.133843,-81.774187,51.013915
36.825886,4.316759,-81.751402,51.170640
36.836125,5.042544,-81.599239,51.931004
36.846364,5.870204,-81.626798,52.798308
36.856629,7.024601,-81.793667,53.879199
36.877108,7.277059,-81.748806,53.987574
36.887348,7.455152,-81.655717,54.155849
36.897587,7.757836,-81.688229,54.389264
36.907830,8.559427,-81.635664,55.166366
36.917984,9.406712,-81.582402,56.080262
36.938313,10.539839,-81.459643,57.324794
36.948552,10.613833,-81.537610,57.401279
36.958792,10.542024,-81.520753,57.278178
36.968905,9.843533,-81.438975,56.515642
36.978918,9.653208,-81.363597,56.376040
36.989183,10.128447,-81.388964,56.837651
36.999398,10.645316,-81.443381,57.266324
37.009637,11.096203,-81.351002,57.692777
37.019877,11.770155,-81.329774,58.390345
37.029991,12.589754,-81.351774,59.165059
37.040014,13.392285,-81.397550,59.858248
37.050078,13.665121,-81.281567,60.100890
37.060142,13.625088,-81.217117,60.123990
37.070407,13.336477,-81.076914,59.891415
37.080646,13.429342,-81.089010,60.032486
37.090886,13.980393,-81.067522,60.547469
37.100999,14.247796,-81.044586,60.745305
37.111012,14.419173,-80.888960,60.944221
37.121226,14.711401,-80.754392,61.385540
37.131491,15.083873,-80.744475,61.840287
37.141730,15.427709,-80.850411,62.105346
37.151946,15.119155,-80.856811,61.752505
37.162043,14.784207,-80.807729,61.373204
37.172183,14.293095,-80.687634,60.878514
37.182422,14.495075,-80.728540,61.172301
37.202574,15.403364,-80.842297,62.081338
37.212813,15.521900,-80.806786,62.201768
37.223028,15.662616,-80.731784,62.391360
37.233293,15.961177,-80.826731,62.673160
37.243507,16.052630,-80.930830,62.733218
37.253747,15.591208,-81.040311,62.186646
37.274250,14.670601,-80.966948,61.144933
37.284516,15.071526,-81.040707,61.581962
37.294730,15.839774,-81.116768,62.375057
37.304995,16.199057,-81.199843,62.653674
37.315185,16.359428,-81.190650,62.792927
37.325424,16.489866,-81.105430,62.975218
37.345717,16.967262,-81.172919,63.454971
37.355931,16.704227,-81.239554,63.183648
37.366170,16.152072,-81.233639,62.606320
37.376284,15.738089,-81.165576,62.154974
37.386297,15.806525,-81.152380,62.259203
37.406776,16.396960,-81.528007,62.776924
37.417041,16.748764,-81.662397,62.940316
37.427230,16.932587,-81.660731,63.018624
37.437484,16.805856,-81.593631,62.841517
37.447693,16.634955,-81.602463,62.671350
37.457907,16.456554,-81.641087,62.456629
37.468146,16.089228,-81.634961,62.041620
37.478411,15.744117,-81.622857,61.622499
37.488675,15.646913,-81.551543,61.536029
37.498890,16.014625,-81.548060,61.942357
37.509129,16.589572,-81.546271,62.490787
37.519321,17.345101,-81.613179,63.163554
37.529415,17.591028,-81.640315,63.348297
37.549919,16.757507,-81.440806,62.511647
37.560158,16.558522,-81.399189,62.435142
37.570423,16.591508,-81.448708,62.508027
37.580637,16.182958,-81.477279,62.034613
37.590902,16.064502,-81.570374,61.809920
37.601092,16.076672,-81.473174,61.708416
37.611163,16.285025,-81.319631,61.959071
37.621402,16.895096,-81.278452,62.726859
37.631642,17.468458,-81.312869,63.380474
37.641907,17.452113,-81.381718,63.360359
37.652121,17.129512,-81.259689,63.032401
37.662361,16.777837,-81.218258,62.738450
37.682865,16.787119,-81.425861,62.550121
37.692937,16.936713,-81.392250,62.605896
37.702999,17.217298,-81.237983,62.905469
37.713164,17.298764,-81.055562,63.092684
37.723403,17.196074,-80.957454,63.200792
37.733643,17.217954,-81.037353,63.336146
37.754172,17.017794,-81.107397,62.954161
37.764386,17.086799,-81.072583,63.029191
37.784768,17.498120,-81.183321,63.462703
37.794886,17.666460,-81.247361,63.571310
37.815390,17.322934,-81.373610,63.016104
37.825656,16.960599,-81.372196,62.577039
37.835870,16.934143,-81.430765,62.457367
37.846110,16.691459,-81.403786,62.134081
37.856349,16.285241,-81.199597,61.816559
37.866588,16.176888,-80.969167,61.936101
37.886740,17.631631,-81.108879,63.499442
37.896979,17.625397,-81.157373,63.464424
37.907219,17.055744,-81.216939,62.842248
37.917458,16.384869,-81.193976,62.111527
37.927723,16.165991,-81.306565,61.834509
37.937937,16.424909,-81.438511,62.009921
37.948177,16.422850,-81.488159,61.910406
37.958441,16.082331,-81.474396,61.530114
37.968680,15.986920,-81.512673,61.428946
37.978946,16.009593,-81.565156,61.301788
37.999400,16.703204,-81.356460,61.991856
38.009639,17.129619,-81.376636,62.426932
38.030143,16.910481,-81.199823,62.340373
38.040179,16.953177,-81.161130,62.430893
38.050343,17.043989,-81.268705,62.413709
38.060557,17.117562,-81.333988,62.370678
38.081061,17.347851,-81.226536,62.483991
38.101540,17.653324,-81.213381,62.799949
38.111780,17.283915,-81.278773,62.420750
38.121923,16.896290,-81.259560,61.915289
38.132065,16.762474,-81.254184,61.724754
38.142305,17.107635,-81.225347,62.073121
38.162456,18.232140,-81.318545,62.963908
38.172696,18.601221,-81.150960,63.378404
38.182910,18.691755,-80.954776,63.566692
38.193149,19.174598,-80.980970,64.124377
38.203363,19.612058,-81.177372,64.538799
38.213623,19.217120,-81.251603,64.027532
38.233891,18.349083,-81.011282,63.085786
38.243955,18.971060,-81.039498,63.760062
38.254020,19.561995,-80.983279,64.389689
38.264159,20.209167,-81.002738,65.046992
38.274398,20.799943,-80.927018,65.676381
38.294550,20.689695,-80.924614,65.655221
38.304789,20.736973,-80.934381,65.698640
38.315029,20.933053,-80.917060,65.875515
38.325268,21.324303,-80.912887,66.223615
38.335508,21.653110,-80.944142,66.600649
38.345761,21.945372,-81.019199,66.852273
38.366185,21.526536,-81.003216,66.324593
38.376425,21.332598,-80.890572,66.208084
38.386664,21.434653,-80.961060,66.327072
38.396929,22.125795,-81.027203,66.997162
38.407143,22.743709,-80.970909,67.590869
38.427622,24.329188,-81.012922,69.142299
38.437696,24.492703,-81.050665,69.352266
38.447908,24.468644,-81.025168,69.335456
38.458147,24.313761,-80.919915,69.164647
38.468260,24.458156,-80.908645,69.451351
38.478273,24.762543,-80.891221,69.885758
38.488513,25.278525,-81.073772,70.334645
38.498777,25.747906,-81.217185,70.733849
38.508992,25.828439,-81.218838,70.726732
38.519257,26.103296,-81.268999,70.936828
38.529450,26.468486,-81.299564,71.247520
38.539594,26.540343,-81.319973,71.284396
38.549684,26.226688,-81.204891,71.026495
38.570188,26.012516,-81.205581,70.957210
38.580453,26.456731,-81.359977,71.273714
38.590667,26.614037,-81.342540,71.247035
38.600882,26.862314,-81.207568,71.539675
38.611121,27.097094,-81.003127,71.919037
38.621361,27.368114,-80.920653,72.350609
38.641495,28.026778,-80.956818,73.109600
38.651710,27.642126,-80.873032,72.831065
38.661949,27.907511,-81.000552,73.104430
38.672188,28.231820,-81.166246,73.354388
38.682453,28.201491,-81.245005,73.210537
38.702932,27.995557,-81.059367,73.020671
38.713197,28.587938,-81.038576,73.683685
38.723265,29.014183,-81.095963,74.055800
38.733432,29.021416,-81.070336,74.032434
38.743671,28.409733,-80.923658,73.484960
38.753885,28.055799,-80.933295,73.201132
38.763798,27.990149,-80.928446,73.152453
38.774062,27.901652,-80.862855,73.105072
38.784302,28.017115,-80.808795,73.285765
38.794541,28.189586,-80.744618,73.513538
38.804755,28.421662,-80.795230,73.844454
38.815003,28.612846,-80.946853,74.004526
38.825194,28.220305,-81.000928,73.491838
38.845673,27.545156,-81.042742,72.837561
38.855912,27.402830,-81.190766,72.640537
38.866177,27.310960,-81.166246,72.496516
38.876391,27.110354,-81.034805,72.359099
38.886630,27.349232,-80.996037,72.695500
38.896871,27.976672,-81.002827,73.369168
38.917180,28.308566,-80.974871,73.743312
38.927420,27.774565,-80.955172,73.268614
38.937685,27.270683,-81.043207,72.785638
38.947899,27.086329,-81.083635,72.548903
38.958114,26.687088,-81.121501,72.043292
38.968353,26.412862,-81.077002,71.784469
38.978618,26.517482,-81.048930,71.982366
38.988857,27.049308,-81.121433,72.561020
38.999123,27.396194,-81.160262,72.905760
39.009337,27.157524,-81.192549,72.692009
39.019551,26.411105,-81.105566,72.027439
39.029791,25.867572,-81.184161,71.523644
39.050320,25.453103,-81.446085,70.997221
39.060412,25.060845,-81.485256,70.451106
39.070611,25.126881,-81.470599,70.510556
39.080674,25.567792,-81.508903,70.906256
39.090738,25.749139,-81.498411,71.044308
39.100977,25.493809,-81.355182,70.878212
39.121481,24.874378,-81.101987,70.712498
39.131746,24.959816,-81.303922,70.814752
39.141960,24.413912,-81.404148,70.166240
39.152199,23.814045,-81.441038,69.444418
39.162439,23.443446,-81.392666,68.968450
39.172704,23.597038,-81.366076,69.182160
39.193183,25.005927,-81.530349,70.618569
39.203397,24.984642,-81.506942,70.524101
39.213662,24.212443,-81.356070,69.887411
39.223877,23.873289,-81.357662,69.628936
39.234116,23.623256,-81.390727,69.401409
39.254268,23.367112,-81.439726,69.109664
39.264508,23.215127,-81.454951,68.884015
39.274722,22.988342,-81.446154,68.647014
39.284987,22.778585,-81.383084,68.449355
39.305416,23.006804,-81.389627,68.717290
39.325867,22.287785,-81.437042,68.009512
39.335931,21.745050,-81.317145,67.484448
39.345996,21.548077,-81.319836,67.357516
39.356135,21.757832,-81.447649,67.582420
39.366375,21.643314,-81.531183,67.362577
39.376640,21.439284,-81.535247,67.062206
39.397119,21.161623,-81.150202,67.084192
39.407359,21.611600,-81.194932,67.756508
39.417598,22.048346,-81.449856,68.216105
39.427837,22.182076,-81.820414,68.044544
39.438052,21.305935,-81.842284,66.894600
39.447964,20.287375,-81.716315,65.688436
39.458228,19.607614,-81.432712,65.066144
39.468468,19.318946,-81.150693,65.019801
39.478707,19.603546,-81.065808,65.627716
39.488972,19.702360,-80.999596,65.988677
39.499186,19.707609,-81.110313,66.084013
39.509426,19.872087,-81.153842,66.185995
39.529690,20.575306,-81.260366,66.735395
39.549798,20.851203,-81.501601,67.020944
39.559937,20.112301,-81.625105,66.234906
39.570177,18.937815,-81.639892,65.005711
39.580441,17.538199,-81.610208,63.633976
39.590681,17.019638,-81.665273,63.125633
39.600643,17.104216,-81.703030,63.178369
39.610807,17.896574,-81.675812,63.995840
39.621021,18.613041,-81.561570,64.859565
39.631261,19.434849,-81.550218,65.786852
39.651698,19.802323,-81.900272,66.044842
39.661763,18.804839,-81.884433,64.888122
39.671977,17.387672,-81.940318,63.346152
39.681990,16.728991,-81.830331,62.736264
39.692104,16.914395,-81.760404,63.016008
39.702343,17.674083,-81.814294,63.868102
39.712608,18.230502,-81.888552,64.488420
39.722847,17.806327,-81.905921,64.091504
39.733086,17.530029,-81.977938,63.729886
39.743301,17.013349,-81.995014,63.129485
39.753540,16.707199,-82.052012,62.787074
39.763739,16.199558,-81.945994,62.344519
39.773979,15.809060,-81.858035,62.047426
39.794458,15.646218,-81.796658,62.074774
39.804722,15.973009,-81.967939,62.335305
39.814937,16.153343,-82.108921,62.369244
39.825176,16.356467,-82.233449,62.420190
39.835416,16.158542,-82.046773,62.100415
39.845630,15.558850,-81.768702,61.584503
39.865807,14.950393,-81.421579,61.322565
39.876046,14.944100,-81.418485,61.437640
39.886260,15.134989,-81.316892,61.712180
39.896500,15.351458,-81.302228,62.004409
39.906765,15.683579,-81.239534,62.408777
39.927209,15.834125,-81.313730,62.630977
39.937273,15.522339,-81.341249,62.252762
39.947337,14.749377,-81.265516,61.450652
39.957501,13.911304,-81.124711,60.690800
39.967741,13.328676,-81.148228,60.175087
39.978006,13.096649,-81.299018,59.894407
39.988221,12.705812,-81.298232,59.440097
39.998485,12.552045,-81.207104,59.323874
40.008725,12.820137,-81.154757,59.675984
40.018964,13.499800,-81.225416,60.366318
40.029204,13.893244,-81.268261,60.717738
40.039367,13.488400,-81.325314,60.276167
40.049330,12.703436,-81.273842,59.448314
40.069834,11.560892,-81.274941,58.364376
40.080073,11.654197,-81.264006,58.448258
40.090338,11.627812,-81.340771,58.416784
40.100552,11.680927,-81.369737,58.472765
40.110792,11.550808,-81.495591,58.307153
40.121031,11.491967,-81.600591,58.149499
40.131296,11.364886,-81.567533,57.957570
40.141561,10.984867,-81.631088,57.569943
40.151776,10.615494,-81.529605,57.259525
40.161990,9.908111,-81.676495,56.586464
40.172255,9.389022,-81.688038,56.012384
40.182469,8.897051,-81.751497,55.407871
40.202973,8.960902,-81.899282,55.273179
40.213213,9.168462,-82.007923,55.375192
40.223226,9.163354,-81.898579,55.352177
40.233339,8.708621,-81.938610,54.860202
40.243579,8.332448,-81.924936,54.466094
40.253818,7.860354,-81.946089,53.931379
40.274347,7.404850,-81.879215,53.380247
40.284471,7.187917,-81.941458,53.107248
40.294680,7.312771,-81.848588,53.237985
40.304920,7.275220,-81.804534,53.235505
40.315083,7.228184,-81.803577,53.204189
40.325046,6.943610,-81.799001,52.904040
40.345550,5.494137,-81.824997,51.255631
40.355789,4.371083,-81.854394,49.988382
40.366004,3.934966,-81.732427,49.496817
40.376244,3.626857,-81.637030,49.185668
40.386442,3.563008,-81.610392,49.158197
40.406921,3.373015,-81.554918,48.942503
40.417160,3.474997,-81.461597,49.065924
40.437639,3.280032,-81.554521,48.732689
40.447879,3.111243,-81.574732,48.482257
40.458095,2.872639,-81.543996,48.173956
40.468164,2.740620,-81.405111,48.066596
40.478429,2.570310,-81.442233,47.868841
40.488668,2.813846,-81.349800,48.138548
40.498934,2.383768,-81.452929,47.647915
40.509148,2.415447,-81.383248,47.600022
40.519362,2.107075,-81.368870,47.245013
40.529627,1.795695,-81.290897,46.965986
40.539842,1.450643,-81.276314,46.657709
40.550107,1.165141,-81.410958,46.290139
40.560346,1.388286,-81.342014,46.418662
40.570560,1.201442,-81.354977,46.164094
40.580825,1.206647,-81.329774,46.198822
40.591040,1.155014,-81.344329,46.159631
40.601279,1.248512,-81.312098,46.234203
40.621784,1.044774,-81.275344,46.064657
40.632049,0.805134,-81.323162,45.804365
40.642263,0.694300,-81.351050,45.622112
40.652503,0.564214,-81.364963,45.419064
40.662742,0.495223,-81.334214,45.306861
40.683246,0.508252,-81.269450,45.330302
40.693351,0.399664,-81.337253,45.187913
40.703417,0.401781,-81.287966,45.131848
40.713482,-0.119535,-81.281608,44.584606
40.723546,-0.325728,-81.186948,44.373943
40.733635,-0.730316,-81.230928,43.957260
40.754139,-0.355148,-81.216154,44.193684
40.764405,-0.358732,-81.244424,44.183548
40.774619,-0.303596,-81.112991,44.316795
40.784858,-0.487673,-81.160023,44.129251
40.795098,-0.231918,-81.115661,44.327415
40.805335,-0.082961,-81.086387,44.471225
40.815383,0.091138,-81.010299,44.662781
40.825447,0.080864,-81.001515,44.703530
40.835662,-0.044710,-81.024362,44.558474
40.845927,-0.007738,-80.909232,44.620045
40.856116,-0.268091,-80.983606,44.329424
40.866355,-0.082946,-80.867418,44.504433
40.876620,-0.303052,-80.901132,44.323874
40.897099,-0.414776,-80.968430,44.096965
40.907208,-0.692396,-80.939108,43.778535
40.917384,-0.987824,-80.888721,43.532170
40.927624,-1.359751,-81.000730,43.079205
40.937888,-1.303561,-80.969564,43.051017
40.948103,-1.442578,-81.044019,42.834589
40.958368,-1.146062,-80.904110,43.134239
40.968607,-1.216024,-80.992738,43.059060
40.978846,-0.964597,-80.934272,43.258737
40.989086,-0.853224,-80.883995,43.384101
40.999351,-0.737812,-80.795039,43.608057
41.009566,-0.695016,-80.765368,43.724528
41.030070,-1.201166,-81.057803,43.001987
41.040309,-1.803175,-81.080527,42.231685
41.050566,-2.014211,-80.916623,41.957907
41.060700,-2.174842,-80.881345,41.821597
41.070814,-2.025081,-80.877124,41.998826
41.091319,-2.159933,-80.906767,41.810945
41.101584,-2.197114,-80.737911,41.824038
41.111798,-2.687543,-80.785845,41.328098
41.122013,-2.867688,-80.860964,41.069320
41.132278,-3.190615,-81.002560,40.557960
41.142492,-3.273609,-80.948308,40.351436
41.152732,-3.416697,-80.931458,40.144826
41.173211,-3.260756,-80.920325,40.229258
41.183476,-3.433459,-80.963450,39.981079
41.193690,-3.395881,-80.788058,40.048462
41.214128,-3.593841,-80.728622,39.981325
41.234510,-3.570000,-80.843669,39.879494
41.244422,-3.481181,-80.781043,39.899824
41.254636,-3.411468,-80.812066,39.971005
41.264875,-3.124032,-80.693651,40.321329
41.275115,-3.409592,-80.720910,40.052871
41.285380,-3.656302,-80.674936,39.796343
41.305858,-4.636790,-80.579608,38.740587
41.316065,-4.802381,-80.553769,38.565977
41.326271,-4.896037,-80.643798,38.413704
41.336510,-4.667507,-80.607796,38.606070
41.346725,-4.836873,-80.717352,38.345225
41.356990,-4.707090,-80.692640,38.382368
41.377469,-4.966716,-80.677218,37.903049
41.387708,-5.104147,-80.591403,37.773583
41.397948,-5.285495,-80.583740,37.582774
41.408062,-5.452453,-80.576520,37.403683
41.418074,-5.718353,-80.616422,37.043849
41.428314,-5.521994,-80.485699,37.157998
41.448793,-5.353653,-80.471807,37.342335
41.459058,-5.344233,-80.531742,37.327749
41.469272,-5.449012,-80.695871,37.084294
41.479484,-5.753318,-80.743498,36.595563
41.489691,-6.365297,-80.815406,35.786694
41.499756,-6.470590,-80.617993,35.639046
41.509820,-6.889591,-80.630950,35.186519
41.519884,-6.871665,-80.574020,35.207720
41.529948,-7.248957,-80.719681,34.715693
41.540013,-7.017664,-80.615480,34.795200
41.550077,-6.858817,-80.629359,34.829511
41.560141,-6.465093,-80.593452,35.183226
41.570406,-6.230017,-80.637370,35.355904
41.580646,-6.099752,-80.625663,35.404508
41.590885,-6.129152,-80.570578,35.359391
41.600998,-6.387441,-80.559909,35.041626
41.611011,-6.300607,-80.466916,35.127506
41.621251,-6.367114,-80.589108,34.971760
41.641755,-6.001714,-80.665777,35.256545
41.651951,-5.799681,-80.670873,35.388911
41.662043,-5.942360,-80.717038,35.154396
41.672182,-6.035645,-80.730534,34.942732
41.682422,-6.107734,-80.722734,34.752928
41.692686,-6.028479,-80.729919,34.731584
41.713166,-5.115990,-80.630991,35.715841
41.723380,-4.569760,-80.693692,36.278516
41.733645,-4.287138,-80.842256,36.440091
41.743860,-3.726343,-80.846183,36.840975
41.754099,-3.456701,-80.883565,37.014219
41.774603,-3.009736,-80.734899,37.396604
41.784869,-2.849418,-80.698828,37.563476
41.795083,-2.446588,-80.603547,37.978092
41.805348,-2.267105,-80.656345,38.164406
41.815497,-1.805808,-80.649132,38.616551
41.825613,-1.529123,-80.769903,38.868008
41.845764,-0.661595,-80.916712,39.561521
41.856004,-0.314685,-80.972084,39.831945
41.866243,0.002132,-80.924047,40.131296
41.876508,0.116151,-80.920653,40.251961
41.886722,0.450598,-80.859584,40.623243
41.907201,0.774241,-80.798775,41.028219
41.917440,0.988121,-80.839421,41.216275
41.927680,1.768441,-80.953410,41.896592
41.937945,2.692040,-80.958430,42.749894
41.948160,3.557856,-81.029109,43.571252
41.958374,4.332590,-81.025960,44.309537
41.978878,4.664954,-81.134458,44.401400
41.989112,4.071069,-81.094194,43.759936
41.999197,3.832076,-80.937940,43.546947
42.009362,3.926282,-80.917319,43.658733
42.019475,4.773092,-80.871892,44.504235
42.029488,5.775080,-80.904499,45.528876
42.049967,7.239626,-80.919136,46.972799
42.060232,7.567687,-81.036848,47.248418
42.070447,7.547720,-80.985150,47.194066
42.080661,7.199716,-81.061320,46.734507
42.090900,6.964326,-80.951778,46.433750
42.111404,7.135948,-80.762390,46.714556
42.121670,7.932935,-80.793351,47.584091
42.131884,9.018738,-80.953519,48.647688
42.142098,9.899326,-80.987766,49.474762
42.152363,10.358457,-81.092056,49.826698
42.162578,10.491848,-81.137648,49.858704
42.183082,9.769526,-81.180664,48.872473
42.192994,9.444111,-81.153070,48.435644
42.203208,9.561309,-80.969755,48.552424
42.213423,10.155379,-80.871373,49.192846
42.223688,11.207990,-80.732057,50.354743
42.233877,12.333011,-80.735349,51.576019
42.254381,13.215921,-80.597065,52.563281
42.264622,13.221661,-80.534296,52.615703
42.274708,13.313516,-80.459786,52.732079
42.284772,13.259732,-80.512679,52.679620
42.294886,13.300334,-80.496846,52.671178
42.315391,13.215013,-80.497092,52.565904
42.325656,13.319373,-80.525806,52.669768
42.335870,13.734526,-80.636407,53.033837
42.346110,13.926413,-80.625500,53.220977
42.356349,14.096615,-80.641803,53.341247
42.366588,14.219188,-80.577067,53.495199
42.386740,14.762689,-80.494401,54.104920
42.396979,15.042488,-80.631285,54.325030
42.407219,15.208220,-80.611375,54.330337
42.417458,15.347970,-80.548906,54.375676
42.427723,15.553312,-80.429111,54.588217
42.437937,16.089083,-80.445989,55.192935
42.448177,16.531969,-80.491922,55.627014
42.458441,16.651919,-80.420061,55.795959
42.468680,16.584819,-80.295581,55.780512
42.478693,16.683417,-80.226015,55.972085
42.488807,16.824023,-80.225011,56.179201
42.499021,16.756457,-80.108051,56.214574
42.509260,16.802247,-80.098236,56.317485
42.519525,16.870649,-80.082616,56.417735
42.529740,17.034587,-80.137312,56.618679
42.540005,17.234826,-80.287808,56.771907
42.550169,17.266496,-80.380760,56.674376
42.560283,17.191106,-80.557642,56.462899
42.570347,16.941709,-80.469334,56.146873
42.580411,16.742938,-80.588774,55.925719
42.590476,16.828485,-80.586205,55.969155
42.600540,16.979331,-80.610917,56.127240
42.610604,17.326766,-80.542001,56.504287
42.620668,17.615850,-80.566241,56.847606
42.630783,17.717745,-80.534337,56.972957
42.651287,18.210527,-80.721805,57.424822
42.661552,18.282062,-80.775504,57.374252
42.671767,18.362453,-80.968819,57.269589
42.681981,18.289192,-80.867739,57.094245
42.692220,18.420154,-80.939039,57.159568
42.702460,18.268565,-80.753545,57.036253
42.722612,18.349276,-80.436406,57.289550
42.732851,18.594509,-80.332669,57.696227
42.743065,18.847506,-80.277064,58.027484
42.753330,19.172903,-80.201502,58.440465
42.763545,19.300407,-80.113222,58.644250
42.784024,19.287348,-80.066428,58.766599
42.794279,19.133318,-80.108208,58.648089
42.804343,19.163178,-80.190130,58.582348
42.814532,19.144607,-80.284386,58.462704
42.824771,19.110857,-80.284243,58.347014
42.835011,19.339495,-80.407077,58.545069
42.855162,19.566086,-80.773585,58.470121
42.865402,19.244145,-80.698869,57.989133
42.875667,18.965195,-80.461124,57.611184
42.885856,19.202814,-80.266129,57.839217
42.896096,19.641502,-79.958381,58.436237
42.906335,20.282248,-79.815378,59.238258
42.916600,21.070493,-79.745252,60.101150
42.937080,21.058546,-79.607378,60.163906
42.947319,21.063122,-79.563214,60.188283
42.957559,20.885255,-79.510259,60.082230
42.967800,20.779727,-79.599072,60.043175
42.977952,20.368420,-79.534425,59.723263
42.988016,20.006090,-79.632308,59.395837
42.998281,19.711572,-79.703711,59.020423
43.008521,19.629984,-79.762075,58.849743
43.018760,19.538680,-79.797606,58.795143
43.029025,19.450214,-79.814818,58.713467
43.039239,19.117146,-79.929906,58.292359
43.049478,18.684893,-79.956271,57.814423
43.059743,18.280433,-79.914955,57.372824
43.069982,18.432638,-79.868995,57.511176
43.080248,18.861199,-79.918213,57.948766
43.090462,19.227025,-79.970867,58.372955
43.100676,19.280596,-80.044005,58.376807
43.110941,19.159113,-80.142721,58.169948
43.121180,19.155199,-80.144238,58.104856
43.141684,19.219949,-79.987471,58.316674
43.151924,19.127173,-79.936859,58.397728
43.161987,19.095882,-80.006541,58.474547
43.172050,18.900783,-80.078668,58.281048
43.182290,19.037103,-80.231951,58.299223
43.202769,19.160666,-80.233358,58.387790
43.223215,19.013124,-80.222594,58.294094
43.233435,18.857223,-80.204753,58.181191
43.243674,18.670563,-80.242019,57.982091
43.253939,18.192540,-80.408142,57.421837
43.274418,18.029959,-80.603882,56.931222
43.284633,18.396920,-80.626756,57.181992
43.294872,18.601458,-80.546181,57.372578
43.305112,18.791435,-80.500528,57.654187
43.315275,18.942812,-80.434903,57.941205
43.325238,19.083893,-80.469061,58.125149
43.345717,19.130272,-80.670934,58.028071
43.355956,18.783433,-80.791323,57.516927
43.366221,18.262580,-80.790257,56.898136
43.376435,17.918351,-80.743136,56.526693
43.386675,17.926559,-80.700939,56.631984
43.396910,18.439670,-80.672997,57.256455
43.417183,20.083432,-80.985307,58.749544
43.427423,19.588347,-80.926970,58.154116
43.437486,18.858658,-80.813931,57.387707
43.447549,18.394521,-80.734523,56.991566
43.457763,18.458195,-80.713035,57.133549
43.468003,18.486862,-80.607816,57.217273
43.478267,18.904078,-80.597844,57.645697
43.488482,19.113069,-80.515479,57.929778
43.498721,19.113116,-80.438052,58.027723
43.508845,18.940711,-80.443974,57.903004
43.518909,18.938265,-80.505951,57.940078
43.528974,18.972377,-80.632883,57.917853
43.539239,19.055490,-80.760177,57.810769
43.549151,19.131367,-80.655928,57.851327
43.559365,19.051247,-80.620759,57.856019
43.569604,19.179689,-80.809778,57.964387
43.579869,19.021045,-80.982998,57.709259
43.590083,18.694100,-81.000600,57.229031
43.600323,18.349541,-80.865758,56.819097
43.610562,18.155370,-80.741947,56.724960
43.620801,18.285866,-80.751783,56.938376
43.630900,18.638135,-80.845882,57.294280
43.641040,18.713878,-80.788208,57.328851
43.651279,18.811943,-80.878264,57.311899
43.661519,18.592871,-80.715870,57.180411
43.682048,18.570526,-80.590003,57.440463
43.692262,18.603391,-80.734223,57.579267
43.702476,18.083365,-80.750417,57.159261
43.712716,17.671060,-81.012286,56.552286
43.722880,17.381535,-81.310902,55.878894
43.732842,17.089647,-81.350934,55.318928
43.753346,16.860076,-80.689833,55.212982
43.763586,17.367619,-80.506340,56.076147
43.773825,17.689317,-80.371177,56.720944
43.784090,17.972149,-80.472490,57.122962
43.794297,17.829879,-80.444588,56.982701
43.824662,17.528152,-80.594853,56.700283
43.834876,17.545600,-80.733758,56.622576
43.845090,17.175498,-80.940563,56.131256
43.855330,16.246981,-80.902812,55.150229
43.875808,14.473739,-80.872582,53.240973
43.886074,14.232711,-80.898864,53.045954
43.896276,14.516626,-80.956101,53.239702
43.906511,14.915011,-81.007587,53.552692
43.916751,14.941558,-80.808883,53.689228
43.926990,15.464172,-80.653380,54.259118
43.947142,16.334310,-80.407425,55.494163
43.957381,16.176279,-80.440579,55.399709
43.967646,15.444678,-80.574731,54.630889
43.977836,14.176374,-80.702544,53.275701
43.988075,13.129256,-80.858682,52.047851
43.998273,12.592318,-81.012375,51.268804
44.008287,12.357726,-81.019875,50.853210
44.018552,11.928562,-80.821396,50.492119
44.028791,11.869898,-80.674745,50.675308
44.038804,11.783459,-80.742453,50.666937
44.048918,11.955145,-80.880464,50.806950
44.059132,11.824989,-80.941970,50.523264
44.069371,11.704133,-80.868381,50.322225
44.089850,11.241615,-80.966777,49.850050
44.100084,11.121369,-81.116816,49.585152
44.110314,10.624848,-81.063520,48.974902
44.120528,10.590191,-80.984781,48.886253
44.130768,10.914077,-81.020708,49.259645
44.141032,11.387756,-81.114377,49.720249
44.161511,10.796270,-81.481520,48.956091
44.171750,10.093602,-81.684896,47.940486
44.181894,9.239129,-81.725665,46.848100
44.202024,8.632857,-81.220471,46.257535
44.212090,8.871862,-81.024622,46.641494
44.222179,9.256016,-80.997519,47.132106
44.242683,9.982031,-81.122191,47.945018
44.252948,10.609050,-81.308143,48.301011
44.263163,10.996359,-81.459691,48.476742
44.283617,9.469034,-81.111351,46.858318
44.293857,8.906881,-81.050050,46.401764
44.314361,8.898376,-80.958799,46.586705
44.324626,9.571031,-81.034280,47.201621
44.334841,10.570786,-81.050249,48.094060
44.345080,10.947375,-81.026001,48.544367
44.355319,11.319361,-81.005818,48.948861
44.375823,11.700699,-81.075220,49.262654
44.385736,11.689222,-81.054599,49.281492
44.395950,11.870587,-81.152066,49.470428
44.406164,11.877968,-81.289066,49.341109
44.416404,11.580805,-81.517399,48.828732
44.426668,11.101430,-81.484956,48.162775
44.447147,11.163756,-81.345511,48.079392
44.457386,11.829054,-81.355298,48.686398
44.467626,12.469086,-81.257422,49.305469
44.477689,12.861680,-81.050904,49.768307
44.487752,13.152087,-80.807640,50.224888
44.497967,13.667329,-80.713336,50.899744
44.518470,14.810065,-80.820925,52.009510
44.528685,14.934608,-80.723581,52.141227
44.538950,15.101162,-80.588296,52.399142
44.549148,15.558722,-80.495869,53.000735
44.559309,15.830866,-80.725657,53.348306
44.579638,15.027224,-81.157107,52.162448
44.589550,14.638067,-81.103176,51.619387
44.599764,14.337405,-81.150645,51.261649
44.610004,14.526489,-81.229650,51.408375
44.620218,14.584095,-81.221659,51.381246
44.630483,14.645722,-81.178219,51.403399
44.650962,15.121931,-80.987923,52.027900
44.661202,16.161599,-81.031588,53.061031
44.671295,17.162624,-81.067187,54.046044
44.681414,17.338823,-80.907477,54.277498
44.691679,17.626266,-80.879712,54.696838
44.701894,17.996553,-80.873832,55.195681
44.722398,18.539217,-81.151977,55.523854
44.732637,18.078054,-81.164757,54.992988
44.742902,17.628409,-81.042653,54.574144
44.753043,17.421851,-81.010142,54.470646
44.763162,17.550241,-80.972500,54.712431
44.783666,18.078951,-81.029177,55.196603
44.793578,18.524417,-80.975349,55.562762
44.803792,18.897496,-80.865758,55.982662
44.814032,19.057942,-80.748129,56.302229
44.824246,18.955547,-80.816110,56.231151
44.834485,18.932914,-80.990034,56.125358
44.854949,18.744056,-81.079140,55.677305
44.865013,19.256936,-81.173718,56.106357
44.875077,19.831007,-81.191278,56.668461
44.885141,20.035178,-81.263241,56.840978
44.895256,19.979485,-81.181962,56.794532
44.915760,20.482769,-81.105361,57.403198
44.925672,20.909600,-81.176771,57.868313
44.935886,20.890991,-81.174012,57.827660
44.946126,20.897886,-81.194195,57.834729
44.956365,20.814484,-81.136808,57.735056
44.976844,21.687042,-81.078901,58.733364
44.987043,22.460223,-81.165201,59.534408
44.997283,22.661758,-81.137094,59.780213
45.007522,22.533144,-81.074694,59.759326
45.017761,22.714805,-81.195178,60.010049
45.028026,22.793653,-81.373788,60.034241
45.038240,22.636089,-81.595031,59.696625
45.048479,22.579854,-81.687307,59.480231
45.058744,22.609157,-81.717244,59.387573
45.068984,22.635401,-81.563824,59.411697
45.078996,22.951900,-81.485967,59.726746
45.089110,23.496628,-81.335668,60.399691
45.099324,23.998068,-81.245858,61.009196
45.109564,24.423314,-81.146629,61.514104
45.130093,25.497176,-81.123181,62.630922
45.140307,25.335513,-81.087712,62.535545
45.150505,24.866202,-80.949694,62.152679
45.160652,24.968194,-80.983934,62.328154
45.170742,25.422796,-80.963471,62.788529
45.190893,26.395094,-81.085178,63.712319
45.201133,26.580977,-81.078833,63.907894
45.211372,26.582453,-81.094570,63.890491
45.221586,26.582097,-81.131241,63.915524
45.231851,26.108379,-81.127566,63.464841
45.242066,25.870622,-81.151800,63.221638
45.262570,25.973814,-80.989795,63.334459
45.272810,27.273396,-81.136739,64.563128
45.283075,27.925920,-81.112724,65.085282
45.293290,28.305706,-81.078020,65.391657
45.303504,28.197184,-80.775566,65.349406
45.313743,28.689035,-80.639344,66.065162
45.334215,29.150295,-80.562805,66.956221
45.344327,29.090247,-80.618772,66.940737
45.354391,28.698600,-80.726381,66.496522
45.364530,27.605229,-80.546973,65.438403
45.374770,27.306948,-80.516804,65.282197
45.394921,28.048790,-80.664910,66.221908
45.405161,28.162540,-80.719941,66.299724
45.415400,27.764990,-80.718773,65.894134
45.425639,26.986264,-80.587585,65.250033
45.435879,26.993294,-80.591513,65.414457
45.446132,27.499735,-80.659753,66.001409
45.466356,28.244502,-80.881932,66.574803
45.476421,27.818493,-80.833479,66.171050
45.486485,27.809236,-80.811984,66.139816
45.496625,28.195521,-80.780449,66.562345
45.506864,28.649000,-80.811574,67.046428
45.527016,28.224746,-81.046629,66.505873
45.537255,27.811615,-81.074229,65.931427
45.547494,28.125696,-81.119862,66.131585
45.557734,28.046797,-81.080902,66.080605
45.567999,27.917099,-81.058158,65.984238
45.578205,28.126309,-80.979228,66.226709
45.588386,28.340461,-80.945876,66.561908
45.598651,27.771544,-80.943923,66.032138
45.608865,27.481432,-81.019308,65.737415
45.619105,27.106116,-81.044675,65.305734
45.629369,26.928663,-81.103708,65.100541
45.639583,26.433968,-81.070623,64.521887
45.649848,26.425758,-81.131200,64.502510
45.660063,26.516314,-81.212575,64.528007
45.670156,26.359450,-81.216714,64.319871
45.680374,26.027993,-81.187529,63.943425
45.690613,26.241110,-81.069762,64.231154
45.700727,26.382743,-81.052509,64.467560
45.710740,25.974335,-81.094481,64.102261
45.720979,25.624382,-81.061231,63.669726
45.741458,25.312988,-80.899636,63.317213
45.751723,25.529721,-80.850841,63.613725
45.761917,25.422560,-80.862896,63.597346
45.782375,24.654647,-80.883483,62.753094
45.802854,24.627564,-80.821034,62.761474
45.813119,24.896475,-80.903550,62.972630
45.823333,24.737432,-80.935529,62.801151
45.833573,24.272763,-80.774268,62.295075
45.843763,23.976220,-80.669821,62.153431
45.853833,23.695292,-80.585748,62.009655
45.873962,24.021780,-80.686391,62.445332
45.884026,23.937120,-80.687531,62.368677
45.894191,24.050378,-80.760601,62.326555
45.904430,24.088950,-80.726019,62.390595
45.914644,24.334029,-80.738252,62.630977
45.934821,24.123023,-80.897847,62.292732
45.945035,23.715475,-80.784821,61.851632
45.955275,23.681975,-80.689471,61.861016
45.965539,24.218579,-80.696356,62.557559
45.975744,24.224550,-80.701492,62.609598
45.985953,24.298606,-80.702797,62.729461
46.006129,24.533037,-80.787034,62.821560
46.016344,24.580387,-80.879323,62.826682
46.026559,24.747206,-80.932537,62.929046
46.047012,24.292831,-80.908973,62.385001
46.067517,24.466928,-81.011323,62.434718
46.077745,24.282965,-80.915134,62.234696
46.087979,24.249263,-80.792648,62.269933
46.098219,24.634764,-80.717591,62.782108
46.108458,25.213298,-80.757158,63.394339
46.118723,25.681860,-80.742712,63.893626
46.128937,25.805390,-80.723028,63.984440
46.139202,25.895170,-80.759815,64.029035
46.149441,25.843761,-80.720788,63.942920
46.159680,26.008676,-80.697708,64.147812
46.169743,26.369485,-80.722905,64.450034
46.179807,26.504462,-80.773243,64.569275
46.190046,26.393832,-80.692511,64.442650
46.210525,26.521148,-80.620992,64.724348
46.220764,26.752758,-80.641865,65.003484
46.231029,27.026261,-80.758326,65.229570
46.241221,27.064724,-80.711936,65.182722
46.251424,27.056621,-80.716887,65.148393
46.261664,27.135401,-80.682422,65.301000
46.271928,27.800846,-80.760649,65.970482
46.281840,28.488842,-80.806807,66.561368
46.292055,28.915589,-80.832386,66.905644
46.302269,29.306832,-80.814102,67.282247
46.312509,29.849351,-80.787443,67.811040
46.322773,30.599073,-80.794437,68.495398
46.343212,30.671152,-80.545054,68.822147
46.353451,30.718513,-80.460216,68.991468
46.363464,31.173513,-80.404782,69.502277
46.373578,31.706407,-80.328721,70.104263
46.383792,32.216913,-80.254921,70.669003
46.394007,32.588786,-80.260494,71.094032
46.414486,32.777518,-80.273424,71.344031
46.424700,32.719284,-80.237265,71.333785
46.445108,33.654183,-80.337430,72.273893
46.455228,33.834380,-80.304665,72.443766
46.475731,34.682608,-80.362585,73.224525
46.485643,35.485135,-80.347934,74.037919
46.495858,36.411950,-80.333297,74.950049
46.506097,37.103483,-80.362667,75.662711
46.516337,37.326273,-80.387631,75.853718
46.536815,37.850972,-80.243631,76.348490
46.557254,39.078640,-80.065363,77.701639
46.567493,39.249487,-79.995449,77.961890
46.577733,39.463829,-79.853319,78.275204
46.587997,39.766280,-79.755313,78.680002
46.598211,40.116570,-79.625416,79.183544
46.608451,40.484027,-79.565645,79.735505
46.618716,40.637508,-79.474565,80.061066
46.628955,40.854500,-79.455925,80.469867
46.638968,41.392616,-79.454259,81.026240
46.649081,41.713540,-79.401024,81.389128
46.659296,41.846120,-79.373512,81.610802
46.669535,41.800112,-79.343405,81.654017
46.690039,42.752510,-79.169652,82.761259
46.700304,43.450163,-79.113979,83.630421
46.710489,43.777541,-79.025118,84.118554
46.720624,44.196067,-79.041073,84.637034
46.730688,44.709192,-79.059720,85.112415
46.740753,45.126558,-79.022680,85.492849
46.750817,45.190758,-78.921429,85.614639
46.760882,45.348010,-78.772121,85.968736
46.771071,45.599914,-78.635367,86.478979
46.781311,46.410893,-78.558759,87.466282
46.791575,46.871408,-78.496946,88.017561
46.801790,46.902731,-78.415763,88.169471
46.822294,47.038229,-78.408420,88.469480
46.832509,47.282459,-78.451362,88.822177
46.842748,47.278453,-78.429819,88.907657
46.852861,47.363496,-78.378354,89.056794
46.862874,47.522933,-78.338868,89.356011
46.873114,47.369155,-78.256551,89.398557
46.893593,48.645601,-78.368511,90.728975
46.903858,48.947577,-78.346798,91.027878
46.914072,48.572279,-78.228431,90.797338
46.924312,48.783219,-78.228595,91.146484
46.934551,48.913809,-78.180531,91.359272
46.954703,48.533361,-77.993698,91.277746
46.964942,48.971872,-77.990454,91.865218
46.975182,49.526224,-77.989941,92.472531
46.985421,49.696627,-77.984033,92.706984
46.995660,49.515265,-77.969410,92.563755
47.005925,49.234869,-77.978576,92.425382
47.026316,48.810817,-77.818879,92.337696
47.036393,49.116136,-77.821242,92.797088
47.046457,49.379249,-77.755003,93.226236
47.056596,49.770185,-77.725504,93.713679
47.066836,49.621693,-77.601194,93.759639
47.097227,50.432416,-77.806421,94.830674
47.107466,50.325968,-77.757612,94.753602
47.117706,50.406550,-77.716638,94.955202
47.127970,50.389301,-77.572774,95.177614
47.138176,50.745505,-77.542864,95.705799
47.148358,51.153387,-77.522517,96.267432
47.158623,51.558776,-77.543636,96.742362
47.168837,52.225720,-77.575868,97.439424
47.179077,52.115552,-77.465540,97.472264
47.189341,51.959718,-77.420174,97.449956
47.199555,51.842915,-77.400810,97.493314
47.220035,51.304139,-77.315453,97.348883
47.230127,51.487622,-77.284246,97.751284
47.240346,51.885682,-77.250218,98.330033
47.250585,52.538529,-77.269131,99.133816
47.260699,52.902462,-77.347255,99.516874
47.270712,53.128340,-77.445603,99.745009
47.280951,52.479731,-77.360758,99.227745
47.301430,52.099658,-77.233443,99.340491
47.311695,52.957694,-77.370143,100.295509
47.321889,53.223563,-77.380067,100.584617
47.332108,53.233043,-77.307646,100.701707
47.342347,53.241243,-77.172491,100.866608
47.362851,54.098025,-77.135935,101.988685
47.373116,53.725817,-77.057081,101.799694
47.383330,53.177565,-76.941179,101.533679
47.393570,53.223556,-76.948105,101.844008
47.403757,53.237483,-76.949089,101.987948
47.413805,53.992888,-77.169157,102.763058
47.433934,54.128580,-77.325145,102.811115
47.443998,54.070820,-77.260641,102.910631
47.454063,53.830821,-77.115520,102.989929
47.464202,53.796093,-77.031065,103.222019
47.474442,53.594893,-76.985248,103.247079
47.494946,52.733155,-76.956240,102.702501
47.505210,52.351624,-76.886080,102.503736
47.515424,52.571672,-76.816276,103.032297
47.525664,52.791925,-76.807007,103.405246
47.535903,53.234805,-76.899392,103.963976
47.546117,53.411649,-76.959662,104.194829
47.566294,52.488084,-76.882201,103.665162
47.576533,52.461648,-76.849990,103.906090
47.586773,52.659191,-76.880001,104.255324
47.597038,52.407567,-76.801891,104.121753
47.607252,52.094198,-76.690457,104.043145
47.617466,51.450743,-76.524114,103.810495
47.627672,51.236596,-76.486016,103.971318
47.637737,51.444432,-76.663054,104.359785
47.647951,52.022508,-76.956452,104.920038
47.658191,51.452877,-77.023579,104.381389
47.678695,50.726370,-77.012500,104.083231
47.688909,51.080536,-77.071868,104.675033
47.699174,51.596045,-77.269964,105.247143
47.709413,51.394599,-77.351646,105.008817
47.719653,50.182496,-77.309204,103.957562
47.729716,49.530882,-77.126339,103.635997
47.739779,49.625791,-77.014570,104.162229
47.750018,51.368176,-77.271037,106.090200
47.770497,51.971620,-77.658267,106.463210
47.780762,50.541211,-77.626992,105.078635
47.790977,49.400077,-77.563191,104.141875
47.801178,48.725477,-77.423172,103.861455
47.811396,49.325796,-77.529648,104.766626
47.821636,49.420670,-77.629109,105.018072
47.831900,49.299820,-77.816666,104.908195
47.841813,48.814921,-77.893800,104.476950
47.852027,48.504028,-77.975161,104.293977
47.862241,47.909624,-77.947423,103.893174
47.872480,48.578744,-78.254188,104.612646
47.882745,48.660791,-78.492220,104.589287
47.903184,46.110457,-78.430004,102.112872
47.913423,46.233663,-78.429170,102.529028
47.923436,46.881138,-78.463137,103.374483
47.933524,46.973410,-78.448240,103.554697
47.943789,46.794715,-78.536452,103.427226
47.954003,46.121669,-78.594987,102.826422
47.974482,44.953795,-78.688396,101.873467
47.984696,44.797070,-78.688260,101.752477
47.994951,44.574842,-78.705670,101.549388
48.005085,43.606195,-78.573403,100.766942
48.015199,43.394217,-78.559518,100.740543
48.035704,42.604558,-78.457352,100.303036
48.045969,42.317745,-78.427654,100.139876
48.056183,42.236445,-78.573642,100.091627
48.066423,41.737903,-78.693171,99.626048
48.076687,41.605138,-78.934714,99.323600
48.086902,41.492918,-79.118589,99.014493
48.107381,40.376858,-78.804633,97.651324
48.117620,39.540228,-78.393032,97.053348
48.127885,39.472804,-77.997987,97.367823
48.138099,39.680681,-77.666368,98.095798
48.148338,38.892409,-77.248381,97.872103
48.158553,37.828248,-76.910894,97.282220
48.168631,37.666178,-76.916413,97.395936
48.178695,37.188454,-76.909159,97.117920
48.188759,36.839742,-77.009433,96.936442
48.198948,37.265502,-77.400919,97.391544
48.209188,38.430971,-78.063612,98.423115
48.219453,38.683412,-78.491550,98.608165
48.229668,38.851403,-78.938579,98.533600
48.239907,38.291219,-79.109764,97.759780
48.250146,37.575866,-79.153710,96.988112
48.260412,37.465640,-79.079910,96.963688
48.270516,38.134141,-79.043443,97.886098
48.280596,38.261692,-78.745490,98.365345
48.290686,38.521946,-78.516160,98.911835
48.310837,38.833406,-78.122966,99.813980
48.321077,39.479709,-78.189253,100.682138
48.331316,40.999577,-78.532450,102.224368
48.341530,42.106726,-78.833620,103.210285
48.351795,42.756994,-79.125050,103.713834
48.362010,42.627364,-79.287295,103.526953
48.382514,41.071174,-79.419794,102.116567
48.392753,40.305503,-79.349757,101.668438
48.402993,40.021528,-79.152911,101.833196
48.413257,40.223797,-78.991855,102.443740
48.423472,40.159374,-78.832213,102.744043
48.433711,40.407341,-78.891970,103.208659
48.454164,41.489871,-79.264666,104.320054
48.464271,42.630732,-79.584326,105.335778
48.474334,43.241712,-79.783617,105.773225
48.484474,43.470107,-79.922564,105.858254
48.494714,43.202179,-79.884246,105.570013
48.504978,43.226187,-79.883215,105.666940
48.525457,42.580332,-79.584101,105.504491
48.535697,41.934954,-79.405928,105.151999
48.545936,41.581970,-79.332695,105.027552
48.556176,41.079701,-79.197129,104.758231
48.566440,41.266138,-79.072267,105.183288
48.586920,41.824018,-78.944809,106.263093
48.597185,41.522106,-78.958100,106.098950
48.607374,41.031224,-79.037952,105.614594
48.617614,40.102650,-78.979274,104.802026
48.627853,39.579150,-78.938525,104.477285
48.638067,39.686937,-78.852471,104.912908
48.658244,40.177843,-78.767265,105.917157
48.668483,40.005470,-78.832985,105.817689
48.678723,39.671743,-78.915282,105.525330
48.688988,39.233641,-78.942459,105.095793
48.699202,39.128743,-78.971610,105.075999
48.709416,38.925316,-78.901314,105.074401
48.719653,38.962097,-78.835771,105.352970
48.729892,39.029835,-78.782387,105.654393
48.740132,38.857192,-78.844617,105.624859
48.750195,38.677865,-78.838422,105.596596
48.760258,38.849863,-78.927371,105.864783
48.770523,39.033599,-78.941926,106.231783
48.780712,38.898703,-78.986760,106.216033
48.790977,38.567076,-79.054577,106.079053
48.801217,38.179262,-79.182164,105.736048
48.811456,37.835351,-79.321739,105.431975
48.821721,37.741491,-79.408121,105.334228
48.831936,38.112141,-79.463855,105.800259
48.842150,38.518743,-79.405785,106.430999
48.862654,38.189367,-79.564928,106.327952
48.872894,37.895577,-79.687332,106.094640
48.883136,37.353256,-79.641761,105.672712
48.893363,37.797341,-79.810569,106.202441
48.903602,38.356850,-79.894615,106.785486
48.913842,38.726425,-80.027209,107.187060
48.934371,37.932555,-80.036676,106.478169
48.944585,37.545622,-80.047386,106.220151
48.954824,37.478822,-79.979439,106.268243
48.965064,37.657060,-79.914081,106.764941
48.975329,37.964473,-79.921396,107.295681
48.985543,37.735573,-79.985606,107.227898
49.016288,37.782837,-80.462839,107.056399
49.026477,37.772657,-80.553687,106.950551
49.036716,36.989917,-80.480597,106.240498
49.046956,36.423029,-80.309433,105.859613
49.067107,36.050579,-80.059960,106.156275
49.077347,36.808808,-80.049913,107.092674
49.087586,37.228837,-80.142462,107.595451
49.097826,36.871612,-80.157652,107.257794
49.108090,36.443967,-80.180335,106.870454
49.118301,36.062333,-80.212744,106.564345
49.128516,35.348186,-80.090375,105.965303
49.138781,35.157757,-79.987942,106.006394
49.159033,35.630102,-79.568343,107.253101
49.169146,36.084740,-79.582796,108.035786
49.179361,36.627764,-79.834338,108.682482
49.189600,36.611795,-80.166688,108.587276
49.199865,36.479948,-80.519953,108.274044
49.210079,35.701945,-80.640103,107.343902
49.230417,34.262667,-80.477237,106.091334
49.240482,34.906092,-80.499448,107.010534
49.250546,36.370061,-80.636995,108.590760
49.260610,37.817962,-80.714668,109.949496
49.270875,38.155865,-80.612966,110.260509
49.281114,37.602596,-80.398191,109.807742
49.291127,37.122191,-80.346445,109.457634
49.301240,36.578661,-80.280295,109.000086
49.311480,36.677166,-80.369033,109.068702
49.331959,36.551713,-80.148308,108.819462
49.342224,36.065024,-79.808773,108.689654
49.352408,35.204451,-79.310763,108.202798
49.362511,34.527518,-78.837042,108.098645
49.372651,34.694851,-78.737813,108.791205
49.382890,34.742287,-78.682618,109.095244
49.403042,34.549822,-78.598771,109.272624
49.413281,34.488432,-78.696060,109.377249
49.423496,34.528549,-78.856412,109.435975
49.433735,34.788879,-79.161408,109.624775
49.444000,35.220028,-79.398743,110.022217
49.454209,35.349688,-79.472188,110.210341
49.474677,35.096179,-79.397274,110.276744
49.484640,34.551174,-79.410484,109.827475
49.494804,34.311018,-79.554526,109.611579
49.505019,34.716827,-79.686376,109.930877
49.515233,35.454798,-79.755941,110.598132
49.525473,35.791704,-79.690938,110.901440
49.545952,35.226267,-79.168525,110.833486
49.556204,35.682387,-78.830731,111.694090
49.566314,35.856086,-78.430789,112.377007
49.576453,35.936695,-78.248402,112.938257
49.586693,35.433744,-78.196951,112.705553
49.596958,35.319243,-78.452946,112.741705
49.617437,34.667045,-79.052903,111.959744
49.627652,34.729067,-79.114429,112.065953
49.637891,35.587727,-79.145725,113.107045
49.648130,36.288440,-79.078503,113.984676
49.658345,36.587086,-79.009128,114.496271
49.668257,36.489278,-78.898029,114.662292
49.678521,36.204811,-78.831721,114.629357
49.688761,36.395653,-78.891615,115.000237
49.699000,36.825142,-79.003842,115.492447
49.719479,37.212274,-79.201289,115.948103
49.729719,37.259522,-79.328453,116.011829
49.750223,36.917780,-79.370712,115.829148
49.760488,37.055142,-79.436439,116.145249
49.770702,37.267507,-79.531454,116.516935
49.780917,38.173528,-79.822563,117.423656
49.791182,38.983137,-79.986979,118.234563
49.801371,39.295239,-80.055015,118.568095
49.811633,39.464515,-80.089084,118.758179
49.821697,39.376017,-79.969357,118.861261
49.831761,39.172832,-79.831634,118.899100
49.841825,38.812198,-79.703096,118.856684
49.851940,38.660718,-79.576963,119.013915
49.862154,38.569474,-79.485958,119.171638
49.882331,38.070235,-79.213652,119.270607
49.892570,37.973461,-79.195640,119.428467
49.902785,37.991636,-79.197751,119.700923
49.913050,37.712090,-79.107907,119.633673
49.923264,37.663914,-79.148266,119.805070
49.933504,37.914448,-79.158792,120.260971
49.943768,38.074405,-79.200305,120.513552
49.963980,37.939840,-79.181475,120.526256
49.974043,37.668101,-79.068558,120.424062
49.984106,37.631299,-78.947889,120.670537
49.994346,37.880516,-78.802174,121.210873
50.014850,38.006458,-78.543241,121.941539
50.025115,37.988242,-78.492117,122.189557
50.035329,37.887650,-78.477439,122.351665
50.045568,37.552981,-78.447810,122.262121
50.055808,37.595601,-78.517785,122.543060
50.066022,37.924123,-78.766705,122.962694
50.086199,38.424612,-79.301522,123.281745
50.096438,37.941421,-79.347981,122.816773
50.106677,37.496615,-79.305313,122.484007
50.116917,37.403099,-79.202512,122.696931
50.127182,37.465589,-79.089936,123.112480
50.147529,37.687252,-79.006103,123.955871
50.157594,37.242798,-78.913506,123.754558
50.167658,37.439655,-79.001069,124.121189
50.177822,37.212612,-78.995536,124.125328
50.188062,36.956122,-79.065785,124.045429
50.198276,37.162656,-79.236157,124.364016
50.208188,37.156198,-79.306692,124.414491
50.218453,37.355766,-79.577305,124.546082
50.228692,36.894008,-79.587953,124.115616
50.238932,36.321641,-79.585310,123.607873
50.249171,35.971905,-79.548686,123.363079
50.259413,35.410228,-79.418714,123.022704
50.269584,34.919134,-79.288633,122.739333
50.279824,34.759919,-79.288873,122.768156
50.290063,34.068686,-79.024633,122.406484
50.300303,33.267881,-78.830840,121.998735
50.310567,33.182049,-78.721461,122.369724
50.320782,33.635133,-78.694530,123.231953
50.331021,34.683485,-78.854732,124.527913
50.341260,34.779129,-78.959493,124.743433
50.351525,34.438978,-79.093871,124.446279
50.361437,34.114124,-79.371176,124.075400
50.371651,33.578487,-79.421692,123.534585
50.381865,33.149555,-79.635949,122.985097
50.392105,32.843132,-79.767628,122.572662
50.402344,33.085891,-80.053232,122.694827
50.422874,37.644806,-80.997588,126.489626
50.433063,40.254130,-80.816048,128.656640
50.443169,42.116312,-80.176852,130.035819
50.453308,40.254580,-79.016170,128.576481
50.463472,36.074699,-77.846992,125.122153
50.473435,32.439861,-77.331012,122.722735
50.493939,28.673090,-76.718597,120.639569
50.504153,27.949235,-76.230102,120.616865
50.514418,27.338269,-75.777520,120.366416
50.524633,27.784407,-75.746053,121.012374
50.534872,28.093190,-76.198902,121.472592
50.555376,27.921895,-77.880925,120.745532
50.565591,27.539828,-78.631399,119.835587
50.575856,26.084192,-78.697214,117.961014
50.586070,25.280921,-78.770980,116.863594
50.596310,24.418565,-78.619275,116.000764
50.606549,24.622009,-78.715560,116.162885
50.626843,25.693169,-78.302648,117.270796
50.636907,25.124456,-77.891423,116.874563
50.647097,23.559476,-77.292798,115.606115
50.657336,22.812562,-76.836083,115.420949
50.667500,22.448527,-76.606794,115.563194
50.677463,22.390431,-76.627790,115.957460
50.687702,22.492750,-76.491780,116.360633
50.697967,23.033093,-76.050837,117.538458
50.708206,24.051082,-75.616970,119.377227
50.718446,24.096023,-75.565340,119.833237
50.728676,23.173368,-76.546907,118.895685
50.738809,20.304918,-77.828544,114.961728
50.748873,17.928050,-78.866364,110.988907
50.759138,15.540536,-79.112715,108.198837
50.769377,15.986604,-79.202013,108.681410
50.779642,17.704024,-79.212798,110.556242
50.789856,19.612835,-78.917488,112.920512
50.800070,20.699003,-78.577713,114.408995
50.810310,21.272050,-78.256851,115.457627
50.830646,22.955670,-77.481126,118.170018
50.840710,24.627360,-77.407169,120.400375
50.850899,25.054186,-77.837847,120.998372
50.861013,23.914765,-78.636651,119.309580
50.871026,21.742020,-79.379735,116.117451
50.881241,18.892479,-80.055329,112.663875
50.901720,17.968647,-80.508061,111.611957
50.911934,19.540770,-80.592155,113.490396
50.922174,21.377495,-80.770054,115.388751
50.932432,22.058595,-80.753333,115.975164
50.942611,21.905347,-80.866079,115.698173
50.962940,22.184936,-80.472674,115.845158
50.973180,23.318853,-80.069891,117.156336
50.983192,24.005747,-79.427218,118.307141
50.993306,23.712988,-79.062151,118.507880
51.003546,23.031459,-78.930820,118.105241
51.024024,21.833465,-78.966091,117.274758
51.034290,21.335981,-79.069637,116.686337
51.044473,20.635383,-79.090838,115.835528
51.054702,19.834956,-79.004416,114.981249
51.064942,19.171730,-78.765653,114.343514
51.075181,18.892780,-78.410579,114.397295
51.095685,20.225257,-77.639983,116.893893
51.105925,21.227024,-77.237241,118.725039
51.116164,21.647409,-77.087660,119.819249
51.126404,21.423054,-76.782671,120.076488
51.136669,21.082883,-76.561605,120.300627
51.146883,20.689266,-76.298131,120.338221
51.167362,20.256984,-76.605319,120.189364
51.177628,20.549915,-77.031980,120.568849
51.187817,20.639768,-77.342043,120.754726
51.197980,20.811738,-77.922022,120.839133
51.208134,20.809081,-78.239988,120.763578
51.218348,20.740863,-78.467611,120.619051
51.228587,20.561786,-78.668534,120.379011
51.238852,20.567880,-78.864649,120.368055
51.249116,20.736038,-78.981664,120.558740
51.259331,21.102395,-79.196802,120.954153
51.269570,21.475663,-79.264427,121.407282
51.279760,21.906700,-79.336240,121.953711
51.289831,22.406101,-79.437962,122.587279
51.320174,24.216383,-79.547108,124.997762
51.330414,23.728796,-79.566055,124.692097
51.340628,22.980636,-79.766897,124.046235
51.350893,22.497067,-79.984664,123.570444
51.361108,22.519789,-80.364709,123.544831
51.371372,23.111637,-80.754351,124.000582
51.381638,23.431975,-81.122696,124.175790
51.391721,23.481103,-81.403397,124.092694
51.401797,23.343870,-81.661387,123.806878
51.411862,22.946036,-81.673852,123.370702
51.421950,22.940447,-81.730836,123.369636
51.442455,23.664121,-81.866026,124.226115
51.452720,24.063506,-81.896393,124.587240
51.462934,24.547461,-82.033338,125.030205
51.473174,24.520096,-81.937784,125.004073
51.483388,24.535436,-81.990943,125.000002
51.503892,23.406225,-81.790293,123.903538
51.513804,22.552460,-81.644823,123.257662
51.524019,22.454937,-81.630125,123.311224
51.534284,22.591351,-81.548361,123.566878
51.544473,23.207653,-81.621143,124.170326
51.554712,23.115336,-81.409633,124.138347
51.564952,23.098370,-81.246937,124.140887
51.585451,23.246042,-80.627801,124.756820
51.595536,23.381464,-80.332812,125.265123
51.605700,23.659874,-80.046197,125.920603
51.615940,23.383308,-79.588445,126.121656
51.626154,23.234891,-79.331923,126.438809
51.646330,23.334776,-79.026463,127.158110
51.666784,23.215611,-78.923526,127.205334
51.677023,23.247988,-78.980291,127.310573
51.687272,23.366366,-78.953039,127.631920
51.707502,23.980535,-78.993323,128.573421
51.717741,24.279533,-79.030268,129.004064
51.727981,24.392527,-79.024524,129.258571
51.738246,24.644605,-79.151388,129.629409
51.748460,24.744247,-79.155978,129.878888
51.758675,24.737316,-79.267398,129.950482
51.789274,25.465703,-79.206610,131.178332
51.799339,25.738239,-79.168709,131.638700
51.809503,25.948170,-79.213180,132.006397
51.819718,25.911759,-79.323420,132.119942
51.829982,25.923186,-79.391079,132.242831
51.840197,25.971373,-79.415463,132.421863
51.850462,26.047604,-79.361737,132.859310
51.860676,25.992048,-79.239101,133.260010
51.870941,26.330714,-79.471573,133.973314
51.881077,26.349347,-79.638988,134.147238
51.891226,26.748467,-80.037352,134.400583
51.911730,26.841752,-80.525635,134.318388
51.921642,26.711751,-80.593350,134.266247
51.931856,26.719430,-80.640854,134.407864
51.942071,26.589856,-80.573979,134.464158
51.962525,27.146735,-80.838267,135.099270
51.983029,27.319497,-81.019438,135.188718
51.993269,26.945820,-80.886133,134.845078
52.003281,26.749746,-80.920734,134.774618
52.013395,26.619600,-80.816840,134.784877
52.023634,26.336779,-80.591130,134.833576
52.033874,26.721809,-80.613847,135.450315
52.054403,26.782415,-80.541502,135.928264
52.064617,26.321088,-80.681138,135.569351
52.074856,25.192396,-80.615439,134.495263
52.085096,24.248280,-80.718370,133.587886
52.095361,23.212137,-80.724387,132.650716
52.105576,22.595290,-80.751503,132.137646
52.126055,22.085155,-80.742671,131.944105
52.136320,22.234007,-80.612297,132.278539
52.146484,22.489730,-80.587606,132.711368
52.156698,22.235607,-80.319316,132.798699
52.166937,21.870250,-80.366936,132.649541
52.187089,19.941412,-80.232975,131.044597
52.197328,19.277973,-80.281873,130.523003
52.207568,18.862245,-80.284427,130.271242
52.217807,18.850207,-80.391149,130.374514
52.228072,19.021698,-80.612884,130.528931
52.248460,18.133671,-80.802511,129.536587
52.258724,17.404031,-80.828486,128.832217
52.268964,16.473607,-80.884623,127.979522
52.279203,15.439914,-80.885702,126.999950
52.289317,14.759726,-80.672621,126.560701
52.299330,14.509005,-80.671651,126.561165
52.309569,14.820264,-80.659712,127.113099
52.330048,14.818818,-80.794950,127.156758
52.340263,14.145797,-80.739823,126.450215
52.350361,13.163001,-80.883633,125.381810
52.370515,10.900259,-80.681978,123.143188
52.390667,9.824252,-80.610453,122.408314
52.400906,9.250468,-80.721846,121.898413
52.411146,8.675354,-80.844872,121.274339
52.421360,8.035867,-80.790107,120.561909
52.431599,7.291304,-80.954735,119.660379
52.441864,6.564764,-80.891652,118.929508
52.462307,5.254663,-80.830071,117.639927
52.472392,4.828591,-80.784944,117.288965
52.482556,4.671348,-80.894479,117.118019
52.492821,4.456218,-80.941539,116.800661
52.503036,3.787523,-80.873982,116.077699
52.513275,2.708261,-80.926492,114.923697
52.533754,0.980822,-80.832345,113.086581
52.544019,0.379145,-80.832885,112.474159
52.554149,0.044192,-80.763626,112.137383
52.564304,-0.510136,-80.852924,111.586091
52.574543,-0.715737,-80.766393,111.321121
52.595047,-1.977181,-80.695277,110.034539
52.605312,-2.463803,-80.623922,109.529774
52.615526,-2.711015,-80.642035,109.349136
52.625791,-2.752405,-80.508519,109.371116
52.635932,-3.195319,-80.602653,108.906075
52.646026,-3.339023,-80.513471,108.765483
52.666203,-3.865435,-80.585659,108.175641
52.676418,-4.036090,-80.616279,107.952438
52.686632,-4.536878,-80.657123,107.311499
52.696872,-5.206188,-80.597530,106.581236
52.707086,-5.608460,-80.438318,106.193316
52.717351,-6.064760,-80.501955,105.716473
52.727591,-5.529951,-80.382782,106.369350
52.737816,-5.240872,-80.474095,106.683129
52.748053,-4.773772,-80.470816,107.254884
52.758318,-4.782990,-80.471062,107.222174
52.768508,-4.989466,-80.449404,107.038852
52.778722,-4.749209,-80.278922,107.348301
52.788961,-4.752437,-80.336063,107.410728
52.799226,-4.410515,-80.277508,107.848311
52.819600,-4.418232,-80.200300,107.986022
52.829776,-4.167609,-80.121718,108.298708
52.840015,-3.824826,-80.117853,108.812160
52.850280,-3.452153,-80.199699,109.213113
52.860495,-4.134206,-80.556767,108.581437
52.870760,-5.424163,-80.640854,107.024331
52.880999,-7.048850,-80.867548,104.969462
52.891213,-8.051243,-80.802128,103.670291
52.901453,-7.503395,-80.395998,104.147483
52.911617,-6.757277,-80.252264,105.126064
52.921579,-5.123559,-80.205539,107.101608
52.942083,-2.393811,-80.317321,110.196865
52.952298,-2.455472,-80.255952,110.143822
52.962563,-2.914522,-80.172849,109.626667
52.972777,-3.280233,-79.990319,109.272713
52.983017,-3.437951,-79.993898,109.201761
53.003521,-3.715552,-80.310949,108.933820
53.013433,-3.578667,-80.302678,109.003884
53.023647,-3.797747,-80.396162,108.721414
53.033886,-3.489304,-80.455954,109.049352
53.044126,-3.492362,-80.506654,108.999205
53.054365,-3.301325,-80.592175,109.203803
53.074895,-2.703062,-80.535894,109.868695
53.085034,-2.033246,-80.454840,110.582559
53.095123,-1.920288,-80.511586,110.779808
53.105187,-1.149085,-80.450128,111.589554
53.115302,-0.959498,-80.524645,111.775431
53.135806,-0.577227,-80.332833,112.374097
53.145718,-0.002069,-80.212020,113.226095
53.155932,0.361014,-80.050862,113.837151
53.166172,0.953214,-80.084637,114.741769
53.176411,1.784244,-80.127094,115.837399
53.186676,1.980450,-80.270494,116.100457
53.207089,2.127557,-80.249662,116.531606
53.217329,2.305610,-80.243815,116.815510
53.227568,2.018954,-80.387672,116.629974
53.237808,2.098731,-80.444923,116.730761
53.248072,1.987893,-80.425826,116.743355
53.258286,2.574530,-80.236520,117.528185
53.268526,3.275874,-80.111050,118.609035
53.278791,4.530021,-80.044025,120.193038
53.288869,5.522726,-80.018064,121.421748
53.298927,6.522780,-79.922291,122.704553
53.308991,6.800443,-79.889594,123.165946
53.319055,6.959432,-79.787005,123.589418
53.329120,6.791587,-79.779417,123.651819
53.349296,6.898945,-79.818793,124.088746
53.359511,7.183657,-79.744583,124.503885
53.379939,7.667257,-79.670441,125.408311
53.390179,7.910834,-79.653311,125.884498
53.410708,8.685170,-79.517124,127.033145
53.420911,9.195835,-79.423031,127.727474
53.431022,9.296175,-79.421808,128.048589
53.441086,9.444834,-79.401434,128.184018
53.451200,9.154450,-79.364162,128.085117
53.461440,9.175014,-79.225591,128.256541
53.471704,9.300700,-79.320046,128.587641
53.481970,9.540631,-79.421508,128.878594
53.492184,9.459226,-79.583233,128.812013
53.502398,9.157399,-79.601340,128.491540
53.512638,8.941287,-79.656548,128.303000
53.532924,9.166700,-79.549349,128.639496
53.542988,9.189800,-79.589975,128.618090
53.553227,8.692749,-79.572660,128.124759
53.563442,8.265924,-79.384222,127.759740
53.573681,8.194172,-79.242120,127.774944
53.583946,8.081425,-79.143984,127.934156
53.594160,8.307916,-78.967806,128.370059
53.614664,8.083760,-78.768774,128.550758
53.624758,7.432040,-78.906423,127.893817
53.634825,6.603333,-79.035684,126.992382
53.644890,5.387561,-79.254933,125.675973
53.655004,4.736533,-79.328433,124.843113
53.675508,5.120612,-79.385909,125.407792
53.685748,5.338563,-79.472004,125.601496
53.696012,5.274369,-79.538468,125.488525
53.706227,5.510357,-79.518435,125.668391
53.716466,5.155408,-79.511421,125.401563
53.726705,4.998927,-79.326773,125.416248
53.746857,4.677934,-79.300033,125.296665
53.757096,4.543519,-79.482194,125.227530
53.767185,4.676527,-79.588274,125.329778
53.777349,4.581768,-79.654226,125.367166
53.787563,4.774496,-79.715220,125.689209
53.808042,4.936792,-80.164667,126.097614
53.818281,5.061715,-80.392296,126.310675
53.828523,4.771874,-80.711157,126.067793
53.838629,4.943629,-81.042264,126.193687
53.848694,4.507123,-81.451966,125.760790
53.858783,3.551649,-81.933303,124.609698
53.869048,2.784518,-82.277114,123.686502
53.878935,2.488248,-82.772788,123.298206
53.889174,3.543190,-82.951097,124.287395
53.899414,3.989022,-82.980993,124.857579
53.909653,4.496194,-82.900683,125.448445
53.919918,5.567692,-82.714684,126.637568
53.930132,5.811485,-82.749395,126.924955
53.940372,5.985990,-82.523835,127.060561
53.950576,6.931399,-82.282196,128.141247
53.960661,8.136395,-82.192967,129.480169
53.970850,8.800437,-82.060365,130.120267
53.981064,9.021779,-81.870780,130.346306
53.991329,9.164196,-81.825618,130.296500
54.001544,8.853380,-81.510897,129.781654
54.022023,7.890731,-80.750082,128.996715
54.032237,8.198789,-80.432151,129.440281
54.042477,8.672394,-80.239806,129.951125
54.052741,8.349585,-79.908487,129.704377
54.062956,8.101638,-79.484906,129.406212
54.073196,7.500296,-78.916545,129.020757
54.083460,6.995898,-78.152056,129.067790
54.093675,6.994650,-77.350123,129.712724
54.103914,7.179521,-76.714615,130.543712
54.124208,6.354294,-75.861135,129.896305
54.134297,5.676540,-75.640390,129.345328
54.154802,5.281378,-75.320444,129.222712
54.165067,6.057587,-75.463953,130.191260
54.175281,6.109370,-75.813898,130.222064
54.185521,5.472631,-76.222316,129.209885
54.195735,4.917973,-76.751266,128.442158
54.205975,4.326387,-77.300782,127.378028
54.226111,3.466221,-77.734294,125.797577
54.236325,3.635264,-77.855332,125.326895
54.246565,4.039755,-77.697022,125.342905
54.256804,4.724379,-77.492792,125.876561
54.267069,5.445871,-77.330049,126.304869
54.287547,5.949120,-76.457582,126.948505
54.297813,7.015935,-76.010279,128.132696
54.307882,7.562432,-75.783360,129.022574
54.318049,7.648350,-75.567055,129.111011
54.328288,7.258896,-75.447403,128.408362
54.338502,6.500997,-75.011719,127.576964
54.348414,5.934946,-74.577422,127.075137
54.358679,6.061441,-74.192841,127.632685
54.368918,6.438021,-73.952938,128.486951
54.379158,6.935108,-73.960806,129.277518
54.389422,6.876692,-73.715746,129.040346
54.399621,6.592943,-73.503176,128.835358
54.409812,6.420904,-72.819290,128.994119
54.420052,6.288896,-72.548616,129.576789
54.430316,6.284823,-72.358758,129.971902
54.440556,6.727886,-72.406849,130.659948
54.450820,6.788047,-72.389132,130.915848
54.461034,6.868625,-72.220877,131.155628
54.471274,7.192225,-72.066357,131.872757
54.491563,7.806233,-72.347952,133.051744
54.501626,7.943434,-72.722417,133.164127
54.511815,7.970769,-72.864055,133.294038
54.521878,7.932467,-73.169836,133.335483
54.531941,7.794805,-73.848845,133.089091
54.542181,7.957249,-74.135386,133.096208
54.552420,8.394369,-74.523552,133.395999
54.562685,9.078568,-74.477851,134.346324
54.572899,9.652164,-74.947440,135.317290
54.583164,9.572418,-75.351282,135.202925
54.593364,9.794491,-75.890287,135.212050
54.603579,9.600191,-76.184893,135.077455
54.624083,9.309042,-77.003109,134.898476
54.633995,9.810542,-77.291759,135.547303
54.644209,10.712260,-77.509062,136.819891
54.654449,10.872793,-77.933387,137.136320
54.664688,10.869436,-78.561150,136.889313
54.674953,10.668896,-79.383846,136.247302
54.695367,9.084776,-80.301578,134.128441
54.705432,8.182207,-80.743730,133.061961
54.715621,7.034935,-81.199734,131.629357
54.725861,5.785399,-81.397728,130.296404
54.736126,5.096658,-81.506847,129.640638
54.746341,4.460572,-81.696193,129.003545
54.766820,4.867551,-81.686365,129.393166
54.777059,5.906423,-81.600502,130.553861
54.787204,6.323475,-81.783387,130.984833
54.797271,6.861133,-81.713282,131.345904
54.807335,7.236974,-81.652282,131.677878
54.827665,7.706405,-81.433169,132.362427
54.837930,7.272020,-81.246487,131.848578
54.848144,7.053819,-80.971606,131.680583
54.858384,6.856448,-80.605310,131.676184
54.868598,6.981685,-80.263786,132.056667
54.878837,7.042742,-79.997812,132.329314
54.889102,7.696935,-79.721667,133.256622
54.899175,8.275065,-79.403333,134.248748
54.909414,8.325631,-79.352250,134.714225
54.919679,7.929044,-79.088113,134.360135
54.929869,7.583946,-78.948729,134.146705
54.940083,7.299456,-78.488798,134.275058
54.950322,7.019662,-78.539512,134.173274
54.970851,7.002441,-78.468621,134.235729
54.980941,7.286644,-78.350855,134.661810
54.991013,7.198598,-78.525524,134.691576
55.001078,6.781959,-78.612977,134.147169
55.011143,6.754834,-78.678479,134.028679
55.021207,6.368145,-78.639615,133.753600
55.031272,5.886593,-78.669388,133.496635
55.041511,5.300354,-78.836830,132.825200
55.051726,5.344311,-78.858919,132.875388
55.061965,5.202774,-78.914059,132.838710
55.072230,5.171673,-78.994054,132.851797
55.082444,5.047973,-79.317798,132.500616
55.102948,5.144236,-79.551848,132.464142
55.113188,4.696769,-79.534295,131.991753
55.133314,3.803886,-79.709025,131.109156
55.143553,3.086382,-79.883741,130.539723
55.153792,2.508641,-79.988653,129.874982
55.174322,1.852771,-80.182575,129.174464
55.194736,0.854564,-80.455667,128.237635
55.204961,0.458502,-80.612966,127.818220
55.215200,0.070643,-80.713589,127.470441
55.235352,-1.479768,-81.052639,125.681860
55.245591,-1.733020,-81.154423,125.367986
55.255830,-2.008878,-81.200916,125.014428
55.266070,-2.629128,-81.094126,124.354112
55.276334,-3.188401,-81.046342,123.721391
55.286541,-3.268377,-80.937072,123.739108
55.306790,-3.170785,-81.029307,123.820442
55.317004,-2.975641,-81.083675,123.911516
55.327017,-2.346437,-80.959906,124.578211
55.337131,-2.157761,-80.909963,124.785794
55.347345,-2.350041,-80.841525,124.559906
55.357559,-2.574979,-80.708698,124.424463
55.367824,-2.736385,-80.577770,124.358812
55.378063,-3.012778,-80.530041,124.095289
55.388327,-3.203123,-80.477872,123.914016
55.398535,-2.972062,-80.462217,124.166569
55.408693,-2.494268,-80.376123,124.660720
55.418783,-2.146417,-80.385726,124.998186
55.429048,-1.671700,-80.273321,125.482787
55.438935,-1.304477,-80.174707,125.943552
55.449174,-1.377031,-79.994014,126.001636
55.459414,-1.430970,-79.840861,126.009996
55.469653,-1.581850,-79.728730,126.022891
55.479918,-1.347191,-79.560099,126.449983
55.490132,-1.273928,-79.554376,126.643441
55.500371,-0.743821,-79.567947,127.188777
55.510577,-0.661797,-79.797797,127.232627
55.520662,-0.599018,-79.898624,127.132825
55.530852,-0.927070,-80.039203,126.425722
55.541066,-1.036199,-79.830623,126.199001
55.551305,-1.465891,-79.809333,125.829925
55.561570,-1.556352,-79.622363,125.866945
55.582049,-1.654874,-79.724249,126.053901
55.592263,-2.024654,-79.774472,125.721639
55.602503,-2.355290,-79.769629,125.248239
55.612768,-2.744720,-79.728580,124.879928
55.622983,-2.911531,-79.735089,124.763924
55.633222,-3.188158,-79.780571,124.494582
55.643487,-3.487137,-79.842705,124.175421
55.653701,-3.902630,-79.853067,123.798586
55.663967,-4.489356,-79.877034,123.119747
55.674114,-4.946864,-79.797141,122.632850
55.684287,-5.380721,-79.823301,122.238680
55.694552,-5.639370,-79.782231,122.026657
55.704742,-6.142256,-79.820282,121.505268
55.715007,-6.608339,-79.833587,121.025474
55.735460,-7.442814,-79.908910,120.032242
55.745725,-7.599798,-79.840246,119.801696
55.755898,-8.002712,-79.914040,119.411514
55.765987,-8.488736,-79.957487,118.857668
55.776052,-9.351122,-80.037625,117.810040
55.786117,-10.073358,-80.004519,116.926678
55.796181,-10.999175,-80.015229,115.805693
55.806246,-11.332452,-79.874664,115.288061
55.816385,-11.332752,-79.819107,115.276190
55.826600,-11.310120,-79.760825,115.431522
55.847104,-12.232762,-79.799764,114.455440
55.857368,-12.861640,-79.770722,113.704399
55.867583,-13.649820,-79.810569,112.755037
55.877848,-14.025719,-79.703745,112.137861
55.888037,-14.598877,-79.742629,111.499580
55.898253,-14.981180,-79.729782,111.004576
55.918215,-15.915843,-79.752622,109.751933
55.928429,-16.331314,-79.678043,109.177917
55.938669,-16.827759,-79.591225,108.537027
55.948782,-16.693348,-79.372658,108.526747
55.958795,-16.906492,-79.268423,108.406707
55.969009,-17.101967,-79.218125,108.257296
55.979274,-17.351276,-79.151982,107.949193
55.989540,-17.696011,-79.161367,107.581531
55.999729,-17.960397,-79.149660,107.236497
56.009938,-18.482540,-79.155452,106.573579
56.020169,-18.670358,-79.125774,106.182271
56.040295,-19.757099,-79.122974,104.850493
56.050560,-20.067705,-79.026177,104.289851
56.060800,-20.402897,-78.996144,103.904990
56.071039,-20.426072,-78.962492,103.835787
56.081304,-20.486848,-78.963557,103.751017
56.091518,-20.675339,-79.022297,103.541836
56.101757,-20.938884,-79.035254,103.156388
56.122261,-21.868357,-78.969377,101.787844
56.132476,-22.037805,-78.919551,101.553315
56.142741,-21.859682,-78.901915,101.761909
56.152956,-21.555773,-78.894415,102.136374
56.163170,-21.739766,-78.982306,102.040950
56.183674,-22.797213,-79.063606,100.622763
56.193738,-23.204700,-79.006745,100.035210
56.203799,-23.210117,-78.990100,99.983738
56.213963,-23.313488,-79.040138,99.853800
56.224203,-23.181780,-79.168306,99.918441
56.234417,-23.420584,-79.230597,99.614928
56.254594,-24.044325,-79.159372,98.443298
56.264858,-24.380384,-79.108071,98.000326
56.275073,-24.361719,-79.118644,98.021677
56.285287,-23.986168,-79.115010,98.314323
56.295537,-23.867977,-79.170929,98.497161
56.305728,-23.631027,-79.158245,98.778831
56.326207,-23.065124,-79.311795,99.240777
56.336473,-22.870470,-79.356560,99.416907
56.346637,-23.268404,-79.411953,98.963431
56.356902,-23.399861,-79.402459,98.643402
56.367117,-23.885612,-79.512302,98.019813
56.387621,-23.692265,-79.545544,97.927571
56.397887,-23.496775,-79.562210,98.093346
56.408101,-23.355031,-79.691109,98.256007
56.418315,-23.174818,-79.695194,98.328202
56.428555,-23.260675,-79.700958,98.140632
56.438794,-22.814813,-79.594271,98.622283
56.449059,-22.264055,-79.572585,99.260708
56.459189,-22.045470,-79.766706,99.509313
56.469253,-21.541351,-79.899252,100.014419
56.479443,-21.429592,-80.040412,100.031194
56.489683,-21.168542,-80.031348,100.097092
56.499846,-20.979107,-80.004499,100.201887
56.509809,-20.979749,-80.104609,100.139610
56.530313,-20.972034,-80.117736,99.969620
56.540552,-21.142371,-80.114690,99.727872
56.550792,-20.806302,-80.020427,100.035722
56.561023,-20.292695,-80.001726,100.563928
56.571208,-19.773119,-80.024942,101.260020
56.581448,-19.321403,-80.059598,101.837116
56.601927,-18.616639,-80.235352,102.412792
56.612192,-18.180401,-80.298381,102.824571
56.622407,-17.886008,-80.320006,102.994909
56.632646,-17.690342,-80.334684,103.157317
56.652933,-17.308014,-80.245044,103.516155
56.662998,-16.960598,-80.242039,103.959072
56.673212,-16.278146,-80.232333,104.767165
56.683225,-16.112940,-80.381580,104.975131
56.693338,-15.746306,-80.473145,105.263174
56.703553,-16.026778,-80.533483,104.869679
56.713792,-16.527171,-80.566159,104.196346
56.734271,-16.357441,-80.317000,104.294154
56.744537,-16.115649,-80.458590,104.681166
56.754745,-15.452683,-80.581213,105.327773
56.764977,-15.315617,-80.764644,105.414824
56.775217,-15.364618,-80.825488,105.235791
56.795368,-15.308356,-80.664616,105.051991
56.805608,-15.096289,-80.786228,105.320663
56.815847,-14.914522,-80.869371,105.502701
56.826086,-15.021348,-80.846244,105.206831
56.836351,-15.255552,-80.752186,104.873655
56.846565,-15.507340,-80.609408,104.665648
56.867070,-15.477941,-80.635315,104.804376
56.877032,-14.772567,-80.797047,105.518466
56.887196,-14.378699,-80.895319,105.824267
56.897435,-14.313735,-80.975328,105.754817
56.907650,-14.469722,-80.878073,105.483987
56.917914,-14.715520,-80.809484,105.195411
56.928155,-14.725417,-80.776290,105.185610
56.938394,-14.650903,-80.822899,105.277817
56.948570,-14.581679,-80.943056,105.299210
56.958646,-14.120377,-80.906336,105.669221
56.968711,-13.956686,-80.835432,105.870138
56.978801,-13.925596,-80.900353,105.859620
56.989065,-14.009567,-80.966189,105.658744
56.998952,-14.202927,-80.964168,105.334569
57.009192,-14.599256,-80.923467,104.852051
57.019431,-14.542998,-80.815666,104.858738
57.029671,-13.942734,-80.806616,105.505112
57.039910,-13.598086,-80.900763,106.017206
57.050175,-13.737478,-81.000381,105.875336
57.060414,-13.929632,-80.958191,105.463278
57.070598,-14.274500,-80.921431,105.043364
57.080830,-14.090991,-80.937653,105.198198
57.091070,-13.528284,-80.996235,105.745897
57.101335,-13.945285,-81.080814,105.330185
57.111550,-14.396604,-81.088463,104.709464
57.121764,-14.880073,-80.936963,104.014478
57.132029,-14.809807,-80.850561,103.971066
57.152379,-13.612293,-80.879753,105.404934
57.162555,-12.880077,-80.927647,106.165537
57.172795,-12.990636,-80.996802,106.070755
57.183009,-13.281498,-80.998892,105.631532
57.203186,-13.323310,-80.854236,105.383105
57.213425,-12.847711,-80.923726,105.933680
57.223665,-12.608817,-80.960753,106.203178
57.233929,-12.531669,-81.043712,106.231353
57.244128,-12.438838,-81.028412,106.227507
57.254320,-12.498283,-80.987725,106.110199
57.274824,-11.890624,-81.030953,106.686537
57.285090,-11.540569,-81.096953,107.086438
57.295304,-11.304854,-81.199980,107.219107
57.305544,-11.404527,-81.263084,107.027295
57.315783,-11.533892,-81.250797,106.767058
57.336287,-11.369431,-81.032094,106.852326
57.346553,-10.976521,-81.102711,107.344271
57.356767,-10.543873,-81.171648,107.801163
57.366981,-10.242060,-81.222643,108.013916
57.377221,-10.180730,-81.192194,108.009429
57.387486,-10.260837,-81.092896,107.889211
57.397700,-10.242500,-81.035816,107.844671
57.407781,-10.167494,-81.109009,107.991356
57.418020,-9.665601,-81.172967,108.520457
57.428260,-9.240038,-81.235545,108.872498
57.438323,-9.305662,-81.302002,108.756399
57.448386,-9.514669,-81.282011,108.411310
57.458650,-9.933330,-81.201606,107.893022
57.479129,-9.174469,-81.201988,108.683240
57.489369,-8.129394,-81.221297,109.855868
57.499608,-7.550147,-81.310950,110.464533
57.509848,-7.960760,-81.397454,110.023781
57.520011,-8.581215,-81.376773,109.225318
57.529974,-8.805181,-81.256725,108.840389
57.540214,-9.033040,-81.283459,108.560536
57.550478,-8.914761,-81.425608,108.700664
57.560718,-8.598693,-81.508144,108.887852
57.570982,-8.793688,-81.542787,108.522150
57.581196,-9.288477,-81.502434,107.926510
57.591436,-9.378327,-81.262299,107.757408
57.611940,-7.950813,-81.223086,109.483383
57.622206,-6.801968,-81.341747,110.805715
57.632420,-5.882000,-81.379259,111.753629
57.642685,-5.886920,-81.413498,111.759735
57.652899,-6.403596,-81.607565,111.123305
57.663138,-7.109045,-81.581514,110.214330
57.673403,-7.731864,-81.603938,109.486894
57.683618,-7.695469,-81.622250,109.499148
57.693858,-7.904143,-81.756784,109.172658
57.704072,-7.864624,-81.837011,109.133022
57.714312,-7.757483,-81.831581,109.153431
57.724576,-7.938850,-81.820673,108.894109
57.734780,-7.393109,-81.692908,109.394530
57.755010,-5.604299,-81.616861,111.550718
57.765224,-4.522662,-81.656913,112.693716
57.775237,-4.076367,-81.692102,113.198658
57.785351,-3.962293,-81.673264,113.253265
57.795590,-3.845773,-81.553476,113.299765
57.805829,-3.724772,-81.584923,113.460910
57.826308,-3.046348,-81.815803,114.223371
57.846769,-3.983023,-81.792089,113.009209
57.856989,-4.198473,-81.612995,112.872114
57.867228,-4.124360,-81.545710,113.057000
57.877492,-3.631156,-81.647412,113.716660
57.897619,-2.486927,-81.717763,114.949256
57.907858,-2.489008,-81.755998,114.877307
57.918098,-2.323667,-81.800750,115.128439
57.928363,-1.871011,-81.719853,115.654555
57.938577,-1.353928,-81.779487,116.134417
57.948841,-1.061922,-81.860090,116.469028
57.959081,-1.237906,-81.885212,116.229179
57.969043,-1.464934,-81.744838,115.886699
57.979207,-1.542898,-81.619620,115.844393
57.989447,-1.441861,-81.642009,116.130114
57.999686,-1.105725,-81.621778,116.565839
58.009950,-0.729926,-81.689882,117.005006
58.020190,-0.051446,-81.771564,117.691290
58.030429,-0.217879,-81.757405,117.480606
58.040669,-0.589079,-81.654659,117.015702
58.050908,-0.628784,-81.534126,117.093321
58.061022,-0.781836,-81.598255,117.064812
58.071035,-0.657178,-81.692764,117.147470
58.081249,-0.488659,-81.745500,117.247041
58.091514,-0.478274,-81.744407,117.194763
58.101753,-0.949180,-81.689267,116.597026
58.111992,-1.328455,-81.660021,116.159156
58.122257,-1.034049,-81.644332,116.517099
58.132496,-0.542529,-81.606465,117.059156
58.142736,-0.212998,-81.668360,117.447480
58.163240,-0.739883,-81.795798,116.803557
58.173505,-0.790336,-81.698727,116.602244
58.183719,-0.612177,-81.691207,116.724969
58.193958,-0.111802,-81.670553,117.299510
58.204198,0.206999,-81.643437,117.650459
58.214463,-0.434888,-81.714799,117.014200
58.234943,-2.084536,-81.675245,114.970293
58.245207,-1.779291,-81.530814,115.258035
58.255421,-0.933861,-81.457806,116.335907
58.265661,-0.609168,-81.601479,116.812299
58.275900,-0.944969,-81.655738,116.378050
58.296404,-2.193767,-81.475756,114.907455
58.306670,-2.247152,-81.473085,114.803773
58.316885,-1.750891,-81.532897,115.329780
58.327099,-1.151426,-81.629189,115.999179
58.337338,-1.490010,-81.580626,115.629488
58.347555,-2.050743,-81.533594,114.890762
58.357627,-2.359050,-81.521497,114.589565
58.367692,-2.404793,-81.470688,114.605984
58.377931,-2.114406,-81.463461,114.877689
58.388170,-1.773524,-81.520685,115.251260
58.398234,-1.596394,-81.631771,115.405540
58.408297,-1.801022,-81.586603,115.066886
58.418536,-1.995027,-81.515132,114.784170
58.439065,-1.869726,-81.498917,114.885134
58.449280,-1.526433,-81.447738,115.244853
58.459497,-1.470454,-81.414462,115.375173
58.469595,-1.615736,-81.404216,115.268458
58.479660,-1.609925,-81.393097,115.221958
58.499989,-0.937861,-81.472142,115.944538
58.509901,-0.775519,-81.508882,116.035051
58.530329,-1.627483,-81.554405,115.067555
58.540569,-2.059423,-81.476357,114.655312
58.550833,-2.166719,-81.475708,114.514050
58.561048,-1.672173,-81.555286,115.036478
58.571312,-0.958126,-81.610256,115.762595
58.581552,-0.525074,-81.613787,116.184687
58.591791,-0.673058,-81.634353,115.977869
58.602031,-0.997817,-81.666099,115.577319
58.612194,-1.258721,-81.568202,115.303142
58.622157,-0.827498,-81.478795,115.778960
58.642661,0.220927,-81.612359,117.066396
58.652900,0.432148,-81.702415,117.229897
58.663165,0.453064,-81.681590,117.149820
58.673341,0.768977,-81.615173,117.433792
58.683518,1.086602,-81.588051,117.745535
58.693782,1.239069,-81.723459,117.921085
58.714237,1.290468,-81.649434,117.981846
58.724451,1.688244,-81.494395,118.389732
58.734690,1.966275,-81.376206,118.779612
58.744955,2.821263,-81.337840,119.778323
58.755194,3.531682,-81.284586,120.656371
58.765434,3.688546,-81.314652,120.904197
58.785913,3.343468,-81.268664,120.620021
58.796178,3.414999,-81.154334,120.780680
58.806393,3.522007,-81.151315,120.959112
58.816632,4.160375,-81.158910,121.686855
58.826872,4.656251,-81.153712,122.315151
58.847017,4.800879,-81.222868,122.550656
58.867271,5.174382,-81.114910,122.976163
58.877510,5.713784,-81.017819,123.698646
58.887750,6.152044,-81.070295,124.251140
58.898014,6.576473,-81.145564,124.706769
58.907901,6.795441,-81.163978,124.950251
58.918141,6.766469,-81.195383,124.887700
58.928380,6.806238,-81.042264,124.960824
58.938619,6.989236,-80.943097,125.264276
58.948851,7.515331,-80.834018,126.034639
58.958985,7.960562,-80.897266,126.594196
58.969049,8.059248,-80.928138,126.691348
58.979314,7.808290,-80.977924,126.408988
58.989553,7.525303,-80.929873,126.108979
58.999566,7.238858,-80.866448,125.863256
59.009680,7.146610,-80.813910,125.866822
59.019945,7.103062,-80.820652,125.951161
59.030159,7.152636,-80.939757,125.993126
59.050638,7.430217,-80.957256,126.151121
59.060869,7.642380,-80.801186,126.499570
59.070953,7.691644,-80.772567,126.719175
59.091107,7.494849,-80.927838,126.494735
59.111259,6.699376,-80.726422,125.603682
59.121499,6.657495,-80.551023,125.724849
59.131713,6.951302,-80.617993,126.154974
59.141952,7.230273,-80.748231,126.543475
59.152217,6.790587,-80.851613,125.992675
59.162431,6.190025,-80.685612,125.237570
59.182935,5.848980,-80.507774,125.055696
59.193175,6.039045,-80.614831,125.386892
59.203187,5.889108,-80.661146,125.224852
59.213301,5.353249,-80.658305,124.602472
59.223515,4.754927,-80.527630,123.885397
59.233780,3.935909,-80.391313,123.091552
59.243995,3.444951,-80.252564,122.732789
59.254234,3.409854,-80.270350,122.844600
59.264448,3.409756,-80.382884,122.927231
59.274688,2.852349,-80.445025,122.289087
59.284858,2.403753,-80.396920,121.667116
59.294889,2.075712,-80.390329,121.305444
59.315019,1.328817,-80.276231,120.678760
59.325233,1.019831,-80.285397,120.360501
59.335246,0.635701,-80.411380,119.927685
59.345360,0.010320,-80.408798,119.132528
59.355599,-0.669597,-80.270350,118.311758
59.365839,-1.079699,-80.120421,117.914992
59.386318,-1.471491,-80.106316,117.772979
59.396583,-1.983237,-80.207601,117.267832
59.406778,-2.579078,-80.269121,116.467990
59.416998,-3.117461,-80.294345,115.739236
59.427237,-3.303740,-80.154579,115.404338
59.437501,-3.770312,-80.109062,114.974255
59.457628,-4.828276,-80.033855,113.880215
59.467867,-5.377024,-79.955526,113.269610
59.478107,-5.971712,-79.977479,112.661088
59.488371,-6.250972,-79.960458,112.246277
59.498578,-6.603947,-79.974323,111.864196
59.508761,-6.801001,-79.843088,111.613597
59.519026,-7.261040,-79.897422,111.146862
59.529265,-7.444467,-79.856618,110.858096
59.539531,-7.618846,-79.856113,110.571057
59.549745,-7.723158,-79.760149,110.421455
59.559984,-8.050895,-79.692332,110.090929
59.570247,-8.243392,-79.570659,109.858716
59.580471,-8.460362,-79.529165,109.692244
59.590536,-8.595854,-79.571192,109.541365
59.600750,-8.918551,-79.642806,109.116548
59.610990,-9.001035,-79.510239,108.913192
59.621103,-9.060640,-79.476149,108.866815
59.641331,-9.316574,-79.419869,108.652867
59.651595,-9.609336,-79.361942,108.284740
59.661834,-9.832102,-79.361962,107.996274
59.672099,-9.868722,-79.381142,107.896772
59.682294,-9.983734,-79.425340,107.691825
59.692514,-10.211623,-79.390041,107.405537
59.702754,-10.592246,-79.386831,106.957627
59.723258,-11.045341,-79.369879,106.315391
59.733522,-11.190210,-79.396496,106.042717
59.743737,-11.262458,-79.402083,105.850112
59.753976,-11.181151,-79.309472,105.879776
59.774214,-10.719029,-79.272057,106.344857
59.794518,-10.813369,-79.254018,106.114755
59.804480,-10.863241,-79.244039,105.949280
59.814645,-10.846044,-79.193127,105.910074
59.824884,-10.634740,-79.098747,106.139835
59.835123,-10.467840,-79.082539,106.396336
59.855602,-10.233477,-79.247755,106.532742
59.865868,-10.422571,-79.191611,106.223566
59.876057,-10.678167,-79.162077,105.864176
59.886282,-10.694650,-79.068524,105.864660
59.896522,-10.800430,-79.140849,105.739477
59.906786,-10.787871,-79.241935,105.663573
59.927265,-10.924025,-79.371716,105.190159
59.937505,-11.328297,-79.424445,104.537794
59.947744,-11.378054,-79.366156,104.261362
59.957900,-11.251356,-79.262501,104.320266
59.968006,-10.959777,-79.193489,104.656625
59.978220,-10.506252,-79.218214,105.114979
59.988133,-10.298692,-79.177725,105.306907
59.998397,-10.269125,-79.104095,105.291983
60.008611,-9.982552,-79.021259,105.566448
60.018851,-9.483168,-79.016512,106.115390
60.029065,-9.033863,-79.068777,106.634430
60.039330,-8.728704,-79.256600,106.913354
60.049545,-8.894885,-79.435339,106.527100
60.059795,-9.305825,-79.491647,105.827750
60.070035,-9.790272,-79.520409,105.103654
60.080274,-9.843553,-79.388040,104.908851
60.090338,-9.596061,-79.252994,105.215342
60.100401,-8.962719,-79.191850,106.048461
60.110640,-8.304345,-79.383197,106.792350
60.131119,-7.217736,-79.509167,107.793240
60.141385,-6.987329,-79.484626,107.908663
60.151599,-6.854088,-79.401898,108.008363
60.161838,-6.460963,-79.343548,108.500676
60.172002,-6.209531,-79.517704,108.698417
60.181965,-5.645395,-79.658372,109.214527
60.202469,-5.707019,-79.774936,108.860054
60.212683,-5.708669,-79.632417,108.734023
60.222948,-5.445727,-79.508661,109.161381
60.233163,-4.860557,-79.503204,109.945343
60.243367,-4.181125,-79.634603,110.759256
60.263802,-3.114934,-79.786773,111.822730
60.273714,-2.680938,-79.667511,112.268564
60.283929,-2.409888,-79.563835,112.561149
60.294168,-1.781833,-79.460679,113.416247
60.304407,-1.069703,-79.431220,114.340201
60.314647,-0.242613,-79.489940,115.325777
60.335176,0.757289,-80.002866,116.080199
60.345343,0.820941,-79.977909,115.953922
60.355566,0.539082,-80.014751,115.578467
60.365806,0.608813,-79.861406,115.756721
60.376071,0.788484,-79.838833,116.017347
60.386285,1.340992,-79.932133,116.625576
60.406764,2.978424,-79.742090,118.402531
60.417030,3.693003,-79.677182,119.265608
60.427244,4.605426,-79.565980,120.382344
60.437483,5.257600,-79.553658,121.164154
60.447723,5.729083,-79.645484,121.688426
60.457987,5.983250,-79.627602,121.920202
60.467874,5.829190,-79.637390,121.739816
60.478114,5.750336,-79.617172,121.626162
60.488328,5.491677,-79.591204,121.463590
60.508820,5.568179,-79.703137,121.650409
60.518990,5.793026,-79.723334,121.888660
60.529054,5.705677,-79.683856,121.769828
60.539319,5.894706,-79.631243,122.045782
60.549558,6.208935,-79.515041,122.448585
60.559571,6.618297,-79.493703,122.983976
60.569685,6.956044,-79.507985,123.403610
60.579949,7.269759,-79.364476,123.866710
60.590164,7.399200,-79.394365,124.028094
60.610667,7.925772,-79.497132,124.518064
60.620907,7.874855,-79.612781,124.389151
60.631146,7.515632,-79.590658,123.961568
60.641260,7.049515,-79.502903,123.446462
60.651273,6.679420,-79.450905,123.155742
60.661538,6.800204,-79.413216,123.372669
60.681992,7.781414,-79.498539,124.483189
60.692206,8.091765,-79.439082,124.855202
60.702446,8.012697,-79.381142,124.808771
60.712672,7.846282,-79.316070,124.680117
60.722796,7.915016,-79.247208,124.843823
60.743125,7.884878,-79.274331,124.813757
60.753365,7.670983,-79.220297,124.636076
60.763378,7.684984,-79.213249,124.719391
60.783706,7.461114,-79.219273,124.559373
60.793970,7.372214,-79.275048,124.470362
60.814425,7.245874,-79.182383,124.407442
60.824630,7.561933,-79.179494,124.755181
60.834865,7.913817,-79.220919,125.177669
60.844978,8.047676,-79.229853,125.290490
60.854991,7.679065,-79.125269,124.942683
60.875470,7.228438,-79.077635,124.554688
60.895974,7.834522,-79.051571,125.359981
60.906188,8.035187,-79.064672,125.633762
60.916427,7.823657,-79.260725,125.309082
60.926667,7.462072,-79.191392,124.800069
60.947171,6.818812,-79.110290,124.136434
60.957436,7.005973,-78.952363,124.475608
60.967651,7.658317,-78.962041,125.302744
60.977916,8.500101,-78.922392,126.278518
60.988104,8.436242,-78.999566,126.242632
61.008378,8.193447,-78.779224,126.073080
61.018617,8.435208,-78.747259,126.481088
61.028580,8.575980,-78.754246,126.683494
61.038744,8.473207,-78.916067,126.513955
61.048958,8.492249,-78.904879,126.504843
61.059197,8.128257,-78.990243,126.066359
61.069462,7.923854,-78.905344,125.903363
61.079701,7.514462,-78.813874,125.554327
61.089941,7.362363,-78.587392,125.623325
61.100146,7.431486,-78.591483,125.842670
61.110381,7.730947,-78.685582,126.156162
61.120620,7.981552,-78.762429,126.393457
61.130835,8.194175,-78.770564,126.567162
61.140747,8.471219,-78.693082,126.873947
61.151011,8.703094,-78.577918,127.226753
61.161277,8.931009,-78.453971,127.623519
61.171466,9.051935,-78.411849,127.862029
61.181680,9.063144,-78.346832,127.926574
61.191920,8.902009,-78.338991,127.840063
61.202154,8.948924,-78.278770,127.918228
61.222424,9.003560,-78.451088,127.946724
61.232386,8.899193,-78.550912,127.756312
61.242550,8.945219,-78.438521,127.875553
61.252765,9.047597,-78.403912,128.022689
61.263030,9.284741,-78.284862,128.370988
61.283484,9.754956,-78.407860,128.871982
61.293698,9.442298,-78.548705,128.481159
61.303937,9.328512,-78.443193,128.196859
61.314095,9.106419,-78.514698,128.022402
61.324152,9.051567,-78.400074,127.974181
61.334242,9.374638,-78.367412,128.386246
61.354746,9.972562,-78.038880,129.371938
61.375226,9.755424,-77.946590,129.398180
61.385466,9.727472,-77.958031,129.283760
61.395705,9.566808,-78.041912,129.138031
61.416209,9.531996,-77.953543,129.268201
61.426475,9.515847,-77.793642,129.370313
61.436689,9.759041,-77.824207,129.771559
61.446928,9.844968,-77.761328,129.981860
61.457168,10.142487,-77.940983,130.328916
61.467430,9.913442,-78.004148,129.975986
61.477637,9.408478,-78.203733,129.287394
61.487701,8.810457,-78.235432,128.414195
61.497940,8.460132,-78.211786,127.860390
61.508180,8.503848,-77.989627,128.046758
61.518243,9.004108,-77.747674,128.760117
61.528306,9.248930,-77.583128,129.298800
61.538571,9.567248,-77.281596,129.868343
61.548785,9.835126,-77.105432,130.438800
61.559050,9.939971,-76.905075,130.677474
61.569264,9.987099,-76.975201,130.784189
61.579500,9.822188,-77.028619,130.527825
61.589605,9.919970,-77.173044,130.560528
61.599719,9.609829,-77.237166,130.198118
61.609959,9.557795,-77.203261,130.092960
61.630488,9.282099,-77.148844,129.923421
61.640702,9.215482,-77.174355,129.976710
61.650917,9.237760,-77.056883,130.085556
61.661156,9.546160,-77.120192,130.493756
61.671373,9.530201,-77.151221,130.488278
61.691508,9.028866,-77.231353,129.798975
61.701748,8.886218,-77.167464,129.448860
61.711987,8.469597,-77.211853,129.094031
61.722227,8.459101,-76.906585,128.984229
61.732390,8.767133,-76.782924,129.567049
61.742353,8.897292,-76.523998,130.043865
61.762857,9.142960,-75.959005,131.001853
61.773096,9.339243,-75.656175,131.383442
61.783306,9.290381,-75.718685,131.463957
61.793412,9.187666,-75.819505,131.347406
61.803526,9.258733,-75.969360,131.471006
61.813791,9.213922,-75.883265,131.562516
61.834246,9.372192,-75.859762,132.152016
61.844460,9.593422,-75.911371,132.406987
61.854699,9.752390,-76.154581,132.765927
61.864964,9.773885,-76.499369,132.771228
61.875204,9.728950,-76.781626,132.572852
61.885443,9.817908,-77.144726,132.619693
61.905922,10.487428,-77.969294,133.041826
61.916187,10.446623,-78.458253,132.779711
61.926402,10.407747,-78.780126,132.419678
61.936642,10.103337,-78.992033,132.053375
61.946881,10.272663,-78.925165,132.211494
61.957146,10.964096,-78.781806,133.100279
61.977626,11.885088,-78.401399,134.705455
61.987865,12.602625,-78.125042,135.741814
61.998105,13.056473,-77.929644,136.612909
62.008369,13.462154,-77.710798,137.227052
62.018564,13.909849,-77.688498,137.772511
62.038936,13.584031,-77.752148,137.233500
62.049150,13.357593,-77.615230,136.872893
62.059416,12.671266,-77.508283,136.182115
62.069605,11.810138,-77.316013,135.323724
62.079844,11.659090,-77.082954,135.184088
62.090109,12.177674,-76.946835,136.000623
62.100348,12.162344,-76.818687,136.170763
62.110442,11.999491,-76.596098,135.940627
62.120660,11.646998,-76.420733,135.637639
62.130900,11.090211,-76.102330,135.188841
62.141013,10.722234,-75.675504,134.938556
62.151026,10.530296,-75.344022,134.983895
62.161265,10.179173,-75.074065,134.815899
62.181744,9.951696,-74.536099,134.950837
62.192010,9.925964,-74.419986,135.279232
62.202205,9.880282,-74.318599,135.307782
62.212425,10.153231,-74.277897,135.744641
62.222690,10.214515,-74.474921,135.954342
62.243145,10.188611,-75.037572,135.593038
62.253359,9.885220,-75.449521,135.145921
62.263598,9.516378,-75.769488,134.357594
62.273863,9.005141,-75.952489,133.559322
62.284035,8.814264,-76.209461,133.145099
62.294150,9.139118,-76.342247,133.080731
62.314654,9.086848,-76.621103,132.632165
62.324616,8.920916,-76.690013,131.988638
62.334780,9.102313,-76.518500,132.050410
62.344994,9.233962,-76.479971,132.244880
62.355234,9.193602,-76.473953,131.836134
62.375713,8.550669,-76.136569,130.297470
62.385944,9.157272,-75.647678,131.125944
62.396029,9.148424,-75.316373,131.409069
62.406193,8.918710,-75.290849,131.086534
62.416433,8.776823,-75.343045,130.550241
62.426698,8.506997,-74.943151,129.921768
62.447177,9.193326,-73.862861,131.209013
62.457416,9.145321,-73.672087,131.517246
62.467655,8.661273,-73.841319,131.026702
62.477812,8.202279,-73.742827,130.265928
62.487919,8.371654,-73.238192,130.279506
62.498158,8.569718,-72.691927,131.157500
62.508423,8.761785,-72.401774,131.925623
62.518335,8.302037,-72.579018,131.685938
62.528549,7.827335,-72.915691,131.049310
62.538789,7.935068,-72.667667,130.886259
62.549003,7.957316,-72.332298,131.421924
62.559268,8.183240,-72.047001,132.270124
62.569483,8.240137,-72.130513,132.789737
62.579709,7.788676,-72.567195,132.543332
62.589948,7.560619,-72.732253,131.982109
62.600188,7.460024,-72.805862,131.854288
62.610251,7.506622,-72.844084,132.129490
62.620314,7.804804,-73.250418,132.589818
62.630553,7.974312,-73.788562,132.577687
62.640793,8.348070,-74.401394,132.615021
62.661298,8.141667,-75.227772,132.155869
62.671512,7.823808,-75.786836,131.579524
62.681752,7.678975,-76.270994,131.040827
62.691916,7.671502,-76.545131,131.124510
62.701878,8.096551,-76.717586,131.768870
62.722382,8.008482,-77.564748,131.819017
62.732622,8.214252,-77.830429,132.261013
62.742886,8.292139,-77.983739,132.440305
62.763340,7.054276,-79.069658,130.859854
62.773580,6.738711,-79.508982,130.089518
62.794109,4.405866,-79.997020,127.255426
62.804323,2.828648,-80.027605,125.084847
62.814537,1.883752,-80.068108,123.932840
62.824802,1.857135,-79.819066,124.068774
62.834984,3.162129,-79.847602,125.530886
62.855429,2.745726,-80.226118,124.561463
62.865669,2.250514,-80.273485,123.854866
62.886147,1.807270,-79.839679,123.110813
62.896387,1.305673,-79.692844,122.519879
62.906626,1.906882,-79.388334,122.888927
62.926940,3.785446,-78.648392,125.372794
62.937005,4.300292,-78.477542,125.973782
62.947195,4.500290,-78.291269,126.129265
62.957434,4.588620,-77.999265,126.402937
62.967674,5.004845,-77.572460,127.090491
62.977939,4.942514,-77.459277,127.260986
62.988179,5.194038,-77.238204,127.372632
62.998419,5.792609,-77.108662,128.145810
63.008659,6.009956,-76.864756,128.694834
63.018899,6.346773,-76.847469,129.157101
63.029013,6.054291,-76.839580,128.788148
63.039026,6.517312,-76.705449,129.176649
63.049266,6.586669,-76.544366,129.593346
63.059531,6.645036,-76.494266,129.795273
63.069746,6.542036,-76.497367,129.668519
63.080011,6.696213,-76.505939,129.935770
63.090226,6.992813,-76.347486,130.498523
63.100469,7.086121,-76.496575,130.810157
63.110622,6.774716,-76.683784,130.400387
63.130952,6.857429,-76.873520,130.529150
63.141192,6.875555,-77.000561,130.576182
63.151432,6.219641,-77.287006,129.784003
63.171911,7.035663,-77.599050,130.404758
63.182151,6.993206,-77.821031,130.348887
63.202656,6.630147,-78.218555,129.604602
63.212922,6.851804,-78.197149,129.926918
63.223137,6.867078,-78.478327,130.015383
63.233376,6.666528,-78.671977,129.577445
63.243591,7.026827,-78.831721,129.829397
63.253856,7.101279,-78.899360,130.030628
63.274337,6.974003,-79.290566,129.560957
63.284577,7.394576,-79.171455,130.038551
63.294640,7.740460,-79.415928,130.456681
63.304704,7.485239,-79.456274,130.058003
63.314969,7.302879,-79.843340,129.573087
63.325159,7.380488,-79.773222,129.552050
63.335424,7.001065,-80.017886,129.100329
63.345639,6.458009,-79.908910,128.347041
63.355879,6.021716,-79.876160,127.742064
63.366030,6.026204,-79.664389,127.787375
63.376081,6.125960,-79.511680,128.061635
63.396210,6.853615,-79.418919,128.715065
63.406450,7.525838,-79.379420,129.414080
63.416413,8.148265,-79.260691,130.121415
63.426577,8.487558,-79.267105,130.419184
63.436792,9.086077,-79.001731,131.031906
63.447032,9.446680,-78.914148,131.633277
63.467512,8.981697,-78.626201,131.198481
63.477777,8.821568,-78.464277,131.169412
63.487982,8.982021,-78.217708,131.544690
63.498116,9.047686,-78.173482,131.695473
63.508181,9.504636,-78.053428,132.207546
63.528311,10.234720,-78.141230,133.182514
63.538376,10.173302,-78.181754,132.965724
63.548590,9.799400,-78.048695,132.545941
63.558830,9.883163,-77.918136,132.719045
63.568944,9.631807,-77.891812,132.681588
63.578958,9.885833,-77.867189,132.947310
63.589172,10.029812,-77.921892,133.291046
63.599437,10.281485,-77.951303,133.606532
63.609652,10.211986,-78.072395,133.475092
63.619892,9.996498,-78.115548,133.091905
63.630137,10.106066,-78.264187,133.175192
63.640282,9.885144,-78.281263,132.852001
63.650372,9.744087,-78.393571,132.622507
63.670877,9.363597,-78.505491,132.302062
63.681142,9.108851,-78.544102,131.946305
63.691357,9.147195,-78.652135,131.930281
63.701572,8.909995,-78.691777,131.774252
63.722053,9.112046,-78.705356,132.006014
63.732124,9.152827,-78.791519,132.144954
63.742189,8.961860,-78.819399,132.016874
63.752253,8.653767,-78.869212,131.585070
63.762418,8.399777,-78.897107,131.341396
63.772658,8.148440,-78.929967,131.117243
63.782923,8.055824,-78.952984,130.994709
63.803403,8.196320,-79.100011,131.147774
63.813617,8.061389,-79.161025,131.017863
63.823857,7.900357,-79.203017,130.762182
63.834026,7.542301,-79.242099,130.392409
63.844095,7.194605,-79.284023,129.997925
63.854185,6.794323,-79.167978,129.587390
63.874690,6.769058,-79.042692,129.798634
63.884956,7.113890,-79.059522,130.338027
63.895170,7.482413,-79.146743,130.691913
63.905385,7.804060,-79.249278,130.967771
63.915650,7.971337,-79.280369,131.065210
63.935937,7.697379,-79.089055,130.629198
63.946001,7.847503,-79.010003,130.947349
63.956191,7.915710,-79.007298,131.196350
63.966255,8.095413,-79.064562,131.425844
63.976319,8.035292,-79.069098,131.402021
63.986533,8.105228,-78.980250,131.524595
64.007038,8.378077,-78.858673,131.967670
64.017303,8.583816,-78.915801,132.354272
64.027518,8.670597,-78.891328,132.451944
64.037758,8.530059,-78.966597,132.280793
64.047998,8.352608,-78.947322,132.104861
64.058238,7.798062,-78.906266,131.621092
64.068502,7.785720,-78.768808,131.651746
64.078415,7.870540,-78.786089,131.947657
64.088630,8.433415,-78.863925,132.691683
64.098895,8.474395,-79.041490,132.720766
64.109085,8.721158,-79.023499,132.947897
64.119300,8.680665,-79.152180,132.805051
64.139804,8.327045,-79.140125,132.528510
64.149825,8.321417,-79.199247,132.657532
64.159880,8.093490,-79.350645,132.473008
64.169945,8.059782,-79.382774,132.354791
64.180060,7.541609,-79.431296,131.844931
64.190275,7.248683,-79.410689,131.556205
64.200187,7.070322,-79.521857,131.273804
64.210452,7.089058,-79.559649,131.288079
64.220667,7.146902,-79.550305,131.402567
64.230907,6.887399,-79.527997,131.211718
64.241146,6.846460,-79.558310,131.196528
64.251412,6.775288,-79.701150,131.209737
64.261626,6.822580,-79.694278,131.275211
64.271852,6.671815,-79.790277,130.992414
64.281917,6.692738,-79.717228,131.034283
64.291982,6.390260,-79.831668,130.723906
64.302047,6.292575,-79.845314,130.488592
64.312162,5.661560,-80.014300,129.687097
64.322376,5.298753,-79.904566,129.243544
64.332289,4.819892,-79.878243,128.644140
64.342554,4.990875,-79.835868,128.776045
64.352769,5.375542,-79.866392,129.218710
64.362983,5.363348,-79.865621,129.191990
64.373249,5.221124,-79.761153,128.980937
64.383464,4.789438,-79.669109,128.527016
64.403944,4.290087,-79.503935,128.059135
64.414183,4.513955,-79.414295,128.454152
64.424423,4.706214,-79.384256,128.785689
64.434487,4.696841,-79.369735,128.842079
64.444550,4.236979,-79.407568,128.314065
64.454790,3.735626,-79.390820,127.746080
64.475295,2.337110,-79.216172,126.269707
64.485560,1.806942,-79.229867,125.820458
64.495741,1.488045,-79.373970,125.478170
64.505961,1.211779,-79.471478,124.953707
64.516200,0.754606,-79.454354,124.416704
64.536706,0.539800,-79.354265,124.037683
64.546971,0.330914,-79.434759,123.834854
64.557186,0.299123,-79.319731,123.852011
64.567426,-0.312140,-79.345857,123.215424
64.577666,-0.464181,-79.245344,123.016830
64.587830,-1.007877,-79.303735,122.430294
64.597793,-1.015834,-79.248322,122.462765
64.608033,-0.921006,-79.257863,122.429283
64.618298,-0.801008,-79.272166,122.555628
64.628538,-0.903640,-79.256511,122.554576
64.638803,-1.277184,-79.280389,122.104303
64.649017,-1.814152,-79.301215,121.501033
64.659262,-2.411393,-79.387610,120.855812
64.669416,-2.650401,-79.351328,120.579900
64.679481,-2.790565,-79.435168,120.266709
64.689721,-3.119343,-79.498935,119.930636
64.699987,-3.547486,-79.387166,119.593839
64.710176,-4.189991,-79.413346,118.867435
64.720391,-4.427031,-79.340816,118.676722
64.730631,-4.695601,-79.384406,118.535706
64.751161,-3.967186,-79.527977,119.326697
64.761250,-3.894599,-79.876802,119.390245
64.771448,-4.040076,-79.903767,119.153634
64.781688,-4.886001,-80.042365,118.024972
64.791953,-5.520572,-80.080874,117.220772
64.802168,-6.359816,-80.121514,116.237539
64.822673,-7.662456,-80.257790,114.440072
64.832912,-8.209596,-80.323277,113.719323
64.843042,-7.892277,-80.213489,113.866439
64.853100,-7.553499,-80.224246,114.118650
64.863215,-6.672144,-80.249921,115.054441
64.873480,-5.963956,-80.165083,115.784848
64.893936,-5.417582,-80.116200,116.400767
64.904150,-5.460473,-80.055964,116.398636
64.914416,-5.229551,-80.050739,116.552465
64.924631,-4.952438,-80.014717,116.856259
64.934871,-5.070149,-80.106917,116.797478
64.955008,-5.582522,-80.117060,116.044859
64.965073,-5.574012,-80.120100,115.970520
64.975263,-5.534546,-80.072445,115.906125
64.985503,-5.184561,-80.123487,116.165945
64.995667,-4.504213,-80.128344,116.851955
65.005630,-4.442577,-80.075403,116.979735
65.026110,-4.806130,-79.735417,116.692990
65.036375,-5.115279,-79.682524,116.519653
65.046590,-4.719782,-79.553734,116.960624
65.056830,-4.171172,-79.569320,117.560820
65.067070,-3.195671,-79.689962,118.586701
65.087222,-1.863745,-79.641761,119.795521
65.097462,-1.213455,-79.442716,120.535449
65.107702,-0.944154,-79.333009,120.927010
65.117942,-0.657221,-79.251197,121.305239
65.128207,-0.730752,-79.215858,121.375385
65.138421,-0.879120,-79.357482,121.295335
65.158927,-1.136014,-79.365828,120.885223
65.169166,-1.051748,-79.355337,121.017305
65.179432,-0.780348,-79.218945,121.389947
65.189647,-0.539421,-79.366252,121.708247
65.199887,-0.026534,-79.431685,122.369164
65.210151,0.238840,-79.531139,122.696234
65.220392,0.654904,-79.649056,123.007144
65.230526,1.005614,-79.600247,123.408268
65.240601,1.155714,-79.687598,123.625618
65.250665,1.346467,-79.685420,123.825866
65.260730,1.286966,-79.784328,123.722907
65.270820,1.296769,-79.897558,123.707976
65.290973,1.656126,-79.879602,124.011100
65.301212,2.221483,-79.889130,124.734649
65.311427,2.398280,-79.909067,125.084246
65.321642,2.418466,-80.068703,125.031790
65.331882,2.281848,-80.175752,124.846869
65.342147,2.407748,-80.140945,124.964690
65.362615,3.451298,-80.336712,125.907106
65.372853,3.903863,-80.458734,126.435107
65.383093,3.726435,-80.560599,126.194493
65.393358,3.518651,-80.515684,125.886260
65.403573,3.138445,-80.596109,125.464264
65.413813,3.139897,-80.579901,125.522498
65.434292,3.622695,-80.667751,126.066263
65.444414,3.701906,-80.716041,126.209301
65.454481,3.499560,-80.653189,125.971365
65.464621,3.403276,-80.716887,125.808383
65.474861,3.693546,-80.596150,126.202594
65.495366,3.596909,-80.722925,126.196884
65.505631,3.534979,-80.785674,126.098884
65.515846,3.477631,-80.736046,125.987470
65.526086,3.673731,-80.659651,126.077519
65.536326,4.067329,-80.507542,126.548720
65.546541,4.371667,-80.622563,126.939093
65.566718,3.936769,-80.510964,126.402991
65.576958,3.608031,-80.412364,126.072164
65.587198,3.593599,-80.258254,126.147392
65.597463,3.849580,-80.156470,126.500390
65.607677,4.103697,-80.234526,126.949816
65.617932,4.063370,-80.240045,126.981167
65.628101,4.037329,-80.166128,126.842979
65.638166,3.853758,-80.091167,126.623047
65.648381,3.984206,-80.026123,126.814811
65.658621,3.954282,-79.981918,126.766330
65.668836,3.624156,-80.035754,126.452005
65.679101,2.972749,-79.961892,125.760694
65.689317,2.249220,-79.919873,124.986779
65.699582,1.882153,-79.865675,124.557133
65.709822,1.933687,-79.829004,124.639587
65.720062,1.954147,-79.898822,124.765262
65.730125,1.853839,-79.910044,124.576435
65.740189,1.338670,-79.876180,124.001702
65.750428,0.544862,-79.835055,123.206545
65.770908,-0.547342,-79.720363,122.100696
65.781174,-0.984214,-79.905017,121.695816
65.791389,-1.068972,-80.004301,121.461514
65.801629,-0.894360,-80.025515,121.438387
65.811830,-1.132293,-79.998283,121.172091
65.821877,-1.502562,-79.903610,120.742418
65.842382,-2.265316,-79.856270,120.014593
65.852596,-2.441437,-79.851243,119.860640
65.862862,-2.575493,-79.774779,119.666991
65.873077,-2.739631,-79.756966,119.561505
65.883317,-2.936040,-79.703711,119.461279
65.903822,-3.857627,-79.707379,118.552481
65.913734,-4.193232,-79.717378,118.229755
65.923949,-4.505611,-79.717378,117.859326
65.934189,-4.690472,-79.754657,117.487709
65.944429,-4.840391,-79.777265,117.262477
65.954668,-5.150927,-79.794286,116.957222
65.975198,-6.518193,-79.754022,115.419200
65.985371,-7.045314,-79.679908,114.929599
65.995597,-7.377886,-79.646091,114.654670
66.005837,-7.504108,-79.707590,114.508169
66.016103,-7.665746,-79.852349,114.293305
66.026318,-8.434427,-79.973790,113.377732
66.046798,-9.561391,-79.747117,111.851451
66.057064,-9.904848,-79.765148,111.490243
66.067279,-9.908785,-79.865054,111.380469
66.077518,-9.829076,-79.944974,111.332056
66.087683,-9.854921,-79.967691,111.219153
66.097646,-10.069439,-79.901411,110.904213
66.107885,-10.091073,-79.861481,110.742604
66.118125,-10.158039,-79.860266,110.638334
66.128365,-10.367180,-79.948635,110.372462
66.138605,-10.187102,-79.861468,110.423238
66.148858,-10.486809,-79.781575,110.096318
66.159028,-10.660919,-79.733368,109.986550
66.169094,-10.680261,-79.645784,109.988811
66.179358,-10.678916,-79.655483,110.025257
66.189598,-10.559974,-79.707761,110.210034
66.199864,-10.366288,-79.756235,110.372476
66.210079,-9.782819,-79.705466,110.915176
66.220293,-9.544877,-79.717153,111.192577
66.230533,-9.323090,-79.738408,111.472703
66.250871,-9.898777,-79.706306,110.843479
66.260936,-9.785211,-79.568753,110.929826
66.271001,-9.454883,-79.401011,111.284327
66.281141,-8.949492,-79.310654,111.937785
66.291381,-8.238262,-79.259701,112.842641
66.301646,-7.447053,-79.190374,113.753563
66.322125,-6.389801,-79.269673,114.806860
66.332340,-6.120500,-79.250357,115.041709
66.342555,-5.919036,-79.235297,115.222395
66.352758,-5.638313,-79.159953,115.642916
66.362844,-5.333777,-79.096077,116.118721
66.383174,-4.896327,-79.298653,116.635657
66.393414,-4.824043,-79.276203,116.641053
66.403427,-5.136846,-79.403217,116.222922
66.413541,-5.036956,-79.277965,116.339527
66.423756,-5.054992,-79.214075,116.410083
66.434021,-4.857835,-79.300825,116.637952
66.444236,-4.635570,-79.417956,116.790060
66.454476,-4.215912,-79.362126,117.155844
66.464682,-3.917913,-79.308810,117.474855
66.474917,-3.471199,-79.278224,118.012664
66.485031,-2.998628,-79.225864,118.631452
66.495044,-2.707273,-79.285328,118.989053
66.515523,-2.335970,-79.302205,119.398906
66.525763,-2.446556,-79.249660,119.262138
66.536028,-2.501862,-79.310429,119.222960
66.546243,-2.317388,-79.252556,119.419232
66.556483,-2.566505,-79.375548,119.140902
66.566723,-2.696725,-79.366402,118.995979
66.587228,-2.696294,-79.359094,119.012221
66.597493,-2.631612,-79.528639,118.934808
66.607708,-2.469993,-79.424896,119.044269
66.617948,-2.454114,-79.330147,119.189820
66.628188,-2.151124,-79.208871,119.630613
66.638421,-1.815336,-79.239763,120.093358
66.658502,-1.110178,-79.397800,120.872355
66.668567,-1.060426,-79.379011,120.809777
66.678632,-1.611368,-79.398463,120.184255
66.688697,-1.969000,-79.237988,119.833319
66.698787,-2.223455,-79.152057,119.644219
66.709052,-2.258978,-79.171981,119.722097
66.718940,-2.159860,-79.314356,119.808854
66.729180,-1.856641,-79.275779,120.011505
66.739394,-2.042057,-79.265677,119.793540
66.749634,-2.114519,-79.065013,119.765277
66.759874,-2.345409,-78.918943,119.665775
66.770139,-2.199812,-78.920350,119.994006
66.790585,-1.554349,-78.977894,120.800228
66.800670,-1.754201,-79.100844,120.489837
66.810735,-2.166337,-78.903547,120.031327
66.820800,-2.930119,-78.803048,119.259447
66.830890,-3.355070,-78.745948,118.893731
66.851042,-3.708079,-78.836953,118.503031
66.861282,-3.877146,-78.941318,118.251885
66.871497,-3.965791,-78.749465,118.133012
66.881711,-4.638273,-78.821496,117.362936
66.891951,-4.679861,-78.745353,117.272709
66.902216,-4.779969,-78.689271,117.125846
66.912456,-4.670880,-78.664416,117.228285
66.922685,-4.711752,-78.658419,117.207289
66.932923,-4.739753,-78.614671,117.144684
66.943163,-5.074627,-78.730143,116.644331
66.953277,-5.170156,-78.610525,116.438551
66.963290,-5.611496,-78.555126,115.899281
66.973530,-5.864868,-78.473935,115.715303
66.994010,-6.268851,-78.434382,115.373547
67.004276,-6.595894,-78.523980,114.908056
67.014471,-6.849522,-78.415947,114.534875
67.024691,-7.381933,-78.391946,113.858734
67.034930,-7.656047,-78.340002,113.555747
67.055436,-8.409788,-78.332332,112.756963
67.065702,-8.272877,-78.181583,112.843912
67.075916,-8.456562,-78.119845,112.639307
67.086156,-8.268875,-77.989566,112.943790
67.096396,-8.342465,-77.866998,112.945798
67.106661,-8.563990,-77.886655,112.745414
67.127142,-8.695504,-77.769743,112.557645
67.137382,-8.981437,-77.850496,112.190051
67.147621,-9.101108,-77.753439,112.048816
67.157882,-9.675827,-77.730934,111.405692
67.168092,-9.828114,-77.687958,111.198970
67.178306,-10.220917,-77.705102,110.708644
67.188219,-10.549842,-77.784339,110.252012
67.198484,-10.558527,-77.685827,110.114753
67.208698,-10.742966,-77.683457,109.817673
67.218964,-10.217408,-77.447945,110.509770
67.229154,-10.063719,-77.343525,110.800538
67.239368,-9.611411,-77.329722,111.399409
67.249608,-9.482254,-77.298296,111.509122
67.259873,-9.709565,-77.427639,111.204284
67.269951,-9.686072,-77.380299,111.146261
67.280015,-10.091114,-77.405776,110.664829
67.290180,-10.164748,-77.385429,110.586172
67.300419,-10.364683,-77.412633,110.269996
67.310685,-10.549252,-77.462658,109.991864
67.320899,-10.510638,-77.299833,109.968593
67.331164,-10.914619,-77.345752,109.469634
67.341404,-10.944987,-77.186438,109.384155
67.351644,-11.245948,-77.160606,109.058368
67.361801,-11.178209,-77.203343,109.050227
67.371857,-11.208097,-77.219619,108.915911
67.381948,-11.253805,-77.284526,108.775571
67.402453,-10.762849,-77.154923,109.207580
67.412667,-10.646337,-77.140785,109.278136
67.422933,-10.815219,-77.157444,109.042918
67.433148,-10.768362,-77.149152,108.937269
67.443388,-10.799171,-77.195618,108.809428
67.463893,-11.350828,-77.237787,107.984587
67.473805,-11.757037,-77.221408,107.409117
67.484020,-11.879992,-77.037246,107.193665
67.494260,-12.020862,-77.050148,107.044371
67.504500,-11.613669,-77.002036,107.393892
67.514765,-11.592428,-77.160148,107.315843
67.524979,-11.434998,-77.230656,107.328486
67.535244,-11.805662,-77.334660,106.692425
67.545484,-12.206721,-77.325753,105.953815
67.555574,-12.411102,-77.194771,105.560198
67.565708,-12.462152,-77.101265,105.482552
67.575948,-12.393662,-77.073548,105.446516
67.596428,-12.405210,-76.979019,105.280290
67.606694,-12.200437,-76.933625,105.371193
67.616908,-11.943602,-76.930135,105.663231
67.627148,-11.810315,-76.972079,105.676707
67.637388,-11.990600,-76.955468,105.374519
67.647552,-11.985923,-76.945114,105.235457
67.657515,-12.028735,-76.870992,105.013523
67.667755,-12.219442,-76.914624,104.764945
67.678020,-11.981672,-76.751430,104.948500
67.688235,-11.841748,-76.804494,105.074087
67.698475,-11.491183,-76.856027,105.382975
67.708740,-11.708758,-77.055667,104.955603
67.718951,-12.061281,-77.031871,104.287898
67.729164,-12.454637,-77.027629,103.593015
67.739429,-12.675060,-76.812697,103.223925
67.749669,-12.571036,-76.661961,103.367803
67.759682,-11.838635,-76.472840,104.219077
67.769796,-10.969059,-76.510037,105.312016
67.780011,-9.924525,-76.528376,106.431129
67.790251,-9.448769,-76.646955,106.871553
67.810781,-9.357226,-76.723932,106.698907
67.820967,-9.414006,-76.692847,106.537277
67.831073,-9.510834,-76.846807,106.340868
67.841213,-9.628405,-76.977352,106.003088
67.851452,-10.134338,-77.171172,105.236488
67.861718,-10.020670,-77.029958,105.138079
67.882197,-9.219163,-76.880111,106.067606
67.892412,-8.844006,-77.051289,106.319380
67.902652,-8.438729,-77.146966,106.661580
67.912845,-7.855502,-77.006517,107.100918
67.922915,-7.456319,-76.877187,107.523474
67.943245,-6.140581,-76.771743,109.035002
67.953485,-5.547191,-76.557050,109.754938
67.963499,-4.675921,-76.488502,110.766885
67.973613,-3.870056,-76.285679,111.790177
67.983852,-3.088857,-76.262464,112.797576
67.994092,-2.643527,-76.173118,113.355186
68.014572,-1.608905,-76.258946,114.618770
68.024790,-0.936811,-76.290925,115.366826
68.035014,-0.610358,-76.530152,115.777553
68.045228,0.108827,-76.660062,116.471432
68.055468,0.542398,-76.938372,116.940584
68.065733,0.926443,-76.908244,117.333812
68.086213,1.796515,-77.041310,118.241175
68.096453,2.362964,-77.067306,118.973713
68.106692,3.037990,-77.134248,119.686689
68.116806,3.937741,-77.174342,120.663365
68.126820,4.523813,-77.272881,121.449288
68.137085,5.146059,-77.240553,122.075971
68.157564,6.418176,-77.634164,123.469193
68.167779,7.071102,-77.684516,124.142158
68.178045,7.487428,-77.555343,124.784483
68.188234,8.246163,-77.276753,125.883050
68.198445,8.909787,-77.210248,126.881064
68.218750,10.072636,-77.077763,128.631327
68.228712,10.790379,-77.170291,129.544769
68.238877,11.164482,-77.299430,130.107672
68.249092,11.487926,-77.169772,130.734014
68.259307,12.084567,-76.931556,131.853278
68.269572,13.152394,-76.848398,133.430764
68.279813,14.307313,-77.346319,134.734716
68.290052,13.927690,-77.944418,134.096571
68.300292,14.322347,-79.029332,134.032955
68.310532,13.828392,-79.508286,133.149429
68.320772,12.934345,-79.803275,131.994376
68.340899,12.504658,-78.878788,131.815315
68.351164,13.756070,-78.556970,133.431762
68.361430,16.158278,-78.357590,136.263599
68.371620,18.292519,-78.169234,138.616558
68.381834,20.224655,-78.203849,140.748520
68.392074,20.487697,-77.983658,141.002220
68.402308,20.441030,-77.540392,141.019200
68.422391,19.795493,-76.823714,141.055223
68.432456,19.903453,-76.567042,141.395393
68.442621,19.879008,-76.462192,141.677753
68.452735,19.592288,-76.292195,141.535631
68.462749,19.673224,-76.098751,141.746506
68.483228,19.238508,-75.871934,141.676005
68.493468,19.263391,-75.747044,141.814384
68.503708,19.341974,-75.690626,142.024071
68.513973,19.203977,-75.521593,141.853043
68.524178,19.141062,-75.437930,141.866635
68.534389,18.872636,-75.297781,141.619806
68.554894,18.490154,-74.918890,141.432577
68.565160,18.405128,-74.886085,141.343224
68.575375,18.022936,-74.687087,140.953740
68.585615,17.705785,-74.286182,141.042395
68.595855,18.163896,-73.930234,142.052089
68.606092,18.538670,-73.756433,142.881820
68.626207,19.312169,-73.790154,144.151388
68.636422,19.376055,-74.024388,144.163491
68.646662,19.463428,-74.223611,144.208379
68.656902,19.375920,-74.515608,144.140761
68.667167,19.794955,-74.831095,144.237981
68.687646,19.333569,-75.252395,143.389672
68.697886,19.329550,-75.315929,143.043750
68.708126,19.285333,-75.235408,142.925164
68.718190,19.278445,-75.033747,143.043122
68.728253,20.023449,-74.983463,143.649588
68.738468,19.800117,-74.692749,143.535100
68.758973,20.144120,-73.648263,144.498895
68.769238,20.203059,-73.336206,145.224534
68.779453,20.225481,-73.204820,145.318599
68.789657,20.332932,-73.300313,145.300595
68.799878,19.699258,-73.197191,144.503416
68.810144,19.370154,-73.018800,144.138042
68.820359,18.998113,-72.785371,144.098741
68.830625,19.031407,-72.840197,144.498061
68.840839,19.340430,-72.955183,144.748333
68.851054,19.328064,-73.115427,144.597700
68.861294,18.836740,-72.978468,143.923970
68.871517,18.718472,-72.652654,143.990210
68.881606,19.287836,-72.550925,144.954386
68.891671,19.632969,-72.564770,145.781017
68.901911,20.043848,-72.865401,146.217766
68.912151,19.651735,-72.916163,145.598992
68.922214,19.384335,-72.780153,145.349813
68.932278,19.668757,-72.597924,146.038761
68.942518,20.181467,-72.660331,147.134870
68.963023,21.222228,-73.260985,148.386188
68.973238,21.288607,-73.454477,148.599549
68.983463,21.432452,-73.489386,148.945976
68.993679,22.108072,-73.967090,149.892640
69.003894,22.415072,-74.449369,150.110223
69.014134,23.301341,-75.048739,150.819238
69.034664,23.845930,-75.642979,151.484689
69.044878,24.333871,-76.252737,152.034629
69.055118,24.609173,-76.675642,152.029383
69.065358,25.253880,-77.029405,152.743671
69.075522,25.824196,-77.161514,153.600313
69.085485,27.176037,-77.418118,155.089472
69.105990,29.712525,-78.479645,157.312739
69.116255,30.355707,-78.896492,157.647091
69.126470,30.464017,-79.309548,157.627488
69.136735,30.949008,-79.716750,157.830919
69.146922,30.277518,-79.929046,156.758292
69.167200,29.509197,-79.983407,155.970539
69.177265,29.937020,-80.024327,156.541338
69.187455,30.122517,-79.892477,156.752678
69.197695,29.717993,-79.622596,156.373179
69.207859,29.391339,-79.253192,156.301544
69.217822,29.553289,-78.774559,156.714497
69.238327,30.451907,-78.329668,157.913263
69.248542,30.257622,-77.960647,157.631217
69.258807,29.234845,-77.425652,157.058834
69.269022,28.484609,-76.836773,156.666084
69.279262,28.336670,-76.577984,156.850718
69.289527,28.072629,-76.294354,156.702148
69.299414,28.139534,-75.782554,156.993824
69.309654,27.923405,-75.266192,157.451215
69.319920,27.646876,-74.828499,157.707825
69.330110,27.550162,-74.584655,157.967072
69.340324,27.471147,-74.367694,158.250757
69.371016,26.817568,-73.898726,158.516997
69.381080,26.853505,-73.874991,158.422795
69.391145,26.929944,-73.699920,158.674488
69.401285,27.091093,-73.416447,159.260067
69.411450,27.419521,-73.531078,160.034843
69.431652,27.808487,-73.611797,160.623687
69.441892,27.345699,-73.525067,160.520251
69.452132,27.815944,-73.632185,161.217449
69.462372,28.151796,-74.060711,161.604338
69.472637,28.855254,-74.321781,162.105306
69.482847,29.296642,-74.476219,162.669657
69.503318,29.995305,-75.014916,163.383575
69.513558,30.527459,-75.420595,163.781898
69.523823,30.723690,-75.490946,164.066267
69.534038,31.065688,-75.718343,164.491022
69.544278,31.635134,-75.928877,165.036918
69.554518,32.205834,-76.132792,165.593401
69.575023,32.666872,-76.424455,166.272950
69.585289,32.880111,-76.772638,166.404172
69.595503,33.085805,-76.813113,166.691477
69.605718,33.374637,-76.966533,167.152638
69.615983,34.036168,-76.968097,167.998557
69.636438,35.099311,-77.434954,168.930345
69.646679,35.203201,-77.539046,169.089734
69.656944,35.887706,-77.671935,169.850836
69.667159,36.392187,-77.753501,170.366938
69.677399,37.243553,-77.954561,171.155088
69.687639,37.139389,-77.696079,171.210685
69.697904,37.351221,-77.675165,171.740408
69.708143,37.202353,-77.482827,171.769408
69.718250,37.513328,-77.513768,172.124196
69.728471,37.284930,-77.148564,172.121218
69.738737,37.642419,-76.968234,172.765960
69.748927,38.017482,-76.818338,173.389488
69.759141,38.344426,-76.560635,173.937775
69.769381,38.804986,-76.309947,174.671624
69.779646,39.250703,-75.962850,175.507175
69.789911,39.836993,-75.892315,176.317987
69.800021,40.103866,-75.663183,176.659045
69.810198,40.116119,-75.484963,176.869839
69.820413,40.120569,-75.263576,177.204695
69.830679,40.128987,-75.219200,177.419163
69.840894,40.169169,-75.001372,177.671812
69.851159,40.134359,-74.714709,178.000891
69.861399,40.574052,-74.547007,178.885933
69.871639,40.502977,-74.363459,179.201009
69.881807,40.651339,-74.261047,179.699996
69.891876,40.777168,-74.070239,-179.773202
69.901966,40.982655,-73.964863,-179.096672
69.922471,41.444953,-73.782695,-178.061884
69.932686,41.829226,-73.681663,-177.337228
69.942951,42.262403,-73.669526,-176.597983
69.953166,42.872899,-73.695043,-175.868205
69.963406,43.220385,-73.600425,-175.318552
69.983911,43.579814,-73.356819,-174.324254
69.993823,43.909712,-73.292158,-173.649213
70.004038,43.971149,-73.044987,-173.157399
70.014278,44.511820,-72.970012,-172.170832
70.024518,44.831603,-72.790815,-171.417408
70.034783,45.385822,-72.771007,-170.479008
70.055262,46.271670,-72.665624,-168.918214
70.065502,46.394576,-72.587808,-168.439213
70.075768,46.372808,-72.571231,-168.107225
70.085983,46.465866,-72.517266,-167.652184
70.096223,46.853831,-72.533180,-166.864335
70.106463,47.524528,-72.461593,-165.851910
70.137171,48.765211,-72.032514,-163.263091
70.147398,49.107824,-71.963208,-162.452061
70.157638,49.582013,-71.929310,-161.643380
70.167802,49.909531,-71.881218,-160.924967
70.177765,49.877976,-71.725831,-160.560863
70.188005,49.928287,-71.617313,-160.063981
70.198270,50.340055,-71.462295,-159.269575
70.208485,50.753018,-71.271692,-158.376678
70.218725,51.052099,-71.060960,-157.597422
70.228966,51.133692,-70.861505,-157.044600
70.239116,51.559886,-70.842346,-156.232121
70.259446,51.204217,-70.576433,-155.873195
70.269686,50.806980,-70.386390,-155.780714
70.279699,50.704227,-70.186136,-155.298353
70.289813,50.407838,-69.911180,-154.877162
70.300027,50.454546,-69.675504,-154.129284
70.310292,50.993168,-69.610843,-153.061302
70.320508,50.810867,-69.288704,-152.664222
70.330773,50.542553,-69.041287,-152.298984
70.341013,50.586901,-68.849475,-151.650171
70.351113,50.769264,-68.804648,-150.943848
70.361153,50.490623,-68.644057,-150.660900
70.371268,50.092437,-68.505459,-150.438714
70.381508,50.046702,-68.420286,-149.845922
70.391773,50.278556,-68.427034,-149.039468
70.412253,51.204719,-68.411018,-147.161808
70.422468,51.391317,-68.343289,-146.539905
70.442922,51.556211,-68.283594,-145.556017
70.452995,51.654617,-68.309398,-144.979180
70.463060,51.329971,-68.134634,-144.723990
70.473125,51.129334,-68.152167,-144.328154
70.483190,50.921676,-68.089507,-143.923875
70.493255,51.243125,-68.163929,-143.067588
70.503370,52.170248,-68.246813,-141.874408
70.523875,52.810719,-68.153048,-140.479793
70.534115,52.841612,-68.073873,-140.168418
70.544380,52.768785,-68.131683,-139.727639
70.554595,52.499392,-68.135672,-139.670388
70.564810,52.433351,-68.289345,-139.333892
70.575050,52.355705,-68.295724,-139.043240
70.595202,51.965814,-68.362933,-138.625465
70.605442,52.032914,-68.602400,-138.150480
70.615682,52.012167,-68.610056,-137.849323
70.625922,52.132583,-68.778926,-137.376756
70.636187,52.232277,-68.810372,-136.945703
70.646401,52.023837,-68.846347,-136.834070
70.666875,51.317127,-68.604121,-136.483982
70.676939,50.940148,-68.467715,-136.163277
70.687129,50.645764,-68.460448,-135.773943
70.697369,50.644907,-68.551077,-135.258878
70.707584,50.290679,-68.544896,-135.076649
70.717849,49.836660,-68.560380,-134.956355
70.728089,49.224637,-68.606265,-135.064204
70.738329,48.806005,-68.695597,-134.840597
70.748595,49.242642,-69.042277,-134.170884
70.758701,49.835167,-69.330265,-133.362025
70.768781,49.971054,-69.599191,-132.985368
70.778871,50.280110,-69.822176,-132.574245
70.789136,50.648725,-70.121010,-132.180362
70.799024,50.921803,-70.252587,-131.767900
70.809263,51.209432,-70.440875,-131.371080
70.819503,51.241759,-70.458271,-131.117147
70.829743,51.204617,-70.608453,-130.901641
70.839983,50.850615,-70.592853,-130.990119
70.850248,50.133653,-70.622647,-131.313966
70.870672,49.357467,-70.624067,-131.144208
70.880753,49.450208,-70.639353,-130.588969
70.890818,49.560601,-70.722770,-130.071718
70.900883,49.852284,-70.811754,-129.452521
70.910973,50.395817,-71.132308,-128.755855
70.931125,50.588920,-71.571264,-128.424905
70.941365,50.524962,-71.734834,-128.388323
70.951580,50.461574,-71.806919,-128.206612
70.972085,50.228972,-71.831658,-127.877329
70.982300,49.501656,-71.849492,-128.187501
71.002767,47.673426,-71.618413,-128.840317
71.013005,47.226909,-71.504608,-128.561891
71.023245,47.018698,-71.583702,-128.249383
71.043372,47.376514,-71.969061,-127.146198
71.053612,48.093951,-72.356326,-126.469504
71.074117,49.497490,-73.182465,-125.317306
71.084382,49.868844,-73.416624,-124.955087
71.094564,50.270756,-73.529370,-124.535126
71.104772,50.746581,-73.601476,-124.120656
71.115012,50.403501,-73.315326,-124.325890
71.135164,49.176078,-72.796067,-124.677781
71.145404,48.654607,-72.694509,-124.820095
71.155644,48.029009,-72.634684,-124.937055
71.165859,47.657061,-72.745305,-124.880433
71.176124,46.770325,-72.591524,-125.265751
71.186339,45.853430,-72.472610,-125.619145
71.206844,44.678839,-72.084300,-125.609351
71.217110,45.049093,-72.297505,-124.754334
71.227325,46.104364,-72.726755,-123.705736
71.237590,47.125556,-73.283941,-122.674337
71.247780,47.370490,-73.764704,-122.459432
71.257995,47.299849,-74.181237,-122.501642
71.268251,47.008046,-74.381785,-122.774413
71.278491,46.442554,-74.256553,-123.151371
71.288454,45.567979,-73.935343,-123.400987
71.298618,44.711316,-73.507869,-123.483495
71.308833,44.820224,-73.427484,-122.652835
71.319048,44.884759,-73.192259,-121.977343
71.339552,43.978895,-72.904729,-121.462811
71.349818,44.393183,-73.113528,-120.842876
71.360024,45.572375,-73.410416,-119.662974
71.370259,46.004271,-73.672442,-119.122092
71.380473,46.032138,-73.842056,-119.154358
71.390739,46.609245,-74.193189,-118.691926
71.411219,46.586832,-74.188313,-118.298494
71.421458,47.218020,-74.263274,-117.423123
71.431698,47.899611,-74.555825,-116.445286
71.441867,48.176657,-74.791821,-116.029409
71.451935,48.141840,-75.015018,-115.915919
71.462025,47.956869,-75.178963,-115.952297
71.482530,47.566879,-75.379750,-115.972364
71.492796,47.552392,-75.377087,-115.641810
71.503011,47.164649,-75.120292,-115.380910
71.513225,47.237612,-75.016275,-114.811696
71.523440,47.656398,-75.073710,-114.021969
71.543945,50.276169,-75.667636,-111.238080
71.553866,50.848709,-75.978519,-110.567922
71.563907,50.200142,-76.121782,-111.197939
71.574072,49.760722,-76.374117,-111.466481
71.584312,48.725979,-76.271862,-112.146584
71.594526,49.449320,-76.532748,-111.095008
71.614704,50.587724,-76.995643,-109.906343
71.624969,49.811644,-76.915874,-110.351712
71.645398,50.019579,-77.361434,-109.874460
71.655638,49.962936,-77.519737,-109.770859
71.676143,50.316043,-77.416397,-108.740682
71.686055,51.139013,-77.438267,-107.744212
71.696270,52.790392,-77.591530,-106.070864
71.706510,53.269858,-77.656013,-105.525193
71.716750,52.970122,-77.741097,-105.596425
71.727015,51.410294,-77.724780,-107.146557
71.747494,49.078539,-77.431095,-108.629166
71.757734,49.180036,-77.431437,-108.128349
71.767974,48.641681,-77.460929,-108.403223
71.778214,48.528863,-77.397866,-108.260438
71.788479,48.357480,-77.334004,-108.082696
71.798694,48.702227,-77.374063,-107.425290
71.819199,48.785593,-77.633829,-107.237897
71.829438,47.946931,-77.597431,-107.844452
71.839487,47.769404,-77.520420,-107.730976
71.849497,47.656593,-77.340069,-107.662155
71.859562,47.376921,-76.928660,-107.399424
71.869627,47.012605,-76.641962,-107.090918
71.879892,46.392776,-76.609594,-107.255574
71.889804,46.301801,-76.821931,-107.207168
71.900019,45.677577,-76.852558,-107.737669
71.910234,45.387864,-76.941876,-107.722288
71.920448,45.184481,-77.074081,-107.781034
71.930714,45.691414,-77.203261,-107.194491
71.940929,46.310370,-77.296677,-106.393556
71.951194,46.790969,-77.458805,-105.604710
71.961409,47.112896,-77.735530,-105.230969
71.971649,47.445677,-78.060586,-104.932401
71.981888,47.520717,-78.130438,-104.803529
71.992053,47.482396,-78.069936,-104.425123
72.002016,47.809169,-78.181269,-103.787334
72.022520,49.181744,-78.405087,-102.219252
72.032760,49.241221,-78.434928,-101.839439
72.043025,49.423116,-78.711175,-101.493073
72.053220,48.568888,-78.770857,-102.486756
72.063425,48.483213,-78.774525,-102.243403
72.083930,47.986136,-79.009128,-102.222858
72.094170,47.781292,-79.151675,-102.528625
72.104183,47.974856,-79.168381,-102.050922
72.114297,47.957497,-79.265049,-101.782079
72.124512,47.917974,-79.402739,-101.739281
72.134752,48.220876,-79.577038,-101.388366
72.155217,47.646467,-79.705924,-101.480949
72.165282,46.816975,-79.817133,-102.186672
72.175472,45.762766,-79.794327,-103.108556
72.185711,44.893283,-79.678289,-103.652943
72.195876,45.004038,-79.786657,-103.217020
72.205839,44.939557,-79.812072,-103.217989
72.226369,43.632529,-79.629569,-103.745697
72.236583,42.147434,-79.653161,-104.976360
72.246823,41.427484,-79.857001,-105.583209
72.257063,40.412412,-79.805590,-106.412544
72.267303,39.707933,-79.844618,-106.686954
72.277568,38.717952,-79.835930,-107.545399
72.287808,38.425405,-79.843170,-107.672188
72.298048,38.112114,-79.887067,-107.583723
72.308313,38.186406,-80.147530,-107.286562
72.318503,37.534410,-80.512658,-108.083379
72.328710,37.164644,-80.821246,-108.652566
72.338926,35.962165,-80.847494,-109.785503
72.349191,34.776253,-80.764262,-110.770259
72.359431,33.814805,-80.721969,-111.638950
72.369671,33.122289,-80.533647,-112.091532
72.379911,32.901424,-80.490576,-111.964661
72.390151,32.411829,-80.577442,-112.282013
72.400416,31.830536,-80.764412,-112.944937
72.410606,30.881799,-80.755014,-113.855873
72.420677,29.936477,-80.722987,-114.660025
72.430942,29.255841,-80.881345,-115.318523
72.441182,28.339394,-80.960015,-116.358297
72.451397,27.366908,-80.970909,-117.259431
72.461662,26.325801,-80.963908,-118.125239
72.471877,25.292737,-81.087780,-119.178591
72.482092,24.862269,-81.215122,-119.635381
72.492357,24.116855,-81.300309,-120.279686
72.502597,23.186013,-81.401887,-121.140180
72.512567,21.667015,-81.551147,-122.709362
72.522583,20.385529,-81.569466,-124.033462
72.532724,19.436960,-81.424809,-124.841706
72.542963,18.871369,-81.440648,-125.112181
72.563115,17.767371,-81.473290,-126.007715
72.573355,16.968499,-81.574377,-126.619317
72.583595,15.906098,-81.715113,-127.627836
72.593860,14.615334,-81.893442,-129.033612
72.604075,13.610800,-81.991114,-130.152424
72.614315,12.803218,-82.225594,-130.989545
72.634820,10.860031,-82.638090,-133.379893
72.645085,9.370701,-82.742742,-135.029411
72.655301,7.976718,-82.859081,-136.563649
72.665540,6.540800,-82.784249,-138.113405
72.675780,5.187749,-82.633288,-139.489101
72.686035,4.194898,-82.619478,-140.451092
72.706267,2.365883,-82.874619,-142.436806
72.716482,1.492681,-82.816351,-143.403387
72.726722,0.270637,-82.769960,-144.628491
72.736961,-0.350311,-82.645289,-145.327834
72.747226,-0.536918,-82.486938,-145.500720
72.767706,-1.333283,-82.368297,-146.218600
72.777946,-2.132974,-82.372594,-147.042498
72.788186,-2.798645,-82.328798,-147.664961
72.798249,-3.232551,-82.276711,-148.108718
72.808313,-4.546661,-82.342322,-149.460918
72.818528,-5.641008,-82.277879,-150.752998
72.828768,-6.742024,-82.156521,-151.841403
72.849297,-7.567414,-81.936076,-152.598789
72.859512,-7.645615,-81.868266,-152.749572
72.869715,-7.743973,-81.785273,-152.767481
72.879935,-7.820771,-81.759379,-152.682554
72.890200,-8.096986,-81.720536,-152.999775
72.900416,-8.812903,-81.700687,-153.729663
72.910681,-8.901258,-81.611683,-153.820013
72.920896,-9.237246,-81.618404,-154.119189
72.931110,-9.786595,-81.492128,-154.774901
72.941325,-10.047310,-81.349008,-155.058435
72.951554,-10.452179,-81.301545,-155.397636
72.961662,-10.774793,-81.297324,-155.849399
72.971727,-11.291738,-81.422835,-156.394612
72.981966,-11.445709,-81.339746,-156.608752
72.992206,-11.572763,-81.292720,-156.711410
73.002270,-11.633654,-81.305069,-156.757541
73.012334,-11.910145,-81.205362,-157.031049
73.022573,-11.911970,-81.260345,-156.971107
73.043078,-11.374132,-81.414366,-156.328700
73.053293,-11.314220,-81.362231,-156.301557
73.063517,-11.694005,-81.339794,-156.737050
73.073733,-12.279665,-81.347690,-157.392338
73.083948,-12.131480,-81.183697,-157.293219
73.094187,-11.948007,-81.105805,-156.936164
73.114718,-10.931170,-81.212486,-155.819783
73.124932,-10.761782,-81.327192,-155.559812
73.135172,-10.893285,-81.375017,-155.731305
73.145412,-11.347241,-81.427876,-156.234048
73.155576,-11.906177,-81.434863,-156.889281
73.165539,-12.284812,-81.423915,-157.282523
73.186069,-12.805280,-81.552588,-157.893592
73.196284,-12.785569,-81.606089,-157.868252
73.206498,-12.187998,-81.597435,-157.267537
73.216764,-11.922036,-81.752542,-156.978811
73.226953,-12.358327,-81.881633,-157.501594
73.247251,-14.187171,-81.988491,-159.528630
73.257466,-15.081290,-82.021884,-160.587310
73.267479,-15.523270,-82.119276,-161.226779
73.277593,-15.027017,-82.146494,-160.729856
73.287808,-14.484459,-82.122540,-160.107229
73.298022,-14.770928,-82.105759,-160.434518
73.308287,-14.717359,-81.918857,-160.459011
73.318553,-14.685895,-81.952940,-160.382896
73.328768,-13.998113,-81.983471,-159.739396
73.339008,-13.167175,-82.049594,-158.919610
73.349248,-13.429362,-82.098778,-159.168857
73.359488,-14.099218,-82.055837,-159.878896
73.369752,-15.126509,-81.975200,-161.010549
73.379640,-15.743345,-81.941534,-161.706136
73.389880,-15.680588,-81.921316,-161.753988
73.400146,-14.827651,-81.932135,-160.866992
73.410335,-14.052056,-81.932962,-159.963153
73.420550,-13.427442,-81.815947,-159.293317
73.430790,-13.807627,-81.986046,-159.580171
73.441054,-14.173451,-82.023878,-160.033832
73.451063,-14.575089,-82.084407,-160.444367
73.461128,-14.726748,-82.047962,-160.630026
73.471193,-15.065244,-82.054676,-161.022242
73.481333,-15.274695,-82.079572,-161.336322
73.491598,-15.029896,-82.008046,-161.136238
73.501813,-15.470466,-82.056383,-161.555147
73.522293,-15.329649,-81.919131,-161.598656
73.532533,-15.066011,-81.862816,-161.216807
73.542772,-14.626710,-81.731362,-160.764690
73.552965,-14.411479,-81.693782,-160.554784
73.563034,-13.659346,-81.627406,-159.722102
73.583364,-13.362043,-81.710987,-159.228703
73.593604,-13.526041,-81.744524,-159.454017
73.613731,-13.886158,-81.700804,-159.787126
73.623971,-13.662869,-81.623698,-159.601304
73.634211,-13.234157,-81.566645,-159.165401
73.654740,-12.278514,-81.602606,-158.010607
73.664906,-12.464451,-81.675197,-158.194203
73.675130,-12.487855,-81.580462,-158.135313
73.685345,-12.160984,-81.434590,-157.680231
73.695584,-12.014634,-81.517864,-157.398854
73.705850,-12.641640,-81.612995,-158.175966
73.726329,-12.231248,-81.667561,-157.867132
73.736569,-11.262646,-81.640199,-156.814600
73.756923,-10.965225,-81.772712,-156.488581
73.766936,-11.854588,-81.808850,-157.437062
73.787416,-12.923397,-81.785826,-158.791790
73.797656,-12.697042,-81.937005,-158.495810
73.807921,-12.717373,-82.059375,-158.595367
73.818135,-13.885705,-82.119200,-159.902870
73.828348,-15.013384,-82.005765,-161.189650
73.838583,-14.716266,-81.836485,-160.897482
73.859088,-14.204098,-81.789507,-160.262234
73.869353,-13.839779,-81.978553,-159.897870
73.879568,-13.951497,-82.070481,-160.053763
73.889782,-14.336335,-82.030333,-160.484666
73.900022,-14.518405,-81.814697,-160.770045
73.910263,-14.302263,-81.735112,-160.535387
73.920334,-13.985183,-81.777056,-160.256961
73.930399,-13.740296,-81.825045,-160.068420
73.940614,-14.333232,-81.853527,-160.653467
73.950854,-14.784525,-81.694588,-161.186181
73.960968,-15.100857,-81.509251,-161.553836
73.970981,-15.044716,-81.502639,-161.460768
73.981221,-14.188060,-81.550895,-160.604522
73.991486,-13.693465,-81.625180,-160.108145
74.001701,-13.320123,-81.573680,-159.731446
74.011915,-13.481211,-81.538983,-159.837519
74.022160,-14.214482,-81.531763,-160.606639
74.032305,-15.153506,-81.601342,-161.638080
74.042395,-15.623675,-81.598091,-162.274558
74.062900,-15.603828,-81.623493,-162.474600
74.073165,-15.075568,-81.427671,-161.983783
74.083380,-15.068280,-81.440396,-161.936518
74.093620,-14.502641,-81.388056,-161.379284
74.103859,-13.886350,-81.451597,-160.728367
74.114097,-13.545022,-81.464725,-160.266646
74.124146,-13.531756,-81.384819,-160.329156
74.134386,-13.662438,-81.403964,-160.441909
74.144349,-13.490999,-81.361569,-160.327735
74.154513,-13.013069,-81.376568,-159.851958
74.164728,-12.676565,-81.550266,-159.474699
74.174993,-12.588570,-81.606089,-159.494671
74.195448,-13.404519,-81.451228,-160.440843
74.205663,-13.773736,-81.293376,-160.817077
74.215929,-14.327056,-81.261827,-161.450454
74.226144,-14.749770,-81.346829,-161.905523
74.236383,-14.471588,-81.378617,-161.663433
74.246598,-13.838522,-81.447048,-161.018090
74.266776,-12.311115,-81.558012,-159.526445
74.277016,-11.978404,-81.627755,-159.228293
74.287230,-11.740216,-81.602442,-159.016175
74.297496,-11.700257,-81.580510,-158.988335
74.307711,-11.883260,-81.623513,-159.202106
74.317950,-12.028132,-81.630200,-159.402709
74.328216,-11.568919,-81.582143,-159.083439
74.338128,-11.208055,-81.636723,-158.744115
74.348343,-10.495135,-81.665369,-158.039130
74.358583,-10.581120,-81.598323,-158.181485
74.368797,-10.427345,-81.527406,-158.092542
74.379063,-9.946144,-81.415670,-157.517454
74.389278,-9.413966,-81.466870,-156.940781
74.399543,-8.790512,-81.508117,-156.341213
74.409782,-8.113864,-81.373562,-155.583008
74.420023,-7.654562,-81.329706,-155.022563
74.430086,-7.276000,-81.263241,-154.592084
74.440150,-6.324657,-81.231283,-153.666935
74.450390,-5.272707,-81.316284,-152.577410
74.460630,-4.178354,-81.431906,-151.374587
74.470894,-4.261158,-81.473017,-151.560299
74.481135,-4.491697,-81.466364,-151.882602
74.491399,-5.202270,-81.441154,-152.572574
74.501553,-5.053595,-81.199311,-152.367655
74.511691,-4.909091,-81.082911,-152.121468
74.532195,-3.123339,-81.168021,-150.106220
74.542461,-2.732007,-81.416750,-149.831483
74.552676,-2.450364,-81.462382,-149.683268
74.562891,-2.185551,-81.324112,-149.419390
74.573131,-1.657406,-81.209556,-148.804960
74.583347,-0.819276,-81.181224,-147.951965
74.593417,0.529936,-81.208668,-146.570095
74.603481,1.412995,-81.295541,-145.546837
74.613546,1.847487,-81.323682,-145.108721
74.623736,1.794280,-81.252142,-145.258425
74.633976,1.866248,-81.173206,-145.165221
74.644241,2.182651,-81.110935,-144.813384
74.654456,2.424390,-81.082753,-144.545149
74.674935,3.301546,-80.881864,-143.401625
74.685175,3.494118,-80.833930,-143.016266
74.705387,4.006180,-80.810509,-142.365034
74.715502,4.627773,-80.884494,-141.615134
74.725717,5.282298,-81.002758,-140.921447
74.745895,5.735572,-81.098033,-140.272633
74.756134,5.857305,-81.304099,-140.115266
74.766399,5.957391,-81.511614,-140.146070
74.776614,5.682081,-81.682895,-140.540349
74.786829,5.242165,-81.846546,-141.022451
74.807273,4.560951,-81.620371,-141.696823
74.817508,5.191668,-81.699881,-140.941213
74.827521,6.650746,-81.693666,-139.365570
74.837635,7.067047,-81.778012,-138.813541
74.847850,6.527654,-81.791037,-139.368794
74.858090,6.279016,-81.756524,-139.560586
74.878619,8.043397,-81.661387,-137.476600
74.888834,8.959302,-81.832660,-136.383237
74.899074,8.896361,-81.930701,-136.469638
74.909314,8.217063,-82.173985,-137.250220
74.919554,7.366602,-82.124057,-138.224205
74.939706,7.079507,-81.993764,-138.404576
74.949946,7.407119,-81.940830,-137.934536
74.960212,7.632036,-81.958411,-137.479482
74.970401,7.940723,-82.250094,-137.083700
74.980616,7.526568,-82.466413,-137.604147
74.990856,6.993610,-82.471467,-138.225202
75.011104,7.221304,-82.054928,-137.589134
75.021169,7.780443,-81.931992,-136.877428
75.031234,8.344125,-81.970651,-136.112023
75.041374,9.078038,-82.200015,-135.272142
75.051538,8.777400,-82.297673,-135.590060
75.061501,8.471239,-82.275796,-135.882311
75.082006,7.629909,-82.432447,-136.647128
75.092246,7.095379,-82.529346,-137.294083
75.102486,6.320287,-82.545514,-138.095046
75.112751,5.735889,-82.455300,-138.588759
75.122957,5.411476,-82.345061,-138.848675
75.133140,5.801135,-82.383536,-138.399768
75.153269,6.633501,-82.268659,-137.166495
75.163334,6.510950,-82.194251,-137.149188
75.173474,6.215420,-82.200336,-137.321759
75.183638,6.118119,-82.316047,-137.375854
75.193601,5.327288,-82.482293,-138.222128
75.214081,2.132245,-82.590531,-141.763568
75.224295,0.827917,-82.462848,-143.072560
75.244776,0.475469,-82.361310,-143.440639
75.254990,0.477234,-82.351420,-143.385096
75.275495,-0.138072,-82.339372,-143.953777
75.285735,-0.447624,-82.295686,-144.111732
75.295748,-0.991556,-82.364186,-144.609735
75.305862,-1.980986,-82.491070,-145.726526
75.316102,-2.851274,-82.502053,-146.739115
75.336582,-3.685018,-82.315480,-147.593626
75.346848,-3.869090,-82.363284,-147.839540
75.357039,-4.652372,-82.450902,-148.726112
75.367271,-6.051373,-82.499567,-150.244737
75.377510,-7.792617,-82.412243,-152.181355
75.387750,-8.642567,-82.087659,-153.261918
75.398015,-8.585861,-81.892179,-153.139193
75.407903,-8.051301,-81.910094,-152.484164
75.418143,-7.968542,-82.019036,-152.430192
75.428408,-9.062423,-82.137130,-153.640652
75.438598,-10.414657,-82.134159,-155.177991
75.448802,-11.439558,-81.955235,-156.429009
75.459011,-11.446500,-81.677984,-156.595406
75.469276,-11.248779,-81.572744,-156.367086
75.479164,-11.000470,-81.481773,-156.140843
75.489403,-11.185855,-81.428149,-156.387522
75.499643,-11.866325,-81.297126,-157.092958
75.509883,-12.578159,-81.253467,-157.819854
75.520148,-12.580782,-81.116174,-157.934737
75.530363,-12.015836,-81.099843,-157.377585
75.540603,-11.863795,-81.090294,-157.164716
75.550867,-12.170934,-81.097240,-157.534051
75.561107,-12.716918,-81.044518,-158.247956
75.571347,-12.672571,-80.907846,-158.193082
75.581613,-12.586570,-80.791282,-157.983792
75.591828,-12.344480,-80.655081,-157.770881
75.612308,-11.576646,-80.702865,-156.968771
75.622547,-11.477445,-80.804034,-156.862015
75.642667,-12.274685,-80.953451,-157.888060
75.652808,-12.812596,-80.876823,-158.562254
75.663048,-13.340803,-80.837235,-159.151413
75.683200,-12.652002,-80.745240,-158.556899
75.693440,-11.705361,-80.669568,-157.415015
75.703705,-10.927054,-80.597885,-156.451330
75.713919,-9.972039,-80.537889,-155.413359
75.724134,-9.347250,-80.579608,-154.732936
75.734389,-9.225186,-80.822557,-154.666820
75.744573,-9.172349,-81.014868,-154.802467
75.754638,-9.277746,-81.087316,-154.954862
75.764703,-9.557689,-81.042086,-155.246156
75.774868,-9.832598,-81.094727,-155.513476
75.794995,-9.378562,-81.171963,-155.143021
75.815475,-7.722692,-81.341085,-153.293132
75.825715,-7.387384,-81.437732,-152.942907
75.835979,-7.488677,-81.629517,-153.090767
75.846194,-8.453570,-81.893224,-154.244933
75.856434,-9.082027,-81.964784,-155.049310
75.866674,-9.372649,-81.967741,-155.373266
75.887179,-8.841935,-82.210288,-154.864608
75.897445,-8.842971,-82.244248,-154.961501
75.907660,-9.030218,-82.179532,-155.207497
75.917899,-8.757215,-81.985868,-154.805186
75.928110,-7.825805,-81.792349,-153.734608
75.938320,-6.761920,-81.799671,-152.518616
75.958449,-5.293869,-82.202201,-150.993503
75.968664,-5.263340,-82.239466,-151.078525
75.978904,-5.243468,-82.166793,-151.122293
75.989018,-4.755809,-82.048009,-150.607515
75.999031,-3.546471,-81.922723,-149.312074
76.009271,-2.779008,-81.796467,-148.420052
76.019536,-2.496880,-81.854203,-147.982114
76.029750,-2.451383,-81.852830,-147.951774
76.039990,-2.520568,-81.833815,-147.958085
76.050223,-2.373120,-81.743123,-147.757387
76.060355,-1.728282,-81.723644,-147.037539
76.070419,-0.838565,-81.627686,-146.039376
76.080484,-0.159985,-81.620959,-145.252729
76.090549,0.063234,-81.699670,-144.993838
76.100614,-0.182399,-81.814895,-145.261513
76.110678,-0.409637,-81.625767,-145.603131
76.120743,-0.263433,-81.461808,-145.304065
76.130833,0.187122,-81.318456,-144.695331
76.150985,1.255350,-81.304215,-143.436855
76.161225,0.912536,-81.421162,-143.757464
76.171440,0.231469,-81.548456,-144.508443
76.181654,-0.642839,-81.503609,-145.600632
76.191894,-0.989452,-81.393711,-145.953547
76.202159,-0.892227,-81.287065,-145.799732
76.222625,0.109566,-81.287154,-144.607700
76.232864,0.391551,-81.304215,-144.231561
76.243078,0.248217,-81.306312,-144.282063
76.253344,-0.206579,-81.144990,-144.746571
76.263559,-0.212429,-81.080377,-144.603123
76.273799,0.130198,-81.106400,-144.162563
76.294278,-1.327534,-81.587955,-145.977371
76.304417,-2.340749,-81.726116,-147.194757
76.314489,-2.857302,-81.711650,-147.712622
76.324629,-2.667126,-81.596343,-147.478414
76.334894,-2.448051,-81.642221,-147.199155
76.345084,-2.669549,-81.853144,-147.450971
76.355350,-3.466250,-82.049860,-148.407716
76.365564,-4.141055,-82.037033,-149.252338
76.375804,-4.386946,-82.011734,-149.481299
76.386069,-4.367138,-82.079872,-149.443569
76.396242,-4.364488,-82.194934,-149.527949
76.406355,-4.771003,-82.268426,-149.997347
76.426860,-6.103780,-82.119822,-151.356514
76.437125,-6.088776,-82.010505,-151.297037
76.447340,-5.949750,-82.143898,-151.159845
76.457580,-5.482285,-82.371460,-150.742152
76.467820,-5.858908,-82.545596,-151.256629
76.478057,-6.579375,-82.547330,-152.142669
76.488106,-7.248724,-82.477936,-152.821385
76.498171,-7.660075,-82.369609,-153.222194
76.508386,-7.940593,-82.326142,-153.547406
76.518625,-7.646816,-82.229228,-153.254460
76.528841,-7.284503,-82.211271,-152.778382
76.539106,-6.690801,-82.134883,-152.115826
76.559586,-5.601290,-82.148898,-150.958642
76.569826,-5.222882,-82.203635,-150.538216
76.580066,-5.410167,-82.108122,-150.800632
76.590129,-5.374215,-81.986483,-150.744679
76.610433,-4.983443,-81.974537,-150.354320
76.630938,-5.179833,-81.672984,-150.551289
76.641202,-4.960172,-81.443196,-150.126752
76.651417,-4.250088,-81.227458,-149.211684
76.661657,-3.436665,-81.267606,-148.346395
76.681877,-2.538501,-81.557943,-147.467145
76.702382,-3.269673,-81.336980,-148.275279
76.712597,-3.229129,-81.379846,-148.236702
76.722862,-2.873645,-81.515152,-148.091205
76.733078,-2.752032,-81.681549,-148.099921
76.743317,-3.347449,-81.819546,-148.845217
76.763823,-4.233453,-81.537330,-150.206583
76.774088,-3.625792,-81.188198,-149.536965
76.784303,-2.654114,-80.899404,-148.327106
76.794543,-1.896757,-80.758224,-147.455533
76.804757,-1.299206,-80.832174,-146.820462
76.814997,-0.922479,-80.797088,-146.335724
76.835340,-0.644977,-80.302111,-145.792751
76.845405,0.301550,-80.104015,-144.568863
76.855469,0.986047,-80.114192,-143.709516
76.865534,1.710999,-80.266232,-143.053900
76.875649,1.331274,-80.501129,-143.500867
76.896154,-0.146983,-80.572914,-145.250134
76.916635,-1.337189,-80.809225,-146.663054
76.926849,-1.687121,-81.005511,-147.128873
76.937089,-1.932780,-81.136384,-147.438048
76.947305,-2.259470,-81.027340,-147.832437
76.967440,-1.816889,-80.746169,-147.252854
76.977680,-0.867528,-80.658216,-146.220266
76.987919,0.420080,-80.765430,-144.911766
76.998159,1.427814,-80.843950,-143.816217
77.008424,1.931832,-80.829879,-143.375861
77.018639,1.689306,-80.885655,-143.657101
77.039144,0.620880,-80.822708,-144.911821
77.049222,0.197455,-80.706164,-145.337287
77.059281,0.273914,-80.740629,-145.197241
77.069345,0.656442,-80.800872,-144.771692
77.079410,0.885660,-80.928357,-144.461752
77.089475,0.603436,-81.016876,-144.784014
77.099740,0.347457,-81.121303,-145.151629
77.109652,0.086045,-81.194331,-145.484040
77.119867,0.317953,-81.239103,-145.341071
77.130082,0.427796,-81.217247,-145.251541
77.140297,0.264524,-81.136603,-145.442759
77.150536,0.187468,-81.013004,-145.572477
77.171066,0.477182,-80.879965,-145.158486
77.181269,1.068830,-81.032572,-144.575010
77.191505,1.712852,-81.050665,-143.920801
77.201745,1.653833,-81.076804,-143.984827
77.212010,1.310403,-80.975506,-144.377468
77.222225,0.912598,-80.975130,-144.858381
77.242730,2.090956,-81.093620,-143.692659
77.252970,2.551270,-81.133126,-143.143867
77.263098,2.373737,-81.230525,-143.349620
77.273156,1.936992,-81.245722,-143.919435
77.283271,1.800345,-81.107308,-144.080614
77.293511,2.410021,-80.977138,-143.240241
77.313991,3.158357,-81.035133,-142.317769
77.324257,3.282464,-81.149894,-142.277075
77.334471,3.150479,-81.034457,-142.346757
77.344711,3.429778,-80.793693,-141.915758
77.354951,4.010387,-80.496949,-141.166254
77.375104,5.376021,-80.340804,-139.306503
77.385343,5.029824,-80.435894,-139.690824
77.395583,4.742727,-80.486300,-140.071470
77.405798,4.635224,-80.497980,-140.133038
77.416063,4.701591,-80.420983,-140.050092
77.426279,4.999457,-80.396961,-139.741846
77.446783,5.800456,-80.590966,-138.841777
77.456853,5.182419,-80.578795,-139.467245
77.467028,4.174869,-80.465352,-140.535705
77.477268,3.925562,-80.329985,-140.691092
77.487482,4.144970,-80.339970,-140.330376
77.497748,5.139988,-80.348112,-139.238105
77.518228,5.695201,-80.510151,-138.550824
77.528468,5.393572,-80.516906,-138.836736
77.538708,4.885408,-80.476656,-139.344083
77.548822,4.367910,-80.497215,-139.846211
77.558835,3.969892,-80.561931,-140.247129
77.569075,4.129379,-80.663776,-140.136753
77.589554,4.821102,-80.813910,-139.435771
77.599820,4.823809,-80.911780,-139.468092
77.610035,4.201148,-80.912429,-140.249957
77.620275,3.401894,-80.902621,-141.153618
77.630507,2.732426,-80.757350,-141.867168
77.640519,2.441940,-80.561077,-142.166986
77.650584,2.354601,-80.358897,-142.107577
77.660799,2.627114,-80.325736,-141.664598
77.671039,2.955315,-80.385050,-141.283023
77.681305,3.548854,-80.500978,-140.666708
77.691520,3.781680,-80.575871,-140.487033
77.701760,3.761211,-80.648654,-140.569623
77.722239,2.759148,-80.646612,-141.975126
77.732359,2.487746,-80.626715,-142.266147
77.742425,2.135885,-80.458447,-142.665849
77.752565,2.206179,-80.296271,-142.581032
77.762780,2.256224,-80.104827,-142.395565
77.783284,2.047070,-80.074235,-142.433364
77.793549,1.889357,-80.065260,-142.614227
77.803764,1.640820,-80.054496,-142.834856
77.814029,1.622735,-80.113515,-142.915630
77.824177,1.833643,-80.156334,-142.890112
77.834291,2.274179,-80.068074,-142.609815
77.854795,3.058244,-79.796834,-141.926495
77.865061,3.193326,-79.775107,-141.874354
77.875276,2.943529,-79.782422,-142.159910
77.885490,2.091847,-79.898843,-143.043013
77.895730,1.151558,-79.916403,-144.078715
77.926501,0.969698,-79.562121,-144.294535
77.936716,1.775561,-79.431890,-143.460351
77.946981,2.481695,-79.364401,-142.680289
77.957171,3.303040,-79.359995,-141.779250
77.967386,3.797150,-79.406188,-141.239132
77.977626,4.117006,-79.441992,-140.987877
77.987891,4.259252,-79.485842,-140.955679
77.997838,4.249026,-79.530006,-141.077052
78.007882,3.987146,-79.554239,-141.473421
78.028287,3.339495,-79.497248,-142.313234
78.038501,3.089843,-79.366730,-142.600075
78.058679,2.774350,-79.147774,-142.878487
78.068894,2.852814,-79.176851,-142.734670
78.079159,3.036317,-79.130357,-142.533467
78.089349,3.282382,-79.084691,-142.188296
78.099562,3.379438,-79.095278,-142.057990
78.109788,3.452752,-79.205770,-142.070353
78.120053,3.464143,-79.375841,-142.264590
78.140180,3.498978,-79.765763,-142.786088
78.150395,3.485263,-79.726701,-143.004203
78.160635,3.633543,-79.556746,-142.968263
78.170899,3.690082,-79.398463,-142.830088
78.181114,3.402260,-79.374154,-143.153935
78.191379,2.812050,-79.381900,-143.812024
78.201619,2.292226,-79.502173,-144.381142
78.211859,2.368717,-79.457025,-144.350939
78.222099,2.938197,-79.418660,-143.796833
78.232263,3.436900,-79.244941,-143.365288
78.242226,4.078542,-79.215059,-142.734875
78.262731,4.293426,-79.206357,-142.690028
78.272946,3.980087,-79.256600,-143.034147
78.283211,3.674309,-79.370213,-143.360726
78.293395,3.247316,-79.428987,-143.798691
78.303584,2.818523,-79.494830,-144.264947
78.324089,2.453932,-79.589319,-144.782634
78.334354,2.478756,-79.588260,-144.916451
78.344569,2.612675,-79.616530,-144.870594
78.354809,2.816338,-79.566513,-144.736722
78.365024,3.233637,-79.440981,-144.368643
78.375264,3.602879,-79.294022,-144.021096
78.395416,4.498011,-79.236123,-143.212101
78.405656,4.991539,-79.158826,-142.751336
78.415922,5.187942,-79.041579,-142.569790
78.426111,5.076330,-79.018930,-142.694222
78.436377,4.797353,-79.000229,-143.084581
78.446567,4.485887,-78.999833,-143.414602
78.467046,4.852940,-79.153129,-143.108705
78.477286,5.435287,-79.087826,-142.603422
78.487299,5.993663,-79.035582,-142.030095
78.497413,6.149571,-79.134217,-141.889872
78.507628,5.903838,-79.240713,-142.250355
78.517843,5.579929,-79.323146,-142.732649
78.538374,5.466967,-79.293087,-143.039802
78.548588,5.626352,-79.140719,-142.956843
78.558803,6.080100,-79.069425,-142.545543
78.569043,6.364221,-78.901813,-142.349557
78.579283,6.777684,-78.820069,-142.020055
78.599435,7.142202,-78.907113,-141.784919
78.609675,7.296699,-78.967218,-141.699023
78.619941,7.625202,-78.960798,-141.485046
78.630130,7.932712,-78.950867,-141.221456
78.640345,8.189598,-78.908322,-141.092925
78.650610,8.548369,-78.867074,-140.805661
78.660825,8.742618,-78.770769,-140.661899
78.671091,8.983448,-78.666813,-140.445013
78.681330,8.892702,-78.617861,-140.479383
78.691570,8.513593,-78.726174,-140.811931
78.701836,7.974638,-78.907864,-141.384055
78.712051,7.697245,-78.956925,-141.716522
78.722265,7.795443,-78.981644,-141.593086
78.732531,7.976932,-78.879833,-141.408548
78.742770,8.164058,-78.739090,-141.235307
78.752733,8.198754,-78.683807,-141.131584
78.762897,7.997087,-78.649376,-141.287599
78.773137,7.783131,-78.573212,-141.448314
78.783377,7.710704,-78.539300,-141.427236
78.793642,7.639188,-78.595212,-141.397839
78.814122,7.634280,-78.577522,-141.305412
78.824346,7.566791,-78.558432,-141.277163
78.834448,7.328913,-78.562325,-141.488666
78.844587,6.955474,-78.591893,-141.863548
78.854827,6.595360,-78.668466,-142.167013
78.875332,6.288131,-78.711039,-142.455193
78.885597,6.427535,-78.697686,-142.236176
78.895812,6.533159,-78.737956,-142.065449
78.906052,6.482372,-78.807269,-142.176330
78.916292,6.394202,-79.024182,-142.288482
78.926506,6.259281,-79.091330,-142.550310
78.946684,5.903958,-79.038560,-142.894401
78.956923,5.673546,-79.033335,-143.130671
78.967138,5.801817,-79.046660,-142.979246
78.977404,5.905291,-79.073442,-142.816933
78.987619,5.959659,-79.181003,-142.769259
79.008124,6.007430,-79.388040,-142.867176
79.018139,6.194443,-79.512411,-142.687242
79.028344,6.080685,-79.687578,-142.854841
79.038583,5.805123,-79.869247,-143.294459
79.048823,5.441116,-79.993325,-143.829331
79.059088,5.034477,-80.103537,-144.321924
79.069303,4.789735,-80.144313,-144.652451
79.079568,4.792422,-80.282262,-144.664554
79.089782,4.998997,-80.333946,-144.493103
79.100023,4.895541,-80.347525,-144.545162
79.110086,4.661036,-80.434493,-144.824435
79.120150,4.566553,-80.579942,-145.037114
79.130390,4.797775,-80.665081,-144.825227
79.150894,5.046463,-80.656071,-144.456083
79.161159,5.207819,-80.823841,-144.352496
79.171374,5.548141,-80.981168,-144.107579
79.181614,5.606831,-81.112724,-144.008583
79.191808,5.392254,-81.000682,-144.215032
79.201810,4.995546,-80.774377,-144.511845
79.211874,4.889825,-80.592742,-144.434964
79.221939,4.995168,-80.525615,-144.176018
79.232004,5.294930,-80.459273,-143.773993
79.242069,5.491166,-80.616381,-143.510812
79.252134,6.154590,-80.809778,-142.917091
79.262223,6.536497,-81.002697,-142.662598
79.272488,6.748965,-81.199440,-142.548985
79.282728,6.843409,-81.292181,-142.571074
79.292994,6.906083,-81.245947,-142.560173
79.303208,6.598411,-81.158910,-142.827534
79.313448,6.108849,-80.857501,-143.234271
79.323663,5.915785,-80.504086,-143.244257
79.344168,6.712478,-80.166244,-141.906128
79.364295,8.201787,-80.236356,-140.195971
79.374561,8.804833,-80.258698,-139.530943
79.384750,8.810188,-80.321180,-139.517119
79.394990,8.388257,-80.307909,-139.990232
79.415470,7.127123,-80.183901,-141.264909
79.425726,6.994590,-80.274312,-141.303158
79.435814,7.065648,-80.297691,-141.188575
79.445979,7.502252,-80.390924,-140.732291
79.456219,7.547428,-80.360755,-140.597053
79.466459,7.234508,-80.344287,-140.877009
79.486989,6.161159,-80.189269,-141.887208
79.497204,5.991531,-80.103878,-142.002529
79.507443,5.989944,-80.037666,-141.920348
79.517683,6.164451,-79.954017,-141.579754
79.527847,6.669142,-79.832638,-140.999051
79.537811,6.930190,-79.781555,-140.598133
79.548050,6.971541,-79.652478,-140.491295
79.558315,6.753062,-79.560782,-140.598051
79.568530,6.248072,-79.451875,-141.057149
79.578796,5.472698,-79.516222,-141.834493
79.589010,5.026340,-79.660558,-142.460056
79.599260,4.507769,-79.902230,-143.123404
79.609430,3.768495,-80.081366,-144.026314
79.619495,3.097088,-80.130277,-144.860744
79.629735,2.665291,-79.963320,-145.306851
79.639975,2.482346,-79.839563,-145.337055
79.650215,2.507275,-79.636707,-145.147503
79.660379,2.424338,-79.597105,-145.111945
79.670342,2.091919,-79.615540,-145.451884
79.690822,1.060880,-79.564758,-146.589151
79.701087,0.757427,-79.619918,-146.931603
79.711256,0.978008,-79.537587,-146.709130
79.721475,1.021417,-79.539991,-146.652494
79.731639,0.403241,-79.599680,-147.322795
79.741602,-0.412381,-79.469948,-148.298379
79.762107,-1.796556,-78.981644,-149.480930
79.772347,-1.768396,-78.868256,-149.307307
79.782612,-1.480601,-78.995933,-148.975100
79.792827,-1.455197,-79.216356,-148.984539
79.803036,-1.840621,-79.314185,-149.501571
79.823505,-3.307605,-79.292253,-151.257135
79.833745,-3.984828,-79.127496,-151.933296
79.844011,-4.554934,-79.033423,-152.465955
79.854226,-4.949388,-79.052596,-152.861696
79.864466,-5.097269,-78.973270,-153.020567
79.874706,-5.307912,-79.079964,-153.263899
79.895017,-5.206662,-78.965490,-153.314593
79.905081,-5.509262,-78.881001,-153.634915
79.915271,-5.816056,-78.726823,-153.948817
79.925511,-6.285012,-78.746262,-154.434252
79.935751,-6.804041,-78.704113,-155.032235
79.946016,-7.459004,-78.660816,-155.725267
79.966496,-8.566982,-78.601312,-156.953226
79.976761,-8.488230,-78.521972,-156.942516
79.986976,-8.293456,-78.524499,-156.666166
79.997242,-7.944367,-78.538788,-156.266764
80.007431,-8.195276,-78.628974,-156.624393
80.017646,-9.080966,-78.767422,-157.655820
80.027911,-10.215864,-78.629063,-159.035982
80.038151,-11.384898,-78.460234,-160.296275
80.048416,-12.436548,-78.334347,-161.362618
80.058549,-12.951434,-78.211417,-161.960984
80.068632,-13.321803,-78.275798,-162.348447
80.078722,-12.901047,-78.255342,-162.012210
80.088962,-12.213455,-78.084731,-161.147672
80.109492,-11.845680,-77.962498,-160.675542
80.119707,-12.465868,-77.989006,-161.296502
80.129947,-13.065660,-78.042028,-162.078681
80.140187,-13.670153,-78.027910,-162.862459
80.150424,-14.452356,-78.114558,-163.789712
80.160473,-14.882776,-78.091383,-164.441831
80.170538,-15.441656,-78.046809,-165.102133
80.180602,-15.888886,-77.967852,-165.627866
80.190667,-16.369365,-77.803689,-166.254509
80.200731,-16.730284,-77.625558,-166.643229
80.210821,-16.829567,-77.541157,-166.733332
80.230973,-16.736772,-77.356749,-166.455521
80.241214,-16.959387,-77.382191,-166.743264
80.251428,-17.480875,-77.340144,-167.390397
80.261643,-18.119855,-77.364275,-168.155487
80.271883,-18.594895,-77.281330,-168.849243
80.282148,-19.253494,-77.242281,-169.654809
80.302614,-20.473424,-77.231524,-171.280667
80.312852,-21.114311,-77.200228,-172.178947
80.323091,-21.825665,-77.156733,-173.073360
80.343571,-22.402616,-76.758882,-173.811389
80.353811,-22.480236,-76.619880,-174.044435
80.374291,-23.069770,-76.675287,-174.833459
80.384410,-23.025193,-76.624703,-174.925598
80.394477,-23.759151,-76.662357,-175.748567
80.404617,-24.395042,-76.594711,-176.783792
80.414856,-25.385296,-76.515980,-178.054767
80.435362,-26.145498,-76.163071,-179.293982
80.455842,-26.492116,-75.926391,-179.958013
80.466108,-26.814839,-75.824478,179.610083
80.476249,-27.206453,-75.748014,179.119676
80.486343,-27.732877,-75.645718,178.340119
80.506847,-29.019701,-75.500952,176.551921
80.517112,-29.178455,-75.377653,176.078083
80.527327,-29.596927,-75.376096,175.490427
80.537567,-29.902729,-75.396805,174.831751
80.547807,-30.698637,-75.371404,173.713745
80.568093,-31.972723,-75.019355,171.575718
80.578158,-32.488980,-74.843854,170.857933
80.588373,-32.546108,-74.668475,170.553703
80.598612,-32.898873,-74.686855,169.998067
80.608852,-33.066209,-74.780613,169.620262
80.619117,-33.379295,-74.702885,169.039245
80.629332,-33.488588,-74.501545,168.634707
80.639597,-33.607724,-74.292439,168.295424
80.649812,-33.717372,-74.107074,167.908658
80.660051,-33.968921,-74.126356,167.464613
80.670115,-34.224910,-74.136594,166.849254
80.680179,-34.462454,-74.081488,166.288551
80.690418,-34.946639,-74.062589,165.465212
80.710923,-35.453613,-73.770442,164.266295
80.721188,-35.435196,-73.587645,163.898339
80.741643,-35.692031,-73.539923,163.175337
80.751837,-35.745508,-73.499836,162.711321
80.771903,-36.415171,-73.480944,161.302430
80.781968,-36.753883,-73.400983,160.590534
80.792032,-37.078112,-73.371921,159.888677
80.802097,-37.196186,-73.211227,159.370429
80.812211,-37.345480,-73.120085,158.958159
80.822426,-37.192795,-72.997216,158.791311
80.842604,-37.127508,-72.989170,158.333402
80.852819,-37.199334,-72.992428,157.912034
80.863058,-36.992858,-72.946052,157.838022
80.883538,-36.883872,-72.751774,157.422487
80.904002,-36.786070,-72.732485,157.146465
80.914242,-36.690963,-72.828511,156.963935
80.924482,-37.061013,-72.969766,156.339151
80.934545,-37.223100,-72.954159,155.751877
80.944609,-37.605242,-72.974465,155.063681
80.954849,-37.564654,-72.857703,154.787646
80.975354,-37.861245,-72.912584,153.963611
80.985618,-37.475366,-72.894012,154.080270
80.995792,-37.339005,-73.013664,154.157738
81.006007,-36.663988,-73.012892,154.602329
81.016247,-36.494302,-73.119825,154.701667
81.026512,-36.470953,-73.199335,154.407286
81.046991,-36.281313,-73.236410,154.050368
81.057206,-36.007487,-73.233165,154.134420
81.067472,-35.921017,-73.303462,154.026776
81.077687,-35.488375,-73.370978,154.236258
81.087902,-35.426429,-73.480562,154.140390
81.098141,-35.247635,-73.576266,154.009619
81.108406,-35.451369,-73.654301,153.570561
81.118671,-35.785468,-73.729290,152.898484
81.128886,-35.657307,-73.639637,152.689548
81.139126,-35.690194,-73.655858,152.530227
81.149365,-35.077567,-73.640757,153.049021
81.159534,-34.613678,-73.866447,153.409655
81.169458,-33.846135,-74.099097,154.019249
81.179523,-33.447798,-74.207704,154.347290
81.189763,-33.322604,-74.379701,154.261475
81.200003,-33.183771,-74.439561,154.093043
81.210242,-33.601078,-74.649692,153.429558
81.220406,-33.666843,-74.754167,152.979613
81.230370,-34.257821,-74.848840,152.155878
81.240609,-34.055118,-74.870061,152.016529
81.250849,-33.877871,-74.931014,152.038481
81.261089,-33.693337,-75.119575,152.220683
81.271313,-33.217785,-75.096714,152.525173
81.281427,-33.168427,-75.243946,152.479233
81.291542,-32.304490,-75.210860,153.156351
81.312047,-31.551885,-75.400275,153.734239
81.321960,-31.517536,-75.427398,153.720115
81.332174,-31.061822,-75.493220,154.081800
81.342439,-30.505145,-75.418915,154.555419
81.352654,-30.332440,-75.520609,154.743782
81.362869,-29.393828,-75.408232,155.544472
81.383374,-27.888969,-75.538429,157.213387
81.393614,-27.669247,-75.643573,157.378214
81.403879,-27.611943,-75.817968,157.249027
81.414094,-27.545581,-75.848609,157.122969
81.424334,-27.525710,-75.865493,157.058943
81.434574,-27.002253,-75.733021,157.523997
81.455043,-26.069480,-75.724962,158.489567
81.465108,-25.480750,-75.737584,159.131141
81.475298,-24.601897,-75.691111,160.100304
81.485538,-24.135583,-75.853028,160.513202
81.495803,-24.092551,-75.964558,160.350685
81.506018,-24.301038,-75.979434,159.948605
81.526523,-24.196505,-75.691180,159.886778
81.536774,-23.838571,-75.710673,160.242481
81.547009,-23.285863,-75.739346,160.768132
81.557249,-23.357094,-75.856299,160.661062
81.567464,-23.127487,-75.817873,160.603484
81.577729,-23.196905,-75.697989,160.505498
81.587969,-22.969796,-75.641435,160.668439
81.598209,-23.063490,-75.637371,160.441499
81.608424,-22.878087,-75.700523,160.437974
81.618664,-22.875325,-75.633847,160.402444
81.628781,-23.027220,-75.550853,160.012276
81.638724,-23.094365,-75.476527,159.699604
81.659054,-23.127801,-75.452471,159.320938
81.669293,-23.407210,-75.455559,158.777870
81.679533,-24.059410,-75.504668,157.806371
81.689647,-24.481111,-75.497735,157.022552
81.699661,-25.060101,-75.427650,156.143534
81.709926,-25.406239,-75.405814,155.458002
81.720141,-25.749858,-75.246008,154.841809
81.730381,-25.952852,-75.248235,154.412300
81.740609,-26.226373,-75.080021,153.911496
81.750694,-26.739272,-75.045986,153.171118
81.760758,-26.508260,-74.850786,153.119755
81.770848,-26.761098,-74.914601,152.772248
81.791000,-27.471007,-74.983552,151.469840
81.801240,-28.151466,-75.002123,150.264080
81.811455,-29.048275,-74.893905,148.919776
81.821669,-29.754664,-74.875006,147.785131
81.831909,-30.490688,-74.917654,146.670198
81.842174,-31.356336,-75.025339,145.443824
81.862640,-32.550510,-75.003059,143.530961
81.872879,-32.426712,-74.756373,143.441978
81.883118,-32.247160,-74.569786,143.577133
81.893384,-32.251467,-74.531297,143.458589
81.903598,-32.387975,-74.460571,143.083475
81.913838,-32.591279,-74.506531,142.642518
81.934318,-32.280635,-74.564840,142.582521
81.944437,-32.909286,-74.654015,141.698804
81.954503,-33.536765,-74.632972,140.588379
81.964643,-34.339903,-74.612556,139.329370
81.974883,-35.176629,-74.629994,138.097641
81.995388,-36.028411,-74.280104,136.653548
82.005653,-36.350851,-74.174919,136.130424
82.015868,-35.984035,-74.026198,136.376775
82.026108,-35.982690,-74.085225,136.402580
82.036348,-35.063613,-74.100715,137.175060
82.046562,-34.463960,-74.274913,137.788316
82.066740,-34.887373,-74.483930,136.772899
82.076980,-35.550633,-74.487960,135.689535
82.087194,-36.198589,-74.395397,134.629941
82.097460,-36.590594,-74.219021,133.850234
82.107675,-36.923695,-74.153923,133.327383
82.117932,-36.998264,-74.201201,132.977936
82.138184,-37.294397,-74.257543,132.122551
82.148399,-37.072983,-74.169898,132.093400
82.158639,-37.125838,-74.234642,131.858974
82.168879,-37.068205,-74.269141,131.633660
82.179144,-37.338875,-74.348569,131.064172
82.189358,-37.363594,-74.233597,130.693484
82.199624,-36.887290,-74.176776,130.867504
82.209863,-37.063646,-74.320730,130.483032
82.220103,-37.753369,-74.409420,129.254746
82.230167,-38.540032,-74.333666,127.756038
82.240230,-38.730898,-74.114533,127.074686
82.250470,-38.109638,-73.729242,127.510916
82.270975,-36.731658,-73.459217,128.827599
82.281240,-36.004096,-73.682161,129.454857
82.291455,-36.221781,-74.225783,129.148195
82.301695,-37.225316,-74.386415,127.496751
82.311882,-37.785511,-74.346343,126.169809
82.321890,-37.760725,-74.087267,125.899866
82.342395,-36.649036,-73.384481,126.873018
82.352610,-37.059753,-73.621776,126.352612
82.362875,-37.538139,-73.869104,125.470015
82.373090,-38.065747,-74.118966,124.573908
82.383330,-38.185477,-74.232893,124.022110
82.403835,-37.231689,-73.759657,124.576216
82.413747,-36.930082,-73.614256,124.918873
82.423962,-36.916715,-73.691635,124.828647
82.434202,-36.916879,-73.837924,124.564127
82.444417,-37.245940,-74.111924,123.911270
82.454656,-36.947598,-74.252899,123.794009
82.475186,-37.517703,-74.387351,122.633533
82.485375,-37.811675,-74.234273,121.920816
82.495481,-37.699134,-74.013050,121.850124
82.505545,-37.959135,-74.002873,121.405301
82.515660,-37.874516,-74.151635,121.282494
82.536165,-37.190879,-74.546809,121.456951
82.546431,-36.826153,-74.569594,121.571220
82.556646,-36.541615,-74.485767,121.743997
82.566860,-36.539507,-74.586827,121.579061
82.577125,-36.409946,-74.726866,121.366929
82.587294,-36.629068,-74.847822,120.853927
82.607651,-37.173930,-74.706396,119.668002
82.617917,-37.106697,-74.571186,119.564374
82.628131,-36.806411,-74.794219,119.712015
82.638346,-35.448914,-74.980915,120.897067
82.648561,-35.012578,-75.208572,121.457252
82.658801,-34.265816,-75.110812,122.033200
82.679161,-35.013742,-75.072091,120.813738
82.689226,-36.667205,-75.207903,118.751527
82.699416,-37.175808,-75.370632,118.046583
82.709655,-37.510364,-75.494340,117.636990
82.719820,-37.631685,-75.728671,117.093266
82.729782,-38.235942,-75.834737,116.195219
82.740023,-38.781845,-75.821425,115.435784
82.760527,-40.158268,-75.656715,113.408796
82.770742,-40.069971,-75.536927,113.420776
82.780982,-39.774073,-75.563011,113.614323
82.791181,-39.308312,-75.645718,113.897721
82.801396,-39.333963,-75.892233,113.477487
82.811661,-38.588100,-76.091456,113.732314
82.821901,-38.327863,-76.302516,113.648187
82.832166,-37.777657,-76.121311,113.824863
82.842380,-36.711987,-75.750636,114.650531
82.852620,-34.591394,-75.331338,116.973833
82.862860,-33.138015,-75.289858,118.785691
82.883012,-31.582931,-75.642453,120.763168
82.893252,-31.563984,-75.955460,120.617207
82.903517,-31.948579,-76.026679,119.954378
82.913732,-32.624983,-75.852720,118.819706
82.923947,-33.145522,-75.640213,117.883164
82.934212,-33.026034,-75.366117,117.981669
82.954658,-33.311953,-75.641599,117.358797
82.974912,-32.974494,-75.924847,117.117636
82.985025,-32.785977,-75.925066,117.037040
82.995039,-32.889277,-75.867733,116.603487
83.005253,-33.626541,-75.865527,115.463146
83.015519,-33.499588,-75.757685,115.191455
83.025758,-33.522715,-75.817381,114.727944
83.036023,-33.013429,-75.792765,114.993406
83.046238,-32.891083,-75.803967,114.874766
83.056478,-32.612511,-75.717093,114.864876
83.066718,-32.814599,-75.620023,114.511933
83.087223,-33.223727,-75.441058,113.694072
83.097185,-33.534347,-75.420895,113.099040
83.107350,-33.323431,-75.353037,113.086711
83.117615,-33.270309,-75.421032,112.922616
83.138020,-32.980026,-75.441475,112.925198
83.148285,-32.616913,-75.445839,113.091574
83.158525,-32.204144,-75.577129,113.445474
83.178622,-33.880566,-75.928269,111.066942
83.188686,-35.533567,-75.975602,108.758011
83.198776,-36.459195,-75.716028,107.584038
83.209041,-36.744034,-75.375119,107.112980
83.218928,-36.554503,-75.234363,107.167997
83.229168,-36.080058,-75.429959,107.505354
83.239408,-35.354589,-75.710796,108.034673
83.249648,-34.622820,-75.890143,108.605889
83.259888,-34.051888,-75.997937,108.836134
83.270153,-34.070708,-76.003203,108.525115
83.280393,-34.363440,-76.050967,107.877736
83.290574,-34.970818,-76.172612,106.956651
83.300656,-36.183764,-76.378153,105.307276
83.310720,-37.141121,-76.339447,103.824743
83.320785,-37.679961,-76.217569,102.945718
83.330850,-37.878368,-75.989222,102.617172
83.340914,-38.407940,-76.017813,101.859362
83.351179,-38.300873,-76.092890,101.709064
83.361419,-38.184593,-76.237240,101.584113
83.371432,-37.979793,-76.386766,101.567310
83.381546,-37.871835,-76.446441,101.448486
83.391786,-37.996882,-76.501609,101.082271
83.402001,-37.584540,-76.471297,101.278728
83.412266,-38.060744,-76.641976,100.567302
83.422506,-37.627693,-76.699199,100.754292
83.432721,-37.327865,-76.703366,100.918750
83.442820,-36.850704,-76.741048,101.227802
83.452959,-37.232485,-76.870665,100.635563
83.463199,-37.961375,-76.996415,99.558374
83.483352,-37.941093,-76.802670,99.114316
83.493592,-37.685907,-76.874455,99.227875
83.503806,-37.917375,-77.082127,98.712708
83.514072,-37.604713,-77.162006,98.809936
83.524287,-37.336789,-77.166200,98.785559
83.534527,-37.052506,-77.197113,98.813399
83.555031,-37.173298,-77.413057,98.184215
83.564994,-36.608731,-77.415236,98.544071
83.575159,-36.411240,-77.516596,98.613021
83.585399,-36.501047,-77.579174,98.294782
83.595638,-36.240256,-77.500948,98.345442
83.605903,-35.722548,-77.432898,98.851545
83.626383,-34.610088,-77.677358,99.848760
83.636623,-34.545123,-77.825532,99.685122
83.646863,-34.706121,-77.986137,99.255462
83.657128,-35.134288,-77.988924,98.572231
83.667344,-35.686642,-77.972210,97.731059
83.677608,-36.131158,-77.893151,97.018083
83.687848,-36.584406,-77.859164,96.365793
83.708328,-36.668796,-78.051509,95.861268
83.718568,-36.743990,-78.267097,95.483640
83.728808,-35.674252,-78.322845,96.375076
83.739073,-35.227834,-78.532361,96.690118
83.749288,-34.570326,-78.633769,97.209192
83.759553,-34.463550,-78.676218,97.083476
83.769793,-34.150488,-78.654860,97.238726
83.780033,-33.755696,-78.636528,97.580946
83.790124,-34.094402,-78.711578,97.089268
83.800115,-33.906896,-78.774546,97.070963
83.810205,-33.946016,-78.880065,96.864944
83.820470,-34.390610,-79.062254,96.134134
83.830710,-34.954371,-79.056824,95.194129
83.840976,-35.712450,-79.133144,94.077236
83.851191,-35.375944,-78.999477,94.233709
83.861456,-35.306330,-79.000837,94.250757
83.871670,-34.479673,-78.914694,95.021428
83.881910,-34.238683,-79.013069,95.138839
83.902415,-32.671059,-79.341834,96.474462
83.912630,-32.051568,-79.428133,96.864438
83.922896,-31.067884,-79.379400,97.720671
83.933110,-30.063416,-79.409685,98.728697
83.943350,-29.223941,-79.489455,99.533861
83.963855,-28.794513,-79.718703,99.608877
83.973768,-28.627529,-79.750627,99.628821
83.983982,-29.328597,-79.851011,98.740876
83.994222,-29.185559,-79.658447,98.638409
84.004437,-29.294692,-79.601723,98.487032
84.014677,-28.592166,-79.534951,99.226543
84.035207,-27.901084,-79.762997,99.859872
84.055507,-25.787268,-80.105866,101.827356
84.065571,-24.943617,-80.351575,102.580050
84.075686,-25.616754,-80.587162,101.617089
84.096191,-26.836423,-80.769330,99.780342
84.106104,-28.059607,-80.816670,98.215149
84.116318,-28.360477,-80.651912,97.631236
84.126533,-27.958855,-80.468426,97.978852
84.136799,-26.911903,-80.358507,99.151390
84.146988,-26.449925,-80.452518,99.650848
84.157228,-25.588996,-80.599955,100.408145
84.177542,-22.855536,-80.804867,103.100374
84.187606,-21.875836,-80.883544,103.994357
84.197771,-21.408019,-81.122519,104.211379
84.208010,-21.056631,-81.228776,104.420233
84.218250,-21.797044,-81.343810,103.459280
84.238780,-23.500517,-81.132819,101.149009
84.248995,-23.983680,-81.034280,100.605094
84.259235,-23.789716,-81.027818,100.764039
84.269475,-23.836621,-81.083635,100.620694
84.279639,-22.740514,-81.114978,101.677324
84.289602,-21.184711,-81.151001,103.302978
84.310107,-19.643474,-81.539556,104.634707
84.320347,-19.288330,-81.680887,104.770164
84.330586,-18.642054,-81.738035,105.238947
84.340852,-18.884428,-81.837155,104.775375
84.351056,-19.537876,-81.894146,103.823561
84.361221,-19.625490,-81.797785,103.574314
84.371487,-19.948088,-81.787164,103.161791
84.381752,-19.728294,-81.681146,103.324718
84.391942,-19.280070,-81.624381,103.697981
84.402182,-17.519531,-81.562547,105.514518
84.412447,-15.368341,-81.639468,107.760004
84.422661,-14.075094,-81.870274,108.984807
84.443166,-11.525289,-82.002199,111.321497
84.453406,-11.505608,-82.067585,111.241788
84.463672,-12.340658,-82.116707,110.166109
84.473887,-13.622989,-82.249971,108.577414
84.484101,-14.375711,-82.299763,107.573164
84.494341,-15.187105,-82.309305,106.551689
84.514698,-12.843730,-81.820605,108.941135
84.524773,-10.411831,-81.800968,111.716316
84.534962,-8.404911,-82.016522,113.880441
84.545202,-7.265191,-82.268481,114.812092
84.555442,-6.016306,-82.175693,115.905291
84.565707,-5.637987,-82.014460,116.317357
84.586187,-5.779552,-82.099967,116.038740
84.596427,-5.835730,-82.297093,115.913843
84.606559,-5.665123,-82.491118,115.984877
84.616612,-6.139280,-82.562090,115.246793
84.626702,-6.689428,-82.679781,114.460747
84.647207,-5.383740,-82.726623,115.743211
84.657170,-4.665206,-82.758247,116.370700
84.677600,-2.685831,-82.843385,118.157696
84.687789,-1.547990,-82.748773,119.369509
84.698004,-1.091792,-82.776640,119.814536
84.718509,1.729884,-82.739177,122.767610
84.728593,2.842989,-82.857571,123.949751
84.738646,3.530878,-82.954936,124.480717
84.748711,3.925778,-83.146570,124.743870
84.758801,4.505869,-83.224708,125.213104
84.778954,3.475282,-83.444380,123.731090
84.789193,4.030884,-83.360259,124.182347
84.799433,4.294890,-83.491597,124.409710
84.809673,4.802952,-83.352234,124.841993
84.819888,5.260709,-83.273168,125.155075
84.830153,6.548303,-83.088090,126.483820
84.840393,8.003609,-82.899440,128.147968
84.850596,9.212282,-82.722306,129.532379
84.860681,11.177407,-82.494492,131.662647
84.870745,13.016461,-82.341475,133.735445
84.880810,13.929092,-82.321101,134.884256
84.890900,14.094807,-82.156473,135.022977
84.911052,14.892015,-81.877808,136.143251
84.921292,15.123668,-81.896905,136.500197
84.931507,15.284683,-82.098129,136.598825
84.941721,15.455668,-82.205780,136.683806
84.951961,15.648675,-82.531710,136.650761
84.972466,13.905057,-82.706576,134.392988
84.982692,13.363676,-82.466857,133.879877
84.992930,13.284039,-82.230239,134.006604
85.003169,13.288274,-82.207392,134.154054
85.013283,14.197002,-82.216565,135.118832
85.023297,15.443415,-82.224105,136.327666
85.033536,17.055483,-82.225116,137.793917
85.054042,18.915768,-81.614047,139.822647
85.064306,19.691633,-81.407850,140.809090
85.074488,19.692380,-81.507147,140.931569
85.084695,19.278226,-81.639871,140.337342
85.094934,18.218445,-81.556803,139.247832
85.115439,17.146686,-81.541066,138.293641
85.125705,17.399652,-81.521334,138.668604
85.135920,18.187213,-81.540233,139.630008
85.146160,19.075713,-81.683175,140.648321
85.156400,19.043235,-81.844354,140.575047
85.166614,18.970401,-81.897609,140.363338
85.186792,17.916408,-82.080514,139.270904
85.197032,17.100041,-82.269396,138.263752
85.207246,16.476667,-82.250682,137.500929
85.217512,16.499215,-82.329516,137.505737
85.237984,18.184206,-82.728863,138.650122
85.248170,18.678296,-82.803497,138.886269
85.258235,18.855929,-82.340936,139.158957
85.268450,18.713468,-81.915121,139.203203
85.278690,18.629278,-81.891844,139.344506
85.288930,19.068485,-82.198226,139.814205
85.299195,19.137007,-82.537754,139.740097
85.309410,17.973656,-82.432706,138.372024
85.319675,16.406949,-82.073479,136.783144
85.329915,16.076196,-81.961608,136.586667
85.340155,15.296803,-81.766981,136.115575
85.350218,15.278670,-81.920879,136.238655
85.360282,15.356681,-82.345136,136.256919
85.370522,15.492612,-82.708864,136.229311
85.391027,14.235417,-83.752107,134.075999
85.401292,12.539776,-83.967853,131.856761
85.411506,10.507519,-83.702063,129.515645
85.421728,9.958697,-83.268387,128.899876
85.431850,8.922400,-82.467035,128.207254
85.441940,9.502252,-82.242376,129.247178
85.452180,11.051254,-82.146767,131.256387
85.462445,13.113109,-82.228067,133.504203
85.472660,15.277117,-82.180358,135.944370
85.482925,17.264271,-82.119576,138.025296
85.493140,19.080707,-82.249561,139.785286
85.503380,18.561696,-82.384335,138.930924
85.523885,16.594732,-82.784440,136.369726
85.533797,15.607015,-83.147226,134.905976
85.544012,14.450401,-83.388140,133.096836
85.554252,13.243855,-83.713032,131.430052
85.564467,13.514260,-83.748310,131.043026
85.574707,15.515750,-83.486994,132.480453
85.595236,18.809306,-81.830065,136.766014
85.605425,18.419309,-81.259826,137.040615
85.615656,16.714950,-81.317685,135.879210
85.625896,15.993161,-81.405357,135.354064
85.636060,15.131850,-81.082931,134.826582
85.646023,14.447564,-80.521182,134.497654
85.666502,15.227410,-79.453699,136.079443
85.676742,16.552724,-79.345823,137.684388
85.687007,16.598540,-79.664082,137.845375
85.697206,15.012271,-80.500029,135.840838
85.707370,12.388394,-81.144833,132.493171
85.727700,9.370236,-81.665109,128.810633
85.737966,11.060049,-81.714614,130.239796
85.748180,13.954589,-81.924403,132.996979
85.758395,16.412902,-81.766913,135.669086
85.768635,16.629134,-81.726588,135.827888
85.778875,16.768403,-81.608685,135.721227
85.799210,17.791523,-80.955172,137.071597
85.809275,18.326449,-80.618184,137.689551
85.819340,19.001902,-80.534276,138.601026
85.829404,18.881091,-80.202444,138.627432
85.839469,19.117365,-79.872280,139.037489
85.859799,19.669037,-79.555619,140.277524
85.869711,19.160375,-79.727658,139.708200
85.879926,17.836199,-80.382352,138.069364
85.890140,15.854367,-80.899254,135.550336
85.900355,13.625178,-80.937202,133.153937
85.910620,14.088222,-80.788208,133.541577
85.931101,18.747549,-80.164127,138.884411
85.941315,21.498808,-80.052918,142.003868
85.951555,23.422877,-80.138029,143.849617
85.961795,24.134803,-80.331077,144.427232
85.972060,23.886568,-80.531946,143.932453
85.982275,22.854064,-80.555647,142.650386
86.002780,21.717526,-80.744113,141.384547
86.013020,21.697062,-80.772608,141.277996
86.023153,21.794142,-81.000948,141.277573
86.033213,21.935151,-81.050119,141.391364
86.043328,22.195133,-81.063383,141.730332
86.063833,24.055334,-81.172987,143.701675
86.074073,23.482824,-81.197453,143.139701
86.084338,23.327710,-81.208285,142.905193
86.094553,23.258807,-80.983408,142.902625
86.104793,24.644977,-80.935508,144.463965
86.115032,25.854790,-80.564014,145.972809
86.135185,26.612531,-80.479545,146.968773
86.145425,26.258906,-80.525745,146.565150
86.155665,25.774523,-80.477892,146.065125
86.165879,25.786664,-80.447245,146.184736
86.176145,26.510951,-80.356452,147.036897
86.186360,27.516508,-80.461869,148.211540
86.206829,29.331472,-80.588671,149.906219
86.216893,29.181147,-80.668578,149.538932
86.227083,28.575063,-80.728499,148.753884
86.237349,27.869842,-80.628641,147.979190
86.247539,27.312364,-80.495972,147.472663
86.257753,27.173865,-80.154333,147.536826
86.268018,27.603023,-79.938424,148.308323
86.278284,28.077157,-79.739098,149.085940
86.288499,28.947687,-79.706347,150.087929
86.298641,29.644005,-79.704722,150.864549
86.308733,29.691423,-79.644835,150.972343
86.318823,29.638052,-79.594291,150.943929
86.338975,29.319622,-79.477311,150.889670
86.349215,29.707030,-79.676711,151.311694
86.359455,29.615570,-79.707570,151.345982
86.369695,29.740846,-79.785229,151.520234
86.379935,29.919268,-79.757847,151.857331
86.400439,30.093592,-79.934442,152.306060
86.410621,29.856092,-79.931942,152.213088
86.420703,29.282804,-80.040801,151.709648
86.430767,29.727094,-80.207021,152.173268
86.440832,29.768082,-80.210176,152.409647
86.450921,30.544398,-80.567074,153.119331
86.471073,32.672603,-81.558920,154.679483
86.481314,33.039285,-82.089271,154.600663
86.491528,31.968758,-82.250122,153.163850
86.501743,30.567596,-82.291410,151.587798
86.512008,29.421856,-81.961293,150.452962
86.522223,29.318939,-81.769085,150.487304
86.532463,30.471239,-81.720440,151.783688
86.542703,31.318378,-81.628977,152.782480
86.552943,31.725112,-81.581255,153.226743
86.563183,31.744988,-81.532344,153.289034
86.573297,31.118113,-81.242628,152.779311
86.583310,30.849564,-81.098408,152.710230
86.593550,30.916564,-80.836826,153.097734
86.614030,32.418315,-80.880402,154.973454
86.624295,32.249759,-80.911869,154.909988
86.644716,31.757419,-81.261513,154.245534
86.654956,31.182751,-81.487654,153.566818
86.665221,30.707298,-81.628909,152.954997
86.685701,28.753286,-81.518185,151.127757
86.695916,28.948367,-81.611376,151.391785
86.706155,29.096746,-81.458031,151.608835
86.716395,30.831365,-81.681570,153.365259
86.726610,31.717756,-81.485441,154.160047
86.746787,31.869215,-81.162352,154.237857
86.757027,31.121197,-80.899254,153.535877
86.767242,29.999512,-80.521285,152.637420
86.777507,29.382436,-80.052126,152.376589
86.787723,29.635986,-79.818991,152.953016
86.797983,29.916283,-79.660182,153.490060
86.808192,29.442784,-79.612856,153.191308
86.818256,28.701937,-79.520484,152.512824
86.828471,27.642481,-79.465556,151.518116
86.838711,27.009051,-79.433010,150.947590
86.848951,26.591352,-79.284488,150.688508
86.859216,26.510628,-79.087198,150.862104
86.869432,26.869401,-78.952704,151.572198
86.879697,26.848879,-78.739773,151.869939
86.889937,26.996207,-78.779805,152.166725
86.900176,27.165454,-78.709030,152.457417
86.920303,27.509845,-78.956447,152.667077
86.930543,26.498977,-78.802857,151.722489
86.940783,25.915780,-78.735771,151.281655
86.951048,25.415489,-78.544170,151.022791
86.961313,25.652430,-78.659553,151.416360
86.971528,25.870427,-78.633236,151.688912
86.981750,25.906808,-78.853619,151.667848
86.991872,25.571661,-78.802420,151.420677
87.001961,25.108470,-78.876589,150.970622
87.022466,24.384762,-78.950935,150.434220
87.032681,23.959511,-79.037446,150.145289
87.042947,23.906195,-78.977785,150.233890
87.053162,24.157404,-79.200886,150.516879
87.063402,24.558615,-79.320913,150.972466
87.083906,23.724952,-79.562271,150.148786
87.093819,23.026647,-79.628073,149.378614
87.104034,22.244152,-79.797722,148.551301
87.114273,21.528302,-79.789703,147.797412
87.124488,20.658045,-79.768509,147.043605
87.134753,20.238518,-79.869773,146.650869
87.155234,19.529469,-80.187022,145.829566
87.165473,18.976166,-80.293108,145.100020
87.175575,18.079236,-80.330879,144.134600
87.185717,17.419754,-80.407446,143.401652
87.195957,16.847970,-80.421127,142.783520
87.206197,16.274268,-80.515581,142.007542
87.226727,15.553336,-80.441385,140.952934
87.236942,14.884410,-80.234826,140.313997
87.247156,13.951587,-79.984097,139.420922
87.257396,12.943515,-79.691123,138.650941
87.267560,12.151170,-79.522472,138.154865
87.277523,11.744935,-79.522663,137.790474
87.287763,11.199379,-79.612132,137.261353
87.298028,10.648984,-79.806034,136.401118
87.308268,9.561520,-79.789198,134.905430
87.318508,8.873170,-79.688705,133.933138
87.328773,7.968297,-79.395423,132.913432
87.338980,7.404683,-79.208420,132.396428
87.349168,6.910810,-79.026928,131.893166
87.359433,6.641241,-78.895262,131.611817
87.369673,5.770338,-78.553971,130.773903
87.379938,4.956229,-78.198706,129.955277
87.390153,4.029205,-77.827540,129.130696
87.400368,3.175738,-77.556757,128.509873
87.410608,2.730589,-77.201539,128.232321
87.430943,1.472235,-77.050312,127.145952
87.441008,0.555354,-76.974825,126.054761
87.451072,-0.108530,-77.085686,125.233322
87.461212,-1.043004,-77.025334,124.146133
87.471452,-2.140832,-77.146597,122.909445
87.481717,-3.226517,-77.137991,121.585249
87.502197,-5.746385,-77.170694,118.615497
87.512411,-6.704950,-77.093711,117.452179
87.522651,-7.298983,-77.141502,116.776414
87.532844,-7.335622,-77.067838,116.628048
87.542913,-7.559282,-77.110739,116.387475
87.563242,-9.088783,-77.186991,114.471088
87.573482,-10.406209,-77.166419,112.677139
87.583748,-11.452463,-76.978295,111.240935
87.593963,-12.196884,-76.876334,110.347525
87.604177,-12.666558,-76.723590,109.876625
87.614443,-13.431529,-76.793770,109.086625
87.624658,-14.182935,-76.772248,108.102722
87.634749,-15.005878,-76.661189,107.064759
87.644817,-15.490220,-76.493139,106.351844
87.654982,-16.095194,-76.555806,105.572977
87.665096,-16.785808,-76.754845,104.606403
87.675109,-17.686102,-76.973869,103.285253
87.695589,-20.005028,-76.686659,99.979401
87.705829,-20.585997,-76.330035,99.105819
87.716094,-20.706379,-76.093942,99.064859
87.726308,-21.202849,-76.256166,98.361582
87.736548,-21.698905,-76.506936,97.592755
87.746788,-22.987572,-76.498522,95.984266
87.766940,-22.830355,-75.897165,95.587876
87.777180,-22.599684,-75.735822,95.957341
87.787395,-22.123375,-75.622331,96.485793
87.797660,-21.506381,-75.517386,97.308995
87.807851,-21.851020,-75.481349,97.090340
87.818065,-24.130085,-75.706001,94.515324
87.838570,-27.946598,-75.678844,89.568075
87.848642,-29.184387,-75.694991,87.704403
87.858692,-29.434318,-75.494614,87.147401
87.868756,-28.902594,-75.282700,87.717449
87.878846,-28.441273,-75.288540,88.247000
87.889111,-28.280789,-75.277557,88.596699
87.898998,-28.131722,-75.413731,88.602402
87.909238,-27.719799,-75.660587,88.766122
87.919478,-27.457243,-75.697259,88.942129
87.929718,-28.234011,-75.650902,87.865807
87.939958,-28.602903,-75.514612,87.190076
87.950223,-29.218036,-75.405534,86.415492
87.960462,-29.865982,-75.513424,85.397384
87.970644,-30.549223,-75.661263,84.226287
87.980726,-31.696890,-75.836212,82.775793
87.990790,-32.036524,-75.662848,82.027348
88.000855,-32.019001,-75.478085,81.851696
88.010945,-31.530178,-75.334152,82.160482
88.031097,-31.382018,-75.575784,81.912574
88.041337,-30.973074,-75.545273,82.054252
88.051552,-30.429323,-75.407242,82.621014
88.061792,-30.127203,-75.287693,82.980139
88.072056,-29.840113,-75.250031,83.165954
88.082271,-29.991029,-75.346856,82.896053
88.102737,-30.289485,-75.177638,82.277599
88.112975,-30.441081,-75.129349,82.036637
88.123215,-30.505947,-75.214473,81.865473
88.133329,-30.903242,-75.402850,81.219173
88.143342,-31.309174,-75.282864,80.623437
88.153582,-31.853287,-75.164989,79.876378
88.174061,-32.653905,-74.997765,78.818122
88.184327,-32.113654,-75.042571,79.094936
88.194521,-32.085514,-75.212909,78.990127
88.204740,-31.849302,-75.303874,79.068906
88.214980,-32.534370,-75.312815,78.104593
88.225245,-32.989803,-75.270249,77.175189
88.245724,-34.652459,-75.006740,74.626374
88.255939,-34.309570,-74.522405,74.766891
88.266205,-34.144321,-74.271559,75.001979
88.276420,-33.638569,-74.279045,75.387489
88.286634,-33.650546,-74.504038,75.269477
88.307139,-33.477236,-74.367264,74.982862
88.317404,-33.661460,-74.183812,74.595242
88.327619,-33.403638,-74.039858,74.755341
88.337859,-32.984961,-73.790816,75.289107
88.348099,-32.440762,-73.629446,75.888360
88.358315,-32.186515,-73.625471,76.069927
88.368216,-33.733304,-73.948354,74.355072
88.378281,-34.743369,-74.004102,72.579106
88.388495,-35.854607,-74.089309,70.998621
88.398735,-35.737787,-73.710145,70.816713
88.408975,-35.885059,-73.506113,70.297892
88.419240,-35.853285,-73.421822,70.162271
88.439720,-35.898409,-73.263047,69.857215
88.449960,-36.113297,-73.282138,69.351104
88.460200,-36.257431,-73.077478,68.727884
88.470264,-36.768858,-72.738762,67.895113
88.480327,-36.047464,-72.232980,68.291080
88.490593,-35.360951,-71.959840,69.024895
88.500783,-35.409258,-72.015848,69.078006
88.511048,-35.610158,-72.023020,68.483698
88.521288,-36.395059,-72.050211,67.323945
88.531528,-36.677248,-71.819555,66.554374
88.541762,-37.036059,-71.695492,65.689795
88.551896,-37.614350,-71.617020,64.767897
88.561986,-37.917006,-71.455267,64.017321
88.582490,-38.873154,-71.337740,62.024996
88.592705,-39.607283,-71.359815,60.727328
88.602970,-40.476927,-71.201621,59.205234
88.613186,-41.170055,-70.998976,57.865247
88.623425,-41.536877,-70.736226,56.942123
88.643930,-41.361713,-70.420623,56.324936
88.653843,-41.406977,-70.572793,55.905932
88.664057,-41.771542,-70.560362,54.882940
88.674297,-42.438025,-70.533690,53.363121
88.694777,-42.921001,-69.677437,51.413545
88.715257,-41.855300,-69.191872,52.119910
88.725497,-40.982720,-69.254000,53.206508
88.735599,-40.590281,-69.291484,53.642837
88.745741,-40.942992,-69.323777,52.829584
88.755981,-41.708875,-69.232129,51.372366
88.776460,-43.121238,-68.989098,48.738410
88.786726,-43.554573,-68.873954,47.767409
88.796941,-43.911040,-68.858258,46.847369
88.807156,-44.257423,-68.895018,46.056765
88.817395,-44.295935,-68.875129,45.427906
88.827562,-44.432867,-68.925222,44.812291
88.837480,-44.914532,-68.865560,43.916774
88.847545,-45.342580,-68.681076,42.885894
88.857785,-45.617266,-68.471554,41.953798
88.878265,-45.206604,-68.743880,41.409453
88.888429,-45.516620,-68.952617,40.624114
88.898392,-46.196753,-69.024806,39.237241
88.908632,-46.955454,-68.927366,37.672431
88.918897,-47.722583,-68.848587,36.012982
88.939335,-48.553462,-68.619994,34.033590
88.949450,-48.360270,-68.543851,33.723058
88.959515,-48.147021,-68.611040,33.500903
88.969579,-47.723621,-68.803788,33.549541
88.979844,-47.459423,-68.968648,33.513624
88.989757,-47.275284,-69.002000,33.370771
88.999971,-47.262447,-69.009964,32.936910
89.010186,-47.289573,-68.918385,32.583236
89.020401,-47.114703,-68.872404,32.440919
89.030641,-47.029107,-69.009472,32.247799
89.051171,-47.574470,-69.423552,30.903174
89.061374,-48.107765,-69.548019,29.961656
89.071609,-48.327184,-69.451740,29.244876
89.081849,-48.477486,-69.317179,28.688502
89.092114,-48.504418,-69.261738,28.517421
89.102329,-48.393328,-69.406825,28.248827
89.122834,-48.155074,-70.084612,27.854364
89.133074,-48.473067,-70.183322,27.160391
89.153259,-48.494545,-69.989256,26.187464
89.163374,-48.565234,-70.005532,25.801485
89.173614,-48.673099,-70.205192,25.302183
89.194094,-49.191972,-70.407926,24.018415
89.204359,-49.443582,-70.434632,23.261565
89.214574,-49.731478,-70.446113,22.480301
89.224814,-50.183695,-70.581522,21.531956
89.235054,-50.287913,-70.646190,20.890689
89.255206,-49.967014,-70.736731,20.407415
89.265446,-49.499798,-70.728132,20.596883
89.275686,-49.153750,-70.792104,20.684676
89.285901,-48.714378,-70.817075,20.782280
89.296166,-48.438182,-70.819957,20.744067
89.306381,-48.014147,-70.795751,20.805381
89.326875,-47.609294,-70.970488,20.520221
89.336940,-47.576758,-71.028052,20.063109
89.347130,-47.584869,-71.066684,19.539238
89.357369,-47.525430,-71.064731,19.118637
89.367584,-47.255473,-71.007405,18.918237
89.377849,-46.925971,-71.006995,18.889482
89.388090,-46.262661,-71.063023,19.294943
89.398330,-45.351797,-71.085419,20.113027
89.408569,-44.389744,-71.100036,21.025721
89.418809,-43.331103,-71.063214,22.032852
89.428923,-42.657687,-71.036501,22.588779
89.438937,-42.408006,-71.098205,22.575886
89.449176,-42.585830,-71.202700,22.054189
89.459441,-43.173527,-71.306485,21.093169
89.469656,-43.636347,-71.405810,20.058357
89.479922,-44.051466,-71.510250,19.156813
89.490137,-44.637195,-71.683395,18.149431
89.500376,-45.168666,-71.811407,17.061664
89.510609,-45.095474,-71.798054,16.590133
89.530885,-42.757940,-71.622566,18.591712
89.541151,-41.642492,-71.591891,19.843101
89.551340,-40.799746,-71.517026,20.471805
89.561555,-40.527802,-71.604848,20.595018
89.571794,-40.968906,-71.709459,20.067238
89.582060,-40.909971,-71.724178,19.732485
89.602391,-42.017244,-72.377268,18.033219
89.612460,-43.011556,-72.776950,16.523071
89.622625,-44.024520,-73.114573,15.074171
89.632739,-44.115751,-73.249257,14.612927
89.642752,-43.760476,-73.236785,14.687441
89.663231,-42.205631,-73.067520,16.119670
89.673471,-41.383911,-73.026142,16.912062
89.683711,-41.079394,-73.138799,17.021364
89.693976,-41.162606,-73.395615,16.593928
89.704181,-41.665530,-73.647485,15.861263
89.714390,-41.799207,-73.747144,15.406134
89.734894,-41.442613,-74.037871,15.382539
89.745160,-41.409603,-74.327724,15.297561
89.755375,-41.580819,-74.590986,15.028329
89.775830,-42.009714,-74.918733,14.158381
89.786070,-41.886644,-75.040188,14.187910
89.806205,-41.334307,-75.195219,14.619564
89.816420,-41.150148,-75.370133,14.643278
89.826685,-41.234108,-75.559480,14.392079
89.836875,-41.892470,-75.757685,13.545623
89.847090,-42.586499,-75.947121,12.445380
89.867594,-44.283853,-76.185467,10.105335
89.877859,-44.160100,-76.215964,9.992768
89.887969,-43.868519,-76.369076,10.183897
89.898145,-43.174001,-76.506322,10.724341
89.908385,-42.972606,-76.666298,10.832677
89.918599,-42.889637,-76.743773,10.748063
89.928512,-42.581523,-76.678224,11.037194
89.938777,-42.651543,-76.674816,10.911615
89.949017,-42.066910,-76.824049,11.187550
89.959257,-42.219329,-77.098178,10.901223
89.969471,-42.463259,-77.371987,10.487127
89.979720,-41.912780,-77.233334,10.734016
89.989910,-41.880623,-77.148517,10.807518
90.000150,-42.064000,-77.030518,10.403795
90.010390,-42.379630,-76.886606,9.793439
90.020656,-42.757234,-77.005513,9.099976
90.030845,-42.369053,-77.017001,9.108061
90.041060,-42.118409,-77.102338,9.159340
90.051325,-41.808845,-77.159103,9.185329
90.061541,-41.788959,-77.212331,8.862337
90.071661,-41.409224,-77.194859,9.074003
90.081901,-40.596551,-77.004482,9.795395
90.092140,-40.144505,-76.937006,10.298861
90.102204,-39.687033,-76.931282,10.674731
90.112268,-39.055223,-76.929650,11.223162
90.122482,-38.448176,-76.847893,11.775056
90.142987,-37.343571,-76.642208,12.689310
90.153202,-37.732554,-76.666695,12.096376
90.173565,-39.065561,-76.523466,10.093960
90.183680,-39.097820,-76.380585,9.904334
90.204185,-39.317605,-76.392162,9.351422
90.214097,-40.121720,-76.513111,8.258858
90.224312,-39.978166,-76.492101,8.158270
90.234552,-39.704743,-76.493823,8.003882
90.244767,-39.811171,-76.587683,7.629314
90.255032,-39.758897,-76.639476,7.457948
90.275512,-39.738730,-76.438327,6.957478
90.285752,-39.772820,-76.397128,6.538401
90.295765,-40.567670,-76.445595,5.442991
90.305879,-40.352368,-76.201497,5.292065
90.316119,-40.605034,-75.879051,4.854586
90.336599,-39.960650,-75.537760,5.484837
90.346865,-39.766007,-75.729531,5.414008
90.357079,-40.413410,-76.113285,4.443049
90.367319,-40.811436,-76.100212,3.504147
90.377585,-41.617333,-76.130750,2.244574
90.387775,-42.191581,-75.916419,1.317282
90.398015,-43.047025,-75.721082,0.165180
90.408280,-43.953107,-75.488262,-1.118871
90.418544,-43.991473,-75.152093,-1.489667
90.428759,-43.816336,-74.970827,-1.470632
90.438999,-43.461392,-75.093463,-1.378894
90.449239,-43.193286,-75.364225,-1.439095
90.459479,-43.075151,-75.554958,-1.648886
90.469744,-43.373788,-75.541537,-2.297547
90.490224,-43.798803,-75.266581,-3.464537
90.500463,-44.370784,-75.236917,-4.416718
90.510703,-44.649162,-75.109507,-5.212756
90.520857,-44.962387,-75.000934,-5.897288
90.530861,-44.572445,-74.889452,-5.769150
90.540926,-44.616148,-74.930536,-6.125351
90.551191,-45.097260,-75.055890,-6.978888
90.561431,-45.064096,-75.034935,-7.300638
90.571444,-45.256188,-75.001781,-7.825524
90.581558,-45.220265,-74.945350,-8.132547
90.591773,-45.674025,-74.974563,-8.886366
90.612252,-46.414520,-74.804648,-10.439890
90.622518,-46.274873,-74.668065,-10.635854
90.632733,-46.144119,-74.651215,-10.891222
90.642973,-46.353178,-74.698043,-11.428905
90.653087,-46.001331,-74.700966,-11.346402
90.663100,-45.971015,-74.801759,-11.662705
90.673365,-46.052513,-74.908078,-12.101015
90.683581,-46.656274,-75.003325,-13.124716
90.693821,-46.771599,-74.906978,-13.677573
90.704035,-46.913154,-74.870300,-14.181354
90.714275,-46.787182,-74.839407,-14.390886
90.724518,-46.928351,-74.886515,-14.818874
90.734671,-47.319800,-74.888127,-15.580515
90.754801,-46.709625,-74.741442,-15.499239
90.764866,-46.243673,-74.798733,-15.197914
90.775031,-46.396266,-75.049251,-15.814181
90.785145,-46.647713,-75.232553,-16.447661
90.795158,-47.037358,-75.391874,-17.206527
90.815637,-48.319019,-75.691897,-19.359072
90.825877,-48.711547,-75.662397,-20.136422
90.836142,-49.085257,-75.663750,-20.826183
90.846357,-48.330367,-75.557315,-20.234780
90.856597,-47.775947,-75.660519,-19.852329
90.866837,-47.520775,-75.849531,-19.950306
90.886989,-46.771595,-76.216052,-19.706253
90.897229,-47.338074,-76.586686,-20.635584
90.907444,-48.396204,-76.937614,-22.138590
90.917709,-50.010174,-77.205993,-24.388218
90.927899,-50.904990,-77.359481,-25.663835
90.938114,-51.192401,-77.447221,-26.147279
90.948379,-51.018474,-77.586844,-26.236688
90.958619,-50.185447,-77.630653,-25.585525
90.968690,-49.384515,-77.837833,-24.844726
90.978740,-47.977151,-78.115350,-23.433658
90.988805,-46.582556,-78.453581,-21.936770
90.998895,-44.713881,-78.654792,-19.947812
91.019047,-40.822815,-79.182766,-15.738469
91.029287,-39.870072,-79.435209,-14.688537
91.039527,-39.238122,-79.581232,-14.092699
91.049767,-38.643288,-79.823027,-13.619989
91.060007,-37.697156,-80.082971,-12.696690
91.070272,-37.234800,-80.475625,-12.354800
91.080511,-38.364753,-81.030359,-13.747071
91.090693,-39.759238,-81.461119,-15.487083
91.100925,-38.365511,-81.592135,-14.064994
91.111165,-35.284071,-81.586808,-10.643414
91.121279,-31.862856,-81.796372,-6.792860
91.131292,-28.487146,-81.928536,-2.998277
91.141532,-25.819768,-82.194701,0.047420
91.162012,-18.903585,-82.227814,7.664767
91.182471,-13.818402,-82.158604,13.089550
91.192690,-10.976789,-82.125204,16.151615
91.202930,-9.372706,-82.415480,17.835680
91.223435,-7.252183,-82.926816,19.879766
91.233700,-5.739486,-82.990364,21.402348
91.243915,-5.424027,-83.275265,21.675547
91.254155,-5.007876,-83.462050,21.957689
91.264395,-4.938357,-83.731398,21.851150
91.274609,-4.224182,-83.718523,22.457025
91.294787,-2.822940,-83.779244,23.677327
91.305001,-2.098699,-83.912467,24.229929
91.315267,-0.269247,-83.759737,26.039519
91.325482,1.127726,-83.792747,27.497409
91.335722,2.302298,-83.689379,28.715352
91.345979,3.539564,-83.664572,30.032898
91.366232,6.764952,-83.893240,33.264391
91.376447,7.079491,-84.037309,33.499254
91.386687,7.202599,-84.008185,33.566517
91.396926,7.130910,-84.009264,33.458518
91.417053,7.616498,-84.201336,33.913959
91.427319,7.935181,-84.213043,34.179728
91.437559,8.971668,-84.124066,35.270062
91.447773,10.670358,-84.157793,37.123147
91.458005,11.973438,-84.289582,38.446479
91.468136,13.498663,-84.403045,39.892092
91.478201,14.195906,-84.617991,40.420534
91.488266,14.373558,-84.716913,40.502533
91.498506,13.167065,-84.785454,39.128812
91.508469,13.539143,-84.632464,39.444892
91.518633,15.095807,-84.536391,41.136771
91.528848,17.819851,-84.464551,44.023609
91.539063,19.556768,-84.602425,45.694560
91.549302,21.130013,-84.504350,47.210452
91.559568,21.249591,-84.422019,47.365197
91.569833,22.329855,-84.373566,48.628840
91.580038,22.744916,-84.330297,48.996072
91.590272,25.019427,-84.589011,51.122897
91.600511,25.838261,-84.636842,51.811103
91.610777,26.023526,-84.465582,52.009244
91.620991,24.975710,-83.952758,51.059356
91.631256,25.698443,-83.561934,52.085028
91.641496,27.362568,-83.397880,54.123290
91.651736,30.631544,-83.533705,57.513423
91.661892,32.687591,-83.549920,59.550363
91.671947,33.304887,-83.414416,60.218697
91.682037,33.005284,-83.283789,59.944172
91.702542,32.863459,-83.067401,59.919201
91.712807,32.909941,-82.917479,60.022275
91.723022,33.460759,-82.770124,60.665501
91.733237,34.578881,-82.664277,61.889703
91.743502,35.684661,-82.525460,62.995012
91.753692,36.228341,-82.289655,63.602558
91.763788,37.209160,-82.114570,64.769707
91.774028,37.639762,-82.051493,65.330350
91.784268,37.569725,-82.023141,65.268864
91.804747,36.035880,-81.678551,64.138932
91.814987,36.041344,-81.594772,64.340799
91.835492,36.546221,-81.447164,65.072127
91.845566,37.644147,-81.464083,66.271693
91.855628,38.760309,-81.553825,67.461109
91.865793,39.546225,-81.717244,68.133698
91.876033,39.526974,-81.818638,68.023452
91.896513,38.108938,-81.939997,66.475253
91.906779,36.828264,-81.767698,65.239481
91.916993,35.989534,-81.571235,64.600790
91.927208,36.487482,-81.400084,65.477383
91.937448,37.313706,-81.448544,66.553725
91.947614,39.036802,-81.518670,68.206891
91.957533,40.378562,-81.653409,69.526756
91.967598,40.825977,-81.757501,69.982009
91.977838,40.829628,-82.023264,69.763381
91.988078,40.402259,-82.087454,69.162666
91.998142,40.145215,-82.215506,68.950124
92.008205,39.596703,-82.112828,68.536454
92.018445,39.878251,-82.199360,68.800072
92.038975,40.121081,-81.975493,69.322595
92.049190,40.373747,-81.894747,69.795169
92.059405,41.749845,-82.040462,71.081990
92.069503,42.371984,-81.977768,71.732300
92.079568,42.827311,-82.008954,72.334845
92.089633,42.731555,-82.033113,72.253771
92.099898,42.935221,-82.216988,72.376830
92.109810,42.546905,-82.218204,71.997967
92.120025,43.438968,-82.336045,72.851481
92.130240,43.471702,-82.348627,72.798799
92.140454,43.604717,-82.324659,72.915350
92.160935,42.905729,-82.080139,72.632505
92.171200,42.664848,-82.162531,72.486264
92.181415,42.376129,-82.103573,72.273544
92.191654,42.848270,-82.107876,72.750039
92.201894,43.049395,-81.923017,73.063640
92.212058,43.897247,-81.989721,73.939619
92.222021,43.871961,-81.830188,73.976959
92.242526,43.596896,-81.856061,73.793384
92.252766,42.818231,-81.862064,72.880489
92.263031,40.977655,-81.675177,71.063385
92.273224,40.086288,-81.447281,70.427078
92.283428,39.521670,-81.281881,70.152695
92.303933,41.321839,-81.204105,72.195004
92.313846,42.640079,-81.198211,73.550025
92.324061,42.310324,-81.208374,73.118384
92.334275,41.267863,-81.059954,72.071022
92.344541,40.313508,-80.999398,71.245211
92.354730,39.578180,-80.962645,70.784181
92.375196,40.009547,-81.254929,71.071028
92.385434,39.812329,-81.231440,70.881681
92.395699,39.151539,-81.218995,70.264779
92.405915,38.676827,-81.137402,69.817108
92.416155,38.581532,-81.147360,69.821882
92.426394,38.961465,-81.172564,70.439748
92.446924,39.565879,-81.461877,70.771722
92.456993,38.868288,-81.437548,70.031050
92.467184,38.507917,-81.464452,69.713316
92.477425,38.068647,-81.510084,69.210689
92.487665,38.149175,-81.613582,69.196250
92.497929,37.613152,-81.488528,68.705727
92.508170,36.933613,-81.513766,68.111186
92.518410,36.192459,-81.400057,67.428625
92.528650,35.908576,-81.468803,67.201828
92.538890,35.987481,-81.431086,67.488088
92.549004,36.216665,-81.561037,67.724399
92.559017,36.656239,-81.725713,68.026567
92.569257,36.429815,-81.727776,67.771705
92.589736,35.138700,-81.729887,66.267028
92.600002,34.199348,-81.645862,65.450950
92.610217,33.399854,-81.452656,64.945380
92.620459,33.582766,-81.416791,65.371003
92.630611,34.231651,-81.436223,66.142719
92.640676,34.699437,-81.438879,66.689038
92.650941,34.811026,-81.567205,66.875215
92.661207,33.986386,-81.564480,66.001224
92.671396,33.797651,-81.690121,65.677842
92.681611,33.397897,-81.681098,65.279103
92.691851,33.467831,-81.772398,65.338962
92.702116,33.710382,-81.886031,65.413719
92.712355,33.458576,-81.826534,65.063091
92.722448,32.899447,-81.827353,64.569309
92.732516,31.694414,-81.629469,63.497318
92.742681,31.522266,-81.722414,63.309727
92.752947,31.235599,-81.598651,63.173874
92.763162,31.233618,-81.561195,63.368453
92.773401,31.656933,-81.530397,63.867173
92.793906,32.797421,-81.616437,65.153584
92.804146,32.276920,-81.482763,64.787199
92.814302,31.993689,-81.605010,64.567650
92.824431,31.832435,-81.661626,64.433450
92.834671,31.700257,-81.847769,64.259963
92.855151,30.009140,-81.930892,62.276190
92.865417,28.978450,-81.866456,61.319676
92.875632,28.772302,-81.671898,61.390478
92.885846,29.025162,-81.672936,61.783733
92.896086,29.924298,-81.647432,62.872124
92.906302,30.210207,-81.731266,63.269285
92.936477,28.892639,-81.949627,61.571854
92.946716,28.186640,-81.867303,60.832404
92.956956,27.915625,-81.866552,60.509213
92.967222,27.549911,-81.830188,60.287532
92.987702,27.113057,-81.779399,60.053680
92.997942,26.374683,-81.778920,59.437693
93.008047,25.892578,-81.878539,58.980548
93.018102,25.773140,-81.961095,58.718050
93.028167,25.551640,-81.963247,58.406983
93.038232,24.920258,-81.965514,57.795517
93.048297,23.909854,-81.778729,56.926348
93.058537,23.314564,-81.827012,56.457712
93.068499,22.830956,-81.839709,56.015976
93.078664,22.196184,-81.882890,55.358232
93.099093,20.786542,-81.851894,53.876109
93.109333,20.254485,-81.931794,53.341763
93.119598,19.834376,-81.890150,52.887907
93.129863,19.434591,-81.915142,52.451000
93.140068,19.025541,-81.779180,52.075613
93.150302,18.640915,-81.728534,51.741152
93.160542,18.436448,-81.677909,51.601516
93.170807,18.349887,-81.724265,51.499333
93.181021,18.044199,-81.904514,51.066705
93.191286,17.031239,-81.867979,49.960293
93.201526,15.433635,-81.762289,48.311151
93.211741,14.425991,-81.687683,47.338856
93.221909,13.823721,-81.579534,46.709420
93.231977,13.458634,-81.548272,46.432647
93.242067,13.444109,-81.382537,46.530855
93.262572,13.276219,-81.736560,46.082651
93.272812,12.575000,-81.834826,45.162047
93.283077,11.794109,-81.719778,44.302011
93.293291,10.905942,-81.547063,43.399299
93.303557,10.396734,-81.514783,42.937479
93.313747,9.934918,-81.409680,42.562727
93.323818,9.439984,-81.501758,42.052980
93.334058,9.185080,-81.508766,41.675905
93.344297,8.850186,-81.588187,41.094185
93.354562,8.329893,-81.589915,40.455890
93.364777,7.835526,-81.410411,39.922688
93.375017,7.111706,-81.417528,39.131492
93.395522,5.899448,-81.247224,37.977904
93.405596,5.594036,-81.175726,37.693656
93.415658,5.342828,-81.156397,37.396860
93.425823,5.356852,-81.152469,37.362067
93.436063,5.350987,-81.123427,37.421572
93.456542,4.808677,-81.382742,36.662775
93.466808,4.109005,-81.577430,35.689764
93.477023,3.243890,-81.661906,34.545755
93.487238,2.542712,-81.630152,33.618901
93.497478,1.981547,-81.594983,32.949014
93.507644,1.661084,-81.334282,32.647853
93.517563,1.253281,-81.457553,32.135996
93.527628,1.756443,-81.532043,32.394867
93.537868,1.593885,-81.566597,31.954794
93.548107,1.739890,-81.358727,32.011164
93.558171,1.676780,-81.100526,31.996513
93.568235,2.027898,-80.962344,32.451950
93.588714,3.577699,-80.839940,34.158148
93.598980,4.257154,-80.862056,34.837042
93.609195,4.334348,-80.818808,34.957735
93.619429,3.950441,-80.810932,34.614156
93.629533,3.580260,-80.762069,34.302149
93.639597,3.150670,-81.094331,33.687063
93.649662,3.228863,-81.118783,33.620479
93.659927,2.487286,-81.155065,32.991289
93.669840,2.804445,-81.056703,33.281688
93.680055,2.393629,-81.490099,32.629391
93.690269,2.048445,-81.659078,32.047347
93.700484,0.858760,-81.721820,30.515014
93.710749,0.536671,-81.474164,30.167399
93.720964,0.845413,-81.020749,30.618311
93.731229,1.589274,-81.014800,31.402170
93.741444,2.868057,-81.016371,32.771446
93.751684,4.050638,-80.702524,34.095874
93.761924,5.677489,-80.254620,36.094493
93.772088,7.335233,-79.972124,38.068824
93.782051,8.839417,-80.335128,39.397832
93.802556,7.886145,-80.833417,38.270971
93.812771,5.851747,-80.919286,35.910498
93.823036,3.833217,-80.851422,33.633733
93.833239,3.044176,-80.616361,32.851858
93.843458,3.109052,-80.477646,32.890250
93.863963,5.249675,-80.464505,35.296597
93.873875,6.707767,-80.762923,36.697729
93.884090,7.876400,-80.676248,37.935595
93.894305,8.245633,-80.616907,38.374718
93.904570,9.085693,-80.549924,39.319661
93.914760,9.556601,-80.668366,39.867008
93.925000,9.903850,-81.138447,39.988743
93.935226,9.653711,-81.610208,39.366786
93.945463,8.617213,-81.715680,38.104218
93.955477,7.551161,-81.516771,36.850704
93.965591,6.563380,-80.910592,36.029815
93.975831,5.965600,-80.391641,35.710951
93.986070,6.554785,-80.298538,36.603687
94.006600,9.684128,-81.267244,39.534801
94.016815,11.022767,-81.617065,40.623387
94.027055,10.954076,-81.350347,40.570289
94.037295,10.647380,-80.912477,40.371940
94.047535,11.116603,-80.693480,40.855753
94.057800,10.817847,-80.725316,40.751385
94.068040,10.305664,-81.048316,40.204092
94.078280,10.072821,-81.199843,39.806172
94.088495,10.116532,-81.224275,39.800813
94.098735,10.614024,-81.415192,40.151004
94.108902,10.748561,-81.363030,40.166987
94.118930,11.012135,-81.260092,40.423238
94.128995,11.316911,-81.273951,40.595011
94.139260,10.850253,-81.190097,40.125995
94.149500,9.992357,-81.018365,39.336429
94.159513,9.975683,-80.720316,39.364849
94.169627,10.651360,-80.640376,40.142255
94.179892,11.837169,-80.662280,41.419367
94.190106,13.090075,-80.424371,42.744540
94.210586,14.087657,-80.018494,44.355897
94.220815,13.668576,-80.172084,43.892940
94.230900,13.098796,-80.181715,43.139659
94.240965,12.535281,-80.155835,42.697852
94.251055,12.589282,-80.158410,42.683003
94.271207,13.802042,-80.404741,43.835758
94.281447,14.386535,-80.319111,44.435592
94.291662,14.429244,-80.586308,44.420603
94.301902,13.596381,-80.598534,43.530636
94.312167,12.646534,-80.820262,42.400715
94.322381,11.661866,-80.449636,41.490080
94.342886,12.026191,-80.001644,42.194788
94.353126,12.753722,-80.133548,42.950859
94.363366,13.522568,-80.177248,43.560040
94.373480,13.949124,-80.095832,43.923038
94.383493,13.785793,-79.870743,43.813748
94.393758,13.930323,-79.575829,44.315538
94.403973,14.163715,-79.417102,44.919521
94.414213,15.325935,-79.741113,46.057656
94.424428,16.262055,-80.232777,46.709526
94.434668,16.254129,-80.732822,46.397547
94.444827,15.239078,-80.739823,44.959430
94.454840,13.624280,-80.243029,43.203255
94.474970,11.627793,-79.055745,41.957138
94.485185,11.935332,-79.285184,42.548561
94.495451,13.191905,-80.125837,43.419816
94.505666,14.719847,-80.403245,44.663201
94.515880,14.565351,-79.921806,44.809897
94.526120,14.108577,-79.213686,44.693237
94.546600,14.653291,-79.425790,45.276918
94.556739,15.539567,-80.119184,45.946399
94.566811,15.773400,-80.637097,45.852767
94.576951,14.486478,-80.074016,44.844106
94.587191,13.697600,-79.514965,44.458371
94.597456,13.745181,-79.032133,44.681093
94.607697,13.621342,-79.582687,44.555243
94.617937,14.033910,-80.324473,44.662300
94.628177,13.686836,-81.215034,43.796867
94.638416,12.467826,-81.388350,42.498953
94.648599,11.401625,-81.329255,41.230724
94.658652,11.317748,-81.221167,40.721451
94.668717,11.263662,-81.191189,40.361398
94.678982,11.317847,-80.890251,40.507847
94.689222,11.490768,-80.519208,40.801255
94.699462,11.719391,-80.420922,41.195412
94.709727,12.534965,-80.217409,42.327458
94.719941,13.520272,-80.190669,43.408519
94.730181,14.245697,-79.975047,44.253892
94.750686,15.357158,-79.526269,45.824504
94.760952,16.201736,-79.551473,46.771705
94.771167,16.968456,-79.841927,47.463271
94.781381,17.112230,-80.353679,47.335892
94.791621,15.260811,-80.843287,45.114390
94.801886,12.241097,-80.965622,41.785455
94.832270,11.314835,-79.775763,41.308906
94.842435,13.723634,-79.830991,43.901014
94.852675,15.641816,-80.203305,45.792822
94.862940,14.288905,-80.349457,44.187892
94.883419,12.033262,-78.909032,42.113259
94.893634,12.531195,-78.502287,42.759211
94.903874,13.870471,-78.553835,44.279683
94.914042,15.047381,-78.594399,45.677901
94.924111,15.760108,-78.751794,46.405101
94.934201,15.501355,-78.690767,46.164566
94.954706,15.401452,-78.301862,46.329303
94.964668,16.243643,-78.460883,47.292202
94.974833,16.880165,-78.654758,47.933834
94.985048,16.182376,-78.913082,47.090504
94.995313,14.581315,-78.988331,45.345803
95.005503,12.470130,-78.901505,43.020937
95.015768,11.105106,-78.754875,41.585655
95.025971,11.032186,-78.675084,41.507305
95.036082,12.277858,-78.696552,42.850489
95.046147,14.087970,-78.731242,44.825466
95.056211,15.879787,-78.873495,46.683831
95.076341,16.670830,-78.944255,47.662317
95.086581,16.416985,-78.859862,47.304333
95.096543,15.856165,-79.050799,46.793011
95.106708,15.419710,-78.840505,46.436513
95.116948,14.693233,-78.944064,45.727283
95.127188,14.549049,-78.753563,45.761622
95.147693,14.974997,-78.973946,46.064435
95.157958,14.994147,-79.009716,46.063772
95.168132,15.600914,-79.161858,46.553357
95.178347,15.555022,-78.960224,46.610198
95.188587,15.003818,-79.145958,46.186248
95.198802,14.441668,-79.130808,45.667915
95.208714,14.000545,-79.306235,45.118010
95.218979,14.474790,-79.295805,45.465806
95.229245,14.857393,-79.698438,45.682224
95.239435,14.988821,-79.824824,45.688778
95.249649,14.602492,-79.805050,45.223188
95.259862,14.149145,-79.696471,44.821426
95.270089,14.273759,-79.626250,44.971543
95.280153,14.580278,-79.690365,45.358559
95.290218,15.000806,-79.551493,45.917610
95.310672,15.640954,-79.616284,46.661435
95.320912,15.236303,-79.796677,46.239742
95.331127,14.745827,-79.565249,45.829357
95.341040,14.187737,-79.625587,45.339448
95.351304,14.128320,-79.559853,45.377741
95.361570,14.052632,-79.842603,45.298330
95.371760,14.336089,-80.052481,45.425054
95.381959,14.224077,-80.194323,45.126640
95.392174,14.232216,-80.276579,45.098288
95.402389,14.386050,-80.277932,45.145747
95.422566,14.431263,-80.592093,44.793887
95.432781,13.705743,-80.691541,43.796812
95.443021,12.891534,-80.288573,42.911818
95.453260,12.572099,-79.985429,42.770921
95.463526,13.251184,-79.522547,43.830803
95.483965,15.209556,-79.619747,46.223346
95.494205,15.785696,-79.708260,46.948446
95.504445,16.026127,-79.572134,47.263365
95.514509,16.020274,-79.574532,47.150650
95.524572,15.930882,-79.577605,47.136334
95.534812,15.689749,-79.539260,46.981938
95.555317,14.786738,-79.769322,45.951518
95.565582,13.913667,-79.812536,45.110268
95.575756,13.681831,-79.593472,44.903661
95.585971,13.759383,-79.825384,44.915819
95.596211,14.360804,-79.717344,45.520848
95.616716,14.588075,-79.569812,45.922108
95.626982,14.717417,-79.672114,46.056840
95.647436,15.236327,-79.628982,46.663869
95.657676,15.610300,-79.663645,46.992081
95.667840,15.735434,-79.638606,47.084015
95.677803,15.511361,-79.653885,46.873898
95.688043,15.082359,-79.406229,46.556847
95.698308,14.703299,-79.458179,46.223100
95.708548,14.699962,-79.272371,46.392964
95.718813,14.606054,-79.426193,46.337294
95.729028,14.951313,-79.375698,46.664512
95.739272,15.015630,-79.509788,46.604751
95.749424,15.217962,-79.382863,46.810876
95.759489,15.185618,-79.104054,46.927296
95.769729,15.321050,-78.940574,47.304657
95.779995,15.378755,-78.866699,47.512961
95.790184,15.258820,-79.066919,47.482509
95.800399,15.534731,-79.404610,47.555735
95.810639,15.645151,-79.898508,47.256593
95.831169,15.588215,-80.525164,46.453090
95.841257,15.116752,-80.191632,45.907361
95.851455,14.432552,-79.732104,45.423172
95.861695,13.885663,-79.344805,45.173198
95.871960,13.618082,-79.354101,45.219018
95.882175,13.938550,-79.594537,45.694034
95.902680,14.823674,-80.286770,46.058944
95.912919,14.549083,-80.285090,45.516541
95.923048,14.212201,-79.927079,45.005735
95.933106,14.333482,-79.769260,45.209965
95.943221,14.191117,-79.542628,45.275521
95.953461,14.159144,-79.662463,45.412794
95.973940,13.615963,-79.582291,44.954072
95.984206,13.491701,-79.564887,44.934076
95.994421,12.979356,-79.502213,44.414015
96.004661,13.474570,-79.661610,45.010165
96.014901,13.675544,-79.735649,45.212471
96.035053,13.827696,-80.196687,45.172283
96.045293,13.745249,-80.661331,44.893040
96.055533,13.717544,-80.713800,44.600736
96.065773,12.967503,-80.957904,43.643789
96.076038,12.592328,-80.477086,43.297563
96.086253,12.149657,-80.431228,42.842341
96.106688,12.411733,-79.700692,43.520497
96.116789,13.282046,-79.402547,44.679966
96.126854,14.129345,-79.769431,45.436983
96.136993,15.502132,-79.740539,46.734220
96.147233,15.999708,-79.624979,47.158836
96.157498,16.027075,-79.145978,47.450851
96.167386,16.466171,-78.791082,48.225193
96.177625,17.983775,-78.960245,49.734712
96.187865,18.796698,-79.203837,50.555500
96.198105,18.129393,-79.461205,49.766695
96.208370,16.434108,-79.554826,47.830568
96.218585,14.275298,-79.465296,45.538787
96.228850,13.014150,-78.977716,44.479223
96.238824,13.527696,-78.582938,45.389643
96.248889,14.841526,-78.313303,47.232018
96.259079,16.475407,-78.501365,49.177403
96.269318,18.732460,-78.868010,51.249822
96.279558,20.301925,-79.478417,52.478222
96.289823,20.303494,-79.929988,52.139950
96.300063,18.782588,-79.931218,50.390769
96.310303,16.947789,-79.452715,48.650061
96.320543,16.013597,-78.998473,47.953454
96.330783,15.968690,-78.773699,48.204535
96.340896,15.944192,-78.712159,48.538838
96.350910,16.618347,-78.751214,49.265707
96.371389,17.821019,-78.798199,50.433615
96.381655,17.588162,-78.745019,50.315709
96.391845,17.615473,-78.516139,50.450376
96.402060,18.520029,-78.624555,51.359215
96.412300,18.823732,-78.795863,51.792102
96.422535,18.019060,-78.991534,51.052877
96.442836,16.204798,-78.682482,48.851791
96.453051,16.135820,-78.703293,48.907559
96.463266,16.763127,-79.147590,49.339835
96.473531,18.241861,-79.379345,50.480962
96.483746,19.105738,-79.233049,51.200467
96.493986,18.762765,-78.544170,51.111501
96.514491,18.043514,-77.423876,50.969969
96.524460,17.852048,-77.198240,51.260406
96.534477,17.726129,-76.896278,51.595816
96.544616,17.958437,-76.871115,52.116980
96.554856,18.419270,-77.010601,52.672677
96.575361,18.993387,-77.548568,53.012889
96.585627,18.506956,-77.925335,52.426698
96.595842,17.528890,-78.267684,51.077551
96.606056,16.188675,-78.351279,49.477033
96.616296,14.772171,-78.096929,48.199317
96.626511,14.155683,-77.934576,47.608218
96.646688,15.509311,-77.986185,49.074547
96.656928,16.259301,-78.119551,49.885134
96.667168,16.598367,-77.966118,50.406912
96.677433,16.544113,-78.141701,50.346393
96.687648,16.418720,-78.018102,50.241854
96.697906,15.891530,-78.006976,49.873399
96.718159,14.985109,-78.002208,49.204891
96.728374,14.821569,-77.916851,49.165010
96.738614,14.948742,-78.158975,49.218186
96.748828,15.339912,-78.365663,49.495068
96.759094,15.510151,-78.806320,49.364116
96.769309,15.088667,-79.006048,48.731405
96.779574,14.061538,-79.270110,47.493201
96.789840,13.209755,-79.252775,46.408963
96.799924,12.918765,-79.133055,46.018936
96.810000,13.344903,-78.829235,46.624736
96.820115,14.145411,-78.605683,47.713960
96.830329,15.145878,-78.541827,48.886977
96.840242,15.690560,-78.621406,49.661158
96.850507,15.357911,-78.940608,49.238820
96.860747,14.186892,-79.008159,47.885070
96.870987,12.674517,-79.123384,46.190869
96.881226,11.612170,-78.988030,45.094900
96.891491,11.240945,-79.019053,44.731080
96.911906,13.460699,-79.297403,47.109898
96.921970,14.876548,-79.364216,48.536246
96.932035,15.405048,-79.521160,49.099313
96.942100,15.144297,-79.520259,48.785845
96.952215,14.477394,-79.608648,48.104947
96.962429,13.257822,-79.544957,46.937282
96.982607,11.504970,-79.541255,45.184737
96.992822,11.184127,-79.529917,44.918480
97.003036,11.363538,-79.423106,45.185086
97.013302,11.998213,-79.478656,45.834210
97.023517,12.793000,-79.459170,46.712644
97.043997,13.516155,-79.779806,47.362038
97.054237,13.148296,-79.938034,46.810268
97.064476,12.307090,-79.965068,45.832304
97.074742,11.579628,-79.911957,45.032971
97.084957,10.974817,-79.826470,44.444553
97.095197,10.872923,-79.694183,44.404702
97.115702,11.632797,-79.647690,45.211898
97.125783,11.691575,-79.530818,45.309928
97.135847,11.883558,-79.337497,45.709040
97.146011,11.948984,-79.349368,45.841662
97.156251,11.709673,-79.418120,45.594429
97.166466,11.474676,-79.471034,45.318544
97.186644,11.395342,-79.461055,45.053680
97.196858,11.705450,-79.486757,45.274240
97.207073,12.022869,-79.535517,45.485706
97.217313,11.633934,-79.419923,45.144682
97.227568,11.260398,-79.479667,44.752414
97.237752,10.440442,-79.263970,43.945253
97.247818,9.862748,-79.159550,43.473710
97.258057,9.637855,-78.997182,43.359175
97.268297,9.653423,-79.072069,43.431633
97.278361,9.764335,-78.903281,43.535476
97.288425,9.967258,-78.977682,43.708242
97.298639,10.140321,-78.765127,43.959248
97.319144,10.255308,-78.865749,44.015740
97.329409,10.004890,-79.054590,43.637628
97.339598,9.778229,-78.821319,43.333541
97.349723,9.367234,-78.770086,42.843584
97.359838,9.116156,-78.491209,42.744642
97.370078,8.939916,-78.353785,42.795817
97.390608,9.582724,-78.575439,43.409732
97.400822,9.608204,-78.537586,43.365701
97.411037,9.301798,-78.499699,42.997820
97.421277,8.927799,-78.318330,42.637268
97.431494,8.632488,-78.292512,42.386631
97.441564,8.863538,-78.253334,42.607017
97.451629,9.159584,-78.279275,42.919304
97.461869,9.523479,-78.178748,43.347389
97.482172,9.236116,-78.306691,43.017013
97.492236,8.782470,-78.375342,42.540027
97.512690,8.309627,-78.428542,41.900680
97.522956,8.128621,-78.415489,41.698851
97.533170,7.892078,-78.467337,41.378748
97.543410,7.882722,-78.423365,41.348623
97.553534,7.734106,-78.443159,41.117790
97.563649,8.077414,-78.510518,41.405051
97.584154,8.705604,-78.598702,41.977444
97.594067,8.819519,-78.618134,42.095354
97.604281,8.571834,-78.688820,41.791216
97.614521,8.019560,-78.613654,41.311013
97.624761,7.386713,-78.759096,40.525534
97.635026,6.964417,-78.770912,39.920506
97.655506,6.353813,-78.579954,39.271170
97.665746,6.495158,-78.422210,39.528443
97.675759,6.757840,-78.400723,39.927445
97.685873,7.203887,-78.541281,40.414147
97.696138,7.477907,-78.687550,40.581808
97.706328,7.556286,-78.644970,40.637648
97.726808,7.729408,-78.825301,40.792861
97.737048,7.693630,-78.960279,40.545786
97.747246,7.362756,-79.141935,40.024618
97.757346,7.086074,-78.791027,39.815341
97.767411,6.700752,-78.779265,39.498352
97.777476,6.932714,-78.674982,39.818090
97.787741,7.058323,-79.065819,39.879914
97.798007,7.714440,-78.941141,40.439836
97.808221,7.821058,-79.181563,40.401150
97.818436,8.289563,-78.945519,40.849790
97.828676,8.185155,-79.109662,40.692747
97.838916,8.447950,-78.959746,41.033738
97.849181,8.358768,-79.118630,40.965692
97.859252,8.477613,-79.057992,41.029090
97.869317,8.398301,-79.190593,40.890092
97.879382,8.593513,-79.076590,41.044768
97.889446,8.679653,-79.129811,41.104809
97.899511,8.895941,-79.058907,41.300279
97.909576,9.006677,-79.191174,41.419452
97.919841,9.182985,-79.029278,41.612955
97.929753,9.096162,-79.182875,41.474992
97.939968,9.400407,-79.036565,41.846718
97.950183,9.397714,-79.091740,41.855587
97.960422,9.821109,-78.896348,42.397378
97.970662,10.044288,-78.979253,42.734346
97.991192,11.131789,-79.150548,43.913882
98.001377,11.749182,-79.115140,44.561882
98.011607,11.463942,-79.233541,44.247444
98.021847,11.139231,-79.153129,44.041169
98.032112,10.981810,-79.416911,43.798465
98.042327,10.822422,-79.430667,43.558831
98.062832,10.499384,-79.745792,42.924594
98.073071,10.599496,-79.825309,42.915889
98.083200,11.162395,-79.649623,43.519971
98.093258,11.671401,-79.618709,44.131925
98.103373,12.196205,-79.465836,44.701464
98.123878,12.393457,-79.349975,45.037677
98.134117,12.213413,-79.351014,44.886682
98.144131,12.609894,-79.037897,45.411551
98.154245,13.115462,-78.993644,46.084488
98.164459,13.880984,-78.772790,47.058398
98.174699,14.720454,-78.994915,47.909074
98.195164,15.487548,-79.148860,48.635011
98.205229,15.225253,-79.062383,48.324480
98.215418,14.653479,-79.153054,47.770401
98.225658,14.106916,-79.017946,47.263594
98.235823,13.917866,-79.089233,47.154035
98.245785,13.956358,-78.949474,47.256867
98.266316,14.729165,-78.854186,48.316492
98.286745,16.236531,-78.850368,49.962462
98.296990,16.864476,-78.999313,50.670916
98.307134,17.321641,-78.810213,51.224158
98.327464,17.270832,-78.923212,51.319781
98.337704,16.685491,-79.062008,50.683832
98.347969,16.261620,-78.980250,50.232295
98.358184,15.779072,-79.038164,49.732277
98.368398,15.607076,-78.857628,49.636890
98.378638,15.626231,-78.834153,49.779819
98.388903,16.244522,-78.694742,50.553184
98.398975,16.913136,-78.753652,51.467183
98.409040,17.900980,-78.736973,52.554645
98.419229,18.771976,-79.011956,53.362871
98.429469,19.082645,-78.977163,53.670875
98.439709,18.790465,-79.089055,53.402357
98.459862,17.943669,-79.090626,52.572581
98.470102,17.549591,-78.834399,52.321602
98.480367,17.226697,-78.947192,52.110006
98.490557,17.467644,-78.882948,52.496544
98.500761,17.884746,-79.148697,52.839720
98.510971,18.625181,-79.182622,53.550773
98.531123,19.437947,-79.241205,54.314484
98.541363,19.504626,-79.198004,54.491615
98.551577,19.368082,-79.144400,54.488445
98.561817,18.990236,-79.153635,54.227894
98.572083,18.600084,-79.092498,53.888509
98.582297,18.500438,-79.198550,53.839089
98.592537,18.604445,-79.000229,54.042858
98.602763,19.049628,-79.180839,54.561412
98.613001,19.577410,-79.139612,55.187184
98.623241,19.868264,-79.416153,55.430110
98.633355,19.524461,-79.288415,55.147904
98.643368,18.837190,-79.388832,54.427411
98.653608,18.387156,-79.274386,54.030751
98.674088,17.814276,-79.330721,53.528835
98.684353,17.578159,-79.412991,53.239306
98.694548,17.598676,-79.330516,53.339085
98.704767,17.656894,-79.463951,53.350157
98.715007,17.668323,-79.424691,53.297824
98.735159,17.062692,-79.344771,52.702484
98.745399,16.607219,-79.430401,52.273036
98.755614,16.118024,-79.285369,51.822763
98.765828,15.820668,-79.318796,51.531513
98.776068,16.030975,-79.199868,51.852843
98.786328,16.411339,-79.337087,52.208808
98.816812,16.085767,-79.335885,51.933500
98.827052,15.054340,-79.176707,50.854409
98.837166,14.451938,-79.201740,50.391981
98.847179,14.228115,-79.228644,50.211214
98.867659,14.526738,-79.501203,50.371890
98.877925,14.404941,-79.652724,50.163856
98.888140,14.260865,-79.629460,49.863827
98.898380,13.785087,-79.763571,49.385133
98.908619,13.000554,-79.718143,48.464980
98.918834,12.337351,-79.783037,47.744166
98.939012,11.564507,-79.820227,46.977532
98.949251,11.527196,-79.750300,46.837729
98.959491,11.566738,-79.874104,46.881032
98.969756,11.710242,-79.718068,47.016662
98.979971,11.727565,-79.891152,47.038109
98.990209,11.430737,-79.808732,46.690668
99.010409,10.362373,-79.793480,45.510158
99.020624,9.406058,-79.939387,44.418523
99.030864,9.174393,-79.840362,44.112364
99.040978,8.517400,-79.953040,43.290296
99.050991,8.522364,-79.897538,43.191446
99.061231,8.292618,-79.996412,42.797716
99.081710,8.095737,-79.917687,42.428329
99.091950,7.701401,-79.849617,42.002306
99.112389,7.018329,-79.704210,41.194476
99.122629,7.052028,-79.608081,41.202447
99.143134,7.109828,-79.380882,41.319175
99.153399,7.184074,-79.346321,41.502111
99.163614,7.270598,-79.264373,41.636113
99.173854,7.231779,-79.513429,41.504106
99.184093,6.956451,-79.431630,41.004907
99.194308,6.532158,-79.582537,40.412460
99.214486,5.117296,-79.391783,38.747342
99.224750,4.956673,-79.209854,38.631748
99.234965,4.761164,-79.191706,38.338258
99.245180,5.159664,-79.060205,38.797506
99.255445,5.526631,-79.080231,39.111176
99.275866,5.750059,-79.044147,39.226849
99.285931,5.186629,-79.006724,38.649428
99.296121,5.224240,-78.813150,38.610554
99.306184,5.080211,-78.874505,38.470211
99.316248,5.375027,-78.830253,38.683179
99.326463,5.521706,-78.856781,38.850570
99.346967,5.518710,-78.833852,38.714513
99.357232,5.535202,-78.755209,38.667671
99.367447,5.714521,-78.870134,38.789898
99.377656,5.485351,-78.820267,38.444181
99.387887,5.435485,-78.912249,38.218470
99.408392,5.528535,-78.778248,38.133148
99.418304,5.456177,-78.715663,38.116861
99.428519,5.792441,-78.616768,38.378959
99.438784,5.817833,-78.474072,38.581666
99.448974,6.183298,-78.332824,38.995469
99.459189,6.231637,-78.386618,39.112686
99.469428,6.692762,-78.320673,39.484678
99.479694,6.817088,-78.354564,39.704368
99.489747,7.383993,-78.150410,40.305182
99.499807,7.645638,-78.172034,40.721537
99.509871,7.855412,-78.148511,40.984314
99.519986,7.897640,-78.160409,41.026047
99.540491,7.915616,-78.118403,41.116127
99.550403,7.925629,-78.258532,41.072465
99.560618,8.276343,-78.304704,41.441169
99.570858,8.425560,-78.381222,41.552986
99.581098,8.530375,-78.391755,41.622401
99.601578,8.887804,-78.365752,42.048796
99.611777,9.054496,-78.408789,42.280917
99.622017,9.456469,-78.364058,42.700789
99.632256,9.728874,-78.560324,42.963714
99.642320,10.071776,-78.556519,43.295087
99.652384,10.431920,-78.645195,43.606397
99.662624,10.667845,-78.738284,43.840037
99.683128,11.003993,-78.800043,44.183056
99.693368,11.402507,-78.788302,44.507401
99.703576,11.669243,-78.943654,44.878502
99.713782,11.855380,-78.852826,44.991279
99.723997,11.848504,-78.917590,45.046204
99.734262,12.047947,-78.749902,45.343310
99.754718,13.180896,-78.817426,46.568175
99.764932,13.753067,-78.899873,47.175806
99.775198,13.899769,-78.791341,47.428431
99.785358,14.359370,-78.748366,48.031728
99.795508,14.796099,-78.798110,48.538753
99.816013,15.521678,-79.095626,49.282506
99.825926,15.506271,-79.074773,49.172772
99.836140,15.450036,-79.118336,49.204956
99.846355,15.487876,-78.896383,49.225190
99.856620,15.826983,-78.969930,49.765991
99.866811,16.372459,-78.774068,50.428335
99.887276,17.776056,-78.710861,52.223302
99.897514,18.521192,-78.708177,53.003221
99.907527,18.800939,-78.794961,53.418063
99.917641,18.916848,-78.766110,53.496914
99.927856,18.945032,-78.885871,53.641673
99.938095,18.847777,-78.711756,53.595692
99.948361,19.014591,-78.940465,53.804921
99.958625,19.315505,-78.895495,54.170155
99.968840,19.831471,-79.095011,54.551293
99.979080,19.757333,-79.011779,54.563772
99.989320,19.940934,-78.906689,54.811326
99.999560,20.262859,-78.928116,55.216865
100.009824,20.545694,-78.788425,55.623305
100.019712,20.980441,-78.772804,56.261969
100.029952,21.277998,-78.641521,56.659206
100.040218,21.942934,-78.776929,57.498459
100.050407,21.906968,-78.765058,57.447089
100.060622,22.012938,-78.919496,57.575196
100.070862,21.636325,-78.965272,57.172580
100.091110,21.481964,-79.144598,56.962907
100.101174,21.616794,-79.063046,56.996576
100.111239,21.705122,-79.169091,57.220108
100.121379,21.987137,-79.080361,57.506655
100.131543,22.133303,-79.082416,57.736600
100.141506,22.201926,-79.008589,57.965391
100.162011,22.523321,-79.081494,58.434215
100.172251,22.922200,-79.054590,58.742625
100.182491,22.857312,-79.219328,58.690873
100.192756,22.638206,-79.101056,58.360565
100.202962,22.681701,-79.138602,58.433511
100.223409,22.900714,-79.087122,58.762105
100.233649,23.062701,-79.149134,58.940796
100.243915,23.555813,-79.111049,59.471270
100.254130,23.276211,-78.976910,59.410304
100.264370,23.088922,-78.680999,59.305057
100.274609,23.652371,-78.697767,60.079307
100.294920,24.626457,-78.968769,61.183380
100.304985,24.366789,-79.171455,60.857457
100.315175,24.218323,-79.660107,60.078064
100.325415,23.220031,-79.895298,58.876108
100.335680,21.915425,-79.241410,57.740247
100.345896,21.087355,-78.921572,56.943226
100.366375,22.722559,-78.778405,59.137417
100.376641,24.449950,-78.740948,61.066597
100.386758,25.492086,-78.628837,62.275616
100.396900,25.983460,-78.751535,62.909696
100.407140,25.853168,-78.552271,62.829442
100.427293,26.849219,-78.640619,64.047442
100.437532,27.068745,-78.682324,64.312665
100.447772,27.071656,-78.733319,64.292250
100.458012,26.828503,-78.569613,64.125347
100.468277,26.584940,-78.462898,64.240538
100.478484,27.160959,-78.577782,65.078172
100.488666,28.122662,-78.636391,66.022897
100.509197,29.427006,-78.569920,67.424274
100.519386,29.177400,-78.197702,67.446445
100.529601,29.135873,-77.838174,67.860381
100.539841,28.904538,-77.376563,68.065799
100.550106,29.556097,-77.288870,69.235756
100.560346,30.270862,-77.147922,70.241549
100.570438,31.091940,-77.069321,71.275032
100.580657,31.892025,-77.084846,72.420748
100.590897,32.547310,-76.917383,73.289337
100.601011,33.607963,-77.045955,74.544254
100.611024,35.026583,-77.307776,76.132847
100.621264,35.232803,-77.504718,76.156124
100.641744,33.642838,-77.213349,74.933643
100.651984,33.562795,-77.121476,75.092766
100.662216,33.771000,-76.900567,75.723937
100.672423,35.016184,-76.761921,77.185188
100.682637,35.829782,-76.576618,78.537757
100.703142,35.709206,-76.186710,78.890030
100.713407,35.364148,-75.818761,78.903431
100.723622,35.361535,-75.287707,79.420374
100.733862,35.419496,-74.982589,80.082657
100.744102,35.657102,-75.092179,80.621039
100.754316,36.287169,-75.450327,81.332738
100.774494,38.934298,-76.236994,83.744116
100.784759,39.481980,-76.429796,84.329859
100.794973,39.551617,-76.569474,84.171440
100.805188,40.040027,-77.002351,84.272438
100.815454,38.429110,-76.793101,82.844580
100.825644,35.899816,-76.139486,80.558748
100.835899,34.874744,-75.587197,79.994984
100.845964,35.201412,-75.172072,81.102424
100.856153,35.753715,-74.808794,82.249753
100.866217,36.198691,-74.737433,83.295735
100.876281,36.316229,-74.639467,83.869539
100.886496,36.324165,-74.583856,84.175832
100.907000,35.960212,-74.546495,84.274289
100.917265,35.724277,-74.703726,84.341321
100.927480,35.353554,-74.790517,84.286392
100.937720,35.178937,-74.995593,84.245186
100.947960,35.217955,-75.236774,84.519220
100.958200,35.225338,-75.205683,84.702419
100.978377,36.280438,-75.549979,85.771419
100.988592,35.408671,-75.157585,85.147290
100.998832,35.132471,-74.926916,85.237701
101.009046,35.136143,-74.695365,85.733149
101.019312,35.776934,-74.666474,86.719579
101.029527,37.404544,-74.834264,88.510441
101.039710,38.246133,-75.113899,89.485211
101.049950,38.108118,-75.362709,89.177696
101.060215,37.039771,-75.276587,87.812614
101.070405,36.122702,-75.369683,86.962269
101.080645,34.835870,-75.113817,85.739611
101.090910,33.994439,-75.042995,85.204322
101.101125,33.430709,-74.812196,84.973154
101.111389,34.089682,-74.884603,86.052864
101.121629,34.442465,-75.024178,86.657923
101.131869,34.389716,-75.225183,86.652308
101.142109,33.543489,-75.225572,85.755935
101.152374,33.040483,-75.090253,85.227708
101.162589,32.470784,-75.159279,84.925957
101.183094,30.835251,-75.799650,82.922745
101.193333,30.280821,-75.872419,82.225068
101.203347,30.861715,-75.791775,83.011865
101.213461,31.017033,-75.752781,83.447870
101.223700,30.880115,-75.781092,83.422995
101.233940,30.720951,-75.909363,83.321266
101.254470,28.702261,-75.983662,81.351822
101.264685,26.534711,-75.806658,79.007346
101.274886,24.858132,-75.807129,77.315665
101.285112,23.652254,-75.797881,76.388317
101.295378,24.013610,-75.879181,76.783409
101.315833,27.161379,-76.440089,79.840335
101.326073,27.240360,-76.278870,79.743640
101.336337,26.569135,-76.243954,79.080552
101.346552,25.246913,-76.218614,77.932581
101.356792,24.903980,-76.361515,77.542680
101.367032,24.916966,-76.833126,77.390804
101.387184,24.710011,-77.299956,76.610994
101.397424,23.499054,-77.130888,75.385918
101.407664,22.689721,-76.915286,74.736224
101.417904,21.614380,-76.885766,73.782620
101.428144,20.814966,-76.862079,73.005153
101.438401,20.359797,-76.728262,72.727895
101.448589,20.802342,-76.761504,73.308058
101.458854,21.075674,-76.848221,73.726489
101.469120,20.958698,-77.271672,73.664068
101.479309,20.574343,-77.610709,72.838114
101.489524,20.546754,-77.677761,72.675296
101.499739,20.874983,-77.591734,73.046810
101.510004,21.466999,-77.555917,73.746174
101.530358,20.046711,-77.671873,72.345917
101.540580,19.173000,-77.490443,71.495982
101.550819,18.794326,-77.180140,71.294300
101.560933,19.119696,-77.024207,71.906381
101.570947,20.306212,-76.945380,73.281448
101.581161,21.572884,-76.867297,74.849536
101.591426,22.154209,-77.017363,75.600202
101.601692,22.523544,-77.155675,75.843356
101.611882,22.749296,-77.153175,76.067168
101.622090,22.875294,-77.125021,76.361078
101.632320,22.748934,-77.176076,76.362485
101.642535,22.229155,-77.385353,75.943125
101.662712,20.678671,-77.482527,74.525690
101.672927,21.214171,-77.455411,75.262660
101.683167,22.667354,-77.423343,77.012234
101.703646,25.255526,-77.292968,80.355031
101.713886,25.330277,-77.345165,80.816021
101.734391,24.624541,-77.582077,80.512002
101.744657,24.230665,-77.740633,80.222723
101.754872,23.840154,-77.684686,80.122893
101.765086,24.106663,-77.599958,80.801869
101.775326,24.791427,-77.659627,81.896181
101.795798,26.431958,-77.495094,84.374160
101.805886,27.705643,-77.430938,86.011261
101.815951,28.528841,-77.431655,87.210191
101.826115,28.835877,-77.252281,87.987815
101.836355,29.270899,-77.193582,88.862701
101.846570,29.641600,-77.234031,89.581380
101.866748,29.756146,-77.163618,90.384870
101.876988,30.159322,-77.114291,91.113931
101.887202,30.269090,-76.861615,91.822085
101.897442,31.417784,-76.892753,93.423075
101.917856,33.649900,-76.793278,96.251039
101.938161,34.235411,-76.718802,97.368520
101.948400,34.194686,-76.607750,97.611538
101.958464,33.962904,-76.432767,97.906609
101.968528,34.460295,-76.506028,98.774589
101.978742,34.633376,-76.529490,99.237205
101.988982,34.211957,-76.465197,99.168124
101.999247,34.105368,-76.559959,99.328142
102.009512,33.882642,-76.619525,99.275632
102.019701,33.754822,-76.732292,99.373781
102.029826,33.222149,-76.762939,99.019254
102.039941,32.744869,-76.899392,98.627242
102.050181,32.093515,-77.059663,98.061074
102.070711,29.752953,-76.998013,95.971562
102.080925,29.043826,-76.954908,95.678219
102.091140,29.048269,-77.053625,96.003356
102.101380,28.798639,-77.012411,96.118206
102.111597,28.344974,-77.001080,96.022139
102.121666,28.169775,-77.181001,95.995201
102.131731,27.575687,-77.394014,95.386433
102.141971,26.021786,-77.363353,93.869223
102.152211,24.605067,-77.546396,92.497448
102.162274,23.198862,-77.620285,91.121041
102.172338,22.194027,-77.781662,90.072273
102.182578,21.322473,-77.826604,89.193289
102.203083,20.078137,-77.981492,87.901352
102.213297,19.355831,-78.005378,87.181416
102.223521,18.162359,-77.987038,86.020782
102.233737,17.001808,-77.938271,84.845218
102.243977,15.986092,-78.036359,83.761226
102.254216,14.835156,-78.145717,82.368612
102.274746,11.475386,-78.109599,78.679811
102.284961,9.892748,-78.279056,76.867311
102.295201,8.078913,-78.260246,74.872588
102.305441,5.889685,-78.248901,72.573410
102.315605,4.157099,-78.320147,70.579364
102.325568,2.388659,-78.436581,68.461049
102.346098,-0.713215,-78.407245,64.721220
102.356313,-2.209826,-78.605300,62.845779
102.366527,-3.715494,-78.632334,60.890761
102.376767,-5.522803,-78.501160,58.752201
102.397188,-9.397448,-78.140820,54.549128
102.407253,-11.197329,-78.103268,52.432726
102.417318,-12.988395,-78.039952,50.267361
102.427508,-14.608479,-77.832464,48.336784
102.437748,-16.399955,-77.671088,46.251842
102.447912,-17.740901,-77.647838,44.552846
102.457875,-19.065252,-77.610586,42.809618
102.468115,-20.621396,-77.473285,40.843343
102.478380,-21.779221,-77.144391,39.353901
102.488594,-23.099486,-77.002508,37.667499
102.498860,-23.966845,-76.859019,36.282808
102.509075,-24.998036,-76.694282,34.858683
102.519314,-25.727289,-76.386377,33.821461
102.539467,-27.615568,-76.053972,31.208996
102.549707,-28.732458,-75.934676,29.520197
102.559972,-29.520050,-75.726471,28.187176
102.570162,-30.338812,-75.539987,26.842430
102.580377,-30.999428,-75.353386,25.716822
102.590617,-31.768378,-75.175384,24.544466
102.611063,-33.695881,-74.805284,21.669846
102.621128,-34.628526,-74.612030,20.111613
102.631193,-35.213853,-74.198681,19.035085
102.641333,-35.654001,-73.843825,18.369420
102.651598,-36.333533,-73.726175,17.227069
102.661813,-37.025305,-73.555045,16.024408
102.682293,-37.916443,-73.030227,14.120135
102.692533,-38.597133,-72.873945,12.803874
102.702772,-39.336671,-72.580821,11.398802
102.712965,-39.493311,-72.177375,10.748947
102.723033,-39.622074,-71.835128,10.157379
102.743363,-39.810092,-71.512750,8.864608
102.753603,-39.873466,-71.214004,8.320943
102.763869,-39.935624,-70.889365,7.731925
102.774084,-40.238946,-70.583906,6.840263
102.784324,-40.272790,-70.248755,6.247643
102.794564,-40.563168,-70.062038,5.345095
102.814875,-41.256054,-69.651414,3.272608
102.824939,-41.291823,-69.346351,2.498079
102.835129,-41.460232,-69.094802,1.706422
102.845344,-41.708875,-68.940412,0.846133
102.855583,-42.192705,-68.782498,-0.366722
102.865849,-42.232135,-68.516892,-1.168425
102.886328,-41.113951,-67.885271,-1.025089
102.896568,-40.980797,-67.727022,-1.340333
102.906808,-41.463172,-67.585801,-2.476691
102.916922,-41.997747,-67.372569,-3.780975
102.926935,-42.301906,-67.099382,-4.909337
102.947415,-42.629574,-66.602220,-6.623608
102.957655,-42.508946,-66.390634,-7.128576
102.978134,-42.691896,-66.004797,-8.512877
102.988347,-42.771724,-65.648500,-9.265867
102.998555,-42.765478,-65.349536,-9.941131
103.008620,-42.775374,-65.104264,-10.639926
103.018860,-43.085766,-64.952838,-11.659621
103.028823,-43.366486,-64.803073,-12.704898
103.038988,-43.369683,-64.622400,-13.542572
103.049202,-43.347574,-64.477560,-14.264808
103.059442,-43.526846,-64.348537,-15.129564
103.069707,-43.785990,-64.176751,-16.079293
103.079947,-43.973431,-64.028652,-16.994522
103.090187,-43.929581,-63.844312,-17.692463
103.100427,-43.968496,-63.733083,-18.432331
103.110666,-44.090565,-63.594259,-19.232438
103.120780,-44.225926,-63.372872,-20.010643
103.130793,-44.257321,-63.192179,-20.722024
103.141008,-44.162241,-63.082671,-21.409581
103.151273,-44.170813,-62.998407,-22.112596
103.161513,-44.147549,-62.862882,-22.708103
103.171728,-44.248301,-62.685584,-23.395153
103.181993,-44.168327,-62.453419,-23.929631
103.192194,-44.054648,-62.314322,-24.485111
103.202391,-43.934936,-62.172214,-24.996988
103.222896,-43.952981,-61.891315,-26.203201
103.233162,-43.853817,-61.762272,-26.707995
103.243377,-43.680579,-61.642949,-27.114844
103.253616,-43.539246,-61.530189,-27.502004
103.263856,-43.670484,-61.361504,-28.146959
103.274094,-43.691774,-61.181925,-28.757292
103.294382,-43.504149,-61.042985,-29.930449
103.304622,-43.360814,-60.944753,-30.417735
103.314685,-43.256295,-60.776471,-30.884459
103.324749,-43.181661,-60.574182,-31.460087
103.334989,-43.056481,-60.362937,-32.026528
103.355468,-43.003926,-60.049500,-33.342122
103.375923,-43.181754,-59.767058,-34.796399
103.386148,-43.354899,-59.549674,-35.609963
103.396387,-43.344145,-59.439967,-36.324541
103.406602,-43.217937,-59.410044,-36.972716
103.426780,-43.076770,-59.431498,-38.071929
103.437020,-43.269976,-59.212611,-38.784328
103.447234,-43.284510,-58.996483,-39.384438
103.457474,-43.204153,-58.867037,-39.979693
103.467723,-43.161086,-58.863998,-40.648826
103.477888,-43.060204,-58.799439,-41.224894
103.487953,-43.112239,-58.772548,-41.846718
103.498193,-43.009155,-58.640569,-42.390220
103.508432,-42.850093,-58.546483,-42.845456
103.518496,-42.742443,-58.519811,-43.341440
103.528560,-42.712970,-58.443934,-43.914203
103.538774,-42.934559,-58.389511,-44.713099
103.549014,-42.844766,-58.338066,-45.266717
103.559280,-43.016463,-58.343011,-46.086763
103.569544,-42.969861,-58.243065,-46.673357
103.579734,-43.073400,-58.195739,-47.246754
103.589858,-43.076541,-58.139335,-47.852882
103.599973,-43.111587,-58.134219,-48.582070
103.610213,-43.041048,-58.119739,-48.988873
103.630743,-42.936184,-57.998613,-49.807519
103.640957,-43.000282,-57.816513,-50.284181
103.651197,-43.056543,-57.624004,-50.883950
103.661437,-43.186456,-57.541257,-51.729059
103.671647,-43.213118,-57.469956,-52.424215
103.681698,-43.097930,-57.503581,-52.754540
103.691763,-43.290863,-57.552642,-53.392118
103.712243,-43.848810,-57.231784,-54.962457
103.722307,-43.582894,-57.308033,-55.152811
103.732370,-43.973308,-57.436645,-55.870729
103.742610,-44.708195,-57.438073,-56.766778
103.763115,-44.273447,-57.649570,-57.232146
103.773355,-44.855208,-57.840993,-57.928863
103.783563,-45.665057,-57.729524,-58.745815
103.793769,-45.524713,-57.672895,-59.097659
103.803984,-45.742890,-57.937804,-59.725059
103.814223,-46.159327,-57.907840,-60.492711
103.834753,-46.227957,-58.275768,-61.348568
103.844968,-46.419803,-58.567923,-62.080095
103.855208,-46.921692,-58.302119,-62.776159
103.865448,-46.684913,-58.187659,-62.911971
103.875612,-46.425957,-58.464042,-63.342983
103.885575,-46.738127,-58.642823,-64.188615
103.906105,-46.770970,-58.656387,-65.226394
103.916320,-46.549949,-58.910286,-65.653267
103.926534,-47.150848,-58.979831,-66.594618
103.936774,-47.499482,-58.842278,-67.290443
103.957220,-47.005857,-58.865323,-67.776302
103.967285,-47.166947,-58.866921,-68.323120
103.977525,-47.642578,-58.758198,-69.119124
103.987791,-47.509396,-58.667507,-69.643696
103.997980,-47.707461,-58.814240,-70.526389
104.008195,-48.133945,-58.886524,-71.471564
104.018435,-48.522828,-58.944471,-72.203221
104.038965,-48.338085,-59.343982,-73.319478
104.049053,-48.293925,-59.280168,-73.263908
104.059251,-48.587678,-59.251242,-73.438051
104.069491,-48.432684,-59.365825,-74.167952
104.079730,-48.407747,-59.528568,-74.924457
104.089996,-48.560456,-59.507647,-75.184229
104.099883,-48.790261,-59.485183,-75.499887
104.110123,-48.550156,-59.655262,-76.073650
104.120363,-48.524027,-59.869893,-76.603590
104.140818,-49.136442,-59.801865,-77.334202
104.150966,-48.988333,-59.932253,-78.130466
104.161031,-48.905705,-60.187613,-78.575514
104.171296,-49.310380,-60.241749,-78.699789
104.181562,-49.655530,-60.272595,-79.083031
104.191751,-49.408103,-60.230773,-79.456465
104.201991,-49.239134,-60.278776,-79.534186
104.212256,-49.634237,-60.315939,-79.911103
104.222471,-49.912512,-60.410858,-80.446590
104.242976,-49.599440,-60.416595,-81.063608
104.253215,-49.960197,-60.377090,-81.627461
104.263455,-50.105738,-60.452276,-82.171588
104.273569,-49.968554,-60.468443,-82.702423
104.283582,-49.757952,-60.483600,-82.864012
104.293822,-49.902728,-60.471940,-83.078098
104.314302,-50.002903,-60.367637,-84.337011
104.324541,-49.737093,-60.330870,-84.555597
104.334647,-49.822128,-60.342064,-84.983352
104.344787,-50.054836,-60.398591,-85.701723
104.355027,-50.179279,-60.354987,-86.607748
104.375179,-50.150039,-60.360376,-87.381759
104.385419,-50.379841,-60.436656,-87.816473
104.395659,-50.375391,-60.404226,-88.485080
104.405874,-50.125020,-60.408932,-88.765596
104.416139,-50.223535,-60.475813,-89.107215
104.426354,-50.356461,-60.403939,-89.541909
104.446859,-50.513026,-60.205058,-90.856754
104.457125,-50.518125,-60.243259,-91.180676
104.467340,-50.646498,-60.310024,-91.683357
104.477605,-50.608321,-60.277635,-92.039128
104.487795,-50.629518,-60.171057,-92.367128
104.498010,-50.642356,-60.063830,-92.673523
104.508264,-50.652089,-60.089382,-93.184394
104.518503,-50.596740,-60.127562,-93.681871
104.528466,-50.418394,-60.155682,-93.841424
104.538631,-50.476484,-60.061036,-94.175584
104.548845,-50.290608,-59.937430,-94.434926
104.559060,-50.183019,-59.956493,-94.785103
104.569300,-50.164065,-59.927096,-95.196588
104.579565,-49.900334,-59.850441,-95.316028
104.589830,-49.827077,-59.780172,-95.646035
104.600035,-49.732718,-59.723898,-96.033648
104.610269,-49.516570,-59.653267,-96.317832
104.620483,-49.381557,-59.594698,-96.683991
104.640964,-49.040314,-59.513761,-97.317382
104.651229,-48.879706,-59.475867,-97.557518
104.661469,-48.796022,-59.378571,-97.773250
104.671709,-48.707968,-59.295502,-97.938007
104.681876,-48.603582,-59.253790,-98.179024
104.691944,-48.557020,-59.159731,-98.504496
104.702034,-48.535898,-59.050353,-98.730439
104.722539,-48.380265,-58.897240,-99.303977
104.732754,-48.227272,-58.754059,-99.467956
104.743019,-48.167669,-58.675737,-99.686789
104.753234,-48.036734,-58.543532,-99.858602
104.763449,-47.944646,-58.429666,-100.091860
104.783954,-47.976290,-58.074387,-100.877775
104.793874,-47.766911,-57.989816,-101.045183
104.803914,-47.770169,-57.867022,-101.362774
104.814079,-47.879524,-57.711656,-101.791416
104.824319,-47.991897,-57.539467,-102.490151
104.834534,-47.501917,-57.510842,-102.605233
104.854711,-47.873257,-57.209624,-103.445831
104.864976,-47.850973,-57.096645,-104.074106
104.875191,-47.430398,-57.210218,-104.266806
104.885406,-47.443450,-57.174195,-104.425362
104.895655,-47.803637,-56.954297,-104.828924
104.915884,-47.443433,-56.995753,-105.946336
104.925949,-47.575201,-57.076940,-106.268823
104.936014,-48.027944,-56.816321,-106.612471
104.946178,-48.267465,-56.699412,-107.396658
104.956418,-47.660800,-56.696693,-107.662544
104.966633,-47.854942,-56.867059,-108.026190
104.986810,-48.463833,-56.531317,-109.718192
104.997050,-48.029945,-56.414644,-110.129574
105.007265,-48.233928,-56.446575,-110.698440
105.017505,-48.601898,-56.260555,-111.415972
105.027753,-48.409987,-56.248285,-111.951329
105.037918,-48.123887,-56.369879,-112.314422
105.047983,-48.591192,-56.224386,-113.260280
105.068463,-48.456026,-55.815049,-114.362003
105.078527,-48.448280,-55.922457,-114.998242
105.088590,-48.745045,-55.688284,-115.891289
105.098805,-48.852573,-55.522676,-116.603856
105.109045,-48.368330,-55.641463,-116.884891
105.119310,-48.502512,-55.814660,-117.570300
105.129575,-48.758169,-55.568384,-118.443472
105.139764,-48.836986,-55.398722,-119.204505
105.149889,-48.392843,-55.540687,-119.397895
105.160003,-48.593272,-55.744681,-120.146156
105.170243,-48.955401,-55.549587,-120.993632
105.180508,-48.948930,-55.437531,-121.473999
105.190421,-48.515875,-55.716182,-121.569171
105.200635,-48.646588,-55.890174,-122.021712
105.221115,-48.666618,-55.737079,-122.650540
105.231380,-48.498714,-55.771039,-122.963117
105.241595,-48.613533,-55.541725,-123.358339
105.251793,-48.788055,-55.288062,-123.715558
105.261859,-48.396391,-55.341181,-124.001675
105.271923,-48.146984,-55.497937,-124.244556
105.281988,-48.449503,-55.347888,-124.808019
105.292103,-48.561146,-55.131675,-125.274781
105.302317,-48.108465,-55.287164,-125.426807
105.322495,-48.205225,-55.259717,-126.072492
105.332709,-48.250085,-55.236839,-126.566028
105.342924,-47.554427,-55.448005,-126.439929
105.353164,-47.445359,-55.615567,-126.526591
105.363429,-47.757834,-55.335997,-127.135010
105.383893,-47.328484,-55.277298,-127.908106
105.394133,-47.440035,-55.325082,-128.311674
105.404373,-47.679218,-55.220970,-128.882897
105.414638,-47.481139,-55.310428,-129.376077
105.424853,-47.156026,-55.515853,-129.519839
105.435092,-47.390274,-55.629695,-130.148654
105.455572,-47.098717,-55.537648,-130.693307
105.465668,-47.066738,-55.692987,-131.127638
105.475733,-47.046667,-55.689637,-131.544403
105.485898,-46.995366,-55.734173,-131.835000
105.496164,-46.940045,-55.714119,-132.242557
105.506354,-46.913062,-55.692621,-132.751762
105.526833,-46.936592,-55.676502,-133.297931
105.537073,-47.010635,-55.700862,-134.007478
105.547338,-46.889727,-55.749486,-134.375762
105.557490,-46.935410,-55.864240,-134.502749
105.567624,-46.925616,-55.954501,-134.659748
105.577864,-47.086686,-56.035654,-135.173678
105.598393,-47.205019,-55.891448,-135.824814
105.608608,-47.280414,-55.990722,-136.111996
105.618848,-47.339256,-56.119368,-136.601926
105.629088,-47.405884,-56.243415,-137.015097
105.639298,-47.485989,-56.346291,-137.210864
105.649349,-47.429558,-56.463002,-137.293851
105.659414,-47.374639,-56.486351,-137.432477
105.669654,-47.301522,-56.412855,-137.629118
105.679894,-47.271838,-56.414087,-137.865060
105.690109,-47.231363,-56.462531,-138.291264
105.700374,-47.111988,-56.490896,-138.659124
105.710589,-46.958992,-56.518402,-138.839755
105.720829,-46.739278,-56.578760,-138.879220
105.741186,-46.472313,-56.566435,-139.453051
105.751254,-46.397649,-56.540641,-139.916917
105.761394,-46.270075,-56.611692,-140.328654
105.771558,-46.039402,-56.657717,-140.632475
105.781521,-46.024745,-56.647994,-141.025361
105.802026,-45.758869,-56.532841,-141.628658
105.812266,-45.665197,-56.479015,-141.949731
105.822506,-45.607174,-56.407544,-142.252391
105.842977,-45.517296,-56.213300,-142.888869
105.863425,-45.172320,-56.066298,-143.302778
105.873664,-44.928865,-56.023650,-143.379495
105.883677,-44.795376,-55.948781,-143.707931
105.893792,-44.558904,-55.785717,-143.860982
105.904031,-44.343470,-55.666103,-143.962055
105.914271,-44.350689,-55.570638,-144.504659
105.934801,-44.070327,-55.442954,-145.255844
105.944966,-43.947654,-55.368676,-145.587340
105.955189,-43.764413,-55.346771,-145.957727
105.965430,-43.594936,-55.306108,-146.274962
105.975669,-43.527716,-55.265718,-146.682370
105.985934,-43.339292,-55.225597,-147.107522
106.006414,-43.016057,-55.211913,-147.714261
106.016654,-42.922551,-55.203986,-148.150833
106.026894,-42.813586,-55.149997,-148.561942
106.037008,-42.804232,-55.074288,-148.921743
106.047021,-42.738509,-55.057813,-149.271722
106.057236,-42.654217,-55.036199,-149.574722
106.067500,-42.650881,-54.990697,-149.847643
106.077766,-42.720521,-54.929846,-150.310143
106.087981,-42.677204,-54.902170,-150.705925
106.098221,-42.586127,-54.885010,-151.003789
106.108464,-42.628433,-54.851443,-151.328893
106.118616,-42.456528,-54.868904,-151.505344
106.128680,-42.400076,-54.899725,-151.656632
106.138946,-42.462726,-54.815249,-151.990547
106.149211,-42.589204,-54.724732,-152.426340
106.159401,-42.579515,-54.705304,-152.786796
106.169616,-42.580277,-54.728233,-153.174027
106.179856,-42.483172,-54.690578,-153.413835
106.190121,-42.444899,-54.708985,-153.629601
106.200361,-42.425034,-54.700185,-153.948106
106.210452,-42.451972,-54.611809,-154.300162
106.220671,-42.550849,-54.565056,-154.654635
106.230911,-42.508102,-54.592018,-155.026511
106.241025,-42.395261,-54.680452,-155.326876
106.251038,-42.427349,-54.640827,-155.736796
106.261278,-42.571855,-54.565592,-156.224321
106.281758,-42.450865,-54.615255,-156.798303
106.291998,-42.414293,-54.654375,-157.070199
106.302229,-42.306591,-54.676819,-157.308587
106.312437,-42.286780,-54.702975,-157.594539
106.322651,-42.258080,-54.691138,-157.874645
106.343156,-42.277280,-54.663609,-158.479896
106.353421,-42.277310,-54.683263,-158.760015
106.363636,-42.144371,-54.748303,-158.935469
106.373875,-42.054916,-54.768504,-159.107658
106.384115,-42.036577,-54.726805,-159.375894
106.394330,-42.029579,-54.700871,-159.656683
106.414508,-41.790711,-54.808221,-160.026742
106.424773,-41.758373,-54.796880,-160.284418
106.434987,-41.747404,-54.773179,-160.512437
106.445202,-41.710210,-54.770095,-160.760660
106.455442,-41.588332,-54.786573,-160.912795
106.475892,-41.579487,-54.734725,-161.443419
106.485977,-41.531474,-54.720545,-161.669239
106.496042,-41.498546,-54.694020,-161.862643
106.506207,-41.374322,-54.692214,-162.025433
106.516446,-41.338275,-54.673209,-162.237552
106.526661,-41.309708,-54.610866,-162.427199
106.546839,-41.159977,-54.634058,-162.732440
106.557079,-41.121956,-54.596656,-162.870218
106.567293,-41.110642,-54.559018,-163.029375
106.577559,-41.061072,-54.575629,-163.172564
106.587774,-40.974937,-54.599429,-163.296286
106.598013,-40.953203,-54.575889,-163.430540
106.608279,-40.965986,-54.515729,-163.616758
106.618191,-40.937169,-54.497888,-163.716957
106.628406,-40.799578,-54.546563,-163.766667
106.638671,-40.677980,-54.566822,-163.805422
106.648861,-40.661783,-54.554282,-164.008579
106.659076,-40.637518,-54.535844,-164.180098
106.679581,-40.529123,-54.516442,-164.314066
106.689773,-40.377469,-54.530263,-164.297113
106.699852,-40.305718,-54.517965,-164.295419
106.709916,-40.248761,-54.465971,-164.287742
106.720031,-40.166703,-54.429354,-164.239671
106.730246,-40.007201,-54.449209,-164.091634
106.740158,-39.901873,-54.445398,-164.052114
106.750423,-39.837891,-54.432626,-164.068602
106.760638,-39.737467,-54.443189,-164.033413
106.770878,-39.593736,-54.495078,-164.001953
106.781118,-39.484347,-54.522494,-164.007554
106.791383,-39.416291,-54.496071,-164.054054
106.801597,-39.365280,-54.488801,-164.074572
106.811822,-39.182036,-54.556713,-164.042129
106.821886,-39.079484,-54.600228,-164.023701
106.831951,-39.120667,-54.617601,-164.186710
106.842015,-39.150293,-54.693672,-164.359992
106.852130,-39.154357,-54.812975,-164.484588
106.862345,-39.293993,-54.905497,-164.692827
106.882522,-39.618410,-54.969851,-165.115397
106.892737,-39.729527,-55.067161,-165.305154
106.902952,-39.732590,-55.222640,-165.458136
106.913192,-39.753009,-55.338326,-165.575520
106.923457,-39.854714,-55.404224,-165.755850
106.943920,-40.181323,-55.582078,-166.280682
106.954160,-40.266526,-55.726294,-166.520763
106.974665,-40.440153,-55.979179,-166.904702
106.984880,-40.501212,-56.124136,-167.007879
106.995120,-40.521774,-56.294238,-167.090715
107.015625,-40.850689,-56.488991,-167.477140
107.035761,-41.057421,-56.736052,-167.763707
107.045926,-41.203926,-56.870908,-167.892962
107.056166,-41.254503,-57.007354,-168.037243
107.076670,-41.567172,-57.216034,-168.271491
107.086936,-41.682507,-57.310321,-168.315163
107.097151,-41.778099,-57.412842,-168.321283
107.107417,-41.948877,-57.437916,-168.402521
107.117533,-42.074402,-57.516408,-168.518566
107.127651,-42.109960,-57.657172,-168.600201
107.137891,-42.216306,-57.813528,-168.783933
107.158421,-42.519960,-57.971340,-169.251295
107.168636,-42.703237,-58.045441,-169.470968
107.178875,-42.795380,-58.181730,-169.685777
107.189115,-42.824340,-58.353748,-169.841028
107.199326,-42.952068,-58.461529,-170.084455
107.209376,-43.047329,-58.558743,-170.344850
107.219441,-43.081305,-58.709485,-170.551859
107.229681,-43.290378,-58.858978,-170.939923
107.239947,-43.456293,-58.997207,-171.387956
107.250137,-43.759970,-59.147464,-171.906818
107.260351,-43.932070,-59.234023,-172.241743
107.270591,-43.911648,-59.322406,-172.296317
107.291121,-43.747215,-59.367683,-172.218985
107.301209,-43.774191,-59.285967,-172.361381
107.311282,-43.724672,-59.234098,-172.428071
107.321422,-43.722305,-59.229563,-172.477904
107.331586,-43.706363,-59.232309,-172.565986
107.341549,-43.842165,-59.182264,-172.729296
107.362054,-43.665696,-59.151378,-172.608060
107.372293,-43.481654,-59.171916,-172.388155
107.392798,-43.634643,-58.947756,-172.424383
107.403005,-43.713190,-58.844675,-172.579783
107.423452,-43.617120,-58.784419,-172.540523
107.433692,-43.458366,-58.787561,-172.431131
107.443957,-43.323678,-58.709758,-172.329525
107.454172,-43.146083,-58.665226,-172.123649
107.464412,-43.024253,-58.722900,-172.019557
107.474652,-43.166212,-58.697205,-172.244831
107.494962,-43.262032,-58.610775,-172.329033
107.505177,-43.073219,-58.594977,-172.153320
107.515190,-43.069124,-58.640323,-172.150274
107.525304,-42.892024,-58.522085,-171.868624
107.535519,-42.776918,-58.543477,-171.512716
107.545759,-42.575629,-58.497613,-171.240451
107.566238,-42.731620,-58.416176,-171.268824
107.576504,-42.800404,-58.354998,-171.251270
107.586711,-42.702442,-58.214460,-171.018989
107.596942,-42.658196,-58.128919,-170.786968
107.607182,-42.593913,-58.044006,-170.672357
107.627334,-42.401145,-58.064975,-170.504895
107.637574,-42.392303,-58.008523,-170.426061
107.647789,-42.432134,-57.981271,-170.455171
107.658029,-42.587408,-57.909513,-170.670144
107.668294,-42.816625,-57.911740,-171.009755
107.688707,-42.782867,-57.889009,-171.057184
107.698972,-43.059678,-57.879604,-171.249973
107.709212,-43.344958,-57.863792,-171.694686
107.719452,-43.233496,-57.894452,-171.796975
107.729717,-43.142316,-58.093798,-171.529245
107.739932,-43.339797,-58.122594,-171.589611
107.750172,-43.654143,-58.091626,-172.017536
107.770488,-43.609952,-58.252587,-172.380669
107.780548,-43.973062,-58.260120,-172.635217
107.790612,-44.298179,-58.104583,-173.126635
107.800677,-44.376104,-58.027115,-173.467708
107.810742,-44.411878,-58.201866,-173.733839
107.820806,-44.682985,-58.269443,-174.085744
107.831071,-45.093339,-58.126959,-174.631176
107.841311,-45.180144,-58.140770,-174.936513
107.851526,-45.341152,-58.300767,-175.418137
107.872006,-45.885634,-58.054600,-176.084203
107.882246,-45.806732,-58.068602,-176.062128
107.902751,-46.213675,-58.204249,-176.870426
107.913017,-46.435451,-57.993490,-177.140014
107.923232,-46.323641,-58.140455,-177.209859
107.933471,-46.483204,-58.414790,-177.625394
107.943712,-46.707415,-58.262197,-177.954568
107.953976,-46.854565,-58.023024,-178.317825
107.974456,-46.907093,-58.471501,-178.868489
107.984419,-47.065771,-58.256452,-179.276237
107.994583,-46.890205,-58.006713,-179.360317
108.004798,-46.861904,-58.233018,-179.564362
108.015038,-46.882203,-58.343175,-179.761263
108.035518,-46.941090,-57.967501,179.642445
108.045783,-46.956420,-58.174716,179.306591
108.076197,-47.140705,-57.912402,178.536528
108.096327,-47.409477,-58.191579,177.923409
108.106567,-47.513156,-58.071764,177.689967
108.116530,-47.286410,-58.114706,177.814276
108.126695,-47.308411,-58.311326,177.722601
108.136909,-47.556193,-58.234951,177.396132
108.147149,-47.517186,-57.970896,177.010732
108.167654,-47.393675,-58.191593,177.052273
108.177919,-47.378348,-58.122861,176.985733
108.188108,-47.443672,-58.055590,176.702280
108.198332,-47.343453,-58.250742,176.634552
108.208572,-47.556459,-58.407003,176.287606
108.218787,-47.834120,-58.330703,175.688667
108.238964,-47.871440,-58.409107,175.213777
108.249179,-48.250721,-58.569890,174.540239
108.259445,-48.516176,-58.465962,173.856974
108.269634,-48.334090,-58.430465,173.823888
108.279847,-48.275630,-58.594192,173.726586
108.290072,-48.404185,-58.656838,173.183927
108.300337,-48.365413,-58.574890,172.945745
108.310250,-48.098838,-58.596555,172.964541
108.320464,-48.275760,-58.645234,172.347106
108.330704,-48.372916,-58.585415,171.760816
108.340944,-48.231702,-58.531668,171.657407
108.351209,-48.031325,-58.620105,171.523891
108.361424,-48.113673,-58.735133,170.937737
108.371689,-47.965038,-58.781619,170.654503
108.381928,-47.890093,-58.810934,170.477260
108.392168,-47.851014,-58.784317,170.053460
108.402232,-47.967910,-58.847906,169.349145
108.412295,-47.698312,-58.830796,169.227554
108.422535,-47.589572,-58.899884,169.162926
108.443040,-47.663314,-58.767965,167.959488
108.453255,-47.568419,-58.689548,167.769650
108.473695,-47.433874,-58.802635,167.452183
108.483867,-47.317184,-58.844648,167.100920
108.494107,-47.087980,-58.831493,167.198987
108.524852,-46.969302,-59.021297,166.356361
108.535092,-46.915087,-59.082728,165.986533
108.545332,-46.727175,-59.155606,166.003049
108.555542,-46.619012,-59.264547,165.938831
108.575658,-46.414359,-59.436771,165.477001
108.585722,-46.555041,-59.394915,164.887679
108.595787,-46.598419,-59.313547,164.409251
108.605952,-46.522894,-59.337876,164.172435
108.616192,-46.470131,-59.353203,163.962584
108.626432,-46.395897,-59.368940,163.737803
108.646961,-46.366722,-59.511636,162.854318
108.657176,-46.463779,-59.605504,162.314746
108.667416,-46.400993,-59.682569,162.090470
108.677656,-46.338988,-59.701659,161.891575
108.687820,-46.302672,-59.719520,161.596347
108.697783,-46.292553,-59.728310,161.250562
108.708023,-46.440625,-59.748316,160.645066
108.718288,-46.470275,-59.782044,160.198768
108.728503,-46.370188,-59.846876,160.042957
108.738768,-46.527798,-59.906257,159.546280
108.748983,-46.654113,-59.928169,158.981573
108.759223,-46.730932,-59.990419,158.554741
108.779468,-46.937432,-60.125295,157.699014
108.789708,-46.963325,-60.176111,157.371834
108.799947,-47.092368,-60.168523,156.950152
108.810162,-47.048440,-60.193173,156.614189
108.830643,-47.157187,-60.308173,155.916608
108.840883,-47.297144,-60.342850,155.431323
108.851122,-47.305395,-60.352549,155.143990
108.861239,-47.324045,-60.423173,154.873925
108.871308,-47.487607,-60.454872,154.444005
108.881448,-47.593919,-60.510285,153.981096
108.891687,-47.826911,-60.585909,153.434298
108.911840,-47.984111,-60.829221,152.762454
108.922080,-48.130687,-60.867326,152.365565
108.932319,-48.113652,-60.920581,152.051049
108.942559,-48.190833,-61.013294,151.746285
108.952824,-48.567027,-61.056898,151.034184
108.963031,-48.800134,-61.120084,150.449656
108.983478,-48.933224,-61.432347,149.847739
108.993718,-49.119066,-61.467277,149.382712
109.003983,-48.878702,-61.529315,149.384611
109.014198,-48.821274,-61.651576,149.263157
109.024438,-49.265157,-61.724782,148.454462
109.034678,-49.621488,-61.784272,147.648568
109.054988,-50.197120,-62.218843,146.594602
109.065053,-50.571953,-62.502453,145.866708
109.075243,-50.890927,-62.805154,145.320143
109.085458,-50.705900,-62.963436,145.462375
109.095723,-50.580331,-63.086236,145.595290
109.105938,-50.812581,-63.101222,145.124745
109.126418,-51.422350,-63.263719,143.967424
109.136684,-52.210133,-63.466036,142.919086
109.146813,-52.711213,-63.763197,142.411111
109.156968,-52.856133,-64.123093,142.485273
109.167208,-53.079774,-64.422979,142.430386
109.177473,-53.314104,-64.744121,142.298221
109.187361,-53.418329,-65.070878,142.287921
109.197601,-53.547884,-65.418302,142.382451
109.207815,-53.926580,-65.737524,142.258511
109.218055,-54.479074,-66.060633,141.993445
109.228270,-55.131398,-66.344114,141.729034
109.238530,-55.829854,-66.735921,141.528418
109.248733,-56.463675,-67.182465,141.551449
109.258998,-56.542570,-67.561083,142.157082
109.269238,-56.448078,-67.937849,143.043955
109.279478,-56.211808,-68.252769,143.993133
109.289743,-56.457435,-68.683638,144.475290
109.299958,-56.938830,-69.165583,144.691533
109.310198,-56.860369,-69.753894,145.445996
109.330513,-56.676718,-70.780711,146.998184
109.340573,-56.181076,-71.192189,148.132391
109.350638,-55.894819,-71.577295,149.180662
109.360703,-55.604048,-71.971151,150.161217
109.370793,-55.122789,-72.350275,151.219145
109.401563,-53.506712,-73.143328,154.402068
109.411778,-52.265154,-73.377617,156.040849
109.421993,-50.507330,-73.641119,158.148973
109.432233,-48.637975,-73.786144,160.368252
109.442474,-47.296786,-73.826873,161.992321
109.462608,-45.633201,-73.751884,163.909213
109.472823,-44.766323,-73.650551,164.841848
109.483063,-44.112408,-73.563439,165.473436
109.493328,-43.760995,-73.453630,165.595068
109.503542,-43.786219,-73.343425,165.244638
109.513782,-43.665119,-73.183264,165.105411
109.534262,-42.581899,-72.755851,165.746821
109.544502,-42.155238,-72.596175,165.847389
109.554565,-42.062211,-72.502021,165.600313
109.564629,-42.194228,-72.389719,165.192046
109.574869,-42.788987,-72.206322,164.278918
109.585109,-43.112451,-71.939309,163.619039
109.605614,-43.428508,-71.742716,162.757671
109.615829,-43.429174,-71.743467,162.381532
109.626069,-42.866216,-71.609807,162.602557
109.636309,-42.182084,-71.439148,163.264307
109.646523,-41.525112,-71.313056,163.895689
109.666701,-41.360883,-71.106511,163.660102
109.676941,-41.555322,-70.889242,163.088416
109.687156,-41.701197,-70.741874,162.747794
109.697395,-41.589076,-70.631929,162.725418
109.707660,-41.429855,-70.587533,162.716730
109.717875,-41.637458,-70.572465,162.379456
109.728064,-42.178566,-70.490052,161.676629
109.738303,-42.543732,-70.316859,161.030971
109.758607,-43.193618,-70.236229,160.122488
109.768671,-43.420616,-70.171519,159.657666
109.778885,-43.459534,-70.060816,159.436587
109.789125,-43.420964,-69.927729,159.300666
109.799390,-43.299352,-69.766954,159.136782
109.809655,-43.232707,-69.691405,158.957490
109.819844,-43.231249,-69.647999,158.701494
109.829969,-43.247511,-69.572560,158.368536
109.840083,-43.245455,-69.501416,158.073131
109.860588,-43.181579,-69.349506,157.583461
109.870501,-43.206882,-69.320649,157.292372
109.880716,-43.205748,-69.189447,157.009288
109.890956,-43.144437,-69.109001,156.819463
109.901195,-43.162113,-68.976701,156.629147
109.911460,-43.323825,-68.798084,156.281026
109.921675,-43.313132,-68.565626,156.019648
109.931874,-43.509398,-68.421625,155.642499
109.942114,-43.570354,-68.277146,155.279693
109.952353,-43.601148,-68.172938,155.002605
109.962417,-43.826418,-68.111077,154.583601
109.972481,-43.917655,-67.927522,154.194212
109.982720,-44.188998,-67.821968,153.716399
110.003200,-44.828113,-67.754882,152.438102
110.013440,-45.056767,-67.735935,151.848615
110.023664,-45.374357,-67.736789,151.359915
110.033879,-45.895320,-67.664970,150.591150
110.044094,-46.460470,-67.542935,149.625662
110.054333,-46.726328,-67.593867,149.066816
110.074864,-47.243203,-67.773816,148.353266
110.085078,-47.701710,-67.595561,147.520570
110.095318,-47.725564,-67.597836,147.438772
110.105558,-47.435930,-67.751658,147.889346
110.115722,-47.659346,-67.756740,147.556128
110.125685,-48.144292,-67.580528,146.739593
110.146165,-47.802455,-67.791718,147.180564
110.156405,-47.995562,-67.856174,146.716561
110.166619,-48.738785,-67.816183,145.643826
110.176885,-49.116136,-67.852349,145.240298
110.187098,-49.066593,-68.052187,145.430970
110.207594,-50.336944,-68.060540,143.776589
110.217834,-50.832785,-68.017093,143.209382
110.228099,-50.773318,-68.198455,143.405272
110.238314,-50.773823,-68.328338,143.395054
110.248529,-51.255669,-68.322539,142.731283
110.258769,-51.686036,-68.329472,142.414990
110.269034,-51.759706,-68.385766,142.479918
110.279105,-51.702623,-68.447696,142.397724
110.289170,-51.730237,-68.584190,142.252937
110.299360,-51.881659,-68.747008,142.427735
110.309599,-51.931373,-68.768974,142.534573
110.319839,-52.198512,-68.718069,142.129734
110.339992,-52.237072,-68.947590,142.096908
110.350231,-52.132051,-69.136753,142.263497
110.360471,-52.509238,-69.273869,141.706372
110.370686,-52.888617,-69.427090,141.255853
110.380926,-52.994820,-69.621641,141.435801
110.391074,-52.874837,-69.862283,141.733515
110.401139,-53.376176,-70.081607,141.282463
110.411404,-53.858057,-70.227725,140.783081
110.421644,-53.848706,-70.419612,140.967919
110.431909,-53.403859,-70.702703,141.614902
110.442124,-53.677115,-71.008580,141.458491
110.452364,-54.296582,-71.323745,140.965132
110.472843,-53.993670,-71.808395,141.841104
110.483083,-54.191185,-72.118499,141.925115
110.493046,-54.627740,-72.479994,141.755645
110.503210,-54.526063,-72.706981,142.220371
110.513450,-54.434538,-72.892674,142.744588
110.523665,-55.090151,-73.228145,142.340118
110.533930,-56.237302,-73.686273,141.626322
110.564619,-57.885594,-75.091872,141.610476
110.574855,-57.794055,-75.709041,142.309109
110.584969,-56.889144,-76.153679,143.950308
110.594982,-56.290249,-76.459023,145.178376
110.615462,-56.111636,-77.143469,146.533280
110.625702,-54.599504,-77.544353,148.961194
110.635942,-53.693387,-78.006778,150.728806
110.646207,-53.888874,-78.369987,151.055863
110.656411,-53.938987,-78.701852,151.795149
110.666620,-52.463561,-79.077478,154.166426
110.687125,-52.581918,-79.985040,155.259393
110.697391,-53.228398,-80.424637,155.510362
110.707605,-51.393123,-80.813371,158.139643
110.717845,-49.865558,-81.046123,160.471552
110.728060,-48.955821,-81.244759,162.032796
110.738301,-47.730595,-81.584219,163.941411
110.758435,-43.612339,-81.824273,169.487388
110.768650,-43.152865,-81.997247,170.330274
110.778890,-41.188643,-82.175713,172.937494
110.789105,-39.485071,-82.420992,175.337390
110.799370,-38.597478,-82.587089,176.454973
110.809585,-36.789810,-82.489629,178.935069
110.819851,-33.197776,-82.282913,-176.882311
110.830116,-30.182968,-82.185481,-173.567838
110.840199,-28.908520,-82.012861,-172.180436
110.850376,-27.155922,-81.917744,-170.150476
110.860615,-24.211125,-81.700851,-166.728620
110.870881,-22.719438,-81.523833,-165.126039
110.881096,-22.714021,-81.327015,-165.298938
110.891361,-22.792205,-81.216714,-165.584017
110.901601,-22.210117,-81.016637,-164.971512
110.911841,-22.126159,-80.833930,-164.983875
110.921996,-23.730837,-80.656789,-167.110618
110.932051,-24.651087,-80.460175,-168.460660
110.942141,-24.531202,-80.241998,-168.497912
110.962646,-27.882912,-80.075239,-173.028076
110.972861,-29.275506,-79.809524,-174.975390
110.983126,-29.849880,-79.617193,-176.033523
110.993341,-31.218841,-79.488389,-177.967054
111.003556,-33.023862,-79.220844,179.510130
111.024061,-34.562226,-78.796648,176.835360
111.033980,-35.940452,-78.605546,174.817107
111.044021,-38.077574,-78.251053,171.947499
111.054185,-39.791914,-77.997803,169.513575
111.064425,-40.490383,-77.725169,168.267065
111.074640,-41.828721,-77.623167,166.279835
111.094818,-43.121317,-76.907322,163.690155
111.105057,-42.158602,-76.782207,164.562029
111.115323,-41.864763,-76.577574,164.654605
111.125537,-43.603569,-76.197030,162.081974
111.135777,-44.702540,-75.816589,160.222373
111.155990,-45.414853,-75.612858,158.857701
111.166054,-46.751593,-75.343666,156.860963
111.176244,-47.269864,-75.117314,155.741905
111.186308,-47.012277,-75.107731,155.747888
111.196372,-47.534681,-75.004322,154.936011
111.206586,-49.034922,-74.716546,152.687704
111.227091,-48.414327,-74.545286,152.815347
111.237356,-47.629812,-74.732207,153.755577
111.247571,-49.463660,-74.700338,151.345189
111.257780,-49.938815,-74.260658,149.798247
111.268010,-49.319488,-74.347668,150.351055
111.278250,-47.860259,-74.608506,152.077946
111.288514,-49.388674,-74.857651,150.179153
111.298427,-50.548830,-74.616279,147.793682
111.308642,-50.717020,-74.890408,147.563751
111.318882,-49.381431,-74.975171,149.218310
111.339386,-52.366152,-74.684683,144.997335
111.349601,-53.000458,-74.711198,144.041477
111.359800,-52.142125,-75.066258,145.179933
111.380305,-53.984210,-75.249560,142.692419
111.390495,-53.898580,-75.201127,142.688744
111.400735,-52.837111,-75.477948,144.055438
111.410975,-53.101442,-75.757241,143.790003
111.431505,-55.069288,-75.772917,141.368291
111.441745,-54.714265,-75.969271,141.704459
111.451984,-55.112947,-76.145763,141.218614
111.462224,-54.929788,-76.110355,141.280605
111.472490,-53.556189,-76.280625,142.968195
111.482704,-51.033886,-76.549004,145.830782
111.503209,-53.839321,-77.089955,142.547933
111.513449,-55.060545,-77.237999,141.216989
111.523715,-54.838305,-77.561880,141.594917
111.533929,-56.939093,-78.013007,139.581240
111.544169,-58.955686,-77.835156,137.124654
111.554409,-59.533500,-77.900398,136.544771
111.574884,-55.937228,-78.355104,140.776646
111.595187,-53.310169,-78.936285,143.613197
111.605401,-51.050634,-79.410259,146.188465
111.615641,-50.429407,-79.596313,146.946780
111.625906,-51.019495,-79.764015,146.119248
111.646386,-51.596929,-80.079009,145.396177
111.656626,-52.603685,-80.366833,144.489865
111.666865,-54.386734,-80.461766,142.600143
111.676979,-54.258476,-80.502864,142.643146
111.686993,-53.608697,-80.734011,143.519254
111.707472,-52.731851,-81.116816,144.509249
111.717712,-50.788628,-81.333674,146.618084
111.727952,-48.553472,-81.568045,149.216629
111.738217,-47.371883,-81.633342,150.536714
111.748423,-47.345328,-81.623889,150.359771
111.758638,-47.134814,-81.687143,150.563898
111.768877,-45.510964,-81.737796,152.345430
111.779143,-44.682934,-81.973779,153.320002
111.789407,-44.825295,-82.206757,153.180830
111.799622,-45.157857,-82.330363,152.725789
111.809837,-44.814667,-82.462144,153.182865
111.820077,-45.595081,-82.616507,152.473400
111.830317,-46.308454,-82.523910,151.510234
111.840388,-45.113492,-82.564891,152.854634
111.850453,-43.236545,-82.671585,155.016416
111.860667,-40.992948,-82.890657,157.401327
111.870907,-38.864220,-83.092093,159.595197
111.881147,-37.809311,-83.269759,160.737232
111.891362,-36.444114,-83.230356,162.109964
111.911540,-34.799240,-83.442406,163.980834
111.921779,-33.563587,-83.615763,165.230759
111.931994,-32.830291,-83.887591,166.057075
111.942226,-33.893045,-84.129878,165.060264
111.952357,-35.440981,-84.188570,163.317746
111.962447,-33.575899,-84.237276,165.443055
111.982952,-25.444340,-84.413980,174.203169
111.993218,-23.242504,-84.520668,176.592424
112.003433,-20.846275,-84.580002,179.083926
112.013673,-17.711078,-84.572522,-177.470636
112.023912,-14.618811,-84.547626,-174.012060
112.044417,-10.195642,-84.767784,-169.096714
112.054330,-8.550538,-85.030432,-167.207320
112.064545,-8.934191,-85.485814,-167.596477
112.074784,-9.248671,-85.931382,-167.938711
112.084999,-6.573167,-85.921095,-164.763888
112.115745,3.137496,-84.966119,-153.425720
112.125932,7.039814,-84.610129,-148.939501
112.146203,14.225776,-84.251681,-140.617148
112.156442,17.548612,-84.112502,-136.874887
112.166657,21.757547,-84.143983,-132.303073
112.186835,30.353504,-84.653494,-123.455355
112.197049,31.944487,-84.950498,-121.773995
112.207264,32.098805,-84.893548,-121.401654
112.217504,29.421409,-84.502923,-123.676353
112.227759,27.281022,-83.940935,-125.259550
112.237942,27.300541,-83.549251,-124.701906
112.248008,29.285064,-83.482267,-122.334576
112.258247,30.792330,-83.470690,-120.625485
112.268487,32.838207,-83.370935,-118.406848
112.278551,33.763715,-83.083944,-117.072038
112.288614,34.248894,-82.777480,-116.399838
112.298829,34.784453,-82.515256,-115.627466
112.319334,36.531479,-82.199455,-113.420359
112.329599,38.140914,-82.330335,-111.766231
112.339788,38.879223,-82.381862,-111.006352
112.349912,38.933250,-82.640221,-110.925277
112.360027,37.512331,-82.937532,-112.556074
112.370267,35.294057,-83.033052,-114.917864
112.380532,35.675229,-83.233751,-114.414213
112.390444,36.824313,-83.255409,-113.238417
112.400659,37.523478,-83.266119,-112.539811
112.410899,37.343704,-83.169472,-112.640973
112.421138,36.493571,-82.946644,-113.373723
112.431404,36.460639,-82.903422,-113.230145
112.451818,34.907017,-82.996969,-114.943874
112.462057,33.079962,-83.125936,-116.752604
112.472297,30.384192,-82.982475,-119.681689
112.482361,28.621267,-82.900239,-121.462087
112.492424,26.772024,-82.562302,-123.191641
112.502639,25.822801,-82.162531,-123.825251
112.523144,23.968645,-82.213081,-125.789668
112.533359,23.097564,-82.676059,-126.914778
112.543598,21.310202,-82.909918,-129.213724
112.553722,20.041467,-82.951623,-130.731228
112.563837,18.527156,-82.825722,-132.216876
112.574077,17.524723,-82.722982,-133.223714
112.594607,13.898187,-82.653185,-136.934651
112.604822,12.135166,-82.350935,-138.532260
112.615061,11.219717,-82.050653,-139.293116
112.625301,11.687745,-81.754045,-138.773857
112.635512,13.452301,-81.790914,-137.026080
112.655627,14.255925,-82.135702,-136.513693
112.665692,12.374809,-82.355709,-138.874234
112.675757,10.995484,-82.405652,-140.612503
112.685921,9.777208,-82.460218,-141.866048
112.696187,8.740564,-82.314920,-143.157773
112.706376,8.169360,-82.399764,-143.680980
112.726856,6.388896,-82.521704,-145.754516
112.737096,6.257886,-82.687855,-145.906173
112.747361,6.964638,-82.683210,-145.279981
112.757512,6.378664,-82.808626,-145.836478
112.767647,5.843711,-82.918558,-146.664420
112.777887,6.257264,-83.067661,-146.220594
112.788152,7.033155,-83.161064,-145.361493
112.798417,8.107195,-83.167259,-144.212696
112.808632,8.142738,-83.300953,-144.069945
112.829111,6.160479,-83.455841,-146.019308
112.839351,4.466139,-83.502061,-147.861356
112.849616,3.198993,-83.692111,-149.054726
112.859503,2.938749,-83.710416,-149.223733
112.869743,4.722908,-83.835914,-147.308753
112.879983,8.030535,-83.935341,-143.648154
112.890198,10.446715,-84.063168,-140.992822
112.900463,11.604689,-84.357535,-139.806445
112.910678,11.631240,-84.497541,-139.898872
112.931127,13.332603,-84.454790,-137.903323
112.941213,15.526388,-84.308078,-135.305105
112.951277,17.549582,-84.191842,-132.946736
112.961417,18.801557,-84.262193,-131.489775
112.971657,18.535651,-84.339190,-131.739459
112.991809,20.052271,-84.304328,-129.987243
113.002049,21.113441,-84.182266,-128.809172
113.012289,22.233085,-84.179944,-127.458379
113.022529,22.492559,-84.113800,-127.098305
113.032794,22.634876,-84.072423,-126.786561
113.043000,22.385390,-83.858542,-126.878263
113.063447,22.074439,-83.692637,-126.864084
113.073687,23.011473,-83.783472,-125.830922
113.094168,24.214933,-83.897959,-124.580069
113.104408,24.434110,-83.909762,-124.408358
113.114648,24.519020,-83.915240,-124.294075
113.134962,23.261963,-83.830033,-125.441478
113.145023,22.314095,-83.836331,-126.322655
113.155213,21.371337,-83.784162,-127.185144
113.165427,21.256677,-83.901176,-127.238255
113.175667,21.752932,-83.901497,-126.860300
113.185932,22.495330,-83.975359,-126.030022
113.206412,22.410406,-83.892536,-126.094472
113.216652,21.178036,-83.746206,-127.354027
113.226892,20.769005,-83.880542,-127.654897
113.237005,18.899463,-83.811633,-129.660841
113.247019,18.182165,-84.002789,-130.309996
113.267499,16.642295,-84.197518,-131.930623
113.277764,15.550894,-84.169712,-133.262564
113.287954,15.076826,-84.341129,-133.689478
113.298219,13.767000,-84.270567,-135.131604
113.308409,12.874108,-84.424164,-136.051317
113.318649,10.976012,-84.334654,-138.072739
113.339154,7.642592,-84.326014,-141.412592
113.349419,6.261122,-84.443459,-142.690889
113.359634,4.914536,-84.429649,-144.071762
113.369848,3.962255,-84.571225,-145.058724
113.380088,3.435006,-84.608169,-145.619251
113.390331,3.251816,-84.711797,-145.777930
113.400414,2.724062,-84.748530,-146.297994
113.410479,1.382738,-84.837793,-147.691735
113.420694,-0.500068,-84.877607,-149.600090
113.430933,-2.573397,-84.855361,-151.740111
113.441173,-3.761738,-84.776629,-152.993888
113.451388,-4.238498,-84.724521,-153.439749
113.471565,-4.499455,-84.736829,-153.630899
113.481831,-4.782450,-84.692078,-154.040888
113.492021,-5.299177,-84.729644,-154.514834
113.502220,-5.984585,-84.654744,-155.292957
113.512434,-6.902372,-84.597384,-156.267215
113.522648,-7.815778,-84.536787,-157.235012
113.542826,-8.406922,-84.384269,-157.795880
113.553041,-8.584539,-84.333896,-157.916624
113.563281,-9.019172,-84.270942,-158.395789
113.573546,-8.650645,-84.285634,-158.097938
113.583760,-7.970565,-84.255704,-157.356739
113.604224,-7.260788,-84.359024,-156.662451
113.614464,-6.996344,-84.417347,-156.412807
113.624427,-6.762093,-84.470432,-156.127428
113.634591,-6.522208,-84.515128,-155.967274
113.644806,-6.473605,-84.552667,-155.961947
113.655046,-6.251640,-84.529438,-155.732124
113.675525,-5.089369,-84.407806,-154.406904
113.685791,-5.171071,-84.359967,-154.389104
113.695996,-5.221893,-84.222264,-154.368245
113.706229,-4.741781,-84.107680,-153.796940
113.716469,-3.096920,-83.985488,-152.054108
113.726684,-1.016522,-83.880542,-149.772866
113.746862,1.401281,-83.760427,-147.155360
113.757076,2.215062,-83.733775,-146.423806
113.767291,3.013786,-83.850244,-145.592886
113.777531,2.822646,-83.900500,-145.866203
113.787786,2.244857,-84.030178,-146.477122
113.797970,1.681228,-83.938476,-147.194183
113.808035,1.659483,-84.012276,-147.158120
113.818274,1.883895,-83.841679,-146.947162
113.828514,2.493178,-83.910568,-146.207904
113.838578,2.901065,-83.787884,-145.886379
113.848642,3.468156,-83.849643,-145.223018
113.858856,3.498892,-83.685274,-145.171778
113.869096,4.174780,-83.661163,-144.371553
113.879361,4.682562,-83.416977,-143.729993
113.889626,5.538405,-83.442017,-142.695574
113.899815,5.930365,-83.266174,-142.206301
113.909940,6.219226,-83.318069,-141.750973
113.920055,6.339812,-83.176220,-141.550070
113.930295,6.647818,-83.261283,-141.131133
113.940560,7.462750,-83.074792,-140.402776
113.950472,8.921619,-83.054369,-138.820849
113.960687,9.263818,-82.815367,-138.400437
113.970927,9.559103,-82.786264,-138.034708
113.981167,9.453476,-82.568108,-138.012769
113.991432,9.104596,-82.548280,-138.118091
114.001646,8.762843,-82.382197,-138.442074
114.011845,8.691941,-82.583175,-138.504912
114.022085,9.261600,-82.552207,-138.175478
114.032325,9.735110,-82.720933,-137.705151
114.042389,9.353237,-82.603652,-138.182336
114.052452,9.123625,-82.680854,-138.486949
114.062692,8.440136,-82.543622,-139.161361
114.083197,8.152746,-82.469958,-139.479785
114.093437,8.128724,-82.609704,-139.483487
114.103645,7.994821,-82.561988,-139.737201
114.113851,8.541432,-82.710155,-139.233720
114.124066,8.856608,-82.674024,-139.018911
114.134331,9.424140,-82.656313,-138.365467
114.154786,9.727856,-82.476003,-137.944959
114.175291,9.564449,-82.218730,-137.969220
114.185442,9.696380,-82.081675,-137.728934
114.195577,9.960390,-81.964784,-137.327906
114.205791,10.695672,-81.941534,-136.519676
114.225969,11.556069,-82.100937,-135.544257
114.236209,11.534948,-82.115417,-135.639142
114.246424,11.815484,-82.281486,-135.395154
114.256689,11.636582,-82.280700,-135.616766
114.266904,11.671770,-82.360354,-135.543055
114.287347,11.418141,-82.341783,-135.776934
114.297583,11.279243,-82.262771,-135.898416
114.307596,10.976241,-82.342630,-136.173577
114.317710,10.906264,-82.202904,-136.333089
114.327924,11.227257,-82.243086,-135.953973
114.338164,11.250745,-82.168542,-136.001497
114.348429,11.702959,-82.343572,-135.582356
114.358694,11.734176,-82.291642,-135.709753
114.368909,12.304500,-82.347650,-135.183432
114.379149,12.422872,-82.147273,-135.143011
114.389388,12.936989,-82.295563,-134.605775
114.399628,12.240665,-82.230116,-135.498399
114.419781,11.394581,-82.530002,-136.533050
114.430021,11.375041,-82.554495,-136.440829
114.440260,11.382609,-82.313594,-136.529512
114.450475,12.015354,-82.395167,-135.775418
114.460740,12.106153,-82.486706,-135.830374
114.470945,12.546954,-82.712771,-135.552085
114.481114,12.822744,-82.851889,-135.434687
114.491379,13.058161,-82.879715,-135.270271
114.501645,12.977656,-82.905936,-135.267798
114.511834,12.503691,-82.734662,-135.765350
114.522074,11.655566,-82.618467,-136.409205
114.542554,10.284942,-82.760091,-137.797769
114.563059,10.515016,-82.908012,-137.687079
114.573299,10.644777,-82.876928,-137.632792
114.583539,10.931407,-82.939643,-137.442066
114.593803,11.242850,-82.893860,-137.230590
114.604018,11.049434,-82.875084,-137.384269
114.614258,10.112182,-82.769503,-138.253739
114.634763,7.583341,-82.591515,-140.506239
114.645029,6.491037,-82.583230,-141.446524
114.665483,5.455769,-82.664735,-142.534765
114.675723,6.160857,-82.702116,-141.809480
114.685988,7.079503,-82.742339,-140.891380
114.706310,7.606544,-82.991511,-140.522686
114.716528,7.177988,-83.121995,-140.982413
114.726742,6.371565,-83.134727,-141.752025
114.736982,5.265014,-83.201335,-142.826427
114.747247,4.518489,-82.970659,-143.670161
114.757462,4.297745,-82.815204,-143.632021
114.767727,4.140623,-82.682705,-143.671677
114.777967,3.742806,-82.842422,-143.956455
114.788207,2.994893,-82.875138,-144.749508
114.798270,2.948414,-82.886080,-144.752732
114.808334,3.603119,-82.698995,-144.074986
114.818549,4.305893,-82.619000,-143.271797
114.839053,4.044266,-82.681981,-143.428700
114.849318,2.659156,-82.884783,-144.900810
114.859533,0.829366,-82.969627,-146.907697
114.869745,0.002227,-83.041256,-147.925969
114.879979,-0.127133,-82.964805,-148.142404
114.890219,-0.117559,-83.060619,-148.119236
114.910749,-1.561396,-82.922158,-149.593369
114.920964,-1.706201,-82.645419,-149.687899
114.931204,-1.872503,-82.632462,-149.667299
114.941444,-1.959037,-82.509491,-149.836373
114.951654,-1.918661,-82.620571,-149.786267
114.971771,-3.460423,-82.661388,-151.421524
114.992250,-5.106417,-82.486651,-153.327693
115.002313,-4.915176,-82.205903,-153.228122
115.012377,-4.924891,-82.143543,-153.144384
115.022592,-5.034430,-81.946725,-153.274281
115.043097,-5.596321,-81.678080,-153.715730
115.053312,-5.919316,-81.668715,-154.116347
115.063551,-7.012022,-81.807771,-155.344224
115.073676,-7.904407,-81.914684,-156.544015
115.083791,-9.220964,-82.115116,-158.080576
115.094056,-10.470280,-82.179504,-159.700369
115.114511,-11.423286,-82.261118,-161.144790
115.124751,-11.681091,-82.283193,-161.478444
115.135016,-12.240979,-82.172831,-162.152939
115.145231,-13.215289,-82.082099,-163.236248
115.155470,-13.789722,-81.941848,-164.007049
115.175975,-14.289396,-81.816165,-164.764776
115.186215,-14.038555,-81.697163,-164.629060
115.206343,-13.034679,-81.438927,-163.652289
115.216582,-12.915938,-81.444412,-163.616553
115.226822,-13.390220,-81.414093,-164.243496
115.247292,-13.850939,-81.458332,-164.990637
115.257357,-14.102345,-81.518854,-165.365000
115.267547,-14.101870,-81.504559,-165.593306
115.287951,-13.645901,-81.672369,-165.411554
115.297914,-14.421980,-81.922115,-166.325570
115.308154,-15.307350,-82.066103,-167.550346
115.318419,-15.669144,-82.118852,-168.037257
115.328634,-15.537115,-82.075583,-168.005360
115.338899,-15.279767,-82.054157,-167.739597
115.349114,-14.993771,-82.132164,-167.502753
115.359354,-14.537139,-82.200814,-167.123705
115.379507,-13.774949,-82.454255,-166.501598
115.389746,-13.764289,-82.631670,-166.589366
115.400012,-13.130777,-82.560560,-166.086254
115.410202,-13.197196,-82.729348,-166.054780
115.420416,-12.695069,-82.668395,-165.724691
115.430656,-12.829196,-82.854853,-165.809126
115.451104,-11.094447,-82.854409,-164.208061
115.461168,-10.423042,-82.862462,-163.628233
115.471233,-9.665516,-82.912185,-162.902553
115.481373,-8.377744,-82.930811,-161.608163
115.491613,-7.731426,-83.089080,-160.932904
115.501878,-7.207254,-83.263380,-160.514677
115.522358,-6.438791,-83.629075,-159.940450
115.532597,-4.966528,-83.595805,-158.507572
115.542812,-3.545306,-83.653684,-156.930631
115.553005,-1.648389,-83.560384,-155.009395
115.563074,0.065655,-83.613461,-153.068760
115.583404,3.022963,-83.743044,-149.846427
115.593644,4.936957,-83.707110,-147.832642
115.603909,7.154631,-83.630680,-145.404878
115.624364,10.983086,-83.459379,-141.165339
115.634604,12.766278,-83.354269,-139.302869
115.664979,17.549900,-83.423890,-134.016672
115.675169,18.413743,-83.471025,-133.118242
115.685409,19.392333,-83.404505,-132.092443
115.695649,20.436821,-83.281569,-130.958851
115.705914,21.728954,-83.153612,-129.478639
115.726394,24.232256,-82.866307,-126.754213
115.736633,25.703050,-82.793962,-125.122263
115.746873,26.797315,-82.688442,-123.935750
115.756987,27.773185,-82.607498,-122.863164
115.767001,28.523912,-82.417652,-121.987985
115.787480,29.382808,-82.121468,-120.718935
115.797746,29.382456,-81.995922,-120.612453
115.807936,29.754855,-81.862283,-120.125733
115.818201,30.287340,-81.754304,-119.471661
115.828389,31.078795,-81.826056,-118.629294
115.838622,31.876824,-81.870028,-117.865474
115.848861,32.647686,-81.906406,-117.065877
115.859126,33.117596,-81.852400,-116.571931
115.869391,33.767578,-81.961997,-115.901548
115.879606,33.674725,-81.999358,-115.993250
115.889821,34.362781,-82.116236,-115.292815
115.900061,34.364563,-82.081580,-115.291380
115.910301,35.572749,-82.164109,-114.059508
115.920372,35.867458,-82.236407,-113.784477
115.930437,36.863378,-82.547699,-112.816352
115.940652,36.222884,-82.646143,-113.615675
115.950665,36.515223,-82.664735,-113.296801
115.960754,36.787105,-82.355532,-113.020534
115.970993,38.491862,-81.934519,-111.128496
115.991498,40.425868,-81.929506,-108.748954
116.001763,39.874918,-82.408828,-109.218973
116.011978,37.827804,-82.713714,-111.428799
116.022177,36.533924,-82.852080,-112.793833
116.032342,36.213844,-82.683668,-113.072361
116.042432,37.695934,-82.630338,-111.430513
116.062937,39.619796,-82.503337,-109.225674
116.073203,40.028925,-82.602402,-108.647717
116.083417,40.503093,-82.685922,-108.121184
116.093657,42.017541,-82.700368,-106.509102
116.103897,43.093945,-82.599199,-105.296061
116.124402,44.805921,-82.854108,-103.339546
116.134314,45.028910,-83.076322,-103.130747
116.144529,43.728285,-82.988376,-104.265078
116.154769,44.181335,-83.044978,-103.503983
116.164984,43.257104,-82.952238,-104.267967
116.175249,44.401096,-82.940141,-102.859842
116.195729,45.577559,-82.935531,-101.119591
116.205918,46.247429,-83.147595,-100.339611
116.216024,48.193938,-83.308213,-98.450258
116.226189,49.953128,-83.433705,-96.483805
116.236429,51.363996,-83.578163,-94.869347
116.266821,50.457958,-83.202455,-95.076623
116.277036,49.690931,-83.075044,-95.600218
116.287250,50.041716,-83.026639,-95.010459
116.297490,48.492052,-82.784085,-96.237994
116.307745,47.069197,-82.585504,-97.230898
116.317929,46.037217,-82.401287,-98.053752
116.327994,46.685788,-82.297803,-97.217819
116.338234,48.236688,-82.253974,-95.340992
116.348474,47.838686,-82.171301,-95.454134
116.358538,48.053096,-82.113251,-95.043004
116.368601,48.330538,-82.167893,-94.695163
116.378816,51.582237,-82.455690,-91.585638
116.389056,54.072029,-82.727968,-89.330623
116.399321,53.852609,-82.957893,-89.406964
116.409586,50.134401,-82.615762,-93.172161
116.419775,47.388918,-82.163235,-95.495627
116.429900,45.036772,-81.854517,-97.556685
116.440015,45.473542,-82.181587,-97.003412
116.450254,46.588997,-82.769639,-96.224217
116.470785,51.829446,-83.664510,-91.327313
116.480999,51.697948,-83.542503,-91.323174
116.491239,49.234719,-83.069778,-93.632686
116.501479,46.720997,-82.568320,-95.994422
116.511689,45.773742,-82.469412,-96.642498
116.521740,44.205824,-82.601849,-98.150850
116.531805,44.177452,-82.842449,-98.069325
116.542045,42.544179,-82.793661,-99.573503
116.552285,41.090049,-82.914760,-100.792350
116.562348,39.828848,-82.882112,-102.129578
116.572412,40.622977,-82.881006,-101.218957
116.582627,40.294117,-82.875910,-101.442338
116.603132,36.809617,-83.002433,-105.012096
116.613346,37.014544,-82.974873,-104.885765
116.623586,36.060595,-82.731800,-105.679460
116.633711,35.203891,-82.617060,-106.354187
116.643826,34.679599,-82.621260,-106.838181
116.654091,33.398901,-82.639791,-108.159385
116.674546,30.824773,-82.874121,-110.744441
116.684786,29.753875,-82.855399,-111.837265
116.695051,28.812528,-82.657754,-112.718667
116.705265,28.771987,-82.739470,-112.728420
116.715505,27.466453,-82.733883,-114.162111
116.736010,24.337351,-82.834506,-117.369247
116.746250,23.444631,-83.084914,-118.276719
116.756263,22.178010,-83.147970,-119.835737
116.766377,21.374625,-83.174984,-120.660387
116.776617,20.855991,-83.088234,-121.173826
116.797097,19.125774,-82.896292,-122.605229
116.807328,18.992739,-82.916065,-122.717736
116.817392,18.088105,-83.273953,-123.433048
116.827582,15.756763,-83.597151,-126.203454
116.837822,13.986627,-84.001546,-128.434058
116.847986,12.059958,-83.914659,-130.632559
116.857949,11.924114,-83.637545,-130.561566
116.868189,11.564523,-83.349399,-130.736924
116.878454,11.285186,-83.327823,-130.949917
116.898934,9.650101,-83.347897,-132.316802
116.909149,8.974410,-83.269903,-132.991815
116.919389,9.140451,-83.319094,-132.748073
116.939542,8.522347,-83.200092,-133.267441
116.949781,7.359944,-83.261775,-134.381773
116.960047,5.670233,-83.209183,-136.170381
116.970237,4.699027,-83.152123,-137.332483
116.980451,4.940948,-83.158284,-137.014906
116.990691,4.735079,-83.219360,-137.232133
117.011139,5.340042,-83.193746,-136.630366
117.021204,5.349225,-82.913681,-136.620968
117.031268,4.647126,-82.838092,-137.074083
117.041408,4.088098,-82.761450,-137.720629
117.051648,2.945918,-82.994114,-138.889971
117.061913,2.311143,-83.025061,-139.796610
117.082393,1.691964,-82.813919,-140.531798
117.092632,1.927822,-82.728132,-140.098846
117.102872,1.719842,-82.565103,-140.395495
117.113056,1.073456,-82.622674,-140.927498
117.123109,0.393263,-82.651293,-141.687739
117.143439,-0.262720,-82.695047,-142.452420
117.153679,-0.366339,-82.576509,-142.665030
117.163945,-0.979311,-82.621581,-143.297806
117.174159,-1.736803,-82.622831,-144.212382
117.184399,-2.564289,-82.654817,-145.119226
117.194639,-3.502346,-82.525146,-146.164587
117.215144,-5.377394,-82.320131,-148.305987
117.225410,-5.895818,-82.353606,-148.903329
117.235625,-5.958362,-82.290263,-149.049822
117.245839,-5.726801,-82.301956,-148.903492
117.256079,-6.048451,-82.241973,-149.239688
117.266344,-6.947892,-82.264117,-150.286715
117.286660,-8.748998,-82.160755,-152.269109
117.296726,-9.290966,-82.051370,-153.017329
117.306791,-9.713437,-82.113149,-153.597731
117.316931,-9.709677,-81.964271,-153.777024
117.327171,-9.301334,-81.756975,-153.404410
117.347323,-9.095965,-81.392707,-153.181677
117.357563,-9.524397,-81.316804,-153.640488
117.367777,-10.100993,-81.357641,-154.335091
117.378043,-10.373005,-81.362846,-154.828559
117.388233,-10.173422,-81.394832,-154.744779
117.398448,-9.879204,-81.304598,-154.541923
117.408697,-9.741165,-81.294571,-154.437544
117.418936,-9.847387,-81.241999,-154.667872
117.428899,-10.615233,-81.235272,-155.383430
117.439064,-10.795908,-81.203347,-155.736523
117.449279,-11.309320,-81.099358,-156.279195
117.469783,-10.965745,-80.834920,-155.866269
117.480023,-10.673525,-80.895948,-155.510252
117.490263,-10.406554,-80.877083,-155.294842
117.500503,-10.458787,-81.080547,-155.309377
117.510743,-10.842843,-81.188710,-155.829919
117.520983,-11.552923,-81.411969,-156.652766
117.531197,-12.151437,-81.479055,-157.484341
117.541110,-12.548213,-81.580394,-157.937278
117.551375,-12.398264,-81.413177,-157.883975
117.561615,-12.767945,-81.450382,-158.179791
117.571829,-11.887107,-81.220136,-157.339691
117.582095,-11.302231,-81.216468,-156.545682
117.592289,-10.800588,-81.307467,-156.136335
117.602468,-11.176820,-81.645930,-156.746093
117.622973,-11.711584,-82.226578,-157.794746
117.643454,-10.650410,-81.849504,-156.516626
117.653693,-10.378810,-81.757952,-156.039701
117.663933,-11.411915,-81.910408,-157.153022
117.684438,-12.107936,-82.171506,-158.190186
117.694350,-9.892761,-82.107330,-155.695637
117.704565,-8.047185,-81.959531,-153.438847
117.714805,-7.306874,-82.189196,-152.532153
117.725045,-6.789675,-82.437631,-152.129609
117.735310,-6.846492,-82.901209,-152.204099
117.755790,-6.505496,-83.386419,-151.843465
117.765960,-6.987576,-83.292292,-152.365702
117.776185,-6.799362,-83.401978,-152.113285
117.796313,-5.391294,-83.113594,-150.181052
117.806527,-6.233165,-82.892733,-151.125011
117.827032,-4.135618,-83.018572,-148.571149
117.837297,-2.097126,-83.242623,-146.414175
117.847512,0.994411,-83.396603,-143.059583
117.857721,3.251194,-83.494404,-140.601001
117.867951,4.067894,-83.634990,-139.613151
117.878191,4.060223,-83.819685,-139.741504
117.888456,3.663940,-83.952273,-140.203238
117.898368,3.411612,-84.107544,-140.426340
117.908583,3.453086,-84.236901,-140.469684
117.918823,3.170332,-84.327496,-140.676434
117.929038,2.970641,-84.290955,-140.942497
117.939303,4.421998,-84.089608,-139.366171
117.959742,9.697953,-83.711072,-133.331809
117.969982,10.225150,-83.569769,-132.571417
117.980221,10.250956,-83.373858,-132.260671
117.990487,9.843481,-83.172341,-132.343576
118.000701,9.394791,-82.903859,-132.626359
118.010916,9.860393,-82.950516,-131.936059
118.021156,10.386503,-82.846124,-131.411364
118.031421,11.205957,-83.019331,-130.464714
118.041661,10.641531,-82.963439,-131.014558
118.051674,9.248430,-83.019214,-132.344177
118.072053,7.017636,-83.451770,-134.879284
118.082243,7.182167,-83.913628,-135.122780
118.102748,6.064824,-83.903908,-136.355779
118.112963,5.918092,-83.453027,-136.257274
118.123223,5.366537,-83.044186,-136.618619
118.143474,1.273978,-82.925265,-140.707648
118.153739,-0.404491,-83.053557,-142.506228
118.174195,-0.283896,-82.930477,-142.555474
118.184409,0.289624,-82.827635,-141.928899
118.194649,0.682424,-82.657112,-141.555821
118.204914,0.209496,-82.531553,-142.036065
118.215108,-1.276349,-82.505352,-143.431609
118.235465,-4.646406,-82.791380,-147.450602
118.245705,-5.219777,-82.568135,-148.267356
118.255969,-5.298999,-82.415221,-148.209135
118.266185,-5.594120,-82.008859,-148.437619
118.276424,-5.326023,-81.759407,-148.013614
118.286664,-4.915158,-81.554241,-147.434524
118.307169,-6.480419,-81.652658,-149.209703
118.317132,-7.551106,-81.797376,-150.382515
118.327296,-7.504941,-81.710161,-150.549145
118.337536,-8.102134,-81.912840,-151.305315
118.347751,-9.203661,-82.112705,-152.731130
118.368256,-11.149603,-81.952920,-155.057684
118.378496,-11.384955,-81.581979,-155.332449
118.388736,-10.769037,-81.096578,-154.671546
118.398976,-10.476095,-81.035133,-154.160429
118.409090,-10.844301,-81.130312,-154.656533
118.419103,-12.108840,-81.335122,-156.092881
118.429343,-12.938256,-81.168650,-157.245804
118.449823,-11.825977,-80.859912,-156.189856
118.460088,-12.158443,-81.143638,-156.596020
118.470303,-12.505796,-81.129492,-157.227663
118.480543,-14.328530,-81.464520,-159.250382
118.490767,-14.993404,-81.342970,-160.293557
118.510988,-15.344443,-81.376001,-160.735115
118.521254,-15.110989,-81.526941,-160.462700
118.531443,-14.534484,-81.634940,-159.937964
118.541658,-15.241221,-81.741197,-160.596517
118.551898,-16.767640,-81.602415,-162.232702
118.562163,-18.834187,-81.404421,-164.528575
118.582495,-17.492374,-81.014035,-163.053445
118.592563,-15.053675,-80.898536,-160.297163
118.602728,-13.139302,-81.012375,-158.064702
118.612842,-11.776971,-81.015326,-156.580557
118.622855,-12.547349,-81.262476,-157.371534
118.643335,-16.337589,-81.621239,-161.681547
118.653575,-17.899960,-81.806883,-163.557363
118.663815,-19.195825,-82.039007,-165.149890
118.674080,-19.047251,-81.986579,-165.133197
118.684285,-18.079205,-82.076846,-164.085473
118.694495,-16.128884,-81.899931,-161.958279
118.714999,-13.688794,-81.462567,-159.000793
118.766197,-13.349695,-81.793831,-158.904023
118.806740,-15.588546,-83.009420,-161.904566
118.847724,-18.172644,-82.018025,-165.077135
118.888331,-10.896757,-80.843710,-156.304166
118.949742,-13.893352,-81.274736,-160.070497
119.011202,-15.174609,-81.022764,-161.444594
119.062008,-15.042071,-80.660470,-161.654499
119.072248,-15.382459,-80.696779,-162.008399
119.082312,-15.145311,-80.462777,-161.964713
119.092375,-14.773337,-80.316693,-161.415197
119.102590,-15.240102,-80.174789,-161.743989
119.112855,-16.763455,-80.292439,-163.545383
119.173876,-13.873100,-80.672389,-161.888748
119.204596,-18.345721,-80.165206,-166.963551
119.225075,-15.093513,-79.780018,-163.049484
119.296780,-18.063678,-80.202403,-166.997907
119.367950,-22.030729,-80.535273,-171.964957
119.429113,-24.626136,-81.160379,-175.872959
119.459505,-24.413268,-80.246875,-175.687246
119.469745,-22.625439,-80.004813,-173.714278
119.480010,-19.330465,-79.942412,-170.024309
119.490200,-17.284246,-80.155378,-167.648673
119.500415,-17.108072,-80.254825,-167.621325
119.510680,-17.148775,-80.455066,-167.907934
119.520895,-16.683231,-80.676897,-167.589551
119.561527,-21.138843,-81.418464,-172.947165
119.582007,-20.064828,-80.912777,-171.590321
119.633085,-13.369988,-80.953758,-164.028810
119.653137,-14.120339,-81.168377,-165.185051
119.734918,-8.111945,-81.219378,-158.957790
119.775623,-8.551350,-81.004199,-159.580157
119.857189,-5.351883,-81.717148,-156.176565
119.877694,-4.595119,-81.630384,-155.192990
119.887934,-4.221672,-81.416128,-154.809516
119.898199,-3.614489,-81.430670,-154.003376
119.908406,-2.938717,-81.366302,-153.300031
119.918621,-2.475652,-81.496636,-152.836411
119.959605,-2.414100,-81.881920,-153.150272
120.020652,1.123998,-81.737277,-149.356334
120.041131,1.750557,-81.908325,-148.879628
120.092357,3.080365,-81.313976,-147.192872
120.143557,3.444346,-81.767248,-146.702396
120.194568,5.032838,-81.553360,-145.027305
120.245697,5.611098,-81.751449,-144.254360
120.275894,5.939891,-81.659597,-143.881090
120.286134,6.399324,-81.732380,-143.303079
120.296374,7.006393,-81.771496,-142.611741
120.306639,7.367838,-81.996387,-142.208445
120.316854,7.363142,-82.007554,-142.279862
120.357813,6.862034,-82.034595,-142.698539
120.398420,9.484999,-81.770417,-139.629352
120.439405,9.490280,-82.023660,-139.441044
120.521298,10.286218,-81.951991,-138.477878
120.582762,11.000573,-82.169375,-137.573821
120.653696,10.673746,-82.268631,-137.617438
120.674150,10.171075,-82.348859,-138.301891
120.694630,9.558707,-81.932941,-138.645368
120.704864,9.207161,-82.136631,-138.941634
120.714969,9.271036,-82.294463,-139.046505
120.725109,9.348919,-82.247745,-138.874849
120.786573,9.372067,-82.312645,-138.750580
120.847394,9.592406,-82.078609,-138.243152
120.908835,8.640480,-81.795798,-139.285876
120.980162,8.052139,-81.728439,-139.858710
121.060945,7.169498,-81.753997,-140.513192
121.071034,6.377499,-81.682021,-141.220609
121.091187,4.876262,-81.842953,-142.876643
121.101427,5.117164,-81.689882,-142.616303
121.111641,6.456045,-81.714922,-141.186799
121.121881,7.052937,-81.687731,-140.540199
121.132121,7.187508,-81.783886,-140.410945
121.173065,5.580003,-81.401976,-141.705252
121.213647,7.139921,-81.708809,-140.109255
121.264797,4.211104,-81.628158,-143.324457
121.315405,6.178740,-81.716841,-140.849101
121.366251,4.301467,-81.696999,-142.915151
121.437563,3.660182,-81.501553,-143.381476
121.468233,4.355799,-81.143016,-142.504329
121.478472,4.829340,-81.273951,-141.969799
121.498927,4.781779,-81.585011,-142.307674
121.509142,3.960355,-81.726116,-143.166858
121.519382,3.128287,-81.802690,-144.203803
121.529622,2.459396,-81.864428,-144.979795
121.539887,2.226515,-81.805613,-145.290076
121.591027,3.037794,-81.728937,-144.227354
121.600940,2.791572,-81.738226,-144.468432
121.641899,2.842891,-81.258071,-144.305874
121.702745,3.299004,-81.484676,-143.663358
121.774449,4.654376,-81.620071,-141.718885
121.835886,4.994095,-80.993114,-140.982495
121.886880,7.162463,-80.837918,-138.063777
121.897095,6.781733,-80.982234,-138.619823
121.907335,6.283318,-80.932196,-139.168902
121.917575,5.964678,-80.549568,-139.391184
121.927785,5.746000,-80.313141,-139.350735
121.937835,5.605701,-80.187466,-139.416524
121.999074,5.359713,-80.844571,-139.794793
122.029819,6.154298,-80.790346,-138.578582
122.049946,6.140836,-80.826772,-138.626954
122.121592,2.621794,-81.458721,-143.017235
122.192969,-0.434895,-81.465025,-146.113019
122.274847,-6.840873,-81.867378,-153.056125
122.295133,-7.099589,-82.106237,-153.724322
122.305348,-5.880153,-82.092542,-152.496145
122.315588,-5.411587,-81.968178,-151.904787
122.325702,-6.256723,-81.755356,-152.760186
122.335716,-8.165419,-81.688345,-154.721666
122.376701,-9.313387,-81.985158,-156.589463
122.397114,-8.152691,-81.720113,-155.624453
122.417594,-8.055302,-81.327240,-155.241949
122.458578,-7.540225,-80.803023,-154.421056
122.509611,-6.674177,-80.751462,-153.542407
122.580937,-4.464912,-80.967624,-150.948779
122.642401,-4.528851,-81.073703,-150.884261
122.683336,-4.684887,-81.451187,-151.422125
122.693576,-3.830483,-81.419652,-150.531140
122.703841,-2.973188,-81.274422,-149.431329
122.714060,-3.119922,-81.297419,-149.465235
122.724143,-3.392279,-81.262141,-149.862383
122.734308,-3.715045,-81.349711,-150.095429
122.744548,-3.402724,-81.303696,-149.687270
122.816177,-4.600296,-81.762453,-150.792600
122.846619,-3.808270,-81.870903,-150.009614
122.887549,-3.110556,-81.399715,-149.273388
122.948632,-3.526126,-81.278186,-149.712897
122.979402,-5.642081,-81.704144,-152.361713
123.030535,-2.572423,-80.954605,-148.436676
123.081517,-4.485115,-81.384518,-150.552095
123.091757,-4.432190,-81.537398,-150.480050
123.102022,-4.378501,-81.648867,-150.453536
123.122501,-5.143802,-81.597463,-151.158397
123.132741,-5.912432,-81.683127,-151.997309
123.142981,-6.051522,-81.518369,-152.189182
123.153164,-6.298173,-81.504811,-152.342930
123.193787,-3.418741,-81.410889,-149.183066
123.224507,-5.729952,-81.460907,-151.760451
123.275513,-5.334022,-81.785682,-151.240305
123.357039,-10.733674,-82.662166,-157.452376
123.418503,-13.219061,-82.543096,-160.494556
123.489965,-10.845231,-81.940243,-157.997275
123.500231,-11.204165,-81.982173,-158.389437
123.510446,-11.892950,-82.045243,-159.148407
123.530926,-12.006089,-81.931015,-159.425768
123.541166,-12.288595,-81.892377,-159.589364
123.571885,-12.897783,-81.861798,-160.419424
123.622522,-11.388514,-81.885089,-158.868930
123.673394,-12.848579,-81.719662,-160.810097
123.734568,-10.686547,-81.589540,-158.631936
123.785415,-7.903705,-81.303403,-155.392104
123.867318,-6.259076,-81.793879,-153.446757
123.887747,-7.441588,-81.785730,-154.506980
123.897987,-8.031902,-81.776721,-155.198728
123.908154,-8.692420,-81.906768,-155.852035
123.918074,-8.426949,-81.997247,-155.625901
123.928139,-8.321704,-82.258816,-155.646433
123.938379,-7.737599,-82.240300,-155.241266
123.948619,-7.253627,-82.272695,-154.756705
123.958682,-6.580885,-82.043495,-154.048018
123.999465,-6.326117,-82.020777,-154.058223
124.009705,-6.187953,-82.024671,-153.817609
124.060664,-5.592739,-81.676686,-153.129658
124.101271,-4.934239,-81.365434,-152.424960
124.162645,-4.792880,-81.161219,-152.589336
124.183125,-4.408384,-80.793372,-152.098109
124.254283,-2.923585,-79.786582,-150.005393
124.315682,-3.312908,-79.992915,-150.845302
124.325921,-3.315914,-79.932898,-150.723328
124.346401,-4.130812,-79.919442,-151.449336
124.356667,-3.637361,-79.859815,-151.055330
124.366882,-2.587657,-79.949147,-149.874062
124.397627,-2.525762,-79.937153,-149.768823
124.459043,-3.564610,-80.433284,-151.054059
124.489599,-4.951270,-80.838198,-152.826084
124.561328,-6.543600,-80.867240,-154.266093
124.612503,-7.672614,-81.387578,-155.891732
124.673781,-11.260280,-81.764051,-159.990174
124.704525,-10.188463,-81.620139,-159.103519
124.714589,-10.669296,-81.706841,-159.560090
124.724653,-11.003133,-81.755643,-160.110317
124.734893,-10.422314,-81.697682,-159.559052
124.755397,-10.184615,-81.656701,-159.351332
124.765637,-10.619874,-81.652658,-159.979901
124.806288,-9.614582,-81.287625,-158.969388
124.867199,-8.800232,-80.892731,-158.153618
124.938814,-6.449549,-80.434165,-155.797626
125.000084,-6.969955,-80.205634,-156.691151
125.071436,-5.036420,-80.236739,-155.128035
125.112355,-4.673838,-79.910297,-154.502226
125.122595,-4.014734,-79.943410,-153.797542
125.132860,-3.845356,-80.110374,-153.717464
125.143075,-3.790816,-80.066346,-153.762585
125.163580,-3.911669,-79.866297,-153.743201
125.173819,-3.806082,-79.812652,-153.726275
125.194300,-2.739605,-79.629494,-152.439167
125.204515,-2.447517,-79.738121,-152.017212
125.255552,-2.001019,-79.574982,-151.666427
125.316993,-1.457810,-79.523974,-151.007122
125.378264,-0.920663,-79.710077,-150.960786
125.429439,-1.369665,-79.378601,-151.644283
125.511056,-0.150960,-79.275451,-150.219233
125.531510,-0.930426,-79.038198,-150.830002
125.541750,-1.413052,-79.032112,-151.255168
125.552015,-1.341360,-78.973734,-151.150024
125.572467,-0.945566,-79.260247,-150.778434
125.582531,-1.035294,-79.302533,-150.869453
125.613001,-0.942425,-79.508415,-150.826587
125.653633,-1.606319,-79.414924,-151.695332
125.715031,0.425249,-79.527396,-149.225399
125.786517,-1.658633,-80.652834,-151.718090
125.847604,-0.585229,-81.093907,-150.274120
125.898763,-0.121091,-81.113339,-149.541432
125.919293,0.257505,-81.107240,-149.136265
125.929508,0.085109,-81.139820,-149.334887
125.939748,0.176116,-81.235900,-149.229798
125.949988,0.148902,-81.468987,-149.286379
125.960152,0.409407,-81.544693,-149.105010
125.970115,-0.014072,-81.570907,-149.500355
126.031547,-0.215550,-81.793592,-149.973961
126.041735,0.289040,-81.700455,-149.422778
126.102847,-0.187958,-80.816028,-149.750805
126.154032,1.215141,-80.645813,-148.237535
126.194942,-0.371040,-80.757411,-150.002907
126.235482,-1.021982,-80.942646,-150.755608
126.296418,-1.267738,-80.686097,-151.059783
126.327138,-1.085951,-80.926021,-150.996945
126.337354,-1.077665,-80.766987,-151.043855
126.347577,-1.373794,-80.688119,-151.170760
126.357843,-1.569722,-80.612905,-151.319276
126.368032,-1.780578,-80.684847,-151.475236
126.378272,-1.674125,-80.736770,-151.306080
126.439543,-1.334299,-81.264095,-150.951279
126.469935,-2.909949,-81.415397,-152.793012
126.510845,-4.027476,-81.303669,-154.050108
126.541616,-3.088459,-81.615474,-153.188698
126.613060,-5.674025,-82.257826,-156.582811
126.684386,-4.944674,-82.328061,-155.817993
126.735345,-4.932148,-81.769249,-155.974787
126.745611,-4.589222,-81.675388,-155.373840
126.755825,-4.118441,-81.525295,-154.869840
126.766040,-3.647893,-81.508650,-154.298536
126.776280,-3.745830,-81.650069,-154.348970
126.786521,-3.837879,-81.655034,-154.552114
126.837326,-4.540520,-81.953015,-155.609686
126.868071,-4.528084,-81.650048,-155.543720
126.878336,-3.629102,-81.494067,-154.493797
126.908837,-2.592114,-81.184680,-153.024897
126.980517,1.033829,-80.920864,-149.251859
127.031742,-0.231234,-80.826942,-150.471075
127.072348,0.527269,-80.824934,-149.479182
127.133760,0.793450,-80.943144,-149.184568
127.164152,0.616520,-81.311736,-149.528127
127.174367,0.226175,-81.457000,-150.119922
127.184632,0.134679,-81.409769,-150.328311
127.194822,-0.116648,-81.390426,-150.596082
127.225315,0.239003,-81.139977,-150.185287
127.265922,2.276893,-81.224541,-147.927964
127.317122,-1.026854,-81.476999,-151.555149
127.378178,-2.250221,-81.867351,-152.812150
127.449542,-0.466436,-81.379348,-150.453577
127.520668,-2.137058,-81.362709,-152.340498
127.551363,0.532980,-80.932626,-148.946782
127.561603,0.901533,-81.071941,-148.553445
127.581755,1.231626,-81.211257,-148.240213
127.591995,0.558243,-81.391177,-148.996806
127.602235,-0.419308,-81.451508,-150.191543
127.632955,-4.219560,-81.453803,-154.448513
127.663699,-3.704525,-81.126972,-154.190209
127.714799,-3.406095,-80.458139,-153.401418
127.786378,-4.195974,-79.494646,-154.557127
127.847224,-6.224591,-79.801055,-159.019795
127.908235,-2.568722,-76.659031,-153.514949
127.949048,-3.021934,-78.149447,-155.575590
127.959069,-4.846321,-78.695753,-157.886093
127.969134,-5.001067,-78.308344,-158.164177
127.989464,-4.309194,-77.320139,-156.501846
127.999376,-5.220772,-77.734308,-157.714232
128.009591,-7.118433,-78.444934,-160.335399
128.040285,-5.299351,-78.111806,-158.112759
128.091245,-4.393275,-79.478062,-157.997753
128.152230,-1.539633,-79.559929,-153.880569
128.193107,-11.491017,-81.783121,-165.682494
128.254216,2.400235,-80.390186,-149.508661
128.305046,-2.131198,-81.402755,-155.178742
128.335515,-0.597026,-81.889276,-153.528295
128.376046,0.529707,-81.869017,-152.655698
128.386286,2.454538,-81.785109,-150.623662
128.406766,3.803206,-81.666851,-148.988487
128.457700,8.972880,-80.738826,-143.255199
128.467966,8.641300,-80.539712,-143.508640
128.498685,7.760320,-79.608136,-143.875681
128.559932,8.545464,-80.364504,-143.212920
128.621120,10.739675,-80.742309,-140.735638
128.662105,12.780792,-80.988012,-138.220339
128.723559,10.866688,-81.272284,-140.031609
128.764468,17.179015,-81.780969,-133.673441
128.784646,16.727295,-81.477251,-133.865246
128.794860,15.864877,-81.321489,-134.581378
128.805126,14.656217,-81.293895,-135.819254
128.815341,13.816633,-81.262886,-136.476195
128.835821,15.180710,-81.118270,-134.727134
128.845974,16.446542,-81.282960,-133.436775
128.886286,16.739255,-81.182693,-133.232470
128.906765,15.805672,-80.794417,-133.696186
128.957637,19.091275,-81.118605,-130.152397
129.029301,17.736912,-80.685796,-130.914755
129.080123,19.275719,-81.124493,-129.278474
129.151744,18.866840,-80.900524,-129.233518
129.172275,19.645231,-80.586103,-128.050064
129.182464,19.444362,-80.865137,-128.350155
129.192704,18.721417,-81.278814,-129.447234
129.202919,18.457601,-81.523184,-129.907234
129.213184,17.871680,-81.468618,-130.395278
129.243735,18.401100,-81.627919,-129.974415
129.294582,16.235442,-81.206189,-131.821790
129.315062,16.736357,-81.082091,-131.130480
129.386226,16.028019,-80.153021,-131.374659
129.447396,15.515200,-79.867950,-131.622513
129.508261,13.872966,-78.887681,-132.316965
129.559339,16.973952,-79.266920,-128.780922
129.569432,16.658574,-79.451759,-129.077680
129.579497,15.516194,-80.205593,-130.547045
129.589712,13.752868,-80.724155,-132.923937
129.599952,12.545226,-81.038405,-134.317323
129.620079,12.916969,-80.991345,-133.879890
129.640584,15.622593,-80.565599,-130.729616
129.691743,13.520803,-79.279085,-131.683752
129.742918,13.630717,-80.178013,-131.877579
129.783550,13.879769,-80.238474,-131.489502
129.834422,13.707403,-80.260679,-131.528598
129.906121,16.196588,-80.204152,-128.930558
129.956993,15.105477,-80.434719,-129.618699
129.977498,16.113436,-80.851504,-128.574759
129.987688,16.764691,-80.958731,-127.837714
129.997927,17.595950,-81.444665,-127.274414
130.008142,17.254514,-81.475366,-127.689731
130.018407,16.184985,-81.201319,-128.489191
130.028513,15.532062,-80.480064,-128.898333
130.079360,21.239684,-80.034524,-121.828254
130.130527,18.905366,-80.098093,-123.839744
130.212464,21.276985,-79.953354,-120.525764
130.284043,23.022944,-79.711012,-117.936262
130.355704,23.377151,-80.330490,-116.885533
130.376073,21.233356,-80.910633,-119.315618
130.386313,20.131580,-80.444780,-120.211193
130.396326,19.629033,-80.113420,-120.347332
130.406440,19.653535,-79.597235,-120.088058
130.416680,19.810865,-79.499290,-119.598183
130.467905,20.647360,-79.717631,-118.172614
130.508235,18.511536,-79.243568,-119.703286
130.559434,19.266079,-80.297732,-119.098664
130.610281,17.685605,-80.486731,-120.317675
130.671552,16.616312,-80.608779,-121.804061
130.742804,12.082716,-80.057822,-125.375594
130.783572,11.826617,-79.930548,-125.185811
130.793737,13.014888,-79.833061,-123.676790
130.803699,13.976860,-79.829195,-122.622700
130.824179,13.782386,-79.735396,-122.664173
130.834419,13.114267,-79.654684,-123.189073
130.844684,11.746216,-79.390485,-124.464570
130.895468,11.474681,-78.346429,-123.722935
130.905533,12.486927,-78.411815,-122.698679
130.915698,12.687535,-78.687249,-122.578236
130.977088,6.363414,-78.976180,-129.178835
131.058679,3.499643,-79.547443,-132.902586
131.119409,1.019987,-79.230140,-135.476502
131.180322,-0.570764,-79.256012,-137.253881
131.190561,-0.981835,-79.423031,-137.764110
131.210890,-3.453902,-79.319786,-140.839471
131.221030,-3.757481,-79.233049,-141.184627
131.231269,-4.418745,-78.732321,-141.765152
131.241534,-4.562915,-78.421206,-141.814494
131.302989,-3.528293,-78.828368,-141.033626
131.333437,-7.178496,-78.463752,-145.483699
131.394523,-4.755832,-77.532653,-142.148627
131.435193,-3.485330,-77.812602,-141.236988
131.455622,-4.824894,-78.888562,-143.282766
131.527200,-3.777568,-80.000619,-141.141638
131.578173,-14.974399,-83.589747,-153.682863
131.588438,-13.362796,-83.263435,-152.132396
131.598638,-10.362840,-82.873438,-148.876541
131.608835,-7.558350,-82.487122,-145.517385
131.619101,-6.664110,-82.104420,-144.348193
131.629340,-7.196591,-82.079872,-144.486409
131.639606,-7.093591,-81.609177,-144.029538
131.649821,-5.783825,-81.196271,-141.978732
131.700652,0.244695,-79.412028,-134.652248
131.720829,-2.584802,-80.145535,-138.016663
131.761789,-1.441601,-80.014300,-136.512956
131.792508,-6.984787,-79.826525,-142.520312
131.863947,-5.722979,-78.965736,-141.706741
131.935602,-4.590672,-75.855261,-139.662684
131.996430,-1.692138,-74.608479,-136.950976
132.006670,-3.166376,-74.449178,-138.620356
132.016834,-4.408009,-74.101822,-139.962788
132.026797,-5.497847,-73.834318,-140.881476
132.047302,-5.012506,-73.001663,-139.964933
132.057542,-4.161050,-72.490574,-138.831081
132.067807,-3.698107,-72.080188,-138.155671
132.108677,-3.726975,-72.590602,-138.551535
132.180084,-6.188316,-73.614085,-141.379561
132.251214,-8.430381,-74.583398,-144.479087
132.312276,-12.171605,-76.235484,-149.182355
132.353286,-14.553615,-77.008457,-152.325923
132.404279,-13.634744,-76.432733,-151.696097
132.414519,-13.839571,-76.266049,-151.997910
132.424784,-13.879024,-75.992254,-151.948350
132.434999,-14.097647,-75.851395,-152.180890
132.455503,-13.944244,-75.646135,-152.333067
132.496110,-13.252446,-75.194632,-151.513431
132.537095,-14.401269,-75.146807,-152.930162
132.598510,-14.463453,-75.317616,-153.671675
132.649277,-17.192078,-75.544201,-157.158732
132.720035,-19.934324,-76.273474,-160.934475
132.781319,-21.719061,-76.362833,-163.510494
132.801789,-21.256122,-76.388713,-163.109548
132.812028,-21.005595,-76.330902,-162.902402
132.832533,-21.851797,-76.407093,-164.155920
132.842672,-21.794801,-76.386807,-164.114802
132.852912,-21.616121,-76.247546,-163.891140
132.893544,-20.413422,-76.035688,-163.119397
132.924239,-20.010655,-75.875888,-162.993462
132.954941,-19.274106,-75.480591,-162.145194
133.026207,-17.652052,-75.412822,-161.083359
133.087672,-18.396754,-75.317316,-162.399878
133.158964,-17.740230,-75.428361,-161.985040
133.199924,-16.949784,-75.712900,-161.352400
133.220429,-17.018222,-75.802799,-161.563740
133.230669,-16.848624,-75.840167,-161.351048
133.240682,-16.493513,-75.877794,-160.958667
133.250796,-16.474162,-76.071696,-160.906075
133.271276,-16.159215,-76.149841,-160.777435
133.312260,-15.039221,-76.462697,-159.948004
133.383739,-12.476187,-76.647918,-157.031144
133.455444,-11.021240,-77.266399,-155.480691
133.526529,-9.150626,-77.737894,-153.309743
133.587734,-6.721420,-77.911203,-150.377365
133.597942,-6.335394,-77.916606,-149.805200
133.608156,-5.482106,-77.795964,-148.676812
133.618396,-4.933853,-77.973836,-147.974027
133.628661,-4.316456,-77.898738,-147.325965
133.638926,-3.564360,-78.000221,-146.446660
133.649141,-2.475638,-77.831092,-145.146205
133.659381,-2.145312,-77.909652,-144.539015
133.679643,-1.689044,-77.809221,-144.045261
133.709988,-0.491508,-77.751909,-142.691586
133.750923,1.048424,-77.772113,-140.986415
133.781538,1.278069,-77.810335,-140.475995
133.811944,2.364155,-78.016183,-139.426113
133.852626,1.299099,-78.228697,-140.482621
133.893585,1.347453,-78.572543,-140.569801
133.944811,0.553579,-78.832759,-141.506288
133.985362,1.436307,-78.839193,-140.243660
134.036159,0.668749,-79.432505,-141.038775
134.046374,0.753342,-79.439622,-140.936213
134.056614,1.140355,-79.496217,-140.599444
134.066854,1.498466,-79.448275,-140.154157
134.077102,1.805418,-79.554109,-139.666727
134.097333,0.934868,-79.642902,-140.774215
134.148155,1.812179,-79.232776,-139.506054
134.158395,1.811605,-79.142338,-139.428231
134.209580,0.867933,-79.159461,-140.363652
134.250564,1.110240,-79.108378,-140.005696
134.322052,0.585492,-79.161387,-140.386342
134.393707,1.166709,-78.555693,-139.281081
134.424200,1.950905,-78.493231,-138.296209
134.434465,1.688222,-78.659792,-138.500131
134.444654,1.679386,-78.643447,-138.450393
134.465033,1.523398,-78.636528,-138.556453
134.475198,1.421638,-78.595089,-138.607214
134.525869,0.432838,-78.598545,-139.097936
134.566501,0.953956,-78.525080,-138.368240
134.606865,1.199760,-78.307354,-137.685112
134.657586,1.424291,-78.177935,-137.022255
134.708206,0.578280,-78.160710,-137.611755
134.769160,0.096354,-78.379781,-137.888009
134.829673,-1.617765,-78.376523,-139.735903
134.839712,-1.634036,-78.388394,-139.684048
134.849952,-1.624917,-78.233472,-139.690674
134.860216,-1.923223,-78.263320,-139.900552
134.870456,-1.770013,-78.082053,-139.752555
134.880721,-2.287764,-78.237303,-140.254096
134.941808,-3.060723,-77.878794,-141.178152
135.013232,-4.868144,-78.005234,-143.364919
135.074219,-6.486536,-77.998663,-145.561713
135.135710,-7.311512,-77.877271,-146.714922
135.206980,-8.054813,-77.268339,-147.335745
135.227410,-8.584648,-77.099264,-147.720954
135.237574,-8.893337,-77.083445,-148.057519
135.247537,-9.015887,-77.110541,-148.126135
135.257777,-8.645775,-76.904836,-147.722812
135.268042,-8.475856,-76.915812,-147.406861
135.278282,-7.894208,-76.808701,-146.724922
135.288522,-8.031422,-76.942347,-146.911468
135.339081,-9.250208,-76.759940,-148.190790
135.379638,-9.529187,-76.940018,-148.820806
135.441038,-9.708742,-77.119932,-149.427313
135.492213,-11.610003,-77.620742,-152.190999
135.543270,-11.960898,-77.445275,-152.586508
135.624796,-12.979823,-77.255928,-153.892208
135.635036,-13.203792,-77.229502,-154.164651
135.645276,-13.074475,-77.105766,-154.012228
135.655541,-13.004085,-77.133005,-153.849943
135.676021,-13.034639,-77.216142,-154.046488
135.686260,-13.057968,-77.251782,-154.089628
135.696500,-13.429158,-77.282306,-154.481202
135.747347,-14.850421,-77.501467,-156.435197
135.778052,-14.925809,-77.635728,-156.665907
135.798290,-14.745660,-77.483934,-156.592182
135.859352,-15.602691,-77.771566,-158.065249
135.910260,-15.745319,-77.708251,-158.571516
135.951121,-14.734106,-77.665316,-157.613841
136.022382,-14.728504,-78.149597,-157.955911
136.032622,-15.318431,-78.341320,-158.704158
136.042887,-15.859605,-78.420831,-159.494356
136.053102,-16.057875,-78.338008,-159.690028
136.063342,-15.820313,-78.296876,-159.380661
136.083822,-15.793481,-78.423692,-159.429811
136.094062,-15.324615,-78.476244,-159.038906
136.165413,-15.027557,-79.044905,-159.409143
136.196108,-13.993582,-78.989437,-158.180023
136.267484,-10.426460,-79.345399,-154.352563
136.328427,-9.168961,-79.643243,-153.078459
136.409993,-6.099122,-79.630484,-149.503429
136.440763,-4.107062,-79.922270,-147.493946
136.450978,-3.863388,-80.049797,-147.370907
136.461222,-3.509207,-79.999301,-146.977885
136.471375,-3.564533,-80.062077,-146.971218
136.481440,-3.980121,-80.059659,-147.510585
136.491679,-3.867483,-80.028056,-147.464454
136.501919,-3.617434,-80.077206,-147.106306
136.542526,-1.764224,-80.184256,-145.111371
136.563031,-1.670855,-80.284707,-144.961271
136.603926,-1.197535,-80.759371,-144.571582
136.634670,-0.053883,-80.594204,-143.067000
136.706350,1.725191,-80.837816,-141.079866
136.767604,3.040826,-81.143747,-139.493705
136.808538,1.741156,-81.379143,-140.873471
136.848931,2.482948,-81.522863,-140.166943
136.859171,2.650653,-81.575080,-140.031446
136.869411,2.945984,-81.407256,-139.652274
136.879676,2.719146,-81.191142,-139.696124
136.900156,3.128687,-80.593807,-138.906063
136.910395,3.501123,-80.404823,-138.344826
136.961267,3.520170,-80.515916,-138.431460
137.012442,1.860485,-81.290084,-140.991879
137.063667,2.705090,-80.533340,-140.103026
137.124331,4.688027,-78.939379,-137.831196
137.185696,3.439893,-77.619308,-138.700269
137.246808,2.362139,-77.959943,-140.355101
137.257047,2.945490,-78.020411,-139.688037
137.267313,3.114465,-78.006873,-139.540860
137.277527,2.817096,-77.940347,-139.734646
137.287742,2.217269,-77.824890,-140.241488
137.297949,1.511042,-77.864300,-141.030839
137.308189,1.470433,-77.816666,-141.249569
137.348746,2.781898,-77.749000,-139.562293
137.409920,5.557590,-77.689543,-136.841884
137.450781,3.085834,-78.054118,-139.718637
137.522410,6.780593,-77.907453,-135.287879
137.604219,8.738780,-78.459332,-133.071647
137.645154,9.641652,-78.553179,-131.997599
137.655250,10.394912,-78.396269,-131.142009
137.665315,10.909340,-78.431827,-130.526486
137.675480,11.362151,-78.279514,-129.934022
137.685746,11.774070,-78.187757,-129.368783
137.695936,12.268943,-78.097373,-128.721745
137.726655,14.387867,-77.893117,-126.232483
137.767447,15.327040,-77.591851,-124.784428
137.798192,17.136586,-77.509615,-122.577471
137.839127,17.686032,-76.986949,-121.241103
137.889657,19.515191,-76.385940,-118.338833
137.950820,20.684468,-76.105444,-116.247033
138.001955,21.368575,-76.415945,-115.148397
138.063251,22.721932,-76.402605,-113.185660
138.073264,22.965691,-76.673791,-112.980304
138.083378,22.829445,-76.659919,-113.183570
138.093618,22.572148,-76.685177,-113.317100
138.103858,22.187921,-76.529217,-113.536104
138.124338,22.373263,-76.865132,-113.215255
138.165233,22.248810,-76.850679,-112.854458
138.195777,22.918006,-77.477301,-112.394130
138.216231,22.582970,-77.332447,-112.535870
138.246598,23.238100,-77.341107,-111.638663
138.287608,23.382719,-76.870842,-111.014514
138.338551,24.245109,-77.158229,-109.644924
138.358904,24.475413,-77.119686,-109.238146
138.379157,25.273810,-77.036802,-108.112974
138.409877,25.895043,-76.527263,-106.901592
138.491006,29.277558,-75.800306,-101.939153
138.501019,29.393664,-75.858103,-101.751070
138.511259,29.214942,-75.760124,-101.629424
138.521524,29.108104,-75.632857,-101.547250
138.562419,32.252191,-75.291737,-97.435183
138.582874,32.133042,-74.930577,-96.813724
138.634032,34.140752,-74.696506,-93.299223
138.685131,35.237752,-73.858913,-90.336792
138.735963,36.219411,-73.151032,-87.355080
138.776494,38.501390,-73.156858,-83.379070
138.817479,40.057939,-73.439936,-80.419289
138.888831,42.409560,-73.231881,-76.071129
138.899071,42.625995,-72.923259,-75.378077
138.919550,42.555907,-72.731905,-74.570605
138.929712,41.949984,-72.687413,-74.772178
138.939952,41.194783,-72.632075,-75.026657
138.980559,44.379076,-73.505704,-71.283775
139.051910,40.582874,-72.379412,-72.148757
139.113324,42.638894,-74.238173,-70.072222
139.174261,39.985454,-72.985434,-70.869039
139.225356,39.708633,-73.353220,-69.728841
139.275693,40.818156,-73.671493,-67.151135
139.285759,41.434410,-73.841653,-66.137309
139.295923,41.656316,-74.130700,-65.816072
139.306163,41.426211,-74.524296,-66.003513
139.316378,39.596666,-74.168908,-67.391837
139.336555,39.148271,-73.691683,-66.993501
139.357010,41.823731,-73.575781,-63.533784
139.367250,42.822151,-73.458138,-61.949590
139.397731,44.709192,-74.301421,-59.726992
139.428275,45.133535,-75.519680,-59.292073
139.479323,46.362569,-74.681965,-55.980408
139.530170,45.296186,-74.842413,-55.148112
139.601899,48.973310,-75.533949,-49.931545
139.673225,48.091068,-75.045378,-48.228574
139.693731,47.597789,-74.856565,-48.041881
139.703946,47.651266,-74.705850,-47.482789
139.714186,47.915099,-74.709162,-46.875151
139.724426,48.200365,-74.922346,-46.368990
139.744956,48.595314,-75.184878,-45.667403
139.775468,47.874363,-74.734981,-45.211385
139.795595,47.852606,-74.292377,-44.336305
139.826341,46.140339,-73.814251,-44.868664
139.857035,44.233374,-73.357748,-45.310427
139.918505,44.350570,-73.249838,-43.199133
139.989597,44.444823,-73.421064,-40.844763
140.050698,44.499973,-74.161852,-39.060086
140.091180,46.788401,-74.849236,-35.993417
140.101395,47.272279,-74.921383,-35.196586
140.111610,47.511400,-75.014124,-34.707374
140.121849,47.530457,-75.025680,-34.454418
140.132115,47.108180,-75.000470,-34.486069
140.173062,46.727964,-75.348475,-33.651994
140.224261,47.248769,-75.396614,-31.680429
140.254590,46.100731,-75.453831,-31.834497
140.316031,45.090098,-75.293943,-30.841586
140.356824,42.964123,-75.339036,-31.642979
140.428137,42.051692,-75.507830,-30.444113
140.489578,41.299862,-76.103013,-30.065205
140.499818,41.234002,-76.121427,-30.043997
140.510058,40.812395,-76.106940,-30.155514
140.520121,41.144786,-76.439010,-29.672869
140.530185,40.867378,-76.593058,-30.015444
140.540425,40.246309,-76.706767,-30.532096
140.560930,38.863442,-76.852995,-31.332571
140.622090,37.625217,-77.590020,-32.037617
140.683530,33.480583,-77.850107,-35.396380
140.744617,30.530741,-78.614501,-37.739999
140.816069,27.346483,-78.889484,-40.302713
140.867269,23.951952,-79.285936,-43.369679
140.907662,22.288355,-79.304616,-44.475948
140.917902,21.337374,-79.412431,-45.392177
140.928142,20.841737,-79.388894,-45.901337
140.938306,20.673751,-79.438228,-45.877595
140.958509,20.654299,-79.657573,-45.636783
140.999406,19.378256,-79.441671,-46.300469
141.070782,18.053727,-79.580365,-47.020685
141.131808,17.021813,-79.915153,-47.511807
141.193117,16.628323,-79.993796,-47.365422
141.254275,13.991730,-80.311680,-49.779365
141.305125,13.106405,-80.054851,-50.089018
141.315365,13.564512,-80.345018,-49.369188
141.325605,12.831919,-80.348727,-50.097474
141.335845,12.145288,-80.572559,-50.779362
141.346111,11.559876,-80.393376,-51.197332
141.356326,11.118472,-80.532609,-51.517156
141.407294,11.174016,-80.523566,-50.945797
141.437965,10.062557,-80.485289,-51.759532
141.488772,10.208912,-80.415321,-51.194491
141.560152,8.253634,-80.415239,-52.635255
141.620877,5.748676,-80.394687,-54.873654
141.651271,4.971391,-80.538783,-55.614621
141.692182,3.278517,-80.435668,-57.046385
141.712663,2.813249,-80.277788,-57.228226
141.722903,2.444652,-80.167850,-57.664712
141.733143,2.288231,-80.103202,-57.701131
141.743258,2.541432,-80.053335,-57.278233
141.753271,2.263081,-80.248630,-57.595010
141.763512,1.960819,-80.285295,-58.037183
141.824921,0.977791,-80.323093,-58.852059
141.865530,-0.699719,-80.331754,-60.373347
141.916515,-0.453477,-80.486567,-60.335972
141.977604,-0.511277,-80.657759,-59.929138
142.039047,0.257858,-80.569226,-58.687820
142.100229,2.373918,-80.525164,-55.807369
142.131000,3.330990,-80.605412,-54.404472
142.141216,3.264554,-80.574307,-54.505476
142.151481,3.358022,-80.581506,-54.352760
142.161696,3.588302,-80.568474,-53.964259
142.212948,3.831829,-80.736135,-53.492156
142.223163,3.950071,-80.756496,-53.327733
142.253909,4.030758,-80.846484,-53.094660
142.284277,3.451203,-80.825706,-53.400553
142.314998,3.800929,-80.951607,-52.888859
142.335460,3.478417,-80.795510,-53.113207
142.406883,2.499214,-80.927339,-53.708185
142.467981,2.176322,-81.109692,-53.523616
142.529228,1.674055,-80.873183,-53.560786
142.539293,1.274718,-80.859311,-53.925057
142.549484,1.182168,-80.748190,-53.955086
142.559724,1.117614,-80.708275,-53.931167
142.610598,-0.683072,-80.934900,-55.464206
142.651493,-1.173873,-80.966517,-55.907503
142.712607,-1.998204,-80.300082,-55.904668
142.773482,-2.795063,-80.538367,-56.659817
142.834646,-6.435443,-80.601375,-60.164848
142.896073,-7.412354,-80.307664,-60.864990
142.906313,-7.628937,-80.387590,-61.006717
142.926793,-8.964469,-80.487912,-62.338413
142.936865,-9.575034,-80.457702,-63.027743
142.946930,-9.611950,-80.293962,-63.138323
142.957120,-9.510644,-80.245871,-62.984514
142.967361,-9.089685,-80.253391,-62.463555
143.008348,-11.763059,-80.336494,-65.069313
143.048864,-10.846217,-80.152318,-63.978150
143.100092,-13.489437,-80.021199,-66.621563
143.161364,-14.406877,-80.052365,-67.537662
143.232719,-16.190028,-79.965594,-69.361234
143.283945,-16.333825,-79.896254,-69.527412
143.314381,-17.021998,-79.482925,-70.186976
143.324647,-16.973737,-79.396871,-70.022095
143.334837,-16.916162,-79.342291,-69.850596
143.355318,-17.368010,-79.460495,-70.350750
143.406521,-18.735094,-79.550120,-71.813791
143.437267,-20.593437,-79.564566,-73.853852
143.487929,-20.307781,-79.239668,-73.782162
143.538881,-21.514075,-79.429527,-75.443292
143.599928,-21.426184,-79.368581,-75.594075
143.671610,-21.600454,-79.441841,-76.032327
143.712000,-20.571403,-79.330742,-75.001515
143.722064,-21.062956,-79.510314,-75.513738
143.732305,-21.087866,-79.463671,-75.610262
143.752811,-20.989573,-79.373178,-75.457847
143.763051,-20.780446,-79.362734,-75.291217
143.773316,-20.672430,-79.461226,-75.233195
143.783507,-20.449805,-79.537136,-74.961463
143.813785,-20.115201,-79.652020,-74.676091
143.875227,-18.111966,-79.585726,-72.487732
143.895566,-17.149804,-79.868100,-71.602553
143.946540,-15.693879,-79.893488,-70.028024
143.997391,-13.615169,-79.545619,-67.722801
144.058211,-13.174751,-79.695556,-67.141067
144.119678,-12.159182,-80.049400,-65.835428
144.129944,-12.157766,-80.036894,-65.905288
144.140160,-11.876908,-80.050582,-65.575847
144.160666,-10.883976,-80.156074,-64.655732
144.170906,-10.493559,-80.092280,-64.146671
144.211428,-10.301770,-80.009676,-63.688625
144.242174,-9.181705,-80.082554,-62.367318
144.252414,-9.513917,-80.284748,-62.691725
144.303574,-9.732460,-80.086263,-62.765614
144.364847,-10.082302,-80.129423,-62.965547
144.405583,-9.168730,-80.067637,-61.927017
144.456457,-10.752103,-80.439158,-63.489709
144.507166,-9.335526,-80.320982,-61.935459
144.527293,-9.181250,-80.130898,-61.446164
144.537509,-9.486547,-80.152557,-61.748462
144.547724,-9.738819,-80.293477,-62.099834
144.557989,-9.820110,-80.275063,-62.185218
144.568229,-9.898904,-80.254682,-62.208209
144.578495,-9.903831,-80.185963,-62.235379
144.650160,-9.392060,-80.170923,-61.480438
144.690702,-9.209172,-80.099944,-61.201022
144.752195,-9.798293,-80.071838,-61.685528
144.823079,-9.055734,-79.752567,-60.519827
144.874251,-10.485243,-79.755941,-61.938232
144.925466,-11.028280,-79.974774,-62.390356
144.935706,-10.995557,-79.810877,-62.340550
144.945946,-10.882026,-79.815221,-62.170253
144.956184,-10.801772,-79.899403,-62.075792
144.976297,-10.951254,-79.967240,-62.271231
144.986512,-11.127470,-79.884424,-62.334683
144.996752,-11.433501,-79.758325,-62.579300
145.047651,-11.712077,-79.800420,-63.006419
145.088613,-12.419552,-79.726756,-63.591383
145.160008,-14.288594,-79.845567,-65.609028
145.231691,-14.715538,-79.746174,-66.060592
145.302199,-16.691780,-79.708984,-68.150111
145.322680,-17.381593,-79.483915,-68.817455
145.332895,-17.723053,-79.493143,-69.167161
145.343135,-18.054230,-79.560857,-69.584895
145.353401,-18.458911,-79.604543,-70.120518
145.373865,-18.404440,-79.426979,-70.105820
145.384105,-18.311044,-79.265677,-69.934163
145.445547,-19.694734,-79.300532,-71.339987
145.475873,-19.597114,-79.186973,-71.267211
145.547581,-20.373860,-79.080087,-72.159227
145.598455,-20.565449,-78.829071,-72.374501
145.669875,-22.201281,-78.963168,-74.240891
145.721101,-21.977199,-79.049249,-74.220763
145.731341,-22.055451,-78.997456,-74.346370
145.751469,-22.656463,-78.899026,-74.806206
145.761710,-23.037496,-78.853639,-75.231310
145.771950,-23.320496,-78.801682,-75.530465
145.833130,-23.641940,-78.929502,-75.967987
145.894572,-23.597308,-78.794176,-76.076915
145.904812,-23.293730,-78.717616,-75.711643
145.924966,-23.400773,-78.850245,-75.735446
145.996619,-23.529454,-79.068831,-76.095513
146.067091,-23.404934,-79.070518,-76.281001
146.128155,-22.658487,-78.905480,-75.500419
146.138395,-23.033222,-78.862901,-75.986025
146.148635,-23.268233,-78.817692,-76.299367
146.158866,-23.390751,-78.802590,-76.502312
146.168999,-22.945322,-78.717234,-76.088546
146.179063,-22.568572,-78.701797,-75.706049
146.189329,-22.391744,-78.811340,-75.490297
146.240177,-22.522148,-78.746508,-75.694888
146.260683,-22.528266,-78.641712,-75.680579
146.332013,-22.283523,-78.828190,-75.492155
146.372974,-22.339850,-78.770878,-75.551967
146.444329,-22.199822,-78.911942,-75.712415
146.505797,-22.568852,-78.803048,-76.053747
146.546585,-21.159345,-78.833272,-74.610978
146.556826,-21.446826,-78.936619,-74.969454
146.566940,-21.598911,-78.878166,-75.171669
146.576954,-21.627640,-78.773999,-75.119520
146.587219,-21.551323,-78.743496,-75.027422
146.597459,-21.881310,-78.880933,-75.502926
146.638395,-21.291709,-78.831701,-75.193546
146.648610,-20.851005,-78.671717,-74.626688
146.679029,-20.789223,-78.938060,-74.682402
146.719990,-20.674938,-78.810862,-74.628607
146.771218,-18.853441,-78.623154,-72.643160
146.832029,-18.084125,-78.403134,-71.800000
146.892968,-16.806005,-78.293673,-70.682882
146.944170,-16.521166,-78.109251,-70.275598
146.954410,-16.223646,-77.987400,-69.954818
146.964676,-16.256537,-78.116334,-70.030879
146.974891,-16.156744,-78.177881,-70.071280
146.985131,-16.703953,-78.297764,-70.731322
147.005637,-17.591308,-78.081452,-71.658124
147.046186,-16.480306,-78.093166,-70.583933
147.097035,-17.049691,-78.102113,-71.368934
147.117524,-17.571461,-78.353396,-72.239455
147.188628,-17.506347,-78.074048,-72.583676
147.270551,-16.911149,-78.134953,-72.230077
147.291057,-16.810591,-78.333179,-72.354222
147.352263,-16.258456,-78.332960,-71.921653
147.362478,-16.022978,-78.270484,-71.625134
147.372743,-16.071211,-78.198938,-71.681080
147.382959,-16.072866,-78.144440,-71.605190
147.393199,-15.911120,-78.139092,-71.402818
147.403439,-15.583382,-78.229872,-71.085399
147.464882,-14.532300,-78.193310,-69.868881
147.485035,-14.145904,-78.159159,-69.294216
147.526021,-13.559205,-77.999449,-68.496053
147.536236,-13.404264,-78.023471,-68.287098
147.597679,-12.478136,-77.840428,-67.437750
147.648554,-12.776865,-77.886054,-68.150364
147.719912,-14.497949,-78.026940,-70.360340
147.740393,-14.558980,-77.698934,-70.310418
147.750463,-14.246586,-77.717157,-70.053070
147.760528,-14.082335,-77.805096,-69.973485
147.770593,-14.288066,-77.961780,-70.231727
147.780658,-14.362677,-77.832888,-70.351030
147.790723,-14.667951,-77.694317,-70.704650
147.800813,-14.818983,-77.590642,-70.825107
147.811078,-14.836142,-77.580711,-70.885110
147.851662,-16.246527,-77.415440,-72.541738
147.902847,-17.838429,-77.772290,-74.689348
147.943833,-18.391985,-77.272321,-75.354711
148.004855,-17.821058,-77.236810,-74.935597
148.066323,-17.887927,-77.110554,-75.323490
148.137678,-16.988356,-76.952565,-74.406141
148.147932,-16.866966,-76.950147,-74.279578
148.158096,-16.821550,-76.985692,-74.393075
148.168161,-16.850270,-77.116394,-74.536031
148.178377,-16.895369,-77.130874,-74.677566
148.188617,-16.849800,-76.965310,-74.682333
148.198832,-17.000831,-76.851943,-74.814334
148.239845,-15.784902,-77.160913,-73.951845
148.260005,-15.299627,-77.081273,-73.472338
148.280386,-15.208048,-77.063918,-73.501448
148.351873,-14.106126,-76.645302,-73.293428
148.413316,-11.762638,-76.719396,-70.912178
148.474430,-13.338136,-76.960447,-73.171550
148.535534,-10.949054,-76.635426,-70.658935
148.566156,-9.334745,-76.786646,-68.761809
148.576422,-9.035022,-76.921392,-68.538073
148.586637,-8.943025,-76.800546,-68.341486
148.596877,-8.896810,-76.842695,-68.089111
148.607117,-8.348894,-76.820524,-67.505819
148.647683,-8.121586,-77.742736,-67.186590
148.678328,-7.171076,-78.293202,-66.161112
148.719038,-8.368007,-79.771931,-67.595998
148.769747,-7.539035,-80.112764,-66.010787
148.841076,-4.069772,-80.459273,-61.210782
148.912741,-7.425108,-81.547479,-64.438122
148.953282,-11.219405,-81.886325,-68.718690
148.973788,-10.190901,-81.626751,-67.731646
148.984029,-8.821313,-81.203859,-66.340582
148.994294,-8.256063,-81.025913,-65.548164
149.004509,-7.089748,-80.566637,-64.346379
149.014749,-6.480560,-80.266307,-63.500603
149.075864,-3.863323,-78.205570,-60.177341
149.116789,-3.057186,-77.025908,-59.499895
149.167715,-2.342312,-75.462061,-59.083103
149.228787,-1.347864,-72.754963,-57.789076
149.290254,-1.698798,-71.572043,-59.109126
149.351476,-1.815623,-70.922157,-59.982783
149.361716,-2.033881,-70.859545,-60.167970
149.382222,-1.895934,-70.778108,-60.239953
149.392313,-1.657069,-70.647884,-60.134290
149.402382,-1.851078,-70.621683,-60.283974
149.412548,-1.787126,-70.342971,-60.269043
149.443244,-2.103706,-70.194319,-60.315673
149.494225,-1.581766,-71.146474,-59.904488
149.535086,-3.095659,-72.618763,-62.053348
149.586068,-5.753561,-73.933553,-64.824656
149.647309,-6.209021,-75.803591,-64.973424
149.708582,-10.307951,-77.465034,-69.415875
149.759783,-11.655935,-78.468451,-70.739115
149.769948,-12.140269,-78.509227,-71.125034
149.779911,-12.810296,-78.491004,-71.872312
149.800417,-12.390967,-78.183202,-71.378154
149.810657,-11.955721,-78.143989,-70.767023
149.820923,-11.392615,-78.017645,-70.181341
149.851619,-9.621283,-78.008485,-68.265869
149.912708,-10.082742,-77.764586,-69.260201
149.953719,-7.566101,-77.315658,-66.624063
149.984415,-6.033132,-76.501998,-64.300207
150.055645,-3.152814,-76.090076,-61.007953
150.127059,-3.027343,-76.226257,-60.526507
150.167619,-2.799138,-76.584828,-60.466572
150.177784,-2.674317,-76.452739,-60.263688
150.187747,-2.584240,-76.561004,-60.114148
150.197987,-2.663274,-76.523862,-60.289520
150.208253,-2.728008,-76.602566,-60.319306
150.218493,-2.600203,-76.614198,-60.182935
150.249214,-2.371190,-77.094080,-60.460070
150.320568,-3.495125,-77.081963,-61.849890
150.330809,-3.140189,-77.174601,-61.464667
150.402163,-2.673344,-77.363005,-61.308980
150.453162,-1.724732,-77.007487,-60.157677
150.524870,-0.657519,-76.973595,-58.834614
150.565478,0.225772,-77.231572,-57.950761
150.575719,0.243313,-77.158304,-57.799055
150.585959,0.261746,-77.186021,-57.698508
150.596216,0.090471,-77.352213,-57.936697
150.616466,0.524563,-77.388386,-57.518614
150.626682,0.759519,-77.284820,-57.074300
150.636922,0.532244,-77.271610,-57.290326
150.687796,2.641941,-77.460424,-54.659019
150.708250,2.327870,-77.618400,-54.979550
150.768872,2.022185,-77.827963,-55.083095
150.820073,2.232083,-78.104941,-54.765044
150.891428,2.535363,-77.847204,-54.213742
150.942544,-0.105822,-77.914857,-56.893584
150.973265,0.494040,-77.974642,-56.205046
150.983505,0.964914,-77.963467,-55.685450
150.993745,1.140236,-78.064684,-55.474527
151.014031,-0.257444,-78.115139,-56.750160
151.024271,-1.553431,-78.097244,-58.108374
151.034511,-2.419870,-77.951078,-58.991203
151.054639,-2.334061,-77.920588,-59.012165
151.095576,-1.877901,-77.968836,-58.276069
151.156373,-4.413805,-78.179049,-60.914796
151.207524,-5.745559,-78.100058,-62.343631
151.237975,-6.488100,-78.087442,-63.187241
151.298438,-6.603445,-77.981527,-63.428866
151.359804,-7.359954,-77.868685,-64.441155
151.390482,-8.292316,-77.793075,-65.283631
151.400748,-8.336513,-77.888185,-65.411520
151.421229,-7.865813,-77.954329,-65.069334
151.431469,-7.545107,-77.903041,-64.804637
151.441709,-7.243139,-77.913457,-64.482088
151.502755,-7.672159,-77.896409,-64.858650
151.574463,-6.737338,-78.119913,-63.980165
151.605205,-6.360913,-78.154931,-63.428962
151.625674,-6.156406,-78.100788,-63.150187
151.697029,-5.073628,-78.390095,-61.983987
151.758050,-4.044725,-78.613497,-61.101841
151.778556,-4.062494,-78.369372,-61.119074
151.788821,-4.007882,-78.453971,-61.006655
151.799036,-3.958040,-78.451204,-60.991158
151.809276,-3.897902,-78.497540,-60.953052
151.819542,-3.945034,-78.563411,-60.952294
151.829430,-4.053443,-78.553855,-61.092798
151.839670,-4.414184,-78.574209,-61.564135
151.890871,-3.837054,-78.718121,-61.148833
151.921390,-4.407858,-78.459298,-61.777203
151.972466,-4.782173,-78.551028,-61.876664
152.023489,-4.672590,-78.933771,-62.069207
152.074338,-4.099909,-78.598340,-61.725854
152.135511,-4.490964,-78.599235,-61.943122
152.186578,-2.982835,-78.830662,-60.662783
152.206797,-3.768344,-78.747034,-61.470022
152.217037,-3.923869,-78.630777,-61.569764
152.227303,-3.707261,-78.672359,-61.275847
152.237543,-3.139246,-78.626597,-60.660741
152.247783,-2.872246,-78.758201,-60.366557
152.278504,-2.737791,-78.906956,-60.292026
152.308898,-0.610549,-78.915780,-58.042599
152.339569,-0.575672,-79.110980,-57.874317
152.380341,0.143444,-78.685111,-56.791568
152.441430,3.177090,-78.851133,-53.490903
152.482323,3.685145,-78.692611,-52.743865
152.502803,4.267617,-78.687912,-52.093825
152.554030,4.746398,-78.713921,-51.287033
152.604929,6.247428,-78.945737,-49.702641
152.615144,5.943820,-78.850443,-49.979370
152.625410,5.914995,-78.783124,-49.918082
152.635600,5.489724,-78.715417,-50.277258
152.645802,5.507156,-78.786041,-50.279126
152.655867,5.543614,-78.933348,-50.202505
152.686185,5.858809,-78.992750,-49.926094
152.727146,6.516032,-78.873727,-48.854349
152.747577,5.319318,-79.096507,-49.979144
152.798451,5.738695,-79.065211,-49.533526
152.829122,4.365132,-78.955730,-50.955930
152.900166,4.356088,-78.953483,-50.760784
152.930912,4.402190,-78.831223,-50.592092
153.002198,3.155468,-78.805302,-51.631524
153.012262,3.291404,-78.857915,-51.521879
153.022326,3.132329,-78.856569,-51.672109
153.032566,2.565778,-78.891895,-52.159231
153.053072,1.755490,-78.584420,-53.084159
153.083725,1.382765,-78.866719,-53.502248
153.114445,0.893451,-78.563493,-53.995364
153.155407,0.219242,-78.694393,-54.545419
153.216521,-1.218103,-78.760168,-56.120383
153.267748,-1.619130,-78.586476,-56.441418
153.318891,-2.800713,-78.553111,-57.443947
153.349410,-2.392202,-78.764232,-57.080960
153.390245,-2.702467,-78.638119,-57.243597
153.420798,-2.971555,-78.573369,-57.355250
153.430862,-3.301945,-78.680917,-57.668851
153.440952,-3.287219,-78.692228,-57.708029
153.461105,-2.393169,-78.754472,-56.864651
153.491801,-2.349718,-78.749554,-56.640904
153.512282,-3.023640,-78.695452,-57.293905
153.522522,-2.899644,-78.678500,-57.140734
153.573396,-2.531423,-78.955587,-56.935156
153.634752,-2.342151,-78.937548,-56.616845
153.695866,-3.100130,-78.881301,-57.369587
153.736583,-2.467825,-78.961420,-56.762676
153.797648,-2.333085,-78.841352,-56.523463
153.807913,-2.465680,-78.831858,-56.552624
153.818128,-2.622842,-78.827275,-56.681483
153.828369,-3.120976,-78.760079,-57.131725
153.838533,-3.409113,-78.621317,-57.342662
153.848555,-3.480874,-78.750572,-57.418095
153.858620,-3.347086,-78.824987,-57.399400
153.899556,-4.420334,-78.830874,-58.519025
153.909797,-4.593897,-78.746576,-58.732599
153.991221,-5.029782,-78.536090,-59.243545
154.052620,-5.946722,-78.621058,-60.371400
154.114086,-7.840081,-78.770420,-62.584149
154.195631,-7.936520,-78.430789,-62.944066
154.215923,-8.286633,-78.476019,-63.138050
154.226113,-8.248024,-78.486708,-63.097397
154.236177,-8.007010,-78.495628,-62.798426
154.246241,-7.788022,-78.543617,-62.578603
154.256457,-7.545207,-78.603989,-62.360645
154.276937,-8.163241,-78.826960,-62.928418
154.317899,-8.516543,-78.688192,-63.427343
154.358885,-8.262884,-78.697440,-63.279811
154.440216,-7.003772,-78.682044,-61.926040
154.501658,-5.768416,-78.828566,-60.598893
154.583220,-6.202200,-78.957964,-61.285006
154.603646,-5.894558,-78.969308,-61.120535
154.613911,-5.568122,-79.023574,-60.880556
154.623824,-5.402535,-79.049789,-60.721823
154.634040,-5.356445,-79.033943,-60.638399
154.644255,-5.395591,-78.955962,-60.721502
154.654495,-5.379102,-78.952827,-60.754751
154.664735,-5.061573,-78.996561,-60.472876
154.695262,-3.922149,-78.750135,-59.100138
154.715693,-3.948990,-78.807850,-59.021072
154.746086,-3.096946,-78.854486,-58.141330
154.797288,-2.317061,-78.607793,-57.352573
154.858695,-0.736213,-78.630360,-55.411457
154.919755,1.201670,-78.655243,-53.184695
154.990918,2.754959,-78.456307,-51.063058
155.001008,3.465117,-78.545666,-50.327347
155.021161,4.352155,-78.537586,-49.235712
155.031401,4.354097,-78.569695,-49.195708
155.041616,4.400819,-78.542654,-49.185148
155.051856,4.318096,-78.651513,-49.279770
155.062122,4.441802,-78.639888,-49.200308
155.123211,5.169566,-78.484160,-48.145221
155.164147,5.976517,-78.617253,-47.197908
155.184597,6.580908,-78.456464,-46.465770
155.255921,7.716366,-78.313282,-44.903470
155.306703,8.085019,-78.260430,-44.282015
155.378335,7.854407,-78.481968,-44.680420
155.408634,7.711522,-78.283114,-44.724478
155.418899,7.663827,-78.224012,-44.708093
155.429140,7.765745,-78.179281,-44.549759
155.439381,7.951543,-78.196998,-44.400966
155.449596,7.902857,-78.212756,-44.404740
155.459811,7.762776,-78.243621,-44.491057
155.470051,7.481971,-78.321615,-44.818233
155.500451,6.995494,-77.976527,-45.148503
155.540809,6.137916,-78.050143,-45.748047
155.571530,5.571589,-77.945238,-46.101000
155.612448,5.417966,-77.934774,-46.205065
155.684152,5.600805,-78.158299,-46.104730
155.714403,6.061849,-77.972654,-45.395117
155.755263,6.290079,-78.102141,-44.814852
155.816661,6.197433,-78.180319,-44.572145
155.836840,5.388530,-78.234824,-45.215623
155.847080,5.452027,-78.235261,-45.121404
155.857320,5.822034,-78.288796,-44.716596
155.867586,6.209059,-78.414895,-44.271111
155.877801,6.298753,-78.278052,-44.118989
155.888041,6.197099,-78.208528,-44.019715
155.898306,6.376015,-78.162725,-43.710240
155.959396,6.018955,-78.139604,-43.702928
155.979901,5.654313,-78.316704,-44.082526
156.051281,5.132908,-78.241511,-44.425176
156.132801,2.478665,-77.769886,-46.785338
156.204058,-0.068591,-77.384848,-49.104122
156.224488,-0.373818,-77.435883,-49.234575
156.234729,-0.780074,-77.484309,-49.637167
156.244969,-1.093964,-77.420522,-49.992391
156.255209,-1.636532,-77.464126,-50.587892
156.265367,-1.909622,-77.394048,-50.872417
156.275443,-2.298636,-77.391760,-51.260611
156.285558,-2.464732,-77.346674,-51.410561
156.306064,-3.483169,-77.422762,-52.438388
156.336432,-5.353789,-77.233361,-54.357927
156.387590,-6.273294,-77.217099,-55.386629
156.438792,-7.573271,-77.450896,-56.627954
156.520411,-8.723625,-77.048810,-57.674923
156.592094,-10.483773,-76.921228,-59.421553
156.632995,-11.725204,-77.165374,-60.929433
156.643261,-11.815181,-77.056323,-61.041735
156.663742,-12.192943,-76.898839,-61.476081
156.674007,-12.071494,-76.808537,-61.312347
156.684222,-12.054027,-76.757304,-61.282657
156.714918,-12.092929,-76.504710,-61.142105
156.725184,-12.440876,-76.394136,-61.402233
156.796474,-14.854321,-76.554024,-64.236345
156.847675,-15.305619,-76.133305,-64.778580
156.919186,-17.280737,-76.280598,-67.545544
156.959996,-18.111076,-75.779214,-68.722304
156.980300,-18.248372,-75.846853,-69.025031
157.041678,-18.306278,-75.671297,-69.614797
157.062184,-19.417190,-75.605754,-71.313561
157.072450,-20.039806,-75.450839,-72.095686
157.082665,-19.885380,-75.205594,-72.023061
157.092880,-19.715273,-75.099788,-72.000945
157.123405,-19.528484,-75.261745,-72.109524
157.153599,-19.701013,-75.021350,-72.554887
157.183867,-20.735404,-75.364389,-74.389100
157.265814,-20.405474,-75.095949,-74.889978
157.337169,-20.325391,-75.603863,-76.044328
157.408411,-18.121907,-75.876182,-74.596519
157.428917,-17.105603,-75.889556,-73.487146
157.439132,-16.573640,-75.824245,-72.990229
157.449323,-16.652993,-76.028250,-73.125310
157.469383,-16.026639,-76.112882,-72.558800
157.479623,-15.502492,-76.139944,-72.068372
157.489889,-14.931115,-76.265803,-71.521049
157.520534,-13.064574,-76.367150,-69.844565
157.551152,-10.710942,-76.280270,-67.411843
157.622565,-5.989867,-76.525883,-62.526209
157.694102,-0.629605,-76.635959,-56.755897
157.765431,5.155553,-77.008457,-50.869716
157.837074,9.775751,-76.447227,-45.060947
157.847188,10.251772,-76.410351,-44.492283
157.857202,11.006023,-76.421197,-43.632505
157.877682,12.212590,-76.339706,-42.188033
157.887923,12.777005,-76.107637,-41.446472
157.898188,13.171753,-76.035913,-40.819628
157.958784,14.512205,-75.420663,-38.545145
158.030416,17.156624,-75.293929,-35.235464
158.071024,18.066740,-75.138003,-33.915052
158.132427,18.824835,-75.179858,-32.419981
158.163198,17.715383,-74.986796,-33.298856
158.224292,19.273242,-74.999616,-30.884941
158.254513,18.461467,-75.526825,-31.596650
158.264779,18.092901,-75.468837,-32.077294
158.274969,17.927525,-75.659966,-32.287561
158.285234,18.407409,-75.535479,-31.710762
158.295449,19.038509,-75.580476,-31.050344
158.305690,19.696143,-75.761435,-30.295041
158.377000,20.067097,-75.825413,-29.182912
158.428058,21.801137,-75.915975,-26.946193
158.499713,22.616515,-75.621491,-25.069550
158.581239,23.199436,-75.694895,-23.749488
158.632044,24.530071,-75.296634,-21.490410
158.642284,24.738679,-75.525500,-21.259452
158.652348,24.890343,-75.580872,-21.118284
158.662412,24.636451,-75.602319,-21.370496
158.672652,24.643782,-75.562902,-21.277561
158.693158,25.321892,-75.502127,-20.434324
158.703423,25.758349,-75.450190,-19.827739
158.744290,25.194993,-75.300254,-19.597496
158.795164,25.667168,-75.512960,-18.508945
158.845944,26.106238,-75.321578,-17.086951
158.856184,26.146989,-75.473945,-16.817346
158.927822,27.450322,-75.474499,-14.513196
158.988937,28.265906,-75.436455,-12.652376
159.049908,28.683236,-75.556400,-10.900167
159.060149,28.691545,-75.600782,-10.736190
159.070313,28.705584,-75.643266,-10.598149
159.080277,28.607576,-75.553592,-10.480227
159.100782,28.325903,-75.487305,-10.143722
159.111023,28.128683,-75.522276,-10.020498
159.151689,28.494890,-75.819184,-8.673505
159.171867,28.517857,-76.190863,-8.603779
159.233284,28.204838,-76.032491,-7.816265
159.304952,26.295067,-76.535330,-8.773473
159.365841,24.220939,-76.909631,-10.277808
159.427283,19.971101,-77.118184,-14.337604
159.458004,19.199913,-76.866362,-14.855393
159.468244,18.820487,-76.863329,-15.007589
159.478485,18.200385,-76.758253,-15.442209
159.488635,17.236949,-76.792473,-16.181709
159.498699,16.073375,-76.851520,-17.236558
159.508965,14.670338,-76.977899,-18.690201
159.570055,10.296257,-77.042533,-23.214114
159.610890,7.729108,-76.595995,-25.418800
159.672105,4.145059,-76.744934,-29.140066
159.733497,0.352200,-76.784761,-33.327898
159.794956,-1.171306,-76.490011,-33.816284
159.856423,-4.883214,-77.397238,-37.689629
159.866638,-6.067153,-77.568778,-38.914033
159.876904,-6.612286,-77.433274,-39.624168
159.887094,-7.459409,-77.652769,-40.545167
159.897309,-7.357228,-77.690246,-40.605174
159.907549,-7.548175,-77.861179,-40.920654
159.917815,-7.382926,-77.820389,-40.838589
159.979257,-6.255530,-76.933639,-39.014382
160.030270,-9.405113,-77.682911,-42.651635
160.061042,-12.311777,-77.389889,-45.628365
160.101505,-11.722281,-77.282709,-44.448713
160.172927,-14.050442,-77.865092,-47.382696
160.213878,-14.869626,-77.792979,-48.528228
160.264883,-15.300235,-78.156052,-48.664196
160.274948,-15.097810,-78.096943,-48.298836
160.285137,-15.826884,-78.291385,-48.921397
160.295378,-16.206697,-78.434621,-49.241641
160.305618,-17.197955,-78.649724,-50.372372
160.326124,-18.340426,-78.864192,-51.647660
160.366959,-22.693134,-79.707802,-56.190720
160.407693,-28.361992,-80.190533,-62.655579
160.417959,-29.243230,-80.390083,-63.743833
160.458831,-25.723300,-80.010796,-60.448793
160.510032,-23.182914,-78.945806,-57.302309
160.560862,-23.813069,-77.898458,-58.750111
160.621926,-22.395161,-76.348626,-57.852201
160.673134,-20.691916,-74.540197,-57.111101
160.683399,-19.913620,-74.071708,-56.578063
160.693614,-19.456040,-73.752813,-56.151115
160.703854,-18.844681,-73.378006,-55.760473
160.714095,-18.662957,-73.295641,-55.871002
160.775184,-17.837975,-71.471311,-56.752247
160.785424,-17.242251,-71.176295,-56.140436
160.846124,-15.940114,-70.379512,-56.206433
160.906862,-13.707034,-69.814471,-54.448328
160.978501,-10.844333,-69.905846,-51.239574
161.060026,-9.944049,-72.415359,-50.651317
161.080531,-10.286866,-72.922351,-50.903996
161.090797,-10.143213,-72.986158,-50.657351
161.101012,-10.390740,-73.217381,-50.757540
161.111253,-9.919869,-73.353090,-50.222149
161.121513,-9.625584,-73.635771,-49.764536
161.141778,-8.562202,-74.247947,-48.476772
161.171971,-8.198558,-75.337178,-48.115893
161.192126,-8.270095,-75.918441,-48.035129
161.253593,-5.454715,-76.844696,-44.398415
161.314708,-0.670549,-77.269049,-37.918529
161.386124,2.671785,-76.891968,-33.623317
161.447591,6.288384,-76.337083,-27.944208
161.467719,5.950973,-76.656156,-28.534630
161.477959,4.972411,-76.936207,-29.714345
161.488225,4.145068,-77.010936,-30.773793
161.498440,3.244085,-77.014276,-31.816763
161.518921,2.729876,-76.882003,-32.296283
161.529170,3.138502,-76.772904,-32.001605
161.580122,3.364374,-76.936528,-32.069060
161.590387,3.206665,-76.738234,-32.285638
161.671957,-0.476329,-76.798524,-36.665220
161.733133,0.151973,-77.034200,-35.863517
161.794575,-3.149717,-77.106777,-39.346900
161.865507,0.663712,-76.963842,-34.409708
161.875747,0.146225,-77.044295,-34.803389
161.896228,1.015845,-76.908818,-33.586793
161.906494,2.144665,-76.975535,-32.302147
161.916687,2.927266,-77.203554,-31.382892
161.926829,4.023560,-77.243504,-30.176899
161.987367,5.574682,-77.175632,-27.407877
162.018063,7.101641,-77.519533,-25.353058
162.089720,8.951434,-77.324927,-22.695428
162.150770,9.222000,-77.554045,-22.004356
162.201644,9.013295,-78.003718,-21.767886
162.262891,7.253433,-77.988466,-22.965594
162.272904,7.363297,-78.035587,-22.744685
162.283145,7.089538,-78.104217,-22.980559
162.303625,6.255083,-78.146052,-23.689676
162.313891,5.930423,-78.090987,-23.946720
162.324106,5.666903,-77.943995,-24.136768
162.334316,5.470649,-77.749833,-24.065306
162.365048,4.981393,-77.397976,-23.964224
162.385528,4.609716,-77.544989,-24.057514
162.405984,4.230936,-77.429067,-24.446591
162.436533,3.318514,-77.282245,-25.025174
162.477495,2.036221,-77.204401,-25.993648
162.528550,0.890671,-77.553588,-27.552165
162.569461,-1.335547,-77.576729,-30.281750
162.640418,-5.143013,-77.054062,-34.159825
162.691619,-8.550054,-76.534510,-38.014285
162.701815,-9.612644,-76.493092,-39.113673
162.711880,-10.269112,-76.250087,-39.818797
162.721945,-11.277539,-76.302345,-40.840894
162.732009,-11.830191,-76.254643,-41.486972
162.782733,-15.140858,-76.408370,-45.627470
162.792948,-15.446645,-76.147320,-45.961429
162.854390,-18.471096,-76.095206,-49.501147
162.905591,-20.413415,-76.227452,-52.446458
162.986770,-20.497825,-76.006140,-52.828033
163.027661,-20.596111,-76.633356,-53.239648
163.078888,-21.380232,-76.179661,-53.914651
163.089154,-20.815755,-76.003613,-53.172312
163.099369,-20.429574,-75.975698,-52.630340
163.109438,-19.804890,-76.084824,-51.990741
163.119678,-19.823813,-76.264998,-52.160379
163.129641,-19.643720,-76.362061,-52.023652
163.139781,-19.867113,-76.370264,-52.345829
163.190982,-19.347882,-76.220034,-52.101305
163.221583,-19.113748,-76.274150,-52.097787
163.272557,-19.287507,-76.333081,-52.703994
163.323689,-19.995410,-76.391438,-53.629317
163.364651,-19.774902,-76.435691,-53.280714
163.456089,-21.171753,-76.824479,-55.187891
163.486809,-21.400666,-76.986723,-55.390594
163.497050,-21.126308,-76.944369,-55.218009
163.517203,-20.911840,-76.981962,-55.105932
163.527443,-20.969948,-77.004844,-55.205844
163.537684,-20.716795,-76.872358,-54.927377
163.568404,-20.870939,-77.071759,-55.133605
163.639759,-20.745749,-77.343402,-55.613176
163.700766,-20.221292,-76.984490,-55.125904
163.761830,-19.990118,-76.978732,-55.176464
163.843758,-19.258944,-76.887856,-54.784012
163.884423,-18.785974,-76.873683,-54.313354
163.894563,-19.037595,-76.986846,-54.572542
163.904803,-19.523904,-77.070994,-55.207395
163.925284,-18.994377,-76.971929,-54.878200
163.935550,-18.731693,-76.997269,-54.611741
163.945764,-18.721912,-76.993758,-54.683543
163.956030,-18.525278,-77.007412,-54.476178
163.996569,-18.567089,-77.003478,-54.534464
164.057683,-18.107414,-77.039862,-54.044391
164.129390,-18.442467,-77.162252,-54.639840
164.180100,-17.935351,-77.360403,-54.124471
164.241567,-18.566903,-77.549736,-55.165484
164.292396,-17.597023,-77.763555,-54.766987
164.302460,-17.643659,-77.789086,-54.897297
164.312700,-18.058243,-77.799666,-55.364342
164.322940,-17.814747,-77.654162,-55.122369
164.343471,-17.986945,-77.617464,-55.398319
164.353643,-17.961912,-77.623625,-55.425844
164.363857,-17.566693,-77.595457,-55.038201
164.394603,-17.792054,-77.577760,-55.389101
164.415083,-17.628949,-77.615551,-55.264167
164.476001,-19.677071,-77.332201,-57.252176
164.547614,-19.940474,-77.492779,-58.109699
164.629339,-19.503749,-77.159438,-58.170454
164.700694,-19.514025,-77.020143,-58.916235
164.710924,-19.702080,-77.076246,-59.168522
164.721105,-19.296768,-76.972687,-58.824649
164.731345,-19.590815,-77.047498,-59.124576
164.751826,-20.067174,-76.962735,-59.740926
164.762092,-20.341562,-77.021455,-60.082900
164.823181,-21.096945,-77.077196,-61.527266
164.864142,-21.650018,-76.827252,-62.433489
164.924965,-20.563360,-77.158721,-61.740689
164.986406,-19.529835,-77.271481,-60.833510
165.027418,-18.749493,-77.438847,-59.933749
165.088594,-17.378064,-77.761601,-58.694466
165.098557,-17.082134,-77.666819,-58.463394
165.108722,-16.374141,-77.588401,-57.728301
165.118937,-15.765204,-77.595443,-57.065612
165.129152,-15.335723,-77.600832,-56.600033
165.139417,-15.169630,-77.612765,-56.423984
165.149658,-14.729373,-77.548329,-55.952042
165.159898,-14.591070,-77.609712,-55.781359
165.221012,-14.410492,-78.053851,-56.328768
165.261951,-13.663624,-78.175265,-55.885608
165.333567,-12.404418,-78.129441,-54.687624
165.384441,-10.276177,-78.146721,-52.647498
165.435635,-8.447909,-78.171932,-50.576697
165.507109,-5.540884,-78.257828,-47.406806
165.517374,-5.621037,-78.380136,-47.365313
165.527590,-5.511648,-78.379494,-47.330124
165.537805,-5.182549,-78.302716,-46.974411
165.548020,-4.545415,-78.228165,-46.188925
165.558285,-3.725525,-78.235896,-45.307503
165.568551,-2.823868,-78.314580,-44.445680
165.599247,-1.262636,-78.171597,-42.475994
165.660119,0.025065,-78.478307,-40.970658
165.690487,1.675927,-78.656424,-39.401302
165.710993,1.040104,-78.665802,-39.854280
165.792318,2.944709,-78.647989,-37.907031
165.863479,0.447480,-78.796559,-40.294295
165.914302,0.369102,-78.963223,-40.317657
165.924568,-0.100391,-78.786669,-40.678718
165.934783,-0.266304,-78.662906,-40.614552
165.944999,-0.581383,-78.545386,-40.767777
165.965504,-0.741374,-78.393489,-40.662695
165.995873,-1.108736,-78.597022,-41.016324
166.016328,-1.232663,-78.653993,-41.086849
166.026593,-1.680510,-78.758290,-41.638930
166.087643,-1.142265,-78.661615,-41.101613
166.159055,-1.140620,-78.423843,-40.849347
166.241028,-2.454913,-78.876753,-42.707069
166.312357,-2.508428,-78.583266,-42.684349
166.322574,-2.667371,-78.536452,-42.778605
166.332672,-2.651387,-78.522607,-42.811175
166.342812,-2.513810,-78.504548,-42.733663
166.353052,-2.535657,-78.644451,-42.697384
166.373206,-3.452519,-78.669962,-43.583690
166.434647,-3.527337,-78.509500,-43.763884
166.465368,-3.706880,-78.494378,-43.597306
166.536809,-5.082912,-78.652019,-45.190205
166.598280,-6.292066,-78.506194,-46.603296
166.680026,-7.112791,-78.091643,-47.429626
166.710571,-8.369837,-78.265738,-48.719661
166.720836,-8.786844,-78.456156,-49.352768
166.731102,-9.178815,-78.541042,-49.850890
166.741317,-9.478954,-78.466381,-50.183821
166.751557,-9.549042,-78.396187,-50.365835
166.761750,-9.309632,-78.343772,-50.220499
166.771746,-9.233840,-78.488525,-50.164485
166.801940,-9.836360,-78.260212,-50.844266
166.812005,-10.059222,-78.143675,-51.041085
166.872943,-9.862137,-78.090557,-51.245096
166.934391,-10.944383,-78.218459,-52.562916
166.975327,-9.942157,-78.434703,-51.564670
167.046460,-9.254531,-78.491810,-50.732009
167.107857,-7.795234,-78.658958,-49.376961
167.118122,-7.943466,-78.731188,-49.545311
167.128388,-7.625653,-78.555747,-49.211977
167.138603,-7.320809,-78.498142,-48.823575
167.148843,-6.959894,-78.571231,-48.423832
167.159083,-6.517894,-78.578813,-48.027302
167.169300,-5.789262,-78.587528,-47.304691
167.179367,-5.083890,-78.621905,-46.524004
167.230418,-3.940200,-78.671977,-45.259166
167.271380,-2.580089,-78.670255,-43.803311
167.332519,-1.562068,-78.681648,-42.552512
167.342734,-1.708146,-78.916634,-42.750963
167.373163,-0.789123,-78.599392,-41.709588
167.434605,-0.459385,-78.596230,-41.171062
167.516200,1.824518,-78.764936,-38.704151
167.536631,1.463488,-78.921647,-38.947446
167.546729,1.119875,-78.823013,-39.248388
167.556920,1.155164,-78.884717,-39.223461
167.567160,1.304172,-78.883624,-39.178607
167.577375,1.851681,-78.810807,-38.630122
167.638717,1.566477,-78.876097,-38.457995
167.669236,0.811465,-79.221336,-39.446456
167.689691,1.000881,-78.931886,-39.183904
167.750690,2.015465,-79.059952,-38.352919
167.801564,3.236645,-78.594003,-36.496088
167.873202,2.515440,-78.893282,-37.291726
167.924378,2.589328,-78.745490,-37.280177
167.944556,3.242910,-78.362583,-36.109711
167.965037,2.584829,-78.833094,-36.688689
167.975277,2.201290,-78.905979,-37.183106
167.985517,2.512011,-78.713292,-36.871646
168.016289,4.678848,-78.793206,-34.561444
168.067465,1.386616,-78.557311,-37.828822
168.138732,2.702297,-78.525237,-35.798060
168.159213,1.759522,-78.677625,-36.603889
168.230920,0.779357,-78.661807,-37.549095
168.312248,0.217704,-78.910343,-38.867779
168.322513,0.532274,-78.576279,-38.533339
168.332729,0.792853,-78.263163,-38.173811
168.353234,0.740723,-78.332011,-37.923724
168.363475,0.081080,-78.302395,-38.343907
168.373740,-0.828232,-78.407826,-39.050603
168.383956,-1.717929,-78.598976,-40.012867
168.394196,-2.233560,-78.702091,-40.811623
168.455371,-4.569980,-78.749677,-43.431711
168.465611,-5.171194,-78.572939,-44.015488
168.536845,-6.648102,-78.031981,-45.673970
168.597634,-10.259701,-78.666902,-49.323600
168.658798,-8.759188,-78.885994,-47.806953
168.719643,-11.107345,-78.644676,-50.255087
168.729908,-11.071816,-78.351060,-50.252157
168.740123,-10.709739,-78.222140,-49.823255
168.760629,-9.504169,-78.362651,-48.585062
168.770869,-9.330486,-78.649553,-48.389336
168.781110,-9.306298,-78.757470,-48.400175
168.791375,-9.441745,-78.727902,-48.570684
168.822096,-8.530204,-78.138990,-47.346663
168.842527,-8.973858,-78.208528,-47.549844
168.852625,-9.084526,-78.097906,-47.552378
168.903399,-9.648791,-78.082484,-48.123713
168.964612,-8.870033,-77.486597,-47.035128
169.035498,-10.015213,-77.273222,-48.242278
169.096940,-10.968685,-77.155074,-49.651845
169.137524,-10.999949,-76.850140,-49.276888
169.147739,-11.242903,-76.758602,-49.422672
169.158004,-11.422856,-76.586317,-49.444101
169.168245,-11.562335,-76.392312,-49.497957
169.178442,-11.940570,-76.546183,-49.832903
169.188535,-12.281321,-76.688380,-50.317167
169.198599,-13.018770,-76.921666,-51.161040
169.239435,-16.341571,-76.834253,-54.922931
169.300504,-16.718946,-76.646382,-55.228688
169.340763,-18.087200,-76.796864,-56.952754
169.391461,-20.554081,-76.339447,-59.911134
169.442600,-22.219340,-75.887008,-61.913069
169.503682,-25.304101,-75.255496,-66.017849
169.534403,-26.360587,-75.123673,-67.313174
169.544643,-26.836122,-75.050364,-67.813376
169.565149,-27.611579,-74.749973,-68.817708
169.575415,-28.127708,-74.738846,-69.501976
169.585630,-28.133614,-74.571596,-69.632167
169.595870,-28.572886,-74.550388,-70.199885
169.606111,-28.739609,-74.453406,-70.523479
169.646629,-29.895980,-73.815828,-72.196035
169.697503,-30.730080,-73.527116,-74.088824
169.768688,-32.946664,-72.772886,-77.740974
169.839993,-34.051276,-72.249126,-80.933534
169.911373,-35.113490,-71.746233,-83.963836
169.952250,-35.540671,-71.427755,-85.370855
169.972322,-35.404214,-71.316566,-85.659356
169.982387,-35.216025,-71.307339,-85.746557
169.992552,-35.221537,-71.317352,-86.013952
170.002818,-35.268368,-71.195535,-86.214397
170.074227,-34.595386,-71.131885,-86.973477
170.114486,-33.847368,-71.145846,-86.801452
170.154994,-33.700922,-71.500285,-87.641798
170.206191,-33.071329,-71.793286,-88.069771
170.267643,-31.300315,-72.343615,-86.929942
170.328686,-29.782210,-72.840211,-85.879179
170.338927,-29.438184,-72.935089,-85.689306
170.349142,-29.332172,-73.175450,-85.645559
170.359055,-28.840047,-73.223965,-85.270575
170.369320,-28.537138,-73.287028,-84.978611
170.379561,-28.204168,-73.375766,-84.656267
170.389801,-28.042457,-73.375513,-84.572543
170.400019,-28.164331,-73.419459,-84.709953
170.470900,-26.834558,-74.265890,-84.137774
170.491129,-26.263872,-73.989609,-83.476462
170.562413,-24.670619,-74.655218,-82.323539
170.623830,-24.125835,-74.930816,-81.637529
170.695512,-23.843197,-75.360011,-81.483706
170.746321,-22.451501,-75.349295,-80.058635
170.756536,-22.640872,-75.366712,-80.322833
170.776714,-22.204286,-75.060268,-80.239976
170.786954,-21.753642,-74.857091,-79.800904
170.797195,-20.901835,-74.517091,-78.850470
170.827820,-19.344422,-73.929851,-76.687773
170.899302,-24.392171,-75.583297,-82.682937
170.960145,-37.312883,-75.457259,-96.385335
171.011346,-34.393097,-75.493302,-93.992030
171.061949,-31.557315,-74.571889,-91.545517
171.123038,-35.487047,-73.733244,-97.043942
171.143502,-36.085716,-73.682209,-98.969680
171.153714,-36.545511,-73.445256,-99.971976
171.174220,-36.579625,-72.333486,-100.510783
171.184133,-35.323812,-71.824582,-99.296436
171.194348,-32.951213,-71.445220,-96.692072
171.204588,-31.777319,-71.027035,-94.772310
171.214829,-31.854069,-70.582731,-94.694617
171.265634,-38.795700,-68.681029,-106.466441
171.275799,-38.478909,-68.551303,-106.951876
171.326673,-38.008428,-68.107470,-109.029080
171.387843,-36.312096,-65.963993,-108.415941
171.459198,-37.923987,-65.759067,-113.280620
171.519815,-38.799453,-66.176385,-116.036499
171.560726,-39.933773,-66.677502,-118.393543
171.570941,-40.161092,-66.786614,-119.054883
171.581207,-40.383644,-66.868010,-119.553678
171.591447,-40.603651,-66.990448,-120.054016
171.601687,-40.684592,-67.135528,-120.548003
171.611928,-41.210616,-67.379721,-121.411284
171.673042,-42.399936,-67.832589,-124.207659
171.683233,-42.081875,-68.033827,-124.121531
171.754546,-41.336817,-69.334903,-125.011381
171.815717,-40.503531,-69.835276,-125.467064
171.876831,-39.467620,-70.688578,-126.116192
171.927882,-39.171169,-71.169239,-126.916840
171.958628,-38.672217,-71.391248,-127.032325
171.968828,-38.770886,-71.505319,-127.294973
171.978967,-38.364893,-71.516131,-127.050234
171.989232,-38.173449,-71.587349,-126.917510
171.999472,-38.234354,-71.860987,-127.303866
172.009486,-37.703867,-71.985720,-126.988994
172.019600,-37.880147,-72.269958,-127.288375
172.050346,-38.508132,-73.069856,-128.811644
172.122054,-36.346374,-73.356047,-127.253295
172.193468,-34.458718,-74.332867,-126.200094
172.264953,-33.879760,-74.712427,-126.316576
172.346678,-29.659168,-75.004035,-122.876770
172.366806,-29.212709,-74.960329,-122.625009
172.377046,-29.655097,-75.020517,-123.416519
172.397552,-29.830015,-75.072289,-124.064745
172.407817,-30.034903,-75.138057,-124.435323
172.417989,-30.149862,-74.960595,-124.825109
172.428202,-29.996220,-74.779356,-124.660269
172.448657,-29.501301,-74.681452,-124.329811
172.499557,-29.973127,-75.412446,-126.360480
172.519967,-30.847658,-75.156588,-127.580366
172.540473,-31.856265,-74.893577,-129.101613
172.601939,-30.604432,-75.373917,-128.946021
172.663003,-32.748370,-75.252784,-132.549506
172.734243,-32.222913,-75.766626,-133.307165
172.774826,-33.055401,-75.908940,-135.156111
172.785092,-32.761180,-75.990444,-134.995342
172.805573,-32.251702,-76.331018,-134.866593
172.815813,-32.462335,-76.460935,-135.462554
172.825826,-32.624006,-76.495844,-135.845100
172.835941,-32.346003,-76.415610,-135.607778
172.887117,-31.579028,-76.988028,-135.686352
172.937826,-29.744593,-77.112549,-134.423205
173.009181,-28.343958,-77.826898,-134.239609
173.059660,-26.992508,-78.018334,-133.504995
173.120724,-24.136376,-78.786656,-131.181624
173.182094,-20.874260,-79.429103,-128.297467
173.192058,-20.291807,-79.591436,-127.757500
173.212563,-19.490840,-79.721456,-127.295438
173.222778,-18.813642,-79.762498,-126.514802
173.233044,-17.943481,-79.809333,-125.608108
173.243242,-17.902228,-79.939209,-125.662449
173.253454,-17.586533,-79.989145,-125.400429
173.314569,-10.944670,-80.822236,-118.882967
173.385904,-8.235332,-80.919806,-115.756625
173.457213,-2.430802,-80.954018,-109.393587
173.527892,1.709438,-81.015674,-104.822695
173.579118,3.935173,-80.762773,-102.395771
173.589358,4.824522,-80.746578,-101.516521
173.609511,5.506632,-80.527548,-100.439079
173.619752,5.496311,-80.592346,-100.392859
173.629992,4.928373,-80.680189,-101.170592
173.640207,4.542013,-80.655149,-101.613421
173.670928,4.194119,-80.590065,-101.905036
173.701448,3.385178,-80.723663,-102.980579
173.732042,2.815685,-80.553127,-103.408764
173.742308,2.130039,-80.679110,-104.175876
173.813525,-2.896632,-80.853054,-109.541112
173.864696,-3.986521,-80.633511,-110.644249
173.935785,-6.592177,-80.543039,-113.520271
173.986941,-8.486322,-80.577190,-115.582551
173.997181,-8.946520,-80.414501,-116.044504
174.007447,-8.978464,-80.352702,-116.086906
174.017687,-8.700187,-80.365447,-115.799915
174.027928,-8.623030,-80.548448,-115.759576
174.038168,-9.006648,-80.736538,-116.352409
174.048408,-9.289222,-80.708083,-116.835809
174.119788,-11.982837,-80.332484,-120.050192
174.160749,-11.031544,-80.297849,-119.283148
174.181230,-11.535822,-80.294891,-119.821490
174.242256,-14.721307,-80.181312,-123.503071
174.283143,-14.468019,-80.037311,-123.527181
174.344187,-17.873690,-79.871290,-127.556023
174.395413,-18.194850,-80.039756,-128.474916
174.405654,-18.878631,-79.859255,-129.224543
174.425939,-18.646194,-79.685686,-129.046452
174.436002,-18.642651,-79.770838,-129.129822
174.446066,-18.879201,-79.852315,-129.454433
174.456231,-19.179731,-79.826682,-129.834629
174.507105,-19.817586,-79.939441,-131.009968
174.568276,-20.359954,-79.633141,-132.017680
174.629365,-20.021053,-79.741994,-132.316433
174.690561,-19.936053,-79.616735,-132.516748
174.761845,-20.647988,-79.764165,-133.824334
174.802454,-19.715423,-79.874145,-133.194249
174.812694,-20.189771,-79.809258,-133.622037
174.833199,-20.668185,-79.906363,-134.340873
174.843440,-20.807792,-80.045917,-134.679268
174.853645,-20.898528,-80.114137,-134.856198
174.863850,-20.626101,-80.077541,-134.672261
174.915076,-19.655442,-80.110496,-134.035564
174.935557,-20.229128,-80.066291,-134.774645
174.996621,-20.476666,-80.197506,-135.658499
175.027301,-19.519484,-80.283737,-135.006093
175.078502,-18.942864,-79.951216,-134.558442
175.139571,-16.568794,-80.420389,-132.924360
175.200685,-15.015327,-80.345018,-131.510361
175.210915,-14.517536,-80.349171,-130.946242
175.221045,-14.205707,-80.518211,-130.682665
175.241375,-14.119323,-80.870922,-130.948414
175.251615,-14.003110,-80.895367,-130.913184
175.261629,-14.038717,-80.907805,-131.048750
175.333015,-10.243954,-81.034416,-127.309467
175.383788,-5.312473,-81.842352,-122.811296
175.465439,2.744404,-81.986633,-114.859794
175.546964,7.768921,-82.592942,-110.321728
175.598191,10.367665,-82.295535,-107.506604
175.608431,12.111439,-82.406738,-105.719014
175.618613,13.365522,-82.469330,-104.569704
175.628664,14.329322,-82.599779,-103.676172
175.638728,14.481053,-82.662918,-103.543653
175.648994,14.797747,-82.757277,-103.231732
175.659234,15.067163,-82.612866,-103.089596
175.689955,16.556085,-82.403377,-101.335330
175.720701,17.492277,-82.198075,-100.152751
175.771853,21.369782,-82.348804,-96.229477
175.832674,23.290312,-82.027526,-93.920087
175.904003,27.076475,-81.418464,-89.571627
175.975112,27.150176,-80.983279,-89.116026
176.016073,30.285503,-81.017382,-85.913371
176.026313,30.442601,-81.018345,-85.717617
176.036579,30.550145,-81.061737,-85.592242
176.057060,30.584532,-80.909772,-85.595207
176.067300,30.897358,-80.870492,-85.204069
176.118057,32.361204,-80.554165,-83.771382
176.138187,34.015828,-80.505657,-81.974114
176.209819,35.111530,-80.606061,-80.720712
176.281128,37.056529,-80.860041,-78.752621
176.352432,41.908569,-80.876004,-73.888003
176.413832,41.458640,-80.739379,-74.342286
176.424072,41.351567,-80.719367,-74.421475
176.434237,41.582800,-80.822578,-74.242401
176.444200,41.480726,-80.885272,-74.401476
176.464706,41.407428,-81.046191,-74.582906
176.474946,41.786855,-81.078041,-74.316741
176.515837,42.425703,-81.297734,-73.870080
176.567039,42.054072,-80.921281,-74.076987
176.608025,43.091759,-80.934470,-73.199670
176.648962,43.519592,-81.017771,-72.758208
176.699666,42.574034,-80.937503,-73.496940
176.750855,42.548554,-81.026131,-73.523578
176.822278,41.165178,-81.089454,-74.827140
176.832518,41.051274,-81.182850,-75.021473
176.842709,41.265527,-81.198751,-74.855397
176.852776,41.514409,-81.141507,-74.650942
176.862841,41.681144,-81.115395,-74.444622
176.873106,42.092185,-81.236016,-74.004102
176.883346,42.173580,-81.350961,-74.031833
176.893587,42.081291,-81.337212,-74.164134
176.964846,41.418018,-81.286655,-74.758606
176.974960,41.840386,-81.294032,-74.311878
177.046385,42.383680,-81.151889,-73.596757
177.118052,43.603204,-81.150557,-72.041946
177.179121,44.103781,-81.040679,-71.363299
177.229970,45.131011,-80.834189,-70.008066
177.240210,45.119198,-80.785695,-69.977494
177.250450,45.383691,-80.814873,-69.614053
177.260666,45.459407,-80.780832,-69.504312
177.270579,45.832034,-80.681009,-69.058888
177.280844,46.088850,-80.642329,-68.691199
177.342286,47.035159,-80.388041,-67.281250
177.373032,46.884601,-80.358794,-67.218296
177.393513,46.367689,-80.201017,-67.459559
177.454816,46.230487,-80.237852,-67.450611
177.526171,46.955577,-80.351459,-66.297450
177.597610,46.628704,-80.371833,-66.103199
177.628356,46.746774,-80.349396,-65.815211
177.638571,46.357563,-80.430040,-66.094484
177.648811,45.299075,-80.386197,-67.117189
177.659051,44.631762,-80.369852,-67.587713
177.669292,44.953406,-80.434124,-67.190108
177.679557,45.781259,-80.500773,-66.376496
177.720141,45.862784,-80.232934,-65.967948
177.761127,44.666101,-80.507583,-66.620477
177.801736,45.267765,-80.327567,-65.642947
177.863089,43.011559,-80.560101,-67.665537
177.913938,41.589968,-80.781535,-68.810748
177.985646,39.896129,-81.296579,-70.166001
178.026564,36.796647,-81.043186,-72.787461
178.036629,36.134160,-81.051874,-73.270902
178.046844,35.583305,-81.050993,-73.706579
178.057084,35.092047,-81.125886,-74.186626
178.067198,34.661998,-81.209761,-74.584949
178.077212,34.278821,-81.201851,-74.926601
178.138533,29.138512,-81.185882,-79.591409
178.158863,28.440932,-81.321441,-80.168867
178.230372,23.810323,-81.525295,-84.484659
178.291260,18.664766,-81.573263,-89.781662
178.362519,14.205447,-81.739797,-93.965781
178.423961,9.112264,-81.469076,-99.076846
178.444467,7.945625,-81.501601,-100.293828
178.454707,7.360744,-81.447048,-100.900144
178.464972,6.582157,-81.348782,-101.685083
178.475188,5.682163,-81.286047,-102.584688
178.485453,4.918739,-81.297078,-103.414692
178.526146,2.595896,-80.983108,-106.069279
178.546274,1.126631,-80.857029,-107.537271
178.587260,-0.205233,-80.869201,-109.239477
178.597476,-0.517757,-80.876004,-109.633552
178.668784,-2.957802,-80.339806,-112.589856
178.699481,-4.583218,-80.698999,-114.532362
178.770789,-7.365673,-80.705782,-118.211272
178.852384,-8.846569,-81.431407,-120.668679
178.862624,-8.798423,-81.182003,-120.634951
178.872890,-7.945987,-81.001993,-119.719651
178.883105,-6.884253,-80.849038,-118.610292
178.893345,-6.590399,-80.983736,-118.299942
178.924091,-7.698748,-81.203327,-119.898602
178.974965,-2.661790,-81.139574,-114.309868
178.995284,-3.853932,-80.997957,-115.760163
179.056701,-2.227856,-81.138180,-114.505137
179.097640,2.391482,-81.564220,-109.805830
179.168995,7.101747,-80.742794,-104.619032
179.230437,8.648672,-80.279714,-102.890885
179.240668,9.125540,-80.419754,-102.395307
179.260939,9.748622,-80.508205,-101.874198
179.271179,10.038889,-80.477667,-101.524635
179.281395,10.886434,-80.479921,-100.729540
179.291660,11.174448,-80.588296,-100.382477
179.353102,12.875182,-80.309692,-98.273745
179.394063,11.687316,-80.216159,-99.416853
179.424389,13.707724,-79.886015,-96.844221
179.454757,13.536137,-80.423155,-97.176387
179.505959,11.862262,-80.611798,-99.091162
179.587409,10.945442,-80.804266,-100.440917
179.638438,12.168535,-81.116611,-99.247430
179.648653,12.171933,-81.279442,-99.265318
179.658566,11.572347,-81.324248,-99.916522
179.668832,10.273913,-81.157045,-101.268449
179.679072,9.829174,-80.821676,-101.537497
179.689312,10.142503,-80.783386,-101.079990
179.699552,11.243378,-80.986810,-100.045339
179.740242,10.356772,-80.826942,-100.883581
179.750482,10.744186,-80.757882,-100.426880
179.811597,10.874670,-80.840965,-100.328280
179.882782,13.428330,-80.592469,-97.325428
179.964557,12.269059,-80.652117,-98.559288
180.015758,12.240502,-80.858020,-98.710884
180.046127,11.651426,-80.562641,-99.279047
180.066607,12.832868,-80.616948,-97.898720
180.076873,12.882592,-80.775675,-97.920645
180.087088,12.636991,-80.719326,-98.210607
180.097328,12.210646,-80.471868,-98.513628
180.107569,12.097922,-80.307623,-98.478835
180.158418,12.154311,-81.066682,-98.869365
180.229459,10.446017,-80.747678,-100.442754
180.300262,9.001406,-80.575352,-101.917883
180.351448,9.426976,-80.481342,-100.930108
180.422772,7.338955,-80.793823,-103.379189
180.443236,5.984515,-80.349212,-104.727735
180.453448,7.123865,-80.366629,-103.625854
180.463688,8.020604,-80.536352,-102.592529
180.494434,6.547427,-80.057522,-104.123263
180.504649,6.519331,-79.656473,-103.763319
180.576004,6.066150,-80.394359,-104.973375
180.616928,4.738186,-80.256622,-105.923182
180.647518,5.889153,-80.106118,-104.589232
180.667746,4.830805,-80.309166,-105.970610
180.749674,1.624402,-80.563393,-109.565660
180.821381,3.056165,-80.198954,-107.699236
180.852102,2.578463,-80.357490,-108.406789
180.862269,3.851839,-80.309774,-107.099081
180.872363,5.157014,-80.255208,-105.571010
180.892868,4.079708,-80.463890,-106.705867
180.903134,2.881124,-80.527883,-108.050594
180.913349,2.228699,-80.347340,-108.740334
180.974464,3.529966,-80.177869,-107.379392
181.005209,4.241296,-80.366997,-106.682405
181.035854,3.751702,-80.368910,-107.334053
181.096751,3.747808,-80.276518,-107.257568
181.157921,3.902896,-80.151519,-107.182163
181.239290,4.062637,-80.717987,-107.084382
181.259770,3.463829,-80.327724,-107.729370
181.269961,3.613471,-80.292767,-107.608893
181.279980,3.974109,-80.433797,-107.276625
181.300486,3.789796,-80.287808,-107.410209
181.310726,3.212404,-80.058929,-107.941291
181.382081,3.360832,-80.277242,-107.874225
181.412776,3.045845,-80.395855,-108.162322
181.453695,2.742128,-80.216965,-108.588233
181.515112,3.441635,-80.253575,-107.818381
181.555700,2.341854,-80.206905,-109.160937
181.586219,2.953749,-80.078968,-108.283852
181.647313,2.533439,-80.137694,-108.832897
181.657504,2.198513,-79.969084,-109.145637
181.667744,2.049050,-79.767259,-109.225100
181.677908,2.511992,-79.891152,-108.760053
181.687872,2.587004,-80.144053,-108.766733
181.698112,2.446329,-80.298340,-109.008562
181.708377,2.301558,-80.235796,-109.254026
181.718618,2.221040,-79.997102,-109.336043
181.749218,1.496834,-80.030440,-110.115388
181.769548,0.499860,-79.910631,-111.194196
181.800269,1.412950,-80.106576,-110.227416
181.871326,1.204738,-80.259360,-110.688277
181.922200,0.654323,-80.318175,-111.674734
181.993610,0.404573,-80.202164,-111.893382
182.065121,0.477295,-80.360871,-111.888430
182.075361,0.662040,-80.362380,-111.678258
182.085601,0.663023,-80.268431,-111.645924
182.095867,0.680374,-80.154415,-111.597327
182.116347,1.389541,-80.221508,-110.827715
182.126587,1.431894,-80.256601,-110.835399
182.177436,1.857036,-80.259627,-110.674254
182.218380,2.419562,-79.920966,-110.196244
182.279193,3.531392,-80.193681,-109.261122
182.330419,4.510102,-80.192513,-108.277302
182.402091,6.165608,-80.189870,-106.576510
182.463526,8.567815,-80.313667,-104.190547
182.473766,9.262945,-80.347709,-103.440770
182.483933,9.659841,-80.363910,-103.013664
182.493999,9.483391,-80.434411,-103.114594
182.504089,9.368011,-80.350885,-103.226835
182.524570,10.372656,-80.283676,-102.146688
182.596302,12.328602,-80.151402,-99.906079
182.616758,12.052287,-80.067596,-100.050551
182.657549,13.111089,-80.276777,-98.917982
182.729257,14.087251,-79.635648,-97.464224
182.800388,16.071307,-79.579306,-95.300537
182.851519,15.816580,-79.663584,-95.636377
182.871999,16.374561,-79.705159,-95.046563
182.882265,16.364126,-79.614031,-95.075120
182.892480,16.480470,-79.548611,-94.908928
182.902720,16.750907,-79.432231,-94.587520
182.912961,17.175119,-79.462325,-94.130580
182.963809,17.791919,-79.447804,-93.450655
183.014993,19.148802,-79.042043,-91.767649
183.025234,19.268362,-78.971023,-91.530183
183.096617,20.272001,-79.161933,-90.295825
183.157984,21.785761,-78.838142,-88.480244
183.219253,21.711380,-78.580316,-88.198397
183.270232,21.953568,-78.592692,-87.855262
183.280297,21.690277,-78.617718,-88.103901
183.290512,21.438938,-78.642661,-88.343272
183.300752,21.385648,-78.702057,-88.398590
183.310993,20.985582,-78.615245,-88.756314
183.321258,20.953996,-78.598873,-88.760221
183.382347,21.698425,-78.575329,-88.038639
183.433574,21.202866,-78.434771,-88.523493
183.454054,20.609884,-78.392062,-89.114325
183.505281,19.998690,-78.598457,-89.796196
183.576045,16.867009,-78.897182,-92.588412
183.637512,15.071369,-79.218726,-94.183391
183.667880,13.068275,-79.237489,-96.121744
183.678121,12.685100,-79.294869,-96.411808
183.688386,12.455396,-79.333323,-96.581026
183.698626,12.216951,-79.464975,-96.784853
183.708891,12.082532,-79.440311,-96.923355
183.719107,11.970646,-79.488765,-96.925186
183.729313,11.714108,-79.414090,-97.169556
183.760000,10.607138,-79.591395,-98.309262
183.800608,9.243403,-79.409350,-99.620433
183.831289,8.455152,-79.433754,-100.410604
183.892750,6.457625,-79.771378,-102.493259
183.953840,4.421754,-79.454969,-104.475919
184.025078,3.655031,-79.334778,-105.213716
184.065636,2.371513,-79.294576,-106.509444
184.075876,2.079529,-79.269468,-106.815915
184.096357,1.812550,-79.397780,-107.061036
184.106622,1.850242,-79.432566,-107.072088
184.116828,1.729393,-79.305777,-107.180114
184.127058,1.505906,-79.180928,-107.322435
184.178285,-0.024588,-79.124053,-108.953661
184.188525,-0.333949,-79.126157,-109.239334
184.259834,-1.074274,-79.091132,-110.118694
184.331491,-0.896702,-79.273231,-110.034129
184.403198,-2.841685,-79.134162,-112.067729
184.464250,-3.480012,-79.344771,-113.057615
184.474490,-3.815205,-79.348848,-113.464749
184.484705,-4.181120,-79.252481,-113.823299
184.494618,-4.439935,-79.158573,-114.064828
184.504883,-4.739668,-79.150076,-114.433693
184.515098,-4.752556,-79.090189,-114.474544
184.525338,-4.530721,-79.011833,-114.222135
184.535579,-4.229569,-78.943347,-113.852253
184.596775,-5.516405,-79.241007,-115.456876
184.637686,-5.449532,-79.134053,-115.378520
184.698806,-4.660179,-79.463746,-114.689408
184.739390,-4.799473,-79.249920,-114.713410
184.759800,-4.617096,-79.418311,-114.554936
184.831130,-4.301743,-79.220591,-114.007728
184.882281,-3.673776,-79.272808,-113.399370
184.892244,-3.745338,-79.183182,-113.484385
184.912750,-3.997125,-79.070846,-113.630299
184.922965,-4.149648,-79.162821,-113.832465
184.933230,-4.166011,-79.331165,-113.974779
184.943412,-4.187186,-79.389652,-114.069459
185.014711,-3.613097,-78.933129,-113.436738
185.065642,-4.592845,-79.092498,-114.691321
185.075882,-4.876539,-79.068988,-115.037338
185.106250,-5.079773,-78.810069,-115.301380
185.177958,-5.981919,-79.030336,-116.295650
185.249398,-7.328109,-78.710916,-117.720086
185.289982,-6.887032,-78.712732,-117.283910
185.300222,-6.848080,-78.697651,-117.255633
185.320728,-7.106503,-78.570077,-117.438915
185.330941,-7.221404,-78.539526,-117.633274
185.341038,-7.668800,-78.695158,-118.118081
185.351178,-8.133978,-78.730436,-118.728932
185.392165,-9.674374,-78.557414,-120.484988
185.432879,-9.401928,-78.462536,-120.384898
185.463449,-9.018583,-78.382664,-120.073879
185.493792,-9.568715,-78.417142,-120.842958
185.544949,-12.112130,-78.452161,-123.772453
185.616279,-12.365732,-78.398243,-124.501153
185.667531,-13.340549,-78.337974,-125.731133
185.698198,-13.306677,-78.421083,-125.919045
185.708401,-13.496508,-78.585923,-126.248301
185.718466,-13.599930,-78.638570,-126.473506
185.728706,-13.876501,-78.625784,-126.776944
185.738669,-13.791667,-78.480308,-126.695815
185.748834,-13.890607,-78.386461,-126.769581
185.820471,-11.737518,-78.466231,-124.771655
185.871724,-11.906335,-78.696518,-125.084041
185.902147,-12.273246,-78.634930,-125.499617
185.942983,-10.904305,-78.587064,-123.980023
185.994209,-9.377412,-78.557913,-122.287147
186.065564,-8.372023,-78.892360,-121.500323
186.096017,-7.216039,-78.577577,-119.994293
186.106081,-6.838540,-78.655659,-119.628318
186.116296,-6.531473,-78.825144,-119.378784
186.136777,-6.570045,-78.703525,-119.320973
186.147017,-6.781599,-78.639806,-119.509910
186.157283,-7.003352,-78.742464,-119.753119
186.167490,-6.842828,-78.805862,-119.691402
186.218705,-5.646903,-78.751200,-118.292169
186.249426,-5.484536,-78.778248,-118.099476
186.290059,-5.050359,-78.689790,-117.538458
186.351526,-5.091356,-78.744097,-117.508596
186.433040,-5.162729,-78.778664,-117.597539
186.504642,-5.571276,-78.566956,-117.910539
186.514834,-5.656869,-78.630326,-118.039684
186.524900,-5.488107,-78.644055,-117.960891
186.545030,-5.236844,-78.704536,-117.710852
186.555245,-5.012755,-78.633926,-117.425568
186.616309,-5.757268,-78.414588,-118.032117
186.657251,-4.702121,-78.429204,-116.962960
186.708478,-5.304022,-78.377274,-117.706235
186.749041,-5.652358,-78.283462,-118.176370
186.820748,-6.056945,-78.506228,-118.788096
186.892261,-6.501070,-78.394978,-119.434190
186.902326,-6.250477,-78.385239,-119.174302
186.912492,-6.038715,-78.307825,-118.945381
186.922732,-6.163056,-78.434006,-119.049118
186.932997,-6.125502,-78.404609,-119.095249
186.953478,-6.698466,-78.443910,-119.726290
186.963693,-7.004166,-78.434518,-119.979444
187.004256,-6.993287,-78.579332,-120.205633
187.024762,-7.038037,-78.532415,-120.270602
187.035028,-6.777541,-78.449483,-120.011738
187.106685,-5.368688,-78.583888,-118.846398
187.147596,-5.740722,-78.633564,-119.313788
187.208493,-4.752073,-78.788008,-118.436614
187.269589,-4.274186,-78.714898,-117.975877
187.310297,-3.458972,-78.795385,-117.231769
187.320361,-3.224333,-78.716223,-116.892199
187.330425,-2.965699,-78.752580,-116.592518
187.340640,-2.621925,-78.781424,-116.324146
187.361146,-2.015265,-78.784600,-115.638572
187.401836,-1.384982,-78.768754,-114.946442
187.452685,-0.623006,-78.908486,-114.161291
187.513881,0.499859,-78.737219,-112.742169
187.575323,1.600388,-78.849261,-111.529278
187.626151,2.619035,-78.740156,-110.353297
187.677353,3.797760,-78.934201,-109.174037
187.708100,3.604989,-78.895870,-109.305361
187.718340,3.711192,-79.016601,-109.211521
187.728580,3.812450,-79.190941,-109.144811
187.738839,3.778412,-79.281530,-109.330073
187.749017,3.740439,-79.177923,-109.404440
187.759082,3.735135,-79.020740,-109.227245
187.769347,3.955345,-78.967130,-108.917011
187.820524,4.222497,-78.985277,-108.635668
187.871726,3.928516,-79.200743,-108.915364
187.902472,4.136184,-79.061823,-108.544355
187.943264,4.961604,-79.204240,-107.572153
188.014548,4.331110,-79.181038,-108.025794
188.086206,5.920796,-79.254845,-106.103949
188.116952,6.522373,-79.313120,-105.382702
188.127192,6.760950,-79.462585,-105.228613
188.137433,6.461323,-79.435284,-105.572103
188.147673,6.397898,-79.156900,-105.513090
188.157890,6.401069,-79.115734,-105.350805
188.167959,6.691254,-79.114648,-105.038098
188.178023,7.133591,-79.295935,-104.591547
188.239087,7.417602,-79.214000,-104.061579
188.259618,7.109404,-79.514965,-104.487961
188.310549,8.458965,-79.374086,-102.807263
188.381833,10.101186,-79.517704,-100.820641
188.463427,11.836988,-79.447394,-98.417234
188.504318,11.790505,-79.332108,-98.077138
188.524849,12.372608,-79.548290,-97.432833
188.535064,12.606553,-79.443221,-97.059447
188.545304,12.851946,-79.294753,-96.602835
188.555545,13.296866,-79.229067,-96.021627
188.575673,14.327503,-79.420538,-94.863152
188.637106,14.965184,-79.139995,-93.433265
188.698489,14.708046,-79.084363,-93.103524
188.759558,14.297393,-79.169180,-92.876339
188.830888,14.167693,-78.935479,-92.175561
188.902579,12.003870,-79.057725,-93.876873
188.922807,11.495607,-79.024414,-94.336087
188.933073,11.232165,-79.023301,-94.542119
188.943313,10.503335,-78.970019,-95.251120
188.953528,9.771359,-78.915049,-95.945026
188.963794,8.864642,-78.873863,-96.832808
188.974009,8.268782,-79.040534,-97.455263
189.025236,4.774726,-79.058839,-101.539464
189.045717,4.124643,-79.078393,-102.246183
189.106965,0.004043,-78.993556,-106.574058
189.178474,-4.406465,-78.679469,-111.247054
189.250207,-7.696693,-78.544320,-114.974869
189.321670,-10.960621,-78.577850,-118.689550
189.342176,-11.558315,-78.353902,-119.298693
189.352089,-11.377283,-78.278927,-119.075045
189.362304,-11.138187,-78.343199,-118.911025
189.372519,-10.783445,-78.394944,-118.600238
189.382759,-10.536867,-78.408195,-118.295448
189.433715,-11.547185,-78.076234,-119.402334
189.484892,-10.576912,-78.065128,-118.447952
189.545987,-12.065860,-77.859471,-120.351977
189.576683,-11.424891,-78.040089,-119.884013
189.638150,-11.312156,-77.943175,-119.879778
189.699423,-11.665668,-77.782693,-120.189582
189.729792,-11.669814,-77.954295,-120.418339
189.740032,-12.032495,-77.955592,-120.832262
189.760512,-12.496263,-77.879723,-121.293641
189.770726,-12.593645,-77.775146,-121.459123
189.780823,-12.782159,-77.882031,-121.620111
189.790888,-12.762769,-77.995214,-121.686500
189.851827,-12.808605,-78.058359,-121.923344
189.862067,-12.434910,-78.044999,-121.522002
189.892774,-12.558107,-78.069622,-121.701472
189.964098,-12.047776,-77.856896,-121.115223
190.025521,-12.644670,-77.958256,-122.062666
190.086610,-11.800918,-77.962190,-121.532370
190.137837,-11.237662,-77.857347,-120.975067
190.148052,-11.744437,-77.901927,-121.467128
190.158252,-11.978728,-77.915738,-121.823541
190.168492,-12.031201,-77.839984,-121.959967
190.178455,-11.769570,-77.823134,-121.686992
190.188620,-11.486935,-77.816728,-121.375276
190.198835,-11.302200,-77.856630,-121.253398
190.219316,-11.184191,-77.929972,-121.209958
190.239847,-11.038448,-77.889538,-121.053041
190.301219,-11.084651,-77.735728,-121.085867
190.352023,-10.575971,-77.960667,-120.561103
190.403225,-10.786727,-77.961794,-120.841305
190.474580,-10.544694,-78.094491,-121.042659
190.545795,-10.467417,-77.994620,-121.148172
190.566301,-10.680667,-77.796032,-121.574526
190.576567,-10.476275,-77.675329,-121.327901
190.586782,-10.292981,-77.732593,-121.152980
190.597022,-10.448502,-77.737074,-121.406612
190.627521,-10.985114,-77.591256,-121.895886
190.647826,-11.350569,-77.678642,-122.397031
190.668306,-11.313754,-77.689160,-122.422753
190.739491,-11.545250,-77.602786,-122.966696
190.790014,-11.646514,-77.468374,-123.324256
190.841215,-11.857581,-77.521021,-123.923250
190.922740,-11.602925,-77.736883,-124.296493
190.943205,-11.157923,-77.943305,-124.025881
190.953417,-11.432897,-78.039330,-124.437891
190.973923,-10.836741,-77.763664,-123.864156
190.984163,-10.445512,-77.755386,-123.485626
190.994429,-10.265236,-77.934255,-123.373133
191.004644,-9.970621,-78.011545,-123.195330
191.055649,-9.120647,-78.063441,-122.472873
191.065914,-9.002199,-78.303829,-122.534222
191.116919,-8.117572,-78.151277,-121.888359
191.178111,-5.942061,-78.407792,-120.015235
191.249219,-3.446155,-78.575090,-117.512954
191.330775,0.053906,-78.958742,-113.956153
191.340859,0.534236,-79.101131,-113.554115
191.350924,0.998354,-79.061878,-113.065066
191.360989,1.431236,-79.044454,-112.590027
191.371054,1.743818,-79.053333,-112.292046
191.381319,2.363405,-78.960620,-111.617975
191.401573,4.034457,-79.146231,-109.731627
191.421927,5.290834,-79.201070,-108.435653
191.432168,5.949697,-79.221028,-107.717575
191.442433,6.554044,-79.275308,-107.068604
191.503604,10.207894,-79.231718,-103.113160
191.585175,15.904106,-79.259004,-96.676670
191.656529,21.140643,-79.351014,-90.961953
191.717618,27.510646,-79.168217,-84.707747
191.758514,28.891161,-79.218453,-83.183248
191.768635,29.165304,-79.123766,-82.700204
191.789141,29.398005,-78.810015,-82.271589
191.799406,29.865310,-78.717459,-81.610488
191.809621,30.473019,-78.820895,-80.830842
191.819836,31.176050,-78.913082,-80.246711
191.880906,33.785152,-78.829003,-76.972195
191.931806,35.860959,-78.608968,-74.486970
191.982534,38.237711,-78.172765,-71.496965
192.064482,39.723072,-77.802336,-68.807100
192.135970,43.679739,-78.364782,-64.258918
192.156227,43.584380,-78.068762,-63.976606
192.166291,43.826766,-78.018567,-63.593392
192.176506,44.209304,-78.052321,-62.964850
192.197012,44.079760,-77.820805,-62.979897
192.207277,44.142013,-77.511603,-62.736681
192.217492,44.034534,-77.254753,-62.508723
192.237928,42.922633,-76.960844,-63.093770
192.299042,44.178510,-77.438458,-61.470405
192.380542,44.079947,-77.044541,-61.021969
192.451979,44.405884,-77.074491,-60.085830
192.513068,44.461472,-77.073070,-59.359781
192.553828,45.354300,-77.097475,-57.822496
192.563942,45.374866,-77.187162,-57.854059
192.574183,45.527271,-77.176111,-57.555293
192.584423,45.875065,-77.177121,-57.103219
192.604954,46.859370,-77.025484,-55.915180
192.615169,47.381661,-77.030320,-55.246002
192.655777,48.046539,-77.344133,-54.259774
192.686498,49.521597,-77.706693,-52.636231
192.717196,50.372918,-77.705471,-51.491444
192.747555,50.913763,-77.736596,-50.626725
192.818884,50.793091,-77.432974,-49.728060
192.890617,49.924387,-76.722880,-49.337120
192.961654,50.203957,-76.277790,-47.873383
192.971894,50.391322,-76.155578,-47.485480
192.982160,50.636185,-76.095964,-46.964767
192.992375,50.613922,-76.130566,-46.820602
193.012838,50.174016,-76.091415,-46.896403
193.023076,50.218075,-76.070515,-46.688581
193.063685,52.393821,-76.028584,-43.745709
193.125082,52.508746,-75.894740,-42.246878
193.186171,53.433205,-75.693475,-39.919348
193.267470,53.227500,-75.831718,-38.046394
193.338706,52.542405,-75.702777,-36.631513
193.358909,52.776701,-75.767193,-36.058102
193.369074,52.360893,-75.785962,-36.191905
193.379289,51.718865,-75.891898,-36.561217
193.389505,51.536673,-76.042019,-36.649310
193.399770,51.503926,-76.113668,-36.516725
193.420251,51.503410,-76.350525,-36.100726
193.460859,49.711732,-76.643704,-37.217639
193.481340,49.775895,-76.789781,-36.704767
193.542516,48.113803,-77.507245,-37.563571
193.593517,45.804615,-77.932213,-39.066817
193.654606,41.142543,-78.534717,-42.754344
193.705808,38.697543,-78.862792,-44.471553
193.766922,35.600759,-79.242557,-46.856221
193.777162,35.325626,-79.364585,-47.057275
193.787403,34.229988,-79.407677,-48.061241
193.797668,32.897995,-79.475330,-49.181378
193.807883,31.568277,-79.507910,-50.418216
193.818037,30.710515,-79.637280,-51.259234
193.828278,30.017776,-79.734324,-51.889961
193.868861,27.249812,-79.981447,-54.349844
193.950563,20.699515,-80.825064,-60.687617
194.001437,16.097327,-80.672136,-65.039623
194.062809,11.031111,-80.654726,-69.825898
194.123853,4.452068,-80.284161,-76.200766
194.175079,0.961841,-80.183416,-79.706703
194.185319,0.205500,-80.146512,-80.317103
194.195560,-0.808348,-80.209712,-81.322008
194.205724,-2.187945,-80.364996,-82.844526
194.215688,-3.409040,-80.443789,-84.263094
194.236168,-4.359885,-80.224404,-85.349935
194.256674,-4.265317,-79.897422,-84.989403
194.287303,-7.160012,-79.876802,-87.881039
194.358658,-12.050726,-79.912653,-92.999917
194.389333,-13.509577,-80.127292,-94.633091
194.430320,-14.761359,-79.677722,-95.683300
194.501227,-17.661788,-79.492508,-98.810796
194.583149,-19.741948,-78.834153,-101.482684
194.593389,-18.863702,-78.522730,-100.580334
194.603503,-18.008852,-78.275662,-99.463284
194.613517,-17.335630,-78.096711,-98.686528
194.623757,-17.497046,-78.126552,-98.763272
194.644238,-19.101077,-78.133177,-100.556811
194.685110,-21.003433,-78.172150,-103.273929
194.725719,-21.123688,-77.411301,-103.322437
194.746199,-21.909128,-77.520557,-104.340695
194.797155,-22.348524,-77.496228,-104.692709
194.817284,-24.253882,-77.552352,-107.061460
194.878606,-25.864067,-77.584399,-109.079747
194.939922,-27.488018,-77.683587,-111.340573
194.990727,-28.228987,-77.939808,-112.528842
195.000967,-27.764432,-77.969949,-112.061520
195.011081,-27.046547,-77.869225,-111.297284
195.021095,-27.521638,-78.020131,-111.815873
195.041575,-30.897440,-78.266359,-115.759726
195.102773,-30.906695,-78.412477,-116.115497
195.153622,-27.752602,-77.747340,-112.898738
195.163887,-26.433619,-77.653397,-111.441175
195.214593,-23.873885,-77.791900,-108.882853
195.286275,-26.619016,-78.164774,-112.314176
195.326909,-24.044940,-77.475218,-109.239901
195.388312,-25.492178,-79.290601,-111.295358
195.398552,-26.492381,-79.112695,-112.398829
195.408616,-26.883831,-78.724883,-112.633043
195.418680,-26.485800,-78.345241,-112.102966
195.428895,-25.547245,-77.931898,-111.037306
195.439135,-24.601551,-77.695007,-109.925973
195.479978,-22.295950,-78.528925,-107.688512
195.530727,-21.697421,-78.123267,-107.702275
195.571687,-25.570683,-78.104559,-112.374883
195.622493,-24.194057,-77.972149,-111.299749
195.694131,-27.913267,-77.831898,-115.680004
195.735117,-27.469643,-78.319880,-115.670401
195.786123,-25.457097,-77.477219,-113.782967
195.796036,-24.619169,-77.454953,-112.877325
195.806251,-24.460676,-77.726631,-112.973364
195.816466,-24.635454,-78.027405,-113.363095
195.826732,-25.621894,-78.212988,-114.527738
195.836922,-26.681644,-78.296890,-115.796732
195.897967,-26.751990,-78.311985,-116.140209
195.969674,-24.238057,-78.355117,-114.139305
196.000067,-22.066299,-78.482944,-111.973759
196.081476,-19.631080,-78.926121,-109.926260
196.163297,-12.971119,-79.583800,-103.594094
196.183551,-14.545532,-80.004082,-105.478939
196.204031,-15.866806,-79.682216,-107.109435
196.214297,-15.164490,-79.566684,-106.239720
196.224513,-13.653241,-79.505321,-104.705366
196.234753,-12.459102,-79.580248,-103.451008
196.244993,-11.135027,-79.582871,-102.011457
196.306082,-8.420705,-80.209008,-99.282189
196.336733,-9.194089,-80.139805,-99.959655
196.367314,-5.761081,-80.349867,-96.543433
196.438650,-1.471600,-80.816629,-92.327410
196.499967,3.956937,-80.840623,-86.525670
196.571126,6.351964,-80.761284,-83.703558
196.591380,7.652243,-80.576022,-82.160195
196.611861,10.143460,-80.735240,-79.416959
196.622101,11.013490,-80.854495,-78.594372
196.632332,11.422544,-80.770477,-77.998445
196.642538,11.747411,-80.703179,-77.533357
196.673284,12.200086,-80.648107,-76.768417
196.693764,14.115190,-80.866059,-74.716102
196.744638,16.783653,-81.011521,-71.888991
196.806015,21.024280,-80.703815,-66.931701
196.857167,21.908042,-80.684724,-65.906141
196.928501,22.723095,-79.861891,-64.287250
196.989994,24.922559,-80.060274,-61.950629
197.000209,24.837986,-80.087055,-61.842302
197.020715,24.435570,-79.996965,-61.988837
197.030955,24.783808,-80.050917,-61.588588
197.041210,24.908933,-80.058792,-61.288319
197.051344,25.189060,-80.051436,-60.923908
197.071699,26.262911,-80.044872,-59.729369
197.081964,26.488570,-80.049674,-59.456045
197.132813,25.236400,-79.256402,-60.241189
197.183519,27.206163,-79.350938,-57.704471
197.244608,24.712869,-79.957207,-59.722313
197.315918,27.057870,-80.049237,-56.695560
197.356929,26.918593,-79.951551,-56.258195
197.397796,26.929363,-80.009437,-55.884543
197.408061,26.828305,-79.908603,-55.875787
197.418302,26.633542,-79.852390,-55.833258
197.428542,26.376640,-79.794942,-55.916098
197.438808,25.996463,-79.992758,-56.182397
197.448899,25.624011,-80.174127,-56.594036
197.500003,23.764098,-80.018692,-58.212603
197.550806,23.766651,-80.242422,-57.890211
197.612273,22.788288,-80.097936,-58.492381
197.643045,21.139318,-80.079460,-60.048148
197.663500,19.819904,-79.990026,-61.288490
197.724773,19.091364,-80.383294,-61.792305
197.796234,16.404535,-80.227641,-63.934928
197.806475,16.026187,-80.045466,-64.174053
197.816689,16.072233,-80.113201,-63.971115
197.836868,16.611601,-80.587688,-63.564992
197.847108,16.216163,-80.609558,-63.937189
197.857348,15.699842,-80.425580,-64.371432
197.877831,15.521193,-80.137612,-64.389320
197.918520,14.604056,-80.062767,-64.920859
197.979634,13.090131,-80.136759,-65.912630
198.050693,11.526266,-80.107833,-67.420449
198.112090,10.427059,-80.294488,-68.157372
198.173558,6.761495,-79.933929,-71.644689
198.203926,6.476032,-79.933601,-71.810116
198.214166,6.419565,-80.133945,-71.913457
198.224406,6.208089,-80.192192,-72.235070
198.244937,5.742585,-79.973298,-72.636746
198.255152,5.465028,-80.028370,-72.901560
198.265393,4.915292,-80.147106,-73.506858
198.326482,3.659352,-80.369320,-74.755724
198.336722,3.234250,-80.432007,-75.286600
198.398080,1.645969,-80.240147,-76.621834
198.479580,2.302635,-80.119786,-75.668449
198.540669,1.260858,-80.211979,-76.761914
198.601689,1.149292,-80.177091,-76.751833
198.611929,1.129846,-80.251977,-76.760992
198.622195,1.074062,-80.246800,-76.809364
198.632410,1.165622,-80.209370,-76.728200
198.652916,1.150408,-80.142161,-76.543082
198.663156,0.561425,-80.139730,-77.070693
198.693499,0.730584,-79.876146,-76.860023
198.754878,0.152778,-80.179215,-77.215937
198.815992,-1.583303,-80.058075,-79.067650
198.826207,-1.356875,-79.981898,-78.801614
198.897219,-1.995703,-79.826839,-79.215735
198.968901,-3.025134,-79.718334,-79.974384
199.009560,-3.007897,-79.936313,-80.144005
199.019826,-2.318803,-79.841544,-79.530456
199.030041,-1.702779,-79.811997,-78.885666
199.040281,-1.729730,-79.808384,-78.790166
199.050546,-2.381989,-79.913985,-79.393224
199.060787,-3.088508,-80.016957,-80.181483
199.071052,-3.436474,-80.023657,-80.582585
199.122229,-2.303713,-79.681588,-79.341841
199.152464,-2.648945,-79.719407,-79.704216
199.162704,-2.918615,-79.761091,-80.010516
199.234140,-3.390506,-79.683664,-80.446508
199.295432,-3.727256,-79.655599,-80.620274
199.366517,-3.165173,-79.543645,-79.833163
199.417391,-4.059939,-79.566096,-80.696247
199.427656,-3.973816,-79.633900,-80.673898
199.437871,-3.861868,-79.676424,-80.581978
199.448112,-4.056638,-79.779512,-80.816929
199.458377,-4.263974,-79.760804,-81.011098
199.468290,-4.410923,-79.780031,-81.190069
199.478505,-4.559633,-79.779266,-81.381246
199.509226,-4.312409,-79.660162,-81.088737
199.519442,-3.974895,-79.759111,-80.743764
199.590796,-4.343570,-79.696034,-81.007355
199.641816,-5.120226,-79.707761,-81.774016
199.713171,-4.920020,-79.763263,-81.528724
199.784583,-5.500548,-79.672804,-82.146009
199.825447,-6.390213,-79.363697,-82.942231
199.835514,-6.516731,-79.298640,-83.017193
199.845629,-6.553326,-79.445236,-83.098404
199.866135,-6.332969,-79.616831,-83.060394
199.876047,-6.365783,-79.583008,-83.098636
199.886263,-6.372668,-79.479182,-83.018429
199.906743,-6.114784,-79.371176,-82.639408
199.937420,-7.372596,-79.340297,-83.945853
199.968141,-7.153924,-79.481354,-83.880863
200.019367,-7.034213,-79.255780,-83.764135
200.100893,-7.523543,-79.421064,-84.311138
200.151521,-9.513564,-79.411447,-86.599955
200.233469,-9.643683,-79.204786,-86.857275
200.243684,-9.488588,-79.019934,-86.690011
200.253899,-9.524369,-79.071044,-86.717755
200.264140,-9.356716,-79.105339,-86.627535
200.284609,-9.685299,-79.264502,-86.983736
200.314925,-9.884155,-79.284358,-87.309454
200.365800,-10.099637,-79.088256,-87.574657
200.386255,-9.728456,-79.240856,-87.303376
200.437212,-9.412978,-79.197826,-87.132505
200.508519,-8.979054,-79.033355,-86.806384
200.569739,-8.292896,-78.925165,-86.080594
200.630783,-7.006522,-79.108030,-84.980715
200.641023,-6.907884,-79.215626,-84.907195
200.651138,-6.902885,-79.234771,-84.891615
200.661151,-6.909026,-79.135029,-84.856658
200.671392,-6.595719,-78.980756,-84.495608
200.691872,-5.930456,-79.061106,-83.767960
200.753295,-4.407173,-79.441951,-82.269622
200.773775,-4.337618,-79.471519,-82.306095
200.814384,-3.841984,-79.176673,-81.514210
200.865611,-1.968624,-79.254933,-79.548010
200.916772,-1.265889,-79.250726,-78.681730
200.957683,-0.319686,-79.405334,-77.674906
201.018778,1.038455,-79.320524,-76.126693
201.038906,1.025212,-79.442285,-76.181150
201.049147,1.262622,-79.328050,-75.958588
201.059362,1.580487,-79.180197,-75.600236
201.069610,1.940629,-79.117291,-75.194823
201.089838,2.373925,-79.366067,-74.756257
201.150927,1.832299,-79.612323,-75.119657
201.171433,2.186536,-79.325537,-74.706014
201.242844,2.824892,-79.196877,-73.716715
201.303713,3.413003,-79.517254,-73.020466
201.375018,3.582875,-79.439123,-72.595232
201.436440,3.884863,-79.413435,-72.212646
201.446656,4.071162,-79.282152,-71.926878
201.456896,4.170703,-79.354046,-71.718496
201.467136,3.988534,-79.406953,-71.902795
201.477376,3.482479,-79.555393,-72.359652
201.487642,3.108432,-79.397609,-72.686231
201.548731,3.738018,-79.365104,-71.910130
201.569237,3.799963,-79.537170,-71.781381
201.609820,3.901146,-79.563002,-71.677501
201.671076,3.135140,-79.731066,-72.244769
201.721774,4.248047,-79.346526,-71.148079
201.773001,3.188418,-79.132311,-71.855182
201.844330,3.263394,-79.463336,-71.940743
201.854596,2.674898,-79.447319,-72.532497
201.864767,2.128936,-79.334614,-72.947923
201.874962,1.707929,-79.160772,-73.220065
201.885202,1.408253,-79.159919,-73.483048
201.925836,1.730826,-79.336998,-73.149598
201.946317,1.722972,-79.275506,-72.960579
201.997247,0.630634,-79.059808,-73.739262
202.048096,0.224435,-79.475385,-74.031553
202.119558,-1.615007,-79.248779,-75.936506
202.190817,-1.038212,-79.324690,-75.343304
202.231426,-2.333909,-79.408565,-76.664099
202.251907,-3.036282,-79.298011,-77.299443
202.262147,-2.985211,-79.468752,-77.346025
202.282583,-3.003337,-79.536228,-77.377389
202.292823,-3.115996,-79.406338,-77.461633
202.354290,-4.837569,-79.503901,-79.099581
202.384683,-3.639109,-79.309438,-77.808914
202.405138,-3.639837,-79.530928,-77.778834
202.415404,-3.930157,-79.441261,-77.968816
202.476805,-5.182038,-79.249517,-79.116397
202.527834,-5.593144,-79.343104,-79.569505
202.588722,-6.032454,-79.550571,-80.547096
202.650069,-6.639329,-79.561062,-81.333264
202.659982,-6.926117,-79.336458,-81.540137
202.670197,-7.163500,-79.323030,-81.780894
202.680413,-7.168108,-79.346226,-81.928816
202.690653,-7.074325,-79.557388,-81.937237
202.700918,-7.633233,-79.583745,-82.486344
202.741879,-8.039844,-78.474482,-82.802335
202.772248,-7.913113,-79.042583,-82.797869
202.802969,-7.801730,-78.726311,-82.691270
202.884448,-9.297694,-79.187554,-84.401187
202.955583,-10.018782,-79.245596,-85.036279
203.037406,-8.712929,-79.096022,-83.509895
203.047671,-8.892555,-78.916101,-83.660590
203.057912,-8.979830,-79.004019,-83.813320
203.068152,-8.933771,-79.186133,-83.848290
203.078392,-8.605322,-79.276995,-83.574878
203.088632,-8.393200,-79.210441,-83.411541
203.098891,-8.188038,-79.136334,-83.153079
203.139640,-8.419345,-79.466621,-83.651041
203.149906,-8.474888,-79.307649,-83.703839
203.201082,-6.346688,-79.428577,-81.515364
203.282616,-7.052567,-79.290054,-82.387135
203.343699,-5.760468,-78.972840,-80.982117
203.425601,-6.203798,-79.151388,-81.774249
203.446057,-4.924306,-79.201159,-80.421086
203.466365,-5.054892,-79.181003,-80.429378
203.476605,-5.385685,-79.269967,-80.767984
203.486569,-5.897503,-79.341888,-81.349711
203.496733,-6.163575,-79.405928,-81.665690
203.506974,-5.933211,-79.294535,-81.499532
203.558147,-5.513912,-79.185388,-80.999411
203.639991,-4.323719,-79.019073,-79.899000
203.690907,-4.670824,-79.030049,-79.990374
203.751950,-6.083630,-79.684484,-81.792355
203.833042,-1.547153,-78.896225,-76.586768
203.853548,-1.343603,-79.394385,-76.533909
203.873984,-2.843398,-79.582625,-78.188420
203.884224,-3.461188,-79.325797,-78.662339
203.894464,-3.994306,-79.060799,-79.140316
203.904528,-4.459131,-79.166783,-79.630184
203.914592,-4.801036,-79.233452,-80.113235
203.955604,-3.408315,-79.405669,-78.769443
203.965775,-2.707601,-79.523824,-78.140656
204.006735,-1.710784,-79.067151,-77.011162
204.067728,-0.548172,-79.157105,-75.861613
204.149504,-2.728746,-79.129633,-77.926175
204.231271,-1.340770,-79.345618,-76.685143
204.251709,-1.266386,-79.157630,-76.576201
204.261974,-1.311536,-79.127748,-76.561988
204.272189,-1.157114,-79.139360,-76.416450
204.292695,-1.292817,-79.171182,-76.563299
204.302935,-1.307545,-79.172780,-76.545097
204.313176,-1.079851,-79.089902,-76.320083
204.343569,-1.855787,-79.196255,-76.992986
204.374240,-2.341012,-79.082847,-77.427024
204.404894,-1.672980,-79.124163,-76.830626
204.476175,-2.074595,-78.908499,-76.955557
204.537243,-1.975520,-78.913260,-76.613931
204.608611,-2.270770,-78.991998,-76.864695
204.629032,-2.419834,-79.021115,-76.964491
204.669994,-2.992913,-78.997544,-77.548807
204.680259,-2.906678,-78.816141,-77.442713
204.690475,-2.705181,-78.750148,-77.179109
204.700542,-2.599242,-78.810349,-77.083145
204.710758,-2.536678,-78.907898,-77.053427
204.720998,-2.858126,-79.006390,-77.477001
204.741479,-3.580932,-78.550119,-78.041789
204.792529,-4.406520,-78.803260,-79.059248
204.823073,-4.864195,-78.788711,-79.589490
204.884515,-5.547051,-78.759410,-80.304358
204.966135,-8.465132,-78.701224,-83.096682
205.036826,-8.781166,-78.751494,-83.757292
205.057307,-9.698564,-78.514049,-84.529841
205.067548,-9.990704,-78.404800,-84.797434
205.077788,-10.347375,-78.501229,-85.206262
205.098293,-10.656482,-78.638604,-85.653939
205.108207,-10.677157,-78.553166,-85.727337
205.118422,-10.526004,-78.450610,-85.578418
205.128688,-10.644179,-78.487323,-85.714195
205.138877,-11.054801,-78.542893,-86.173198
205.159333,-12.054730,-78.336300,-87.234295
205.220331,-12.794345,-78.168967,-88.288808
205.260965,-13.574839,-78.038866,-89.232501
205.322387,-14.249907,-77.982346,-90.247809
205.393872,-16.379772,-77.833018,-92.880935
205.465227,-17.293846,-77.607068,-94.159000
205.475426,-17.889193,-77.704897,-94.796189
205.485638,-17.958374,-77.723516,-94.920580
205.506144,-17.994564,-77.772775,-95.089176
205.516057,-17.928727,-77.791524,-95.052546
205.526272,-18.060186,-77.865140,-95.250956
205.567233,-18.793317,-77.579727,-96.087211
205.587669,-18.600019,-77.592677,-96.067219
205.649136,-18.890225,-77.906674,-96.766138
205.720793,-18.329897,-77.632169,-96.573472
205.781868,-17.084245,-77.777857,-95.730613
205.832823,-16.990509,-77.827021,-95.869567
205.873634,-16.919403,-77.877626,-95.993261
205.883748,-16.625403,-77.853290,-95.752559
205.893762,-16.356123,-77.850838,-95.502717
205.904002,-16.469104,-77.941249,-95.672639
205.924483,-16.024078,-77.960483,-95.273448
205.934697,-15.658441,-77.938237,-94.908415
205.944794,-15.536339,-78.029611,-94.835114
205.995568,-15.195277,-78.007502,-94.655070
206.046701,-14.082145,-78.261557,-93.865261
206.117829,-13.381771,-78.278421,-93.275440
206.189067,-11.283741,-78.411391,-91.394700
206.260774,-9.816083,-78.510996,-90.044508
206.271040,-9.964750,-78.719679,-90.307819
206.281255,-9.894246,-78.765475,-90.287355
206.291470,-9.861147,-78.734773,-90.226375
206.301710,-9.347200,-78.523277,-89.683997
206.311976,-8.722671,-78.419212,-88.985521
206.322216,-8.308884,-78.567919,-88.548615
206.332289,-7.779218,-78.755066,-88.137512
206.342355,-7.625323,-78.931654,-88.069866
206.383241,-6.722099,-78.654362,-87.164408
206.464792,-4.949938,-79.019613,-85.567012
206.526038,-2.886523,-78.989335,-83.489425
206.586628,-1.434471,-78.961133,-81.909896
206.648070,0.920777,-79.210189,-79.567537
206.688729,2.397837,-79.194780,-77.920724
206.698919,2.812686,-79.177506,-77.457815
206.709134,3.205133,-79.258560,-77.126762
206.719375,3.566181,-79.342107,-76.764100
206.729640,3.795100,-79.291796,-76.488037
206.739893,3.905371,-79.231895,-76.271206
206.800554,4.862357,-79.382070,-75.251261
206.810794,5.331512,-79.374824,-74.778113
206.821034,5.778380,-79.409275,-74.306967
206.892496,7.811809,-79.286502,-72.151175
206.963958,9.117714,-79.388668,-70.703366
207.035666,10.227714,-79.330885,-69.677000
207.086514,10.646917,-79.608648,-68.936334
207.096654,10.341660,-79.669942,-69.255816
207.106793,10.147148,-79.546104,-69.426865
207.117009,10.134733,-79.335502,-69.364546
207.137456,11.221619,-79.386408,-68.228570
207.178186,11.425601,-79.126300,-67.533653
207.198718,12.290864,-79.341465,-66.689113
207.259963,13.792607,-79.270991,-65.118750
207.300572,14.331697,-79.160643,-64.410323
207.351730,15.573226,-79.223111,-63.074441
207.413171,16.549606,-79.088079,-61.739268
207.433299,17.249399,-79.108139,-60.992387
207.494726,18.183663,-78.724774,-59.631274
207.504943,18.631853,-78.955983,-59.045688
207.515183,18.991051,-79.222722,-58.809349
207.525398,19.141955,-79.557559,-58.772671
207.545576,18.379206,-79.539390,-59.532086
207.596709,20.631660,-78.906122,-56.880846
207.617215,20.777367,-78.989389,-56.475187
207.668366,21.616289,-78.992927,-55.381739
207.729310,22.002005,-78.923567,-54.552420
207.800948,24.131414,-78.795453,-51.903574
207.872303,25.440204,-78.534574,-50.016471
207.892809,26.170894,-78.627676,-49.164900
207.903024,26.215576,-78.619227,-49.053818
207.913290,26.112553,-78.399787,-49.004053
207.923505,26.202580,-78.281413,-48.697804
207.933745,26.152714,-78.220412,-48.627870
207.954250,26.712306,-78.427825,-47.765237
207.994834,26.111714,-78.588874,-48.190755
208.035740,26.113678,-78.539799,-47.606200
208.076321,26.110172,-78.692406,-47.123483
208.107067,27.191963,-78.737676,-45.807750
208.147934,25.314529,-78.561205,-47.084650
208.209401,26.008490,-78.858516,-46.160382
208.260275,24.189851,-78.828087,-47.711706
208.301206,24.433977,-78.839480,-47.194387
208.311438,24.170438,-78.897107,-47.388286
208.321452,24.040581,-78.940929,-47.475982
208.331566,23.839611,-79.015235,-47.624525
208.341806,22.925330,-78.920862,-48.438247
208.393033,21.331466,-79.032740,-49.750551
208.403188,21.080023,-78.971180,-49.927809
208.433525,20.494985,-78.786457,-50.189128
208.474437,17.821487,-78.905303,-52.520555
208.535758,16.980948,-79.024667,-53.074869
208.607062,14.680546,-79.164495,-55.081381
208.678744,12.505002,-79.173996,-56.896251
208.699225,12.219727,-79.187827,-57.118485
208.709490,12.055281,-79.178633,-57.225312
208.719730,12.015308,-79.263990,-57.240055
208.729970,11.785632,-79.276387,-57.509619
208.740219,11.477520,-79.195381,-57.806821
208.750368,11.186964,-78.950956,-57.967747
208.801469,9.501720,-78.948586,-59.395660
208.821925,9.417911,-78.997633,-59.456032
208.842430,9.133278,-79.233616,-59.763008
208.893254,7.254465,-79.052794,-61.436759
208.964546,6.775312,-78.928792,-61.826715
209.036185,4.142502,-79.012619,-64.222589
209.087059,3.032719,-79.065068,-65.230745
209.097324,3.052445,-79.224607,-65.199647
209.107539,3.290350,-79.322593,-65.016960
209.117737,3.371282,-79.326555,-64.855481
209.127802,3.359658,-79.297328,-64.787220
209.137991,3.355112,-79.215639,-64.684692
209.148232,3.366856,-79.313086,-64.690805
209.158396,3.428905,-79.418626,-64.637782
209.199106,2.863501,-79.236560,-64.964736
209.209346,2.380574,-79.414405,-65.412428
209.290647,2.791577,-79.393402,-64.957496
209.362286,3.482547,-78.933170,-63.732905
209.443587,0.888745,-79.013479,-66.012542
209.494486,1.819934,-79.120891,-65.003593
209.504701,1.901075,-79.004880,-64.776093
209.514941,2.048410,-78.852048,-64.433300
209.525182,1.928997,-78.932815,-64.433006
209.535409,1.657892,-79.012475,-64.642167
209.545619,1.516189,-79.133363,-64.750091
209.555885,1.384448,-79.228405,-64.879707
209.566075,1.556312,-79.046879,-64.721513
209.617276,2.052696,-79.596839,-63.781181
209.678122,-1.064071,-79.290362,-67.138389
209.749634,-0.733423,-79.132564,-66.703989
209.790267,-0.970921,-79.533714,-67.282718
209.861906,-2.101108,-78.690002,-68.033670
209.902867,-2.262360,-78.361920,-68.376839
209.913133,-1.871344,-78.355220,-68.093188
209.933613,-1.584041,-77.722164,-67.386298
209.943854,-1.427474,-77.589159,-67.124517
209.954094,-1.455943,-77.781983,-67.183216
209.964352,-1.833581,-78.013157,-67.565604
210.015345,-2.968831,-78.173482,-68.900278
210.056282,-2.749079,-78.539048,-68.610439
210.076591,-3.306999,-78.057765,-68.927032
210.117200,-3.190797,-78.486127,-68.868333
210.188814,-4.187904,-78.747402,-69.630480
210.260326,-1.868735,-78.907789,-67.176072
210.311200,-3.103073,-79.068394,-68.332074
210.321415,-3.092094,-78.809277,-68.246526
210.331680,-2.861574,-78.644431,-67.883474
210.341877,-2.589508,-78.723169,-67.657033
210.352118,-1.984140,-78.862477,-67.068544
210.362358,-1.716306,-78.882592,-66.763105
210.372598,-1.607936,-78.801347,-66.505989
210.393079,-1.958145,-78.649915,-66.687454
210.403319,-1.984738,-78.696135,-66.722130
210.423825,-2.236604,-78.645906,-66.882701
210.495365,-3.364285,-78.588580,-68.075047
210.546544,-3.743958,-78.661028,-68.460352
210.617898,-3.628520,-78.269597,-67.999417
210.679277,-4.436179,-78.283598,-68.634146
210.720239,-5.606922,-78.402095,-69.828562
210.730479,-5.518424,-78.355015,-69.702975
210.740717,-5.624323,-78.433753,-69.771871
210.750764,-5.567011,-78.488210,-69.743178
210.760829,-5.471121,-78.519882,-69.612386
210.771044,-5.222114,-78.480274,-69.311202
210.812006,-4.849280,-78.442154,-68.752418
210.822271,-4.749089,-78.391652,-68.674021
210.863012,-5.908310,-78.421869,-69.696179
210.924152,-7.039359,-78.463547,-70.612442
211.006031,-8.105600,-78.723504,-72.098131
211.077519,-8.450147,-78.670044,-72.388578
211.118506,-9.043822,-78.462263,-73.014265
211.128696,-9.430182,-78.513981,-73.383136
211.138961,-9.668209,-78.393080,-73.607849
211.149152,-10.131996,-78.351163,-74.012913
211.159392,-10.179516,-78.282622,-74.117490
211.169657,-10.150407,-78.320960,-74.136014
211.179897,-9.894461,-78.416220,-73.966188
211.240773,-10.585669,-78.264440,-74.883715
211.271494,-10.598555,-78.384255,-74.961060
211.332961,-10.360491,-78.140185,-74.520014
211.394050,-10.568301,-78.164173,-74.769043
211.465374,-11.144336,-78.196247,-75.504517
211.516075,-9.639901,-78.267281,-74.019853
211.526089,-9.430942,-78.143095,-73.728873
211.536203,-9.564617,-78.191261,-73.826449
211.546443,-9.452282,-78.129673,-73.757410
211.566924,-9.643931,-78.261906,-73.997894
211.577189,-9.830904,-78.233690,-74.212225
211.587372,-9.737976,-77.977230,-74.044496
211.638563,-10.401239,-78.283332,-74.832072
211.669174,-10.591737,-78.240623,-75.031349
211.689569,-10.496837,-78.325447,-74.970479
211.760915,-10.397671,-78.066993,-75.110504
211.821671,-9.686042,-78.396952,-74.244696
211.903198,-9.696769,-78.018532,-74.325381
211.933944,-8.781151,-78.412464,-73.362502
211.944160,-9.068007,-78.572297,-73.787763
211.954375,-9.633077,-78.586230,-74.379770
211.964615,-10.026142,-78.368423,-74.703159
211.984975,-10.275563,-78.189957,-74.958471
211.995190,-10.091034,-78.262377,-74.862227
212.035774,-8.887849,-77.968986,-73.426057
212.056305,-7.878999,-78.012447,-72.335474
212.107104,-9.038838,-78.239619,-73.642061
212.168570,-9.601428,-78.294083,-74.446685
212.240277,-8.010923,-78.027535,-72.893398
212.322226,-9.199485,-78.165204,-74.111815
212.332226,-9.015467,-78.142794,-73.959993
212.342278,-8.566400,-77.989402,-73.415525
212.352343,-8.336493,-77.975571,-73.009968
212.362458,-8.372817,-78.102776,-73.055826
212.382964,-9.180050,-78.270184,-73.828867
212.392877,-9.184269,-78.196336,-73.730731
212.433813,-8.369091,-78.785303,-72.917973
212.454250,-9.973459,-79.123370,-74.682941
212.515314,-8.720961,-78.425339,-73.746550
212.566222,-6.385545,-78.394999,-70.912889
212.627313,-8.196021,-78.174534,-73.032392
212.699045,-7.782465,-77.436962,-72.833866
212.729766,-7.019668,-77.454653,-71.942997
212.740006,-7.120695,-77.591830,-72.119544
212.750020,-7.778731,-77.822684,-72.872477
212.760134,-8.507353,-77.783854,-73.795003
212.770375,-8.922792,-77.709514,-74.236425
212.780615,-8.869585,-77.449878,-74.146758
212.790880,-8.284215,-77.185065,-73.433693
212.852347,-8.537854,-77.583504,-73.832897
212.862235,-8.398101,-77.459768,-73.634760
212.892956,-6.443818,-77.643432,-71.595163
212.964510,-8.843167,-78.358806,-74.225045
213.035796,-10.661608,-79.118828,-76.272600
213.086997,-8.079006,-78.844282,-73.488621
213.137846,-6.893619,-79.165840,-72.311698
213.148087,-7.476985,-79.080668,-72.841031
213.158327,-7.815268,-78.746822,-73.090011
213.168592,-8.078518,-78.407177,-73.276400
213.178798,-7.886801,-78.355575,-73.066242
213.189009,-7.285466,-78.540967,-72.564934
213.229995,-6.687112,-79.132639,-72.520927
213.240235,-8.075812,-79.046503,-74.195928
213.301281,-4.736582,-78.188222,-70.753411
213.352155,-2.245401,-77.791798,-68.035637
213.413269,-2.396081,-78.043961,-68.336746
213.484951,0.126729,-77.968870,-65.402442
213.525887,0.087108,-77.860175,-65.222071
213.536139,0.462882,-77.922432,-64.784549
213.556525,1.769553,-78.089000,-63.370775
213.566765,2.279771,-78.046878,-62.689061
213.576829,2.715919,-78.015753,-62.099322
213.586893,2.951052,-78.166420,-61.791301
213.597133,2.977115,-78.308481,-61.762669
213.607373,2.594338,-78.351333,-62.053034
213.638086,1.295702,-78.275525,-63.067433
213.658531,2.144205,-78.762115,-62.475208
213.699518,1.865459,-78.721564,-62.806786
213.771225,4.316298,-78.326424,-59.871116
213.842716,4.314099,-78.172417,-59.763663
213.914020,5.380308,-78.034153,-58.509033
213.944716,5.250430,-78.184889,-58.520453
213.965232,4.686023,-78.188222,-59.030156
213.975296,4.410157,-78.165771,-59.245102
213.985361,4.361015,-78.037746,-59.149124
213.995501,4.457908,-78.002946,-58.895861
214.005742,5.063383,-77.920929,-58.171908
214.077202,4.846044,-78.040710,-57.857931
214.117989,5.737236,-77.706208,-56.740202
214.179259,4.029572,-78.474345,-58.359978
214.250613,5.154190,-77.724575,-56.744877
214.311508,5.058565,-77.408829,-56.105725
214.342153,3.968990,-77.510783,-57.008703
214.352419,3.213926,-77.663240,-57.750069
214.362659,2.565064,-77.638166,-58.422836
214.372839,1.676501,-77.717751,-59.293419
214.383071,1.161203,-77.608530,-59.805485
214.393311,0.977981,-77.586127,-59.956951
214.403551,1.203571,-77.551211,-59.715456
214.454778,2.341415,-77.234229,-58.137737
214.485146,0.121857,-77.604316,-60.364269
214.505652,-0.947733,-77.453901,-61.364796
214.556828,-0.826509,-77.298296,-60.780685
214.597487,-2.695533,-77.792125,-62.650006
214.678848,-6.622590,-77.863631,-66.917016
214.750556,-9.096285,-77.657325,-69.463065
214.760747,-9.635154,-77.668048,-70.031979
214.781252,-10.680796,-77.688067,-71.239665
214.791492,-11.374811,-77.675070,-72.006518
214.801758,-11.879078,-77.575772,-72.580889
214.811910,-12.308143,-77.475601,-73.117223
214.832285,-12.401677,-77.232904,-73.285075
214.872894,-12.982109,-77.415099,-74.262045
214.913836,-15.876201,-77.148107,-77.523863
214.974699,-16.558709,-77.019809,-78.426056
215.025856,-17.253171,-76.848446,-79.046872
215.087273,-19.038532,-76.826951,-81.281150
215.158456,-20.011402,-76.607265,-82.539387
215.168696,-20.317214,-76.697902,-82.828550
215.178962,-20.466694,-76.722046,-83.027062
215.189177,-20.783415,-76.645876,-83.280736
215.199390,-21.048300,-76.558641,-83.545918
215.209613,-21.372213,-76.574309,-83.922138
215.240309,-21.647443,-76.653137,-84.486742
215.250549,-21.755380,-76.587628,-84.665802
215.291339,-22.422027,-76.396998,-85.406639
215.362971,-21.985573,-75.747747,-85.130139
215.433679,-26.404185,-76.583284,-90.754622
215.494743,-26.223217,-75.858396,-90.726332
215.555539,-26.482028,-75.666632,-91.251075
215.565779,-26.712250,-75.606772,-91.532349
215.585932,-27.797050,-75.627174,-92.810994
215.596172,-28.335747,-75.611943,-93.522058
215.606413,-29.050215,-75.613261,-94.380626
215.616628,-29.752830,-75.599600,-95.270101
215.657570,-30.618437,-75.241036,-96.931060
215.667835,-29.817174,-75.117020,-96.145574
215.678025,-29.499293,-75.069933,-95.854130
215.729073,-30.023978,-74.530901,-97.107231
215.769590,-29.966164,-74.605432,-97.509488
215.840936,-32.313225,-73.963961,-101.202769
215.891524,-31.043295,-73.885483,-100.559878
215.952990,-31.790234,-73.785263,-102.293838
215.963231,-31.668193,-73.723102,-102.226362
215.973496,-31.451754,-73.739849,-102.057520
215.993977,-32.608467,-74.267201,-103.791029
216.004218,-33.160223,-74.306297,-104.603452
216.014458,-33.191164,-74.136369,-104.651919
216.024678,-32.667477,-73.772621,-104.078621
216.085522,-32.793439,-74.343583,-105.202979
216.146895,-34.032893,-74.284010,-107.310974
216.218225,-33.089391,-74.319357,-106.995166
216.289335,-33.414614,-75.047059,-108.781472
216.330271,-32.052848,-74.455639,-107.479932
216.360816,-31.098507,-74.834230,-107.091424
216.370880,-30.948571,-74.836136,-106.980870
216.381120,-31.291999,-74.990894,-107.601810
216.401626,-31.433842,-75.190021,-108.176365
216.411892,-31.228718,-75.157346,-108.004367
216.422107,-31.155228,-75.018228,-107.975551
216.493813,-29.512127,-75.207076,-107.028784
216.545041,-29.054416,-75.561065,-107.146106
216.616646,-28.038601,-75.535315,-106.668929
216.677760,-27.861930,-75.782499,-106.826481
216.749090,-27.399804,-75.796214,-106.998410
216.769595,-27.180097,-75.706923,-106.883704
216.779836,-27.012218,-75.589963,-106.803286
216.790076,-26.618917,-75.679186,-106.499479
216.800341,-26.248823,-75.846068,-106.264978
216.810582,-26.563465,-75.995232,-106.703585
216.820822,-26.906615,-75.939430,-107.182539
216.831062,-27.201346,-75.819778,-107.547981
216.882134,-27.472336,-75.416989,-108.377364
216.912854,-26.947164,-75.625494,-108.232462
216.923095,-27.376652,-75.594867,-108.694763
216.984580,-28.887107,-75.431994,-110.849346
217.056029,-29.864456,-75.366063,-112.470785
217.106860,-29.415910,-75.369683,-112.474474
217.158062,-29.786113,-75.300568,-113.433227
217.178420,-30.427335,-75.404988,-114.485124
217.188587,-30.478497,-75.422364,-114.777026
217.198827,-30.544626,-75.376287,-114.972205
217.209042,-30.814651,-75.357914,-115.404652
217.218956,-31.099446,-75.332602,-115.903666
217.229221,-31.366640,-75.292221,-116.393322
217.280372,-32.169184,-75.146233,-117.998662
217.311119,-32.786472,-75.156123,-119.179260
217.341855,-33.638460,-75.249895,-120.632807
217.352042,-33.761956,-75.095109,-120.937597
217.413309,-33.682279,-75.159135,-121.884398
217.464014,-35.041213,-74.648135,-123.998983
217.535243,-34.804154,-74.785729,-124.954267
217.586176,-35.923482,-74.824114,-127.017271
217.596417,-36.242927,-74.860028,-127.501136
217.606581,-36.682245,-74.902949,-128.245353
217.616545,-36.941136,-74.878476,-128.715120
217.637051,-37.017908,-74.727618,-129.181676
217.677944,-35.482860,-74.553578,-128.329815
217.708689,-35.331763,-74.866127,-128.938262
217.769736,-36.245362,-74.634584,-131.285798
217.840865,-36.129286,-74.343672,-132.684443
217.912479,-35.242543,-74.336726,-133.176791
217.983833,-34.704724,-74.517350,-133.839387
217.994049,-34.500300,-74.628320,-133.780784
218.004314,-34.129257,-74.624960,-133.494572
218.014504,-33.830142,-74.617515,-133.341589
218.024770,-33.744164,-74.636721,-133.375508
218.045226,-32.917489,-74.524706,-132.706628
218.075820,-31.954634,-74.751646,-132.053552
218.096074,-32.698052,-75.146192,-133.304310
218.147244,-31.815031,-74.998496,-132.451015
218.188256,-31.761418,-75.763764,-133.206242
218.208737,-31.803263,-75.558052,-133.302562
218.290438,-31.837694,-76.394600,-134.314400
218.351484,-34.777643,-76.128817,-138.314022
218.392470,-33.669943,-76.117042,-138.104922
218.402570,-32.828929,-75.905183,-137.346157
218.412730,-31.987613,-75.707558,-136.526124
218.422970,-31.359779,-75.706069,-135.995555
218.433185,-30.643108,-75.723603,-135.403624
218.443098,-30.117589,-75.824997,-135.013114
218.484084,-31.166198,-75.865636,-136.856938
218.535217,-32.011027,-75.781591,-138.840424
218.565938,-31.746887,-75.175220,-139.013146
218.586248,-29.823393,-74.938684,-137.063537
218.626857,-29.129746,-75.029744,-136.900774
218.678050,-30.369439,-75.057700,-139.034088
218.748894,-31.141872,-74.963901,-141.053228
218.789679,-31.342690,-75.011029,-142.026230
218.799919,-31.809567,-75.063677,-142.649047
218.810142,-32.239866,-75.047728,-143.394262
218.820356,-32.840308,-75.083593,-144.247762
218.830596,-33.285274,-75.134902,-144.952802
218.851077,-33.550924,-75.067201,-145.642760
218.881798,-34.076790,-74.718827,-146.797841
218.942887,-35.006185,-74.796910,-149.064453
218.963393,-36.435214,-74.662540,-151.208504
219.003988,-36.609503,-74.338625,-152.354268
219.065429,-35.742954,-74.025085,-152.768929
219.126475,-36.314459,-73.985347,-154.889552
219.177557,-36.165828,-73.491299,-155.717002
219.187622,-36.222419,-73.571915,-156.096652
219.197887,-36.073951,-73.642902,-156.293907
219.208127,-35.760893,-73.567121,-156.201604
219.218141,-35.540910,-73.523155,-156.149053
219.228256,-35.604741,-73.453965,-156.539343
219.238496,-35.582000,-73.419199,-156.798904
219.248736,-35.468903,-73.508518,-156.897519
219.289653,-35.370203,-73.213249,-157.655902
219.299894,-35.411372,-73.353732,-158.065481
219.351146,-35.202508,-73.393354,-158.954334
219.422254,-35.546927,-73.381879,-161.025780
219.493891,-35.481337,-73.404221,-162.356151
219.565599,-35.166728,-73.367768,-163.637180
219.596343,-34.919448,-73.589701,-164.053180
219.616634,-35.132929,-73.703110,-164.897214
219.626849,-35.187967,-73.693725,-165.208219
219.637115,-35.600988,-73.735621,-165.970810
219.647305,-35.584575,-73.762211,-166.388326
219.657571,-35.494232,-73.872054,-166.552701
219.688266,-35.968483,-73.793029,-167.796656
219.718540,-36.249149,-73.942918,-168.966832
219.759376,-36.208452,-74.072404,-169.963711
219.830705,-34.805691,-74.323728,-169.996619
219.892172,-34.645137,-74.404160,-171.338027
219.953638,-34.258767,-74.787149,-172.471074
219.994464,-33.618843,-74.674793,-172.855477
220.004427,-33.436170,-74.660354,-172.849466
220.024933,-33.257871,-74.709060,-173.152426
220.035173,-33.233525,-74.815597,-173.380117
220.045438,-33.279619,-74.898243,-173.702543
220.055627,-33.163304,-74.952269,-173.877123
220.076064,-32.459163,-75.000340,-173.727460
220.096545,-32.049993,-74.931048,-173.831087
220.127266,-32.797909,-75.108742,-175.391772
220.178069,-32.908849,-75.080247,-176.750720
220.229145,-35.689996,-75.455873,178.997921
220.280303,-37.404103,-75.174168,175.849941
220.341297,-39.134535,-75.520008,172.757272
220.402210,-40.013092,-75.407863,170.621745
220.412475,-40.169435,-75.439631,170.145545
220.422691,-40.404773,-75.490618,169.712716
220.432931,-40.612059,-75.507612,169.269832
220.443171,-40.619770,-75.510234,169.023044
220.453412,-40.842738,-75.461719,168.554944
220.504261,-41.058787,-75.590817,167.171038
220.545133,-43.375256,-75.529844,163.569493
220.565286,-43.013629,-75.330471,163.756067
220.606222,-41.999960,-75.833842,164.056294
220.687747,-43.852909,-75.716445,160.588635
220.759209,-43.989543,-76.459562,158.668136
220.810411,-44.995531,-76.402810,156.562184
220.820648,-44.319322,-76.237363,157.130045
220.830695,-44.097894,-76.223504,157.153528
220.840759,-44.098307,-76.329645,156.972418
220.850974,-43.979202,-76.460703,156.844871
220.861215,-43.261117,-76.568634,157.316906
220.932700,-43.245237,-76.617251,155.800126
220.953155,-43.026746,-76.558272,155.504351
221.004030,-43.461969,-77.051521,153.517012
221.075692,-45.210077,-76.745515,150.270814
221.147047,-43.366835,-77.047498,150.823240
221.208122,-42.262547,-76.988984,151.133768
221.218237,-43.221475,-77.165510,149.872396
221.228478,-43.179220,-77.205501,149.707556
221.238743,-43.716769,-77.332508,149.059972
221.249008,-44.293558,-77.421007,148.071207
221.259223,-44.731254,-77.427578,147.360307
221.299963,-45.701113,-77.231326,145.674903
221.361205,-44.555161,-77.840019,145.494777
221.371470,-44.593243,-77.825067,145.208401
221.412235,-45.111603,-77.506630,144.117128
221.463083,-45.178559,-78.139119,142.795186
221.514242,-44.734399,-77.811052,142.349530
221.565418,-45.806435,-78.103732,140.065856
221.616121,-45.917893,-77.785924,139.076175
221.626336,-46.148433,-77.941263,138.655053
221.636576,-46.308966,-78.099675,138.283942
221.657057,-46.154467,-78.035505,137.862997
221.667289,-45.542834,-77.920670,138.364797
221.677394,-45.309877,-77.867497,138.517015
221.717927,-44.998355,-78.171966,138.153499
221.758864,-44.786722,-78.039180,137.930875
221.830193,-43.876930,-78.214545,137.681628
221.881207,-44.781083,-77.994866,135.807479
221.962652,-42.673700,-78.178967,136.834575
222.013879,-44.087888,-78.456498,134.410200
222.024119,-44.310528,-78.310168,133.984870
222.034359,-44.181837,-78.131565,134.018010
222.044620,-44.382040,-78.084000,133.679383
222.064891,-44.350372,-78.157062,133.362640
222.075107,-44.345891,-78.252473,133.150522
222.116068,-43.967676,-78.182867,132.763373
222.156834,-44.478735,-78.165689,131.435994
222.167074,-44.505799,-78.051119,131.342803
222.238412,-44.192700,-78.150492,130.651916
222.299827,-45.360352,-78.009667,128.452144
222.371156,-44.874186,-77.959991,127.666508
222.412143,-45.107037,-77.793806,126.856571
222.422383,-45.294137,-77.812486,126.430490
222.432624,-45.648593,-77.892058,125.922310
222.442889,-45.596369,-77.825812,125.748741
222.453104,-46.029048,-77.846767,125.104914
222.463344,-46.502947,-77.850626,124.374480
222.473610,-46.290494,-77.788977,124.330357
222.483825,-46.103094,-77.739731,124.363716
222.524401,-45.166829,-77.553219,124.908013
222.565413,-45.808043,-77.887386,123.335267
222.585801,-46.877613,-77.611617,121.768244
222.626788,-46.578461,-77.367376,121.674916
222.667528,-47.757308,-77.645078,119.251005
222.728616,-47.263195,-77.077244,118.899988
222.790041,-49.504412,-77.041371,115.156839
222.831027,-49.003380,-76.758062,114.847828
222.841267,-49.079673,-76.801502,114.641215
222.851382,-48.995945,-76.834178,114.506899
222.861396,-48.637009,-76.873069,114.675475
222.871636,-48.327980,-76.831302,114.813144
222.912622,-49.389129,-76.722197,112.852579
222.943280,-49.569227,-76.434776,112.133511
222.994482,-50.632933,-76.227937,109.908180
223.024832,-50.216285,-76.258625,109.816553
223.096489,-51.361376,-76.321941,107.037848
223.157603,-50.886501,-75.839395,106.099578
223.219070,-50.529384,-76.131611,105.081689
223.228983,-50.767922,-76.082720,104.530069
223.239198,-51.576319,-75.944955,103.510608
223.249438,-51.862412,-75.749591,103.042754
223.259703,-52.540387,-75.578926,102.128014
223.269918,-53.511390,-75.601294,100.856998
223.290424,-54.162034,-75.571139,99.487709
223.320588,-52.808198,-75.368282,100.298008
223.330828,-52.230467,-75.367237,100.754572
223.350956,-51.504619,-75.552506,101.201697
223.412329,-52.713973,-75.489539,98.483897
223.483484,-53.315798,-75.433340,96.279938
223.565457,-52.653846,-75.300349,95.134290
223.626634,-52.297198,-75.465148,94.286950
223.636900,-52.312982,-75.468201,94.115048
223.647115,-52.399275,-75.475045,93.866504
223.657355,-52.309455,-75.540028,93.751682
223.667596,-52.567489,-75.598036,93.249588
223.677806,-52.315936,-75.583768,93.210820
223.708161,-52.027313,-75.451426,93.006140
223.718427,-52.430960,-75.559821,92.349150
223.769578,-53.449997,-75.419686,89.837833
223.830995,-52.765322,-75.514162,89.326676
223.882055,-54.299130,-75.726861,86.589539
223.933282,-54.023217,-75.070739,86.042120
223.994371,-53.394338,-75.556413,85.319137
224.045206,-54.036188,-75.552561,83.715470
224.055447,-54.617751,-75.533949,82.799549
224.065662,-54.586742,-75.464144,82.562384
224.075902,-54.313825,-75.327493,82.666893
224.086142,-54.474648,-75.308976,82.364514
224.116850,-54.251257,-75.420554,81.930626
224.127085,-53.910813,-75.449398,82.019329
224.188199,-52.841356,-75.373665,81.979264
224.269853,-52.980609,-75.104938,80.270296
224.341560,-54.013293,-75.105108,77.629854
224.422939,-54.704133,-74.779015,75.019683
224.453685,-54.883183,-74.656433,74.247155
224.463900,-54.942595,-74.637473,73.910529
224.474132,-54.693559,-74.594408,73.885360
224.484336,-54.637316,-74.522862,73.718102
224.494577,-54.971336,-74.500869,73.224785
224.525348,-55.313085,-74.538408,72.098637
224.556044,-55.254772,-74.397344,71.397764
224.606918,-55.627519,-74.281367,70.001031
224.637604,-55.715188,-74.141942,69.081790
224.708478,-56.258649,-73.822481,66.666902
224.790381,-56.304337,-73.779369,64.650732
224.841230,-56.428991,-73.650736,63.122313
224.861666,-56.334270,-73.489591,62.782163
224.871731,-56.105387,-73.458302,62.775121
224.881921,-56.310842,-73.545127,62.317321
224.892162,-56.559202,-73.670666,61.760476
224.902326,-56.631721,-73.612842,61.360835
224.953251,-57.202930,-73.480152,59.478735
224.973637,-57.580230,-73.506591,58.438586
225.024336,-57.298109,-73.487528,57.492878
225.075562,-57.299195,-73.554334,56.367010
225.146917,-57.913481,-73.548180,54.176521
225.187514,-58.650165,-74.035002,52.575941
225.238388,-58.909275,-73.900202,51.212506
225.248628,-59.334352,-74.081803,50.610059
225.258893,-59.219816,-74.153697,50.425374
225.269109,-58.897691,-74.216549,50.524169
225.279322,-58.552336,-74.267857,50.726309
225.289545,-58.542214,-74.310436,50.552747
225.299786,-58.934287,-74.385015,49.906058
225.310026,-58.721144,-74.443304,49.884638
225.361252,-57.819102,-74.541160,49.866200
225.432582,-58.426879,-74.239642,47.450694
225.493984,-57.850780,-74.402992,46.441752
225.565294,-57.253200,-74.285902,45.693204
225.636754,-56.302759,-74.461882,45.378735
225.646994,-56.371655,-74.380637,45.091710
225.657209,-56.215858,-74.342518,45.068757
225.677388,-56.103024,-74.434322,44.781039
225.687628,-56.034940,-74.486430,44.647451
225.697843,-55.823146,-74.493786,44.659100
225.759241,-56.145220,-74.673543,43.064083
225.769507,-56.301690,-74.628512,42.693638
225.810443,-56.099571,-74.693993,42.510483
225.861046,-57.303013,-74.746271,40.298458
225.901705,-57.104363,-74.784294,39.570114
225.942371,-56.776941,-74.839107,38.947374
226.003033,-56.663622,-74.667573,38.088062
226.054210,-56.835473,-74.702872,36.581564
226.064450,-56.913641,-74.605070,36.279789
226.074716,-57.206587,-74.522145,35.809582
226.084628,-57.228611,-74.405205,35.572182
226.094844,-56.916598,-74.359942,35.659526
226.105084,-57.006220,-74.463105,35.383580
226.115324,-56.723768,-74.439384,35.453002
226.166576,-56.864187,-74.392925,34.167837
226.207512,-57.003188,-74.261362,33.392962
226.227928,-57.152209,-74.282856,32.732616
226.298761,-56.272624,-74.205757,32.345997
226.359851,-57.131780,-74.284810,30.290069
226.431488,-57.423490,-74.362844,28.171187
226.462134,-56.748999,-74.326344,28.513397
226.472097,-56.977035,-74.416229,28.073035
226.492603,-57.393444,-74.437936,27.137817
226.502818,-57.356213,-74.306468,26.914818
226.513058,-57.434699,-74.266218,26.656408
226.543738,-57.576630,-74.404946,25.826465
226.554003,-57.241876,-74.447061,25.910862
226.594637,-56.808302,-74.427171,25.576335
226.656010,-57.406053,-74.448379,23.735503
226.727591,-57.550853,-74.187998,21.950466
226.799046,-57.058109,-74.690967,21.251155
226.860514,-57.242518,-74.617706,19.617270
226.870754,-56.986007,-74.680701,19.789747
226.880983,-56.743869,-74.771160,19.917776
226.890973,-57.014021,-74.936895,19.433116
226.901038,-56.979928,-75.019301,19.236716
226.911253,-56.747534,-75.043630,19.251546
226.952215,-56.855195,-75.394203,18.565607
226.962480,-56.842310,-75.417139,18.338984
226.972695,-56.571732,-75.320792,18.475742
227.044031,-56.860375,-75.525008,16.971403
227.115360,-56.150968,-76.004166,16.635889
227.186978,-56.549817,-76.449590,15.187209
227.258290,-55.957694,-76.681366,14.721055
227.268504,-56.297250,-76.743418,14.269449
227.278744,-55.742694,-76.801024,14.707824
227.288985,-55.545701,-76.899727,14.838910
227.299250,-55.497575,-76.945578,14.794405
227.309516,-55.322022,-77.025922,14.866636
227.319730,-55.041110,-77.106381,15.056389
227.329996,-55.031548,-77.270135,14.953162
227.401105,-56.744962,-77.428520,12.108790
227.452263,-54.765293,-77.949472,13.809768
227.523798,-54.918467,-78.092490,12.917069
227.605344,-55.596616,-78.511235,11.457986
227.656476,-54.470100,-78.911628,12.285669
227.676957,-52.950806,-78.967307,13.867569
227.687198,-52.733080,-79.081030,14.152503
227.697414,-53.387460,-79.314431,13.460575
227.707482,-54.282976,-79.435189,12.375482
227.717748,-54.945617,-79.342517,11.448236
227.768571,-53.111028,-79.171182,13.154133
227.778836,-52.606592,-79.160205,13.609782
227.840034,-53.519149,-79.034448,12.051492
227.901230,-50.616329,-78.465063,14.428206
227.952256,-50.291274,-78.262090,14.274347
228.013527,-52.627601,-77.749430,11.305336
228.064376,-52.727407,-76.841438,10.627936
228.074641,-52.436353,-76.605913,10.968175
228.084835,-52.549631,-76.564119,10.891879
228.095053,-52.170682,-76.543191,11.209181
228.105318,-52.320759,-76.693435,10.912212
228.115509,-52.846065,-76.845277,10.208542
228.125774,-53.375931,-76.872591,9.419327
228.135989,-54.422599,-76.735195,8.010192
228.187191,-55.130569,-75.313491,6.391627
228.207697,-54.693163,-75.281799,6.632014
228.228177,-54.113338,-75.313170,6.910908
228.289075,-56.434721,-74.244511,3.353764
228.370777,-56.808039,-72.986309,0.655739
228.442115,-59.214585,-72.631487,-3.613445
228.472583,-59.602054,-71.604657,-4.809926
228.482546,-59.166001,-71.339728,-4.474223
228.492711,-59.032922,-71.264971,-4.429689
228.502951,-59.325234,-71.417168,-5.015713
228.513217,-59.310760,-71.575629,-5.428080
228.533697,-59.390790,-71.767639,-6.237049
228.574583,-59.579125,-71.162955,-7.493448
228.615292,-60.107010,-71.184901,-9.080550
228.646013,-59.518091,-71.125212,-9.100169
228.707480,-59.775459,-71.146652,-10.900541
228.788416,-59.991361,-71.360409,-13.147897
228.849883,-62.781282,-71.566743,-17.897432
228.880277,-62.843252,-71.473251,-18.828921
228.890542,-62.872957,-71.524621,-19.138246
228.900732,-61.976597,-71.547721,-18.383316
228.910973,-61.805965,-71.747435,-18.422215
228.921213,-61.390888,-72.033695,-18.261421
228.941678,-61.125528,-72.441546,-18.447352
228.972173,-60.475014,-72.581060,-18.215478
228.992301,-61.348568,-72.810773,-19.560646
229.002541,-61.546179,-72.765092,-20.086739
229.043502,-61.990633,-72.630107,-21.365508
229.094107,-61.948108,-73.079384,-22.609958
229.145333,-61.474769,-73.551835,-23.252098
229.196182,-60.196636,-73.913623,-22.974738
229.247384,-59.344946,-74.686493,-23.074715
229.298044,-59.596317,-75.058506,-24.151738
229.308158,-59.539804,-75.088764,-24.299076
229.318398,-59.076075,-75.184127,-23.938379
229.328639,-58.876060,-75.353229,-23.933348
229.338904,-58.928837,-75.520637,-24.172362
229.349119,-59.625940,-75.713856,-25.097943
229.410542,-58.916700,-76.347356,-25.566368
229.420782,-59.162136,-76.478509,-26.048950
229.471631,-57.975807,-77.203554,-25.640045
229.512617,-56.755634,-77.458682,-25.234230
229.583382,-52.416692,-78.566901,-21.398657
229.644496,-51.934699,-79.154468,-21.920538
229.695276,-49.712360,-79.906554,-20.346717
229.705341,-48.830341,-80.040255,-19.635066
229.715481,-48.308289,-80.207888,-19.276969
229.725721,-47.625123,-80.313872,-18.715628
229.745875,-45.747316,-80.487769,-16.947743
229.756115,-45.537377,-80.680483,-16.846675
229.776595,-44.166421,-80.854236,-15.735912
229.837992,-41.005905,-81.519155,-13.191886
229.919940,-34.615211,-82.455717,-7.504210
229.970949,-28.850664,-82.764373,-1.961345
230.032441,-18.168477,-83.535980,8.646833
230.083043,-7.395923,-83.822827,19.568618
230.103549,-2.716076,-84.017945,24.231886
230.113789,-0.897298,-84.147432,26.052990
230.124004,0.861633,-84.150915,27.741831
230.134252,2.987600,-84.163128,29.873646
230.144440,5.820898,-84.003178,32.806905
230.226191,26.512937,-82.922793,54.951870
230.287255,35.874104,-82.058979,65.575239
230.348452,43.161963,-81.015715,73.600124
230.409541,48.212154,-80.195362,79.803384
230.481154,51.425959,-79.395143,84.023580
230.501685,51.025225,-78.993323,83.923067
230.511772,51.024942,-78.737342,84.228185
230.521969,51.827766,-78.638263,85.203618
230.532209,52.230098,-78.463581,85.847350
230.542374,52.617202,-78.349947,86.375986
230.552337,53.102515,-78.231327,87.028699
230.613735,53.615137,-77.721037,88.452541
230.654721,54.501962,-77.414027,90.001382
230.685396,54.525376,-76.647427,90.922092
230.746310,54.999535,-76.301478,92.483316
230.817672,54.346425,-75.390146,94.043017
230.889077,54.230718,-75.046328,95.157171
230.909583,53.418448,-74.610616,95.302640
230.919849,53.719790,-74.578808,96.059207
230.930064,53.639173,-74.590153,96.153668
230.940304,53.451978,-74.619803,96.216718
230.950544,52.864896,-74.607707,95.767530
230.960802,53.179969,-74.686076,96.174070
231.011620,53.138913,-74.662772,96.827787
231.042139,52.758543,-74.464648,96.658317
231.052354,52.013263,-74.301789,96.212913
231.124042,51.204890,-74.246485,97.476853
231.174866,51.865547,-74.805092,98.484477
231.256749,49.035741,-73.357441,98.415670
231.307598,48.829927,-73.832460,99.325512
231.317864,49.359486,-74.109403,100.020498
231.328129,50.187714,-74.314678,100.844260
231.338301,50.665824,-74.354935,101.266010
231.348515,50.389164,-74.168259,101.021223
231.358755,49.796420,-73.974473,100.648049
231.399741,49.753799,-73.287465,102.164050
231.430241,48.165271,-72.637976,102.150410
231.491356,49.793592,-73.968756,104.941246
231.522032,52.530015,-74.309200,108.073605
231.573209,52.516710,-74.628450,108.079267
231.634404,50.471191,-73.733265,107.655905
231.685328,48.535205,-73.897818,107.023204
231.726245,49.182570,-73.743647,108.159679
231.736486,48.250867,-73.657593,107.386338
231.746751,46.837606,-73.490916,106.328219
231.756967,46.014397,-73.243226,105.881743
231.767207,45.996840,-73.022679,106.341654
231.818010,45.522654,-73.457476,106.310310
231.828125,44.192383,-73.210954,105.067543
231.858845,45.115575,-73.146791,107.215535
231.929930,43.096346,-73.095865,107.142022
231.991303,44.382050,-73.595247,108.720445
232.062986,43.732004,-74.061080,110.137033
232.113662,45.748839,-74.117265,112.894762
232.123903,45.669582,-74.070362,113.401624
232.144383,46.227349,-74.723697,114.304090
232.154624,46.319604,-74.972500,114.266592
232.164854,46.778139,-75.250933,114.608976
232.175060,46.464384,-75.094740,114.361607
232.226262,48.397829,-75.066907,117.739183
232.236527,48.821434,-75.213818,118.120144
232.277292,47.456212,-75.372258,117.386254
232.348646,46.357658,-74.659179,117.949990
232.410088,44.804006,-74.332259,117.939472
232.471289,44.622626,-74.054427,119.408632
232.522113,45.179120,-74.243255,120.669936
232.532353,45.292610,-74.131895,120.951435
232.542619,45.571470,-73.981563,121.594702
232.552532,45.822380,-73.973899,122.131541
232.562747,45.795991,-73.977232,122.286532
232.572987,45.259774,-73.898576,121.999049
232.583228,45.151297,-73.921969,122.064018
232.613973,45.411366,-73.937044,123.224836
232.654910,46.036476,-74.187739,124.006264
232.706026,45.644180,-73.262740,125.621317
232.767115,43.455497,-73.221055,125.413065
232.797792,44.229679,-73.161551,127.145337
232.859234,42.907491,-73.749391,127.441235
232.930563,43.924871,-74.052030,129.162907
232.940828,43.833231,-74.082800,129.503078
232.951069,43.716984,-74.169386,129.801243
232.961274,43.894334,-74.318407,130.322004
232.971358,43.785600,-74.466267,130.479672
232.981423,43.668336,-74.603670,130.566688
232.991563,43.972672,-74.780640,130.882038
233.052677,44.878117,-75.213019,132.455509
233.103834,43.082029,-75.342936,131.305920
233.134530,42.656642,-75.308751,131.914326
233.205688,41.396045,-75.459759,131.906266
233.277325,40.826653,-75.723855,134.475565
233.328577,42.095897,-76.287523,135.842491
233.338718,42.287713,-76.046903,136.052232
233.348811,42.726296,-75.833254,136.721208
233.359076,43.533850,-75.910456,138.010980
233.369316,43.504050,-75.982733,138.192991
233.379582,42.440149,-75.875964,137.216574
233.389797,40.951550,-75.738820,136.087571
233.450912,42.069181,-76.473585,139.491410
233.471367,41.591597,-77.067258,138.860109
233.502113,40.808229,-77.933517,138.057220
233.563313,41.790646,-78.728442,138.881009
233.634643,37.696094,-78.155833,135.459221
233.705997,33.460103,-78.058031,132.933240
233.736693,30.710310,-78.407109,130.017569
233.746959,29.997375,-77.999743,129.317078
233.757149,30.280814,-78.092476,129.975399
233.777655,30.439284,-77.986595,130.698853
233.787895,30.348105,-77.825245,130.674851
233.797965,30.748518,-77.854034,131.294227
233.828343,29.501370,-77.778465,130.294410
233.858736,28.936462,-77.935197,130.279739
233.930399,29.928147,-78.286050,133.055254
233.991668,30.687681,-78.492459,134.953787
234.062973,31.120415,-79.466396,135.990624
234.134032,29.892862,-80.013924,135.233975
234.144247,30.525628,-80.066332,135.923223
234.154512,31.015558,-80.041614,136.631828
234.164728,31.049760,-80.203271,136.760646
234.185233,29.628135,-80.057897,135.557931
234.195474,28.708337,-80.046081,134.900976
234.205714,28.082729,-79.948245,134.440212
234.236435,28.925448,-80.011841,135.866096
234.267150,26.815024,-79.834769,133.886611
234.318141,25.972552,-79.323754,134.392032
234.389425,23.464466,-79.347353,133.073518
234.460931,22.332065,-79.918862,132.362933
234.532642,20.749995,-80.005817,131.746809
234.542857,20.095723,-80.018576,131.318501
234.553098,20.103227,-80.149067,131.440393
234.563313,19.902394,-80.390739,131.268436
234.573578,19.248368,-80.598151,130.670139
234.583793,17.981948,-80.601375,129.261576
234.594059,17.124109,-80.461083,128.343271
234.604299,16.966099,-80.485146,128.350224
234.614540,16.812398,-80.693569,128.499696
234.634667,15.964351,-80.745431,127.674144
234.706261,12.436605,-80.499988,124.967614
234.777239,8.434091,-80.680442,121.455776
234.859141,5.672621,-80.586957,119.087012
234.920361,1.495448,-80.725739,114.969337
234.960995,-1.132615,-80.726566,112.274554
234.971235,-1.821712,-80.711683,111.555677
234.981475,-2.178014,-80.753907,111.261910
235.001911,-3.222215,-80.848649,110.131275
235.012151,-3.422344,-80.785224,109.941751
235.022366,-3.883287,-80.774015,109.498219
235.083833,-5.913874,-80.783926,107.322510
235.093846,-6.114631,-80.820563,107.148804
235.134707,-7.594885,-80.955603,105.538717
235.144972,-8.003089,-80.936546,104.913242
235.216235,-8.390563,-80.784752,104.501355
235.287872,-8.713398,-80.894459,103.914949
235.349313,-7.729954,-81.026049,104.845890
235.359277,-7.904066,-81.028938,104.722400
235.369441,-7.841440,-80.996884,104.657507
235.379682,-7.433708,-81.089235,104.926595
235.389922,-6.781531,-80.994664,105.657822
235.400187,-6.323122,-81.040263,106.114878
235.420668,-5.782026,-81.179708,106.627661
235.441148,-6.618679,-81.274989,105.638206
235.451389,-6.515283,-81.181648,105.626943
235.522743,-4.477814,-81.130244,107.789469
235.573406,-3.865560,-81.390242,108.463397
235.644700,-3.452391,-81.387872,109.361116
235.715618,-4.731447,-81.843896,108.338015
235.766568,-6.382996,-81.847434,106.895295
235.776811,-7.195164,-81.875342,106.147526
235.797269,-7.692183,-81.938562,105.468127
235.807509,-7.183803,-81.839661,105.958849
235.817775,-6.605741,-81.848807,106.712738
235.868976,-9.257446,-81.885499,104.365222
235.909610,-10.322099,-81.937879,103.872636
235.970984,-12.454342,-82.419360,101.747006
236.021833,-13.036724,-82.341550,101.233826
236.072989,-13.741511,-82.411594,100.780992
236.103735,-12.734404,-82.321975,101.994716
236.165177,-13.981000,-82.010676,101.292662
236.175443,-14.124686,-82.143919,101.300305
236.185633,-14.771695,-82.293343,100.714322
236.195873,-15.409738,-82.320233,99.980254
236.206113,-15.631317,-82.287264,99.655363
236.226267,-15.037758,-82.208143,100.315665
236.256962,-16.564827,-82.357431,98.946608
236.287668,-15.974966,-81.896010,99.546735
236.318415,-17.683194,-82.188322,98.125489
236.369642,-17.601106,-81.982563,98.290964
236.441349,-20.053169,-81.563619,96.139004
236.512870,-21.015488,-81.641135,94.919692
236.574306,-22.448979,-80.956258,93.849285
236.584547,-23.033235,-81.104904,93.364014
236.594787,-23.739272,-81.130114,92.648572
236.604851,-24.873635,-81.161089,91.425620
236.614915,-24.829150,-80.990539,91.350379
236.625155,-24.721687,-80.944073,91.305436
236.696543,-27.167419,-80.819579,88.643759
236.757457,-30.527069,-80.893031,85.097491
236.788228,-31.527173,-81.147538,84.093200
236.839334,-31.197985,-80.575352,84.649656
236.900578,-31.923058,-80.639467,83.628857
236.962045,-32.047097,-80.417595,83.114421
236.972311,-32.352776,-80.470632,83.018518
236.992792,-34.138921,-80.677047,81.209863
237.003032,-34.404732,-80.625916,80.724093
237.013272,-33.675797,-80.482954,81.257026
237.023530,-32.512838,-80.329554,82.418219
237.054039,-32.920419,-80.514072,82.286779
237.094672,-32.164583,-80.334192,82.512059
237.166259,-29.615403,-80.076113,85.239668
237.237517,-31.479782,-80.383294,82.485722
237.288442,-29.848388,-79.970280,84.288270
237.339389,-30.841808,-80.015775,82.727907
237.390020,-29.645149,-79.922605,84.404978
237.400260,-29.807533,-79.867615,83.939876
237.410500,-29.385157,-79.617118,84.163094
237.420766,-29.025183,-79.376545,84.585568
237.430956,-28.906167,-79.321890,84.920534
237.482183,-27.538583,-79.214908,86.161347
237.502663,-26.478048,-79.577004,87.414851
237.573750,-27.645616,-79.025924,86.513628
237.635071,-31.984826,-79.454935,81.719272
237.695986,-30.655470,-79.449334,83.383311
237.767291,-31.563595,-80.216119,81.935182
237.777531,-31.124175,-80.194761,82.276377
237.798036,-30.898953,-79.980620,82.483031
237.808302,-31.297890,-79.943492,82.185795
237.818517,-31.468338,-79.858401,82.149376
237.828757,-31.516675,-79.754329,82.057189
237.889956,-30.249781,-79.989240,83.473770
237.900171,-30.366147,-80.016055,83.205467
237.920652,-30.087140,-79.834495,83.261584
237.981469,-30.513129,-79.378177,83.170203
238.052849,-29.765179,-79.593192,83.897427
238.124179,-30.204961,-79.401550,83.542462
238.175063,-31.717930,-79.292773,81.944853
238.185278,-31.573123,-79.160028,82.088260
238.205457,-31.743045,-79.192703,81.987678
238.215672,-32.379345,-79.198605,81.368337
238.225912,-33.010943,-79.058080,80.705816
238.236152,-33.443294,-78.878153,80.263240
238.276692,-35.864394,-78.820055,77.639156
238.307162,-35.879373,-78.572215,77.401281
238.337555,-35.802851,-78.542620,77.417790
238.398927,-36.822578,-78.213773,76.112438
238.450153,-36.545552,-77.644306,75.969906
238.501380,-38.860488,-76.930996,73.103030
238.572868,-39.377833,-76.744251,71.895439
238.583133,-39.530843,-76.704793,71.779353
238.593348,-39.802753,-76.634941,71.437775
238.613854,-40.410770,-76.418212,70.739600
238.623925,-40.983894,-76.378918,70.076293
238.634112,-41.093092,-76.367088,69.792232
238.644352,-41.084479,-76.357198,69.663271
238.674720,-41.712297,-76.224221,68.686349
238.684961,-41.887641,-76.152026,68.403218
238.695226,-41.809415,-75.982918,68.450086
238.746050,-42.383059,-75.719784,67.550830
238.797251,-42.846415,-75.615324,66.368313
238.858366,-42.986345,-75.319768,65.544107
238.919646,-43.571580,-75.148125,63.753081
238.991329,-44.625799,-74.517104,61.934134
239.001569,-44.752106,-74.457538,61.577475
239.022074,-45.057952,-74.475440,60.769887
239.032340,-45.060063,-74.403628,60.543555
239.042555,-44.999410,-74.294734,60.505777
239.063035,-45.333144,-74.166005,59.849109
239.113910,-45.062006,-74.033711,59.662433
239.144630,-45.443543,-73.971106,58.540390
239.205454,-45.379425,-73.792626,57.788448
239.256658,-45.303829,-74.156211,57.313272
239.338356,-44.939540,-74.053273,56.429688
239.389256,-44.041186,-74.387734,56.512661
239.399446,-43.880516,-74.473186,56.616285
239.409686,-43.919141,-74.557764,56.608372
239.430192,-44.900683,-74.629830,55.102298
239.440398,-45.006387,-74.586287,54.684311
239.460644,-44.181669,-74.493964,55.205178
239.501655,-43.804483,-74.803426,55.032238
239.532326,-43.155621,-75.136473,55.277957
239.593440,-40.924407,-75.322869,57.085519
239.675094,-40.188973,-76.061895,56.530600
239.756491,-35.378850,-76.783238,61.178332
239.797427,-35.455929,-77.206976,60.782926
239.807683,-35.387050,-77.117651,60.727396
239.817837,-35.052842,-76.984626,60.956993
239.827902,-34.758850,-77.007945,61.247201
239.838167,-34.699748,-77.229454,61.336820
239.848407,-34.955313,-77.417886,60.962403
239.879129,-32.327917,-77.274984,63.404667
239.919741,-30.529610,-78.193597,65.035422
239.981133,-30.235024,-78.032077,65.174874
240.011656,-27.764767,-78.525715,67.434963
240.083035,-25.521649,-78.796088,69.389169
240.154395,-24.158895,-79.448890,70.429161
240.195381,-21.134649,-78.998760,73.485438
240.205622,-20.719596,-79.146634,74.045056
240.215736,-20.713570,-79.328344,74.119403
240.225750,-20.491951,-79.443426,74.281777
240.246230,-18.922908,-79.292076,75.599594
240.256496,-18.059913,-79.410313,76.563149
240.276952,-17.862982,-79.889205,76.650855
240.297189,-17.147156,-79.557183,77.179628
240.358681,-15.752110,-79.594913,78.770393
240.379161,-13.732509,-79.532055,80.895613
240.430338,-12.921477,-79.919442,81.438634
240.491452,-10.947115,-79.721934,83.594385
240.562893,-8.659314,-79.894014,86.130878
240.603855,-9.609946,-79.887457,84.982805
240.614121,-9.365963,-79.931238,85.344593
240.624246,-9.241892,-80.096529,85.529603
240.634377,-9.108107,-80.169926,85.615807
240.654883,-8.929082,-80.062569,85.708021
240.685251,-8.195299,-80.024983,86.836129
240.705707,-8.688994,-80.206201,86.174509
240.787608,-7.139827,-79.970949,87.772739
240.849075,-6.729908,-80.151423,88.194326
240.920588,-7.136685,-80.380105,87.835099
240.971566,-3.847416,-80.385623,91.090135
241.001959,-2.092670,-80.791494,92.718192
241.012199,-1.405677,-80.723711,93.172455
241.022415,-0.366401,-80.699252,94.067182
241.032680,0.563008,-80.722140,95.041140
241.042870,1.169654,-80.866059,95.687289
241.053111,1.604533,-80.849721,96.098876
241.103664,4.036098,-80.856558,98.604326
241.154538,6.604242,-80.981038,100.928599
241.195428,6.789486,-80.940583,100.861301
241.215959,7.796864,-81.016330,102.044829
241.277202,9.650733,-81.163240,103.932823
241.348506,11.062661,-81.174189,105.371022
241.399235,14.094831,-81.250257,108.525689
241.409300,14.571531,-81.287782,108.994820
241.419515,14.744311,-81.225327,109.120892
241.429755,15.498123,-81.065582,109.824394
241.439869,15.854570,-81.009158,110.287481
241.449883,15.602379,-81.053807,110.229882
241.460124,14.850168,-81.221345,109.558372
241.480604,14.900408,-81.112458,109.442293
241.542025,17.302647,-80.973914,111.832914
241.613509,18.957475,-81.086011,113.654976
241.684817,20.143394,-80.964796,114.979213
241.704947,19.537394,-80.978682,114.344607
241.775774,22.142628,-80.808241,117.102541
241.816509,22.579137,-80.983108,117.346256
241.826775,22.222101,-80.861435,117.068254
241.836967,22.381248,-80.714859,117.291424
241.847184,23.180246,-80.599914,118.161958
241.857424,23.913756,-80.525970,119.015855
241.867664,24.078777,-80.529768,119.306917
241.898410,25.056972,-80.410847,120.406550
241.949414,26.964474,-80.415341,122.428204
241.980110,27.041711,-80.478493,122.789617
242.041577,29.239326,-80.224287,125.444620
242.062082,29.244852,-79.940794,125.634582
242.102571,30.953290,-80.457661,127.534727
242.153722,32.836811,-80.344656,130.045449
242.204626,34.995827,-80.347525,132.344532
242.235020,35.572523,-80.097321,133.210368
242.245260,36.228826,-80.071202,134.035181
242.255500,36.724302,-80.150603,134.634285
242.275981,37.094771,-80.345469,135.238565
242.337376,38.049447,-80.518839,136.628167
242.378140,38.816385,-80.806274,137.524247
242.398645,37.952445,-80.811704,136.881513
242.419101,36.737204,-80.786460,136.175531
242.490455,34.605686,-81.340313,134.603508
242.551628,29.181498,-81.773811,129.660022
242.612467,28.087406,-81.833214,128.848117
242.632948,26.403274,-81.830256,127.290779
242.643163,26.095277,-81.839518,127.019457
242.653428,25.749465,-81.797041,126.828922
242.663644,24.878307,-81.735016,126.140849
242.673884,24.154163,-81.533758,125.505231
242.735264,20.058316,-81.844231,121.678509
242.806510,16.308695,-81.963315,118.221695
242.837209,14.235654,-82.119474,116.270474
242.857690,13.000741,-81.983444,114.908207
242.929149,8.259106,-82.079223,110.471937
243.010707,0.954144,-81.829997,103.227449
243.020888,0.756901,-81.832012,102.998378
243.030952,0.286317,-81.869571,102.510525
243.041193,-0.160540,-82.058931,102.024175
243.051206,-1.104629,-82.096668,101.022323
243.061321,-1.780642,-81.988197,100.069224
243.071536,-2.091194,-81.830044,99.727858
243.081776,-2.332942,-81.635616,99.711452
243.102282,-2.608198,-81.525691,99.633479
243.122734,-3.862502,-81.401887,98.407569
243.184183,-7.367531,-81.381171,94.480531
243.235187,-10.224147,-81.160843,91.290307
243.306469,-11.800222,-81.111570,89.444394
243.367333,-14.140144,-81.005661,87.167325
243.418438,-15.973676,-80.987247,84.875557
243.428502,-16.649744,-80.994091,84.265376
243.438767,-17.111121,-80.944702,83.773985
243.449008,-17.233723,-80.857268,83.590608
243.459273,-17.309865,-80.854748,83.548493
243.469489,-17.297816,-80.895497,83.534183
243.479704,-17.675503,-80.992609,83.089723
243.530531,-19.574824,-80.940931,80.689246
243.560899,-20.417140,-80.958731,79.741407
243.591645,-20.366997,-80.796787,79.613942
243.662949,-21.162895,-80.897526,78.478901
243.724416,-21.216038,-80.964427,78.069773
243.805884,-19.081310,-80.858252,80.286790
243.826052,-19.673001,-81.117676,79.699107
243.846382,-19.644683,-80.930720,79.535961
243.856622,-19.194341,-80.859481,80.070997
243.866635,-18.880301,-80.910571,80.567129
243.876750,-19.157011,-81.120463,80.343631
243.886990,-19.322156,-81.208552,80.009410
243.938145,-18.830586,-81.238051,80.334117
243.948385,-18.615549,-81.205874,80.423579
243.999587,-17.080053,-81.204440,81.855234
244.060676,-18.698480,-81.466405,79.915781
244.101594,-17.308213,-81.362347,81.326714
244.163036,-16.315010,-81.567014,82.190549
244.223726,-15.532764,-81.244424,83.050859
244.233966,-15.656170,-81.220805,82.913299
244.244206,-15.293039,-81.170228,83.384315
244.254447,-15.408693,-81.356207,83.307401
244.264712,-15.542316,-81.476630,83.172491
244.274927,-15.409895,-81.461487,83.180386
244.285167,-14.890120,-81.328961,83.683143
244.295408,-14.849330,-81.418307,83.772161
244.366762,-14.268220,-81.480940,84.307156
244.407723,-13.225913,-81.393875,85.340386
244.458925,-14.722968,-81.240319,83.754259
244.529788,-14.558126,-81.315424,84.022849
244.590957,-16.444753,-81.642289,81.993586
244.631517,-16.685650,-81.262299,81.461064
244.641732,-17.061876,-81.238543,81.187795
244.662238,-16.277154,-80.928617,81.954689
244.672503,-15.391048,-80.823691,83.005465
244.682719,-15.405661,-80.981796,83.071056
244.692959,-15.196724,-81.079495,83.216552
244.703199,-15.321663,-81.179797,82.879810
244.754426,-18.450841,-81.403485,79.480309
244.805627,-18.013101,-80.916582,79.832856
244.856635,-17.685320,-81.077733,79.952384
244.918031,-17.974213,-81.037483,79.618313
244.978994,-16.614227,-80.702886,81.099720
245.009715,-16.863838,-81.282195,80.469594
245.040364,-16.325424,-81.101475,80.653660
245.050604,-16.122083,-81.064223,80.990068
245.060869,-16.340497,-81.085356,80.900558
245.081350,-17.036145,-80.894568,80.173894
245.091590,-17.228478,-80.848266,80.016554
245.101732,-16.747281,-80.849680,80.582565
245.152506,-16.775626,-81.164866,80.082295
245.193417,-17.044384,-81.273459,79.766733
245.243970,-15.455554,-81.104371,81.481705
245.294844,-15.771853,-81.188601,81.068533
245.355863,-15.149887,-81.018037,81.607961
245.406435,-15.110527,-81.102404,81.714560
245.437156,-14.754418,-81.224698,81.928652
245.447421,-15.143462,-81.273343,81.532781
245.457631,-14.419103,-81.107554,82.172189
245.467830,-14.407400,-81.075042,82.157620
245.478096,-14.177961,-80.953212,82.588250
245.488336,-14.466426,-80.931349,82.424551
245.498576,-14.449602,-80.900073,82.456031
245.529297,-14.090480,-80.997260,82.884598
245.549803,-14.741215,-81.288554,82.149759
245.601027,-14.738203,-81.231242,82.055359
245.682756,-14.078956,-81.141725,82.764073
245.754240,-15.336703,-81.173786,81.600359
245.815329,-14.783009,-81.095676,82.336011
245.856290,-16.351826,-81.052448,80.717379
245.866530,-16.536267,-81.015893,80.583945
245.876762,-16.659140,-81.082268,80.382905
245.897007,-16.089494,-80.970609,80.947372
245.907247,-15.492329,-80.844851,81.589649
245.937590,-16.011965,-80.909622,81.207999
245.978548,-15.951514,-80.887212,81.218319
246.039192,-18.851030,-80.922381,78.056863
246.100599,-17.993947,-80.665183,78.864916
246.161676,-20.196830,-80.558202,76.486781
246.243225,-22.339457,-80.397617,74.173997
246.253440,-22.923035,-80.345100,73.567127
246.263680,-22.959888,-80.311154,73.414842
246.273920,-22.779548,-80.363220,73.544841
246.294380,-21.997942,-80.445394,74.109233
246.304445,-21.631532,-80.407446,74.399482
246.314635,-21.202383,-80.345872,74.809081
246.365836,-24.114478,-80.024764,71.759607
246.376101,-24.893483,-80.144975,70.920306
246.417062,-24.139215,-80.124860,71.307475
246.447809,-25.169729,-79.970689,70.145647
246.508677,-25.046299,-79.887709,69.904903
246.559831,-26.067455,-79.874630,68.710385
246.611033,-24.709471,-79.677148,69.869529
246.671949,-24.829022,-79.784539,69.531046
246.682164,-24.790388,-79.799456,69.421114
246.692429,-24.475397,-79.694941,69.745787
246.702670,-24.588676,-79.716060,69.645902
246.712910,-24.051833,-79.584572,70.222350
246.723125,-24.711225,-79.706101,69.639311
246.753825,-24.423360,-79.636597,69.804451
246.784571,-24.498405,-79.839434,69.646251
246.815266,-23.728460,-79.702106,70.253222
246.866140,-23.368942,-79.604673,70.629634
246.927538,-24.833700,-79.899758,68.878203
246.988835,-22.915418,-79.869343,70.700750
247.059935,-23.667316,-79.828437,69.250769
247.070176,-22.928207,-79.843942,70.209748
247.080441,-22.874577,-79.865190,70.394785
247.090638,-22.977424,-79.974262,70.206743
247.100800,-23.024354,-79.896233,70.087078
247.110864,-23.411129,-79.893174,69.689643
247.121104,-23.336339,-79.816402,69.678550
247.131345,-23.742952,-79.777245,69.222936
247.141409,-23.930635,-79.757881,69.121487
247.202654,-23.995716,-79.724482,68.793850
247.253879,-24.818461,-79.675851,67.867348
247.325536,-24.131466,-79.627882,68.216268
247.397218,-25.446025,-79.592263,66.745742
247.458291,-26.936263,-79.089574,64.478249
247.468531,-26.488189,-79.056496,64.958712
247.478544,-26.334013,-79.070573,65.143537
247.488659,-26.137872,-79.113036,65.367922
247.498874,-26.512199,-79.168798,64.864654
247.509139,-26.212109,-79.153819,65.007514
247.519355,-26.038510,-79.143041,65.090535
247.529595,-25.915391,-79.110850,65.227863
247.580348,-28.431557,-78.748748,62.280998
247.590236,-28.892878,-78.652934,61.811812
247.661877,-28.839852,-78.737376,61.234374
247.702606,-29.390519,-78.612042,60.263551
247.774115,-29.157849,-78.671574,59.748740
247.845461,-28.915322,-78.567161,59.227412
247.875918,-27.220889,-78.294807,60.971617
247.886159,-27.205772,-78.356777,60.971562
247.906639,-27.362880,-78.529321,60.834268
247.927120,-27.182353,-78.566662,60.741630
247.937360,-26.409427,-78.547059,61.449655
247.967682,-26.076737,-78.953681,61.641160
248.008694,-25.577984,-78.692003,62.016185
248.059672,-23.094350,-79.183858,64.054634
248.131354,-19.784442,-79.290198,66.850470
248.202866,-17.433033,-79.838867,68.398498
248.243449,-13.352854,-79.672196,73.050499
248.284411,-9.246218,-79.861352,77.020382
248.294660,-7.809454,-79.782538,78.564579
248.304870,-6.925095,-79.937194,79.685987
248.315136,-6.579400,-80.325244,80.101173
248.325326,-6.630404,-80.555354,79.838969
248.345806,-6.181533,-80.324309,80.010079
248.396609,-1.242213,-80.251151,85.769260
248.457522,2.187029,-80.212505,88.985125
248.518692,7.061907,-80.571329,94.200091
248.559678,10.015239,-80.816779,97.325360
248.610553,13.918710,-80.156074,101.667134
248.692282,20.690458,-80.397617,108.839242
248.702321,20.799917,-80.198312,109.187028
248.712385,20.667732,-80.041614,109.343515
248.722500,20.666926,-80.038336,109.588480
248.743006,22.536052,-80.418743,111.411580
248.794208,24.113431,-79.804702,113.930028
248.834841,22.160609,-79.991911,112.366468
248.865538,25.879259,-80.118768,116.156506
248.926710,27.871796,-79.804354,119.016497
249.008305,25.335991,-80.048212,117.100206
249.069679,25.897827,-80.156293,117.956315
249.079744,25.798869,-80.141820,118.084969
249.090010,25.634327,-80.130202,118.045176
249.100275,25.552545,-80.155576,118.159295
249.110465,26.255780,-80.270350,118.931147
249.120680,26.632328,-80.348850,119.213084
249.130920,26.426439,-80.493827,118.998342
249.141186,25.601687,-80.440333,118.120472
249.161516,24.461156,-80.072685,116.999583
249.171734,24.027164,-79.987806,116.945474
249.202103,22.449730,-79.909614,116.061170
249.263519,21.438398,-80.277003,114.920200
249.334874,18.851039,-80.338119,113.008389
249.406229,14.285575,-80.422213,108.676274
249.467432,11.644961,-80.886174,106.427639
249.487611,9.790660,-81.128830,104.288376
249.497876,9.253389,-81.130114,103.812052
249.508116,9.170938,-81.099426,103.724817
249.518357,9.282097,-81.093292,103.873599
249.528572,9.359258,-81.189181,103.949120
249.538826,9.023564,-81.125688,103.540764
249.549031,8.495199,-80.925413,102.974644
249.630979,6.260081,-81.052885,101.520701
249.651107,4.591069,-81.159156,99.652617
249.702333,2.976124,-81.119575,98.725788
249.784238,2.035825,-80.846634,97.517268
249.845655,1.952204,-80.925502,98.175145
249.886591,0.627593,-80.922169,96.591675
249.896857,0.599826,-80.904738,96.676683
249.917338,0.888147,-80.890012,97.134231
249.927578,1.064160,-80.844701,97.291154
249.937818,1.025580,-80.827332,97.302492
249.947936,0.825518,-80.927968,97.138110
249.988451,1.304091,-80.595645,97.745997
250.029084,0.885155,-80.702168,97.693452
250.059781,-0.278576,-81.083990,96.454320
250.100043,-0.980505,-80.851763,95.914270
250.150892,-0.295785,-80.739974,97.164400
250.212087,-1.344604,-81.048145,96.073564
250.283466,-1.820878,-81.168800,95.689550
250.293673,-1.782996,-80.844339,95.698573
250.314116,-2.893892,-80.797518,95.066405
250.324356,-2.929793,-81.086326,95.063529
250.334596,-3.289047,-81.305657,94.528234
250.344862,-3.828894,-81.281567,93.806651
250.355077,-4.450327,-81.056662,93.033706
250.375558,-3.126596,-80.296797,94.761915
250.436802,-2.655621,-80.318585,96.222462
250.477464,-3.531750,-81.225846,94.995275
250.538806,-4.222321,-80.517945,94.795465
250.600100,-4.723361,-80.722543,94.791209
250.681973,-7.636052,-81.290220,92.261102
250.702479,-8.997252,-81.070575,90.565064
250.712694,-9.368397,-81.008851,90.269173
250.722789,-9.138870,-81.066730,90.500403
250.733029,-8.690113,-81.126064,90.903862
250.742992,-8.523728,-81.119534,91.083947
250.753157,-8.463651,-80.985676,91.171312
250.814598,-10.956596,-80.713903,88.889987
250.865473,-12.850279,-80.636407,87.420923
250.937179,-15.738527,-80.398109,84.841441
250.967548,-17.109344,-80.198531,83.244788
251.038965,-20.029630,-80.077186,79.901882
251.100129,-22.539631,-79.445550,77.244597
251.110324,-22.921089,-79.494284,76.934356
251.120590,-23.752369,-79.613819,76.123934
251.141045,-24.986464,-79.617985,74.465707
251.151310,-24.764835,-79.449225,74.546570
251.161500,-24.697944,-79.445250,74.571862
251.232634,-25.184396,-79.057329,74.012121
251.242824,-25.096004,-78.989369,74.094575
251.304092,-26.704894,-78.687529,72.396037
251.365181,-26.227529,-78.645578,72.858625
251.426602,-26.816883,-78.775632,72.181111
251.477803,-27.502887,-78.772210,71.293672
251.508171,-27.447402,-78.724077,71.178877
251.518437,-26.949929,-78.588129,71.712342
251.528652,-26.957121,-78.664327,71.747060
251.549132,-27.213304,-78.879123,71.412968
251.559373,-26.728405,-78.761657,71.739669
251.600090,-26.663190,-78.919974,71.737805
251.610330,-26.929998,-78.846789,71.321614
251.651292,-27.546187,-78.770352,70.581310
251.681685,-27.715210,-78.681368,70.108757
251.763287,-26.625922,-78.652347,71.179266
251.834855,-27.533065,-78.566833,70.089748
251.906554,-26.115882,-78.665577,71.423759
251.916794,-26.222869,-78.687461,71.222535
251.926959,-26.421706,-78.751603,70.918564
251.936922,-26.693937,-78.827787,70.541279
251.957427,-27.222607,-78.759553,69.782096
251.967643,-27.186333,-78.716011,69.767015
252.008604,-26.122868,-78.663808,70.773990
252.059781,-26.108866,-78.839036,70.635173
252.110564,-25.482809,-78.594796,71.014795
252.181894,-23.794082,-78.798055,72.677243
252.253576,-21.945989,-79.160458,74.032222
252.294318,-19.528807,-79.461786,76.161001
252.314446,-18.763109,-79.385328,77.047915
252.324661,-18.894521,-79.304561,77.018627
252.334902,-19.531628,-79.483034,76.358475
252.345167,-19.631603,-79.624720,76.083588
252.365647,-18.175596,-79.887921,77.166261
252.375873,-17.604659,-79.825097,77.669380
252.406337,-17.827272,-79.688452,77.577794
252.477796,-18.059567,-79.978223,76.683934
252.518606,-15.508470,-79.855198,79.063722
252.569455,-14.676308,-80.235113,79.557702
252.610170,-13.476208,-80.373486,81.061600
252.651081,-13.388032,-80.603718,80.940829
252.722814,-13.083499,-80.736326,81.228995
252.733029,-12.693473,-80.794998,81.572300
252.743270,-12.498113,-80.815126,81.758867
252.753535,-12.232078,-80.836785,81.981183
252.763750,-11.913102,-80.895087,82.270032
252.774016,-12.107607,-80.943144,82.086108
252.784256,-12.558819,-80.979488,81.671762
252.804737,-13.874416,-80.956996,80.423920
252.845555,-13.936116,-81.049545,80.215203
252.876276,-14.125846,-81.035598,79.935357
252.927280,-16.685495,-81.223920,77.140027
252.978481,-16.473913,-80.865027,77.096191
253.049836,-16.882083,-80.592619,76.260380
253.121274,-22.103930,-80.632166,70.344303
253.131287,-21.606229,-80.446917,70.742660
253.141402,-21.025998,-80.243569,71.362049
253.151642,-20.852042,-80.043670,71.689584
253.161857,-20.778277,-79.959638,71.829992
253.172123,-20.770477,-79.922564,71.852989
253.182317,-21.244219,-79.985333,71.284690
253.212813,-23.434087,-80.050466,68.394693
253.232941,-22.272009,-79.906513,69.380126
253.284156,-26.420206,-79.583875,64.941316
253.325107,-27.542412,-79.767566,63.299113
253.376061,-29.627656,-79.352899,60.730647
253.416621,-29.908357,-78.985455,59.936037
253.467848,-31.917112,-78.405237,57.281132
253.508456,-32.526290,-78.043101,56.065649
253.539203,-32.640675,-77.919720,55.572437
253.549418,-32.565778,-77.779148,55.506769
253.559658,-32.718054,-77.593169,55.288373
253.569898,-32.813711,-77.385504,55.138177
253.590404,-33.059956,-77.262745,54.644430
253.630987,-32.299924,-76.989284,54.916343
253.691987,-33.702896,-76.447125,52.722982
253.712493,-34.453643,-76.385605,51.704891
253.763623,-34.849606,-76.288821,50.539548
253.835237,-35.235710,-76.177161,48.959018
253.885981,-34.839477,-76.095295,48.887919
253.947448,-36.069676,-76.119999,46.373771
253.957512,-36.137838,-76.172100,46.210816
253.967576,-36.231678,-76.144650,45.948530
253.977816,-35.899505,-76.070173,46.120757
253.988057,-35.463787,-76.017786,46.453732
254.008588,-34.893254,-76.198977,46.842042
254.069702,-34.287034,-76.255203,46.593618
254.130905,-33.533842,-76.466741,46.377889
254.181655,-32.698277,-76.593618,46.560559
254.232554,-30.800513,-76.684713,48.161699
254.293197,-30.344833,-77.056459,47.660220
254.313351,-31.127979,-77.476024,46.289715
254.343745,-30.473316,-77.325849,46.095519
254.353960,-29.890885,-77.341435,46.608975
254.364200,-28.961679,-77.206396,47.398777
254.374440,-27.021154,-76.852530,49.388176
254.394921,-23.666284,-76.188445,53.878154
254.445423,-20.232567,-75.753655,57.744810
254.475768,-21.894883,-77.053133,54.881898
254.526970,-24.496178,-77.345335,50.671381
254.588387,-20.559472,-77.732477,54.552017
254.639317,-20.390223,-78.169616,54.061876
254.680077,-21.877280,-78.570091,52.492282
254.741071,-23.028020,-78.672632,50.246451
254.751136,-22.261620,-78.801962,50.891016
254.761200,-21.350260,-78.939898,51.709200
254.771265,-21.148561,-79.046934,51.813777
254.781355,-21.317707,-79.044707,51.487055
254.801861,-21.959617,-79.073838,50.396564
254.832557,-20.878476,-79.064829,51.038288
254.853037,-19.065457,-78.942882,52.912666
254.893671,-16.870595,-78.530694,55.125022
254.955138,-13.766695,-78.642737,58.114248
255.016201,-13.855571,-79.085859,57.119137
255.076978,-12.442501,-79.540934,58.119623
255.137817,-10.279149,-79.731435,60.021974
255.148057,-10.153302,-79.640655,60.115227
255.158297,-10.206580,-79.556411,60.046099
255.168512,-9.858080,-79.589107,60.432708
255.178766,-9.321105,-79.680119,60.959957
255.199012,-8.141790,-79.758578,62.083571
255.239620,-7.487917,-79.886521,62.367304
255.321472,-5.561531,-79.924148,63.744298
255.372609,-4.324613,-79.875272,64.923106
255.454121,-3.059934,-79.909183,65.545863
255.505227,-1.986784,-79.712617,66.438623
255.546213,-1.143961,-79.835172,67.036988
255.556299,-0.829969,-79.896138,67.292362
255.566496,-0.800686,-79.912114,67.258997
255.576736,-1.310042,-79.952938,66.789947
255.586901,-1.614861,-79.911212,66.382800
255.596864,-1.684187,-79.929203,66.241012
255.648080,-0.722721,-79.946094,66.756083
255.709262,0.921330,-79.928424,68.179980
255.780545,1.974973,-79.891719,69.101543
255.851899,3.686536,-80.102382,70.439645
255.902773,4.895431,-80.153855,71.500749
255.954025,7.471587,-80.133705,74.235448
255.964265,7.532942,-80.216726,74.117326
255.974506,7.991547,-80.272208,74.363500
255.984771,8.540582,-80.182056,74.820269
255.994986,8.882135,-80.170964,75.186313
256.005226,8.929443,-80.056415,75.321106
256.046025,10.902058,-80.230680,77.353982
256.086986,11.779464,-80.085594,77.856022
256.148050,15.206537,-79.981720,81.292160
256.189036,16.976024,-79.998065,82.985630
256.260122,21.091165,-80.036403,86.605043
256.331282,22.924273,-79.845048,88.535528
256.341372,23.958984,-79.869889,89.467951
256.361878,26.181068,-79.628319,91.565338
256.372143,27.039375,-79.554485,92.515705
256.382358,27.642658,-79.608027,93.236098
256.392573,27.822142,-79.643585,93.451242
256.402839,27.885045,-79.629515,93.575811
256.413054,28.150188,-79.598656,93.895102
256.454041,30.228047,-79.822194,96.067997
256.464256,31.123044,-79.695556,96.862908
256.474496,32.090998,-79.663508,97.886159
256.514961,33.703941,-79.722221,99.712723
256.555873,34.730269,-79.916984,101.131237
256.606999,38.201432,-79.633995,104.871025
256.647683,39.507675,-79.553467,106.388358
256.698910,42.776457,-79.534124,109.579621
256.739493,41.214765,-79.515006,108.311268
256.780394,41.924285,-79.518947,108.945547
256.790480,41.632503,-79.388634,108.694872
256.800545,41.515481,-79.404036,108.710712
256.810660,40.970658,-79.576021,108.334805
256.820900,40.729934,-79.724557,108.095120
256.831166,40.577286,-79.710937,107.853400
256.861509,40.197863,-79.767990,107.506686
256.912531,37.971993,-79.992484,105.270031
256.963264,34.078877,-79.971126,101.469686
257.014113,32.173934,-79.972574,99.429270
257.055028,30.596160,-79.962575,97.850362
257.106229,29.668443,-80.033800,96.876760
257.177386,30.169260,-79.910454,97.374660
257.187627,30.123361,-79.911274,97.388826
257.197892,30.028360,-79.970006,97.354989
257.208081,29.980354,-79.873345,97.280909
257.218277,30.352350,-79.761877,97.642527
257.259264,31.207612,-79.606435,98.619264
257.289959,30.706160,-79.317170,98.527890
257.361314,31.541093,-79.245453,99.850153
257.422335,32.966492,-78.989533,101.316963
257.493997,33.082315,-78.955785,101.772756
257.555464,33.263394,-79.138615,101.886301
257.565679,33.076796,-79.133342,101.695711
257.585857,32.683886,-79.192997,101.328827
257.596098,33.137855,-79.263362,101.720955
257.606338,33.301240,-79.309657,101.929932
257.616603,33.323031,-79.327791,101.959384
257.626818,33.251202,-79.242892,101.839090
257.667830,33.122425,-79.364367,101.825334
257.718981,33.671531,-79.520539,102.168736
257.749236,33.075970,-79.449225,101.606871
257.810350,32.829161,-79.454819,101.311055
257.861577,33.297244,-79.585801,101.821441
257.912685,31.626119,-79.489851,100.337316
257.963359,32.928137,-79.586484,101.256291
257.973574,32.006922,-79.387664,100.622880
257.994080,31.108759,-79.662600,99.994188
258.004345,31.751927,-79.956168,100.499205
258.014532,32.544656,-80.159168,100.983841
258.024654,32.848227,-80.154695,101.103909
258.034770,32.897511,-79.942453,101.118000
258.095859,31.452318,-79.478376,100.297831
258.136800,31.269593,-79.597317,100.026365
258.167545,31.443339,-79.589012,100.284840
258.238578,31.535950,-79.537095,100.397039
258.299667,30.609274,-79.641303,99.525617
258.370676,29.676120,-79.744754,98.586056
258.380917,29.635470,-79.622268,98.516210
258.391182,29.657651,-79.455789,98.637439
258.401095,29.500116,-79.301706,98.521613
258.411310,29.007988,-79.315367,98.227860
258.421525,28.744564,-79.455570,97.959338
258.431791,28.714587,-79.560557,97.797702
258.441981,29.096039,-79.640088,97.974153
258.492660,27.486315,-79.075907,96.807652
258.513015,27.794647,-79.239080,97.084063
258.563889,27.853785,-79.404685,96.881015
258.625285,26.619668,-79.245521,95.880905
258.696614,25.814097,-79.354968,95.215494
258.747841,25.278236,-79.488089,94.619246
258.778419,24.998258,-79.369325,94.436354
258.788382,25.072052,-79.436029,94.546115
258.798622,25.184728,-79.529466,94.523808
258.808863,24.889809,-79.539561,94.271494
258.819103,24.743673,-79.412362,93.984387
258.829318,24.791077,-79.268280,94.043679
258.839583,24.680166,-79.252591,94.106784
258.880524,23.819325,-79.440441,93.137286
258.910867,23.336480,-79.432061,92.688071
258.951819,22.432776,-79.410983,91.839092
259.022510,21.299149,-79.387145,90.465220
259.094021,20.278186,-79.266039,89.310836
259.165250,18.257003,-79.521311,87.263556
259.175515,18.138995,-79.531904,86.999555
259.185725,17.917314,-79.553167,86.748033
259.206191,17.609155,-79.681567,86.481151
259.216457,17.262798,-79.687749,86.024129
259.226646,17.165548,-79.658276,85.879438
259.236912,17.082757,-79.634166,85.695303
259.247102,16.658288,-79.670175,85.330653
259.267583,15.848288,-79.791049,84.500928
259.287808,15.282707,-79.775298,83.794250
259.338363,14.033010,-79.878065,82.276739
259.399779,12.710067,-79.814893,80.730090
259.450956,11.768057,-79.945151,79.371190
259.501964,10.711038,-79.700863,78.108356
259.563029,9.906557,-79.619317,76.970604
259.583509,9.602092,-79.748592,76.637120
259.593724,9.669693,-79.785154,76.510174
259.613903,9.365352,-79.805938,76.107890
259.624118,9.465378,-79.701382,76.073902
259.634358,9.617236,-79.548857,76.217883
259.644624,9.793420,-79.494120,76.401629
259.695825,8.964680,-79.650046,75.175432
259.726193,9.920849,-79.517199,76.093034
259.787421,10.504308,-79.680331,76.481508
259.848562,12.015910,-79.499099,77.814207
259.920248,12.649379,-79.752164,77.938940
259.981362,14.532204,-79.418550,79.882150
260.001818,14.970055,-80.238979,80.169181
260.022323,15.425970,-79.895086,80.004635
260.032496,16.153010,-79.563931,80.791323
260.042611,16.267620,-79.504686,81.318381
260.052675,16.122592,-79.539506,81.258720
260.073030,16.386532,-79.793555,81.483788
260.103424,17.045973,-79.688247,81.885294
260.123879,17.840690,-79.482215,82.851246
260.175085,19.030808,-79.710131,83.941078
260.246544,20.940682,-79.607364,85.934435
260.307658,22.243027,-79.746557,87.227847
260.369030,23.907793,-79.498874,88.956937
260.399751,23.818888,-79.582215,88.850099
260.409991,24.137098,-79.792012,89.216033
260.430144,24.135868,-79.954645,88.923572
260.440384,24.274487,-79.959208,89.004680
260.450625,24.584258,-79.977595,89.327427
260.460865,24.870201,-79.991815,89.750544
260.501792,25.077526,-79.650292,90.001293
260.532002,25.171475,-79.875716,90.158367
260.562397,25.721966,-79.719577,90.607705
260.613221,24.841579,-79.614918,89.822411
260.674641,24.166046,-79.741687,89.066391
260.715628,23.999756,-79.650538,88.807342
260.777070,24.119466,-79.803541,89.033565
260.797465,23.634391,-79.821655,88.464303
260.807596,23.244129,-79.751126,88.027799
260.817811,23.381187,-79.778303,88.157245
260.828051,23.671709,-79.795905,88.517694
260.838317,23.740201,-79.840342,88.584726
260.848582,23.444822,-79.792708,88.236776
260.858797,23.287023,-79.777859,88.035606
260.879229,23.300345,-79.801383,88.098512
260.909826,23.464760,-79.855881,88.147443
260.961003,22.989840,-79.720745,87.753362
261.022421,22.298151,-79.871440,86.809334
261.062909,22.432404,-79.626270,86.935358
261.134567,21.912072,-79.644609,86.217696
261.195786,22.174074,-79.738927,86.344294
261.206026,21.938190,-79.673412,86.087636
261.216266,21.676529,-79.685345,85.853313
261.226476,21.644398,-79.703328,85.772792
261.246588,21.913726,-79.656569,85.909484
261.256829,21.573390,-79.677565,85.618648
261.267069,21.371343,-79.656262,85.304527
261.318271,22.198016,-79.622117,86.129136
261.359232,22.864185,-79.687332,86.563605
261.420504,24.197571,-79.488990,87.893388
261.441010,24.752259,-79.590623,88.290133
261.502229,25.807194,-79.333802,89.381167
261.573961,27.899084,-79.156141,91.563009
261.604682,28.788558,-79.251587,92.426215
261.614923,29.002855,-79.186024,92.598869
261.625178,29.214857,-79.141156,92.793844
261.635333,29.150233,-79.127421,92.836860
261.645423,29.398473,-79.112824,93.058192
261.665576,29.387903,-79.043826,93.167810
261.716728,31.361240,-79.130829,94.896613
261.757718,31.770611,-78.809598,95.616371
261.798629,32.123520,-78.823470,96.086084
261.849305,32.814739,-78.984273,96.852957
261.920916,34.210693,-78.919728,98.598391
261.991643,35.874370,-78.981056,100.736862
262.012148,35.970874,-78.851481,100.967989
262.022389,36.293535,-78.764423,101.298515
262.032629,36.593025,-78.832985,101.776949
262.042870,36.847829,-78.990209,102.152022
262.053038,36.934326,-79.212723,102.205271
262.063279,36.665777,-79.222948,101.795220
262.073544,36.564130,-79.124203,101.633918
262.104240,36.805133,-79.300860,102.122489
262.144853,37.240398,-79.307560,102.519220
262.206094,36.629249,-78.978413,102.122926
262.277200,34.892875,-79.083045,100.624382
262.328352,34.399664,-78.883337,100.319537
262.389441,34.537422,-78.689216,100.702048
262.409972,34.612892,-78.696722,101.173468
262.420187,34.694830,-78.696149,101.184512
262.430427,34.406183,-78.654983,100.942403
262.440546,34.059636,-78.672810,100.640153
262.450614,33.623713,-78.729562,100.343996
262.471120,33.702428,-79.164420,100.488762
262.542425,33.821246,-79.318386,100.540453
262.552485,33.937393,-79.280062,100.703640
262.572597,34.170665,-79.375916,101.028641
262.633586,33.507310,-79.394754,100.499561
262.695007,31.718220,-79.319089,98.735186
262.766466,31.456675,-79.444751,98.896638
262.817339,30.717734,-79.016095,98.492448
262.827580,30.477568,-79.053402,98.333141
262.837820,30.139822,-79.117196,98.030249
262.858179,29.907517,-79.221500,97.679498
262.868244,30.166535,-79.392637,97.966018
262.878509,30.689239,-79.614215,98.520677
262.919446,29.426115,-79.501688,97.346096
262.970672,28.830010,-79.611681,96.757327
263.042380,27.026599,-79.712734,94.909126
263.113894,26.317077,-79.663549,94.206976
263.175336,25.032568,-79.560475,93.108278
263.215970,24.852620,-79.497023,92.960582
263.236450,24.742374,-79.784266,92.939907
263.246691,24.534695,-79.808022,92.585311
263.267052,24.044144,-79.781596,92.079098
263.277142,23.961285,-79.803097,92.028009
263.307888,23.598124,-79.646508,91.588506
263.338583,24.300686,-79.574415,92.539337
263.348824,23.969798,-79.533448,92.219753
263.379217,23.719741,-79.430326,92.071865
263.450766,23.386747,-79.725438,91.860737
263.522312,23.655136,-79.814312,92.396320
263.593469,21.951041,-79.985251,91.118439
263.634408,20.781003,-79.968613,89.965271
263.644473,20.673630,-80.069024,89.951358
263.654663,20.294930,-80.159489,89.585034
263.664904,19.467924,-80.166449,88.711207
263.675068,18.713458,-80.195963,87.905231
263.685031,18.563561,-80.202588,87.648771
263.715752,18.335651,-80.200259,87.432801
263.746427,16.985388,-80.232934,86.188948
263.807869,14.696011,-80.193715,83.601290
263.879378,11.296339,-80.177330,80.045364
263.950708,10.001928,-79.850765,78.514671
264.022145,8.252144,-80.084364,76.519265
264.042298,7.697758,-80.168444,75.696794
264.052538,7.578605,-80.248227,75.570244
264.062754,6.961942,-80.290923,74.923842
264.073019,6.394484,-80.189788,74.278239
264.083209,5.996534,-80.052242,73.794313
264.113744,7.477090,-80.124362,75.298621
264.154242,6.581251,-80.199856,73.966933
264.174396,6.389990,-80.015898,73.875599
264.256272,6.691479,-79.895086,73.971058
264.317541,6.715458,-80.184242,73.579319
264.378629,7.621938,-79.804238,74.714893
264.429533,7.983100,-79.633538,74.656201
264.439799,7.720494,-79.756044,74.582053
264.450039,7.319523,-79.846844,74.093605
264.460305,7.373074,-79.869459,73.870955
264.470520,7.805699,-79.810276,74.188948
264.480761,7.944348,-79.861195,74.407166
264.491001,7.676163,-79.968517,74.274086
264.511283,7.568856,-80.100600,73.915365
264.541802,8.883813,-80.216562,75.217103
264.552043,8.679228,-80.290800,75.026083
264.613132,9.533213,-80.220988,75.685599
264.684461,10.002418,-79.936081,76.062312
264.745634,11.145298,-80.006978,77.251953
264.827058,11.263014,-79.725970,77.325098
264.837148,11.498600,-79.551056,77.762626
264.857654,11.191576,-79.662313,77.598551
264.867894,11.170125,-79.651146,77.418521
264.878159,11.283076,-79.692632,77.434237
264.888374,10.939102,-79.618026,77.192394
264.919095,10.481824,-79.798008,76.876532
264.929008,10.206393,-79.852759,76.566660
264.959729,9.684104,-79.763147,75.908325
264.969944,9.442094,-79.811245,75.673790
265.041382,8.547027,-79.716675,74.588254
265.112736,7.845099,-79.660216,74.060499
265.184350,5.971768,-79.630901,71.824910
265.245414,4.471423,-79.730533,69.791747
265.255679,4.934617,-79.574682,70.321032
265.265945,5.185346,-79.476225,70.677616
265.276144,5.398015,-79.610581,71.057654
265.286379,4.986560,-79.691089,70.607852
265.296619,4.719926,-79.623046,70.081928
265.337605,3.772387,-79.606073,69.051908
265.408711,2.006896,-79.508340,66.760209
265.449673,1.746196,-79.453924,66.383025
265.521396,1.544376,-79.256948,66.033333
265.582150,-0.383741,-79.425790,63.645663
265.643215,-1.546360,-79.607815,61.987013
265.653455,-1.696025,-79.574928,61.715383
265.673750,-1.804724,-79.386742,61.546193
265.683803,-1.720764,-79.551247,61.570631
265.693867,-2.181151,-79.846380,61.148027
265.704007,-2.840521,-79.915618,60.185223
265.765122,-2.686739,-79.466621,59.611562
265.795771,-3.063705,-79.357591,58.937368
265.836782,-1.902006,-79.194766,60.163694
265.877545,-2.545364,-79.282117,59.094216
265.938635,-1.322492,-79.077929,59.855311
266.010044,0.449025,-79.211589,61.114197
266.040765,0.698121,-79.098966,61.385499
266.051005,1.259952,-79.112824,61.875442
266.061243,1.444690,-79.231881,62.095825
266.081352,1.877004,-79.183770,62.285567
266.091567,2.396729,-79.211172,62.860983
266.101807,2.713295,-79.268478,63.238577
266.122313,3.407902,-79.416317,63.766947
266.142794,3.187257,-79.835288,63.403792
266.173291,2.575173,-79.696512,62.016328
266.224140,5.452440,-79.417512,65.247759
266.285536,7.090189,-79.529316,66.552448
266.357044,8.983415,-79.540743,68.226480
266.418134,10.503089,-80.023856,69.317848
266.448809,11.070008,-79.541835,69.977624
266.459024,11.687836,-79.506865,70.679931
266.469264,12.674814,-79.496743,71.765925
266.489795,13.698662,-79.395608,72.883931
266.500010,13.994692,-79.262098,73.161271
266.540772,14.978350,-79.582625,74.165124
266.571292,14.013306,-79.726169,72.843168
266.612127,15.786288,-79.517629,74.635588
266.662981,17.228773,-79.697099,76.304401
266.713930,17.335141,-79.436664,76.021201
266.785540,18.054548,-79.511981,77.182169
266.846382,17.568374,-79.661002,76.504887
266.856622,17.616175,-79.678747,76.573804
266.866863,17.858566,-79.696355,76.769837
266.877128,17.958495,-79.712576,76.944362
266.897609,18.385128,-79.796718,77.355943
266.907849,18.526434,-79.776842,77.460957
266.948458,18.182519,-79.527922,77.092748
266.999659,17.821531,-79.679375,76.881231
267.071312,17.002217,-79.589298,75.821104
267.122174,17.061150,-79.680140,75.970500
267.183569,15.548717,-79.588069,74.204971
267.244960,15.271705,-79.290054,73.876883
267.255201,15.092438,-79.276278,73.774492
267.265279,15.268758,-79.294794,73.941770
267.275257,15.299052,-79.359203,73.917653
267.285347,15.137301,-79.461075,73.811792
267.305500,14.877653,-79.472769,73.299022
267.366967,13.395958,-79.423721,71.386501
267.387447,14.099831,-79.442026,72.335658
267.417790,14.555490,-79.654267,72.559729
267.428031,14.323761,-79.576492,72.293229
267.489497,14.076163,-79.641017,71.824104
267.540346,14.276786,-79.786616,71.707028
267.612053,14.615970,-79.384516,71.665623
267.663093,14.963573,-79.498129,71.942594
267.673333,15.247226,-79.528694,72.150266
267.683498,15.280417,-79.465891,72.099620
267.693461,15.128674,-79.246437,71.854451
267.713967,15.137321,-78.899415,72.076445
267.754852,15.981932,-79.075620,72.729234
267.795536,16.234118,-79.047364,72.947711
267.805777,16.208001,-78.996663,72.795473
267.846788,16.460887,-78.871439,73.120180
267.908064,17.213368,-78.759902,73.626769
267.979746,17.947116,-78.837930,74.212806
268.041213,19.127762,-79.123746,75.039450
268.061542,19.588909,-79.154652,75.394060
268.071763,19.819549,-79.048552,75.579130
268.081777,20.309339,-78.990277,76.087563
268.091892,20.687202,-79.032098,76.552583
268.102132,20.913763,-79.136354,76.745638
268.153358,22.441358,-78.881124,78.197811
268.173864,22.790214,-78.854910,78.531329
268.245251,24.724537,-78.883993,80.200464
268.286061,26.343408,-78.809912,81.826937
268.347130,28.362830,-78.474120,84.138853
268.408144,29.584541,-78.305462,85.581369
268.449059,31.245588,-78.410387,87.371643
268.459299,31.520602,-78.482617,87.700285
268.469564,31.757361,-78.416610,87.882439
268.479804,31.978532,-78.381407,88.117930
268.490070,32.006598,-78.353342,88.284744
268.500285,32.090715,-78.299048,88.337780
268.510525,32.306484,-78.232345,88.654933
268.551159,32.945421,-77.951631,89.683895
268.581880,33.640420,-77.980522,90.655933
268.602411,33.754310,-78.062471,90.803718
268.663381,33.918156,-78.163537,91.229232
268.734615,34.250007,-78.186255,91.885790
268.806272,33.212734,-78.360179,91.184248
268.856848,32.349726,-78.630032,90.220870
268.877026,32.228285,-78.598183,90.136415
268.887267,31.947370,-78.535694,89.912180
268.897507,31.541831,-78.432729,89.563690
268.907772,31.454240,-78.400770,89.463778
268.917987,31.447478,-78.475520,89.599549
268.948733,30.709999,-78.822555,88.671633
268.989342,29.827539,-78.625108,87.954340
269.061074,29.059327,-79.001854,87.223155
269.081202,28.823255,-78.953114,86.813986
269.122100,28.387263,-79.101329,86.339465
269.193253,27.456143,-78.878822,85.609612
269.254674,26.701298,-79.226690,84.881759
269.264939,26.860897,-79.297000,85.046790
269.285420,26.861000,-79.192396,85.041845
269.295685,27.048014,-79.130576,85.270329
269.305776,27.218710,-79.094813,85.612822
269.315917,27.374818,-79.088529,85.808766
269.326132,27.089531,-79.099451,85.521249
269.346285,26.586952,-79.161947,84.931640
269.377006,26.560777,-79.182567,84.986849
269.387221,26.470656,-79.156264,84.847834
269.427810,26.140935,-78.918710,84.706592
269.478334,25.574726,-79.083550,84.210796
269.550016,24.779867,-79.035329,83.537899
269.611458,23.746095,-78.964739,82.352875
269.672376,23.582261,-79.211534,82.069914
269.682642,23.627226,-79.334928,82.138468
269.692907,23.400027,-79.300272,81.812860
269.703122,22.693222,-79.145220,81.041888
269.713363,22.459400,-78.936851,80.770190
269.723603,22.498696,-78.801081,80.942400
269.785048,21.874330,-78.988317,80.251854
269.805255,21.740864,-79.028041,80.183941
269.866345,21.006073,-78.746685,79.482338
269.947618,20.925622,-78.535182,79.305784
270.019325,21.003979,-78.861200,79.440182
270.070174,21.691059,-79.247393,80.002217
270.080364,21.796083,-79.362236,80.004540
270.090629,22.034522,-79.523319,80.201236
270.100870,22.247968,-79.602214,80.359348
270.111110,22.507896,-79.611831,80.609435
270.121174,22.864540,-79.592454,80.943827
270.131238,23.039645,-79.610431,81.181395
270.192646,23.116265,-79.737370,81.140339
270.233149,23.947376,-79.770797,81.945686
270.243112,24.328895,-79.804470,82.348121
270.314709,25.454672,-79.417642,83.930095
270.345368,26.359204,-79.520935,85.210647
270.416651,27.339830,-80.271525,86.344492
270.477892,29.574835,-80.740206,87.613664
270.488132,30.288972,-80.347996,88.261849
270.498397,29.398019,-79.803329,87.839334
270.508638,28.316747,-79.281182,87.052892
270.518651,26.853570,-78.603887,85.816136
270.528766,25.410407,-78.313269,84.848558
270.579968,24.477878,-76.764564,86.227334
270.600329,25.790765,-78.479338,86.622809
270.671885,22.708137,-78.758904,82.790929
270.733352,20.615406,-79.678064,80.999370
270.805034,19.590745,-78.696722,79.623845
270.866107,17.793741,-80.448830,77.072551
270.876221,17.792942,-80.468856,76.915266
270.886235,17.921636,-80.377161,76.958187
270.896475,18.047805,-80.201823,77.174246
270.916956,17.922531,-80.165350,77.355294
270.927196,18.046565,-80.490890,77.508017
270.937426,17.992620,-80.730596,77.233805
270.978376,17.752577,-80.779363,77.036235
271.009097,16.778116,-80.382167,75.733397
271.029354,17.235608,-80.440190,76.360060
271.101036,18.712142,-80.280725,77.921790
271.172693,18.386176,-80.320006,77.406507
271.223422,18.746209,-80.032182,77.996758
271.274620,18.768328,-79.690686,78.314963
271.284717,18.837682,-79.526870,78.543364
271.294832,18.874285,-79.437334,78.732827
271.315337,18.740118,-79.584989,78.773917
271.325603,18.371508,-79.476320,78.315420
271.335818,18.217414,-79.315497,78.138327
271.346058,18.383896,-79.361074,78.538426
271.407101,16.092752,-79.741632,76.111148
271.457975,14.952353,-79.760921,75.054374
271.519144,11.686745,-79.785250,71.748043
271.569992,8.962409,-79.947501,68.757902
271.620620,6.623202,-79.566287,66.267691
271.671721,4.826102,-79.690556,64.228715
271.681961,3.975711,-79.755600,63.509011
271.692202,3.282329,-79.744180,62.687715
271.702411,2.809661,-79.723081,62.078736
271.712459,2.300957,-79.684566,61.553125
271.722523,1.892560,-79.613498,61.108951
271.732764,1.625228,-79.584476,60.773719
271.743004,1.315243,-79.609331,60.511965
271.773725,0.782404,-79.577871,59.818879
271.824728,-1.806167,-79.725001,56.764842
271.875602,-2.303598,-79.301946,56.132086
271.906247,-3.032736,-79.463411,55.182799
271.966989,-5.080938,-79.588936,53.052029
272.028152,-6.910649,-79.787367,50.776142
272.089549,-6.820142,-79.753161,50.813343
272.099789,-6.894785,-79.801499,50.577397
272.110030,-6.720204,-79.835288,50.591665
272.130183,-7.125501,-79.887047,50.170434
272.140423,-7.041554,-79.811300,50.183456
272.150664,-7.333198,-79.821265,49.885437
272.171144,-8.147062,-79.819025,48.994419
272.242355,-8.571907,-79.643755,48.043858
272.303763,-9.600977,-79.365255,46.616492
272.374752,-9.589157,-79.026033,46.243342
272.436093,-10.727784,-79.181495,44.749828
272.497333,-12.299637,-79.214676,42.728615
272.507573,-12.292192,-79.174747,42.497980
272.517813,-12.094873,-79.099868,42.678430
272.528053,-11.882827,-79.030767,42.879668
272.538319,-11.980986,-79.065355,42.851753
272.548584,-12.053610,-79.104150,42.728670
272.558800,-12.276424,-79.154359,42.409328
272.609860,-13.608810,-79.062650,40.710776
272.671302,-14.235996,-79.135063,39.450858
272.681215,-14.458529,-79.181072,39.166282
272.752872,-15.086244,-79.266941,37.850812
272.783347,-14.970294,-79.042911,37.693502
272.844436,-15.089934,-78.884580,37.045870
272.895039,-16.086938,-78.835601,35.537368
272.905204,-16.177604,-78.747505,35.408589
272.915444,-16.064007,-78.698587,35.331674
272.925659,-16.313524,-78.707043,35.058190
272.945837,-16.544974,-78.749732,34.594997
272.956078,-16.115020,-78.694045,34.809479
272.966318,-15.767459,-78.619917,35.118586
272.996942,-15.913175,-78.580370,34.823009
273.047541,-15.723015,-78.398482,34.650475
273.098414,-16.165391,-78.562926,33.468193
273.159810,-16.193185,-78.655577,32.659554
273.241757,-15.314758,-78.714652,32.712225
273.302978,-15.473314,-78.966255,31.777411
273.313219,-15.470098,-78.928259,31.576617
273.323484,-15.108045,-78.852027,31.784883
273.333699,-14.548472,-78.804598,32.230601
273.354205,-14.211332,-79.048211,32.499717
273.364298,-14.302366,-79.119170,32.239845
273.404856,-12.578285,-79.028219,33.497205
273.445792,-10.446228,-79.063101,35.104806
273.506586,-8.294414,-79.178674,36.780435
273.567700,-4.880848,-79.282794,39.646345
273.639337,-0.210287,-79.188756,43.952674
273.710394,4.597835,-79.341738,48.471360
273.720635,5.347175,-79.250610,49.184923
273.730875,6.317201,-79.176926,50.090388
273.751028,6.989521,-79.198079,50.962080
273.761268,7.591655,-79.097750,51.470584
273.771508,8.448570,-79.052220,52.282585
273.802108,10.967100,-79.335612,54.922483
273.812173,11.389921,-79.425005,55.222961
273.883528,15.196438,-79.147433,59.013162
273.944949,18.644750,-79.109553,62.571076
274.016253,21.761695,-79.245105,65.930641
274.077654,23.217336,-79.103733,67.444437
274.098159,23.755311,-78.934058,67.934004
274.118640,24.458711,-78.869547,68.831143
274.139096,24.917360,-79.059487,69.309085
274.149336,24.959331,-78.949016,69.181606
274.159602,25.005662,-78.945539,69.252654
274.169518,25.103799,-78.986917,69.434419
274.230459,25.834659,-78.793206,70.154485
274.271352,25.872130,-78.706018,70.207603
274.332690,26.664548,-78.918342,70.977154
274.373349,26.672001,-78.854363,71.015362
274.434740,26.962580,-78.788780,71.405420
274.485674,26.771533,-78.757450,71.082885
274.516093,26.725328,-78.704673,71.069273
274.526308,26.388916,-78.658665,70.843412
274.536548,26.462356,-78.592173,70.795894
274.546796,26.684496,-78.668220,71.070727
274.567023,26.962030,-79.001554,71.423773
274.597568,27.273497,-78.727711,71.592226
274.628087,26.739262,-78.808765,71.175789
274.679268,27.232946,-78.863304,71.542366
274.740357,27.072350,-78.711093,71.482438
274.812065,27.147994,-78.893370,71.340438
274.883529,27.337871,-78.735614,71.813019
274.924321,26.904902,-78.667974,71.471304
274.934508,27.026372,-78.715820,71.606822
274.944748,27.450342,-78.876589,72.062970
274.954913,27.277937,-78.830540,71.804481
274.964876,27.167137,-78.738831,71.625817
274.985357,27.222076,-78.903670,71.874026
275.016053,26.812323,-78.615471,71.457494
275.087012,26.392478,-78.736051,71.042430
275.137961,26.111888,-78.643584,70.825626
275.168637,26.162418,-78.911464,70.888197
275.219763,25.319962,-78.994362,70.027423
275.290820,24.986318,-79.158682,69.507789
275.331530,24.979697,-79.093946,69.648996
275.341720,25.244623,-79.067568,69.763122
275.351960,25.408130,-79.132475,69.974462
275.362201,25.076918,-79.114682,69.724053
275.372466,24.913837,-79.135159,69.570722
275.433840,24.557694,-79.306071,69.377995
275.474651,24.488754,-79.052200,69.216461
275.535740,24.387255,-79.014661,69.178990
275.596830,23.978438,-79.100045,68.848225
275.658322,23.517012,-78.938115,68.349484
275.709384,23.245377,-79.001984,68.187254
275.719650,22.964587,-79.001410,67.979391
275.729890,23.099795,-78.991677,68.050343
275.740156,23.063194,-79.067424,68.059516
275.750371,22.845822,-79.136552,67.895359
275.760586,22.720489,-79.115502,67.692454
275.770852,22.429522,-79.083243,67.356874
275.781067,22.270243,-78.986705,67.261920
275.811788,21.425504,-79.045622,66.514821
275.873085,21.213883,-79.067691,66.331908
275.903453,20.459219,-79.090442,65.569488
275.964849,19.769327,-79.253267,64.965139
276.016051,18.823364,-79.176291,63.970910
276.077166,18.155037,-79.332606,63.264019
276.118096,16.843009,-79.152747,61.893255
276.128299,16.743223,-79.209089,61.826292
276.138564,16.316021,-79.316419,61.412697
276.148804,15.979065,-79.330168,60.965961
276.158818,15.849792,-79.287588,60.776430
276.168932,15.845627,-79.290621,60.809939
276.179173,15.747057,-79.380513,60.799236
276.220106,14.773573,-79.238172,59.676271
276.250809,13.916234,-79.246163,58.808851
276.301658,12.770438,-79.310490,57.655389
276.332404,12.265614,-79.622479,56.535631
276.373365,11.291222,-78.801293,56.121479
276.434563,10.864081,-79.091528,55.422043
276.516162,8.112052,-79.076160,52.335549
276.526176,8.230002,-78.968304,52.474260
276.536416,8.761358,-78.937794,52.958056
276.556896,8.798032,-79.163983,53.179617
276.567112,8.487895,-79.293394,52.813939
276.577354,7.696693,-79.390267,51.927162
276.587571,7.190518,-79.254749,51.263090
276.638772,7.499478,-79.097299,51.475441
276.679561,6.453362,-79.307451,50.219174
276.700067,5.963046,-79.335004,49.595735
276.751046,5.592909,-79.300825,49.006908
276.792007,5.318308,-79.037535,48.421731
276.853050,5.191532,-78.972717,47.955428
276.914189,3.754981,-79.092484,46.064196
276.934620,4.030203,-79.228282,46.389747
276.954862,3.798085,-79.101295,45.962682
276.964918,4.290705,-78.919974,46.384726
276.974982,4.980392,-78.873215,47.159458
276.985147,5.321891,-79.047979,47.675776
276.995387,5.278069,-79.199486,47.587536
277.056855,5.212256,-79.247939,47.231065
277.097489,4.888179,-79.335113,46.759137
277.148665,5.381996,-79.492132,46.813355
277.179059,6.027122,-79.446090,47.392483
277.250500,6.840379,-79.533127,47.799747
277.291185,7.234333,-79.320749,47.986665
277.332121,7.998655,-79.541685,48.455121
277.342361,8.312757,-79.470187,48.654771
277.362515,8.245760,-79.442941,48.668428
277.372755,8.416151,-79.395123,48.726252
277.382970,8.616177,-79.348575,48.917938
277.393210,8.806702,-79.330263,49.102595
277.434197,9.603185,-79.345932,49.790938
277.454433,10.381241,-79.227442,50.400321
277.505281,10.867632,-79.308441,50.810710
277.556211,11.925425,-79.218201,51.429371
277.616898,14.115787,-79.216773,53.659032
277.688534,16.271271,-79.300880,55.880701
277.739710,17.688626,-79.279051,57.107768
277.749933,18.089193,-79.382904,57.539638
277.760018,17.993572,-79.286762,57.386443
277.770283,18.012916,-79.159461,57.358501
277.780524,18.465323,-79.096541,57.795428
277.800652,19.465979,-79.241976,58.888088
277.831372,19.547575,-79.042945,58.806986
277.861922,20.611749,-78.957643,60.031530
277.902808,21.507617,-79.023629,61.006082
277.984331,22.825958,-78.880236,62.503587
278.045600,24.103531,-78.983058,63.877958
278.096423,25.133423,-78.943654,65.123798
278.137361,25.288325,-79.009593,65.407886
278.147578,25.208891,-78.951652,65.386835
278.157794,25.668097,-79.005529,65.910806
278.168034,26.063442,-79.053620,66.386679
278.178299,26.089851,-78.969896,66.400879
278.188564,25.994906,-78.919141,66.412750
278.198780,25.910606,-78.896437,66.374392
278.209020,26.026035,-78.840839,66.508209
278.280504,25.914422,-79.012496,66.717568
278.352186,24.241093,-78.746016,65.454160
278.382932,24.416304,-79.064057,65.791674
278.402891,23.664587,-79.149605,65.114666
278.463930,21.610046,-79.224443,63.031868
278.524924,19.067866,-79.271435,60.539272
278.545153,18.775594,-79.352380,60.316007
278.555393,17.895509,-79.379974,59.467001
278.565608,17.069486,-79.429342,58.552616
278.585787,16.437762,-79.392603,57.705707
278.596002,16.187895,-79.495595,57.509981
278.606242,15.511115,-79.577926,56.832997
278.626730,14.243975,-79.391435,55.320356
278.636892,14.157952,-79.306733,55.267650
278.677501,12.127723,-79.113507,53.110967
278.738748,10.767851,-79.332217,51.333653
278.810454,9.361987,-79.549028,49.773149
278.881888,7.313431,-79.395567,47.347865
278.953546,7.992855,-79.495356,47.748360
278.963811,7.867056,-79.567735,47.564809
278.974008,7.544326,-79.588677,47.142656
278.994387,6.738743,-79.723464,46.253990
279.004300,6.876760,-79.741646,46.209242
279.014516,7.048180,-79.756460,46.348212
279.045236,7.367496,-79.709045,46.655492
279.075942,8.101128,-79.877000,47.145070
279.086152,8.047417,-79.908992,47.114122
279.127114,7.927068,-79.731967,46.731608
279.177962,9.372192,-79.396981,48.291497
279.249603,8.844998,-79.351587,47.555267
279.290589,10.218014,-79.374380,48.457163
279.321285,9.586469,-79.295327,47.754159
279.372114,10.296473,-78.790412,48.687272
279.382328,10.774750,-78.767299,48.999767
279.402507,11.805595,-78.659115,50.032550
279.412747,12.011417,-78.578731,50.329325
279.423013,11.965154,-78.613483,50.388686
279.453412,10.982615,-78.850354,49.236235
279.494021,11.582263,-78.832650,49.504272
279.514502,11.720170,-78.843660,49.817665
279.555442,12.447496,-79.396571,49.991900
279.565708,12.334599,-79.320326,49.820749
279.627100,12.404180,-78.893070,50.150674
279.687968,12.438910,-79.155035,49.944389
279.749083,12.619477,-78.957868,49.921907
279.769538,13.762727,-78.919107,50.920600
279.779803,14.152369,-78.964131,51.326502
279.790018,14.168582,-79.036477,51.423794
279.800259,14.165782,-79.092300,51.313732
279.810524,14.130738,-79.124818,51.172604
279.820731,14.055718,-79.124798,51.057423
279.861434,14.214296,-78.665406,51.200932
279.871674,14.545933,-78.578089,51.593381
279.932943,15.172845,-78.188338,52.333831
279.994058,16.097549,-78.819242,52.752208
280.065645,17.254750,-78.346259,54.218639
280.127112,17.216262,-78.212906,54.282624
280.178170,17.405327,-78.543822,54.134881
280.188410,17.674573,-78.477951,54.361629
280.198675,17.743976,-78.419915,54.554746
280.208890,17.770766,-78.395880,54.680763
280.219131,17.879606,-78.400770,54.840528
280.229371,18.235606,-78.521016,55.176198
280.280220,19.282544,-78.543084,55.662002
280.321181,19.775631,-78.749014,56.891326
280.392847,19.331297,-79.053081,55.835140
280.464131,20.705794,-78.708791,57.165077
280.535340,22.430835,-79.194056,58.921009
280.565583,21.366222,-78.645790,58.172653
280.575823,21.089029,-78.517717,58.104508
280.586063,21.232596,-78.349168,58.280297
280.596329,21.547676,-78.372528,58.651435
280.606544,21.735658,-78.564852,58.925777
280.627024,21.772423,-78.847349,58.682595
280.637244,22.310603,-78.883958,59.216149
280.657725,22.898938,-79.287445,59.740598
280.688371,21.910651,-79.177233,58.584117
280.759553,22.640796,-78.524322,59.609725
280.810780,20.819340,-78.830096,57.972965
280.861654,21.733220,-79.483690,58.391793
280.923120,19.770404,-78.356477,56.971871
280.973994,21.065130,-78.588389,58.693284
280.984260,20.593973,-79.038450,57.913515
280.994468,19.705022,-79.403087,56.700064
281.004604,18.669164,-79.559143,55.403346
281.014719,17.731921,-79.610049,54.290162
281.024959,17.308941,-79.469142,53.729219
281.034847,17.654075,-79.378273,54.069762
281.045113,17.582649,-79.335741,54.147189
281.086024,17.911753,-78.656479,54.788772
281.147470,18.394823,-79.647574,54.718838
281.178166,17.794934,-79.231437,54.005326
281.218477,16.765621,-80.301967,52.557124
281.248847,17.735046,-79.214799,53.252758
281.310314,18.877248,-79.215223,54.763839
281.360915,17.987481,-79.143656,53.667088
281.391661,18.019099,-79.350051,53.544213
281.401876,18.077272,-79.414514,53.446565
281.412132,18.209433,-79.133199,53.431672
281.422336,18.596250,-78.698888,53.901678
281.432577,18.931126,-78.397649,54.581845
281.442842,19.139954,-78.334634,55.018185
281.463323,20.099338,-78.554716,55.821692
281.494019,20.579307,-78.394049,55.980449
281.524412,21.573252,-78.814331,57.344158
281.595901,22.341048,-78.508455,57.574759
281.646852,25.131734,-78.728742,60.940389
281.718135,25.611918,-78.596974,61.327790
281.789842,28.194662,-77.938025,64.440301
281.800108,28.753792,-77.997673,65.258858
281.810323,28.962703,-78.124462,65.576892
281.820538,28.879262,-78.201479,65.443068
281.830804,29.037214,-78.153784,65.493612
281.841019,29.174436,-78.059254,65.717963
281.892221,29.343206,-78.136032,66.222871
281.933065,30.364316,-78.440310,67.111301
281.984016,31.351316,-78.072894,68.881522
282.024916,29.640637,-77.778130,67.548788
282.075780,29.436855,-78.297477,67.393142
282.137049,27.604493,-78.657661,65.914665
282.187873,27.496248,-79.251894,65.552023
282.198138,27.628684,-79.182035,65.842238
282.208353,27.633532,-79.164420,65.986102
282.218590,27.218823,-79.124511,65.677323
282.228813,26.409007,-79.100516,64.917752
282.239029,25.642255,-79.027625,64.170624
282.249269,25.461400,-78.975237,63.893121
282.300422,23.307507,-78.874519,61.707385
282.351172,20.809228,-79.331793,58.856662
282.392083,20.967518,-79.090121,59.187817
282.452875,18.799493,-78.982395,57.081380
282.513990,19.069304,-78.855511,57.485549
282.564920,17.117202,-79.023772,55.391615
282.605881,16.959133,-78.947602,55.218671
282.616147,17.378325,-79.076392,55.766647
282.626362,17.376068,-79.183660,55.800064
282.636603,17.259673,-79.241259,55.658071
282.646843,17.162819,-79.336219,55.341758
282.687855,17.063271,-79.581457,55.208651
282.728242,16.530967,-79.485240,54.650925
282.738508,16.377650,-79.464470,54.325378
282.810144,16.408484,-79.178599,54.358108
282.871585,15.624420,-79.056790,53.674307
282.943268,15.438879,-78.771158,53.412195
282.994274,15.931527,-79.026750,53.987205
283.014754,15.816879,-78.752826,53.893375
283.025020,15.762936,-78.673698,53.930586
283.035127,15.588983,-78.696360,53.895810
283.045302,15.691192,-78.845300,54.011729
283.055542,15.557801,-78.967055,53.846090
283.085936,15.930339,-79.088133,54.034395
283.116656,15.683291,-79.254530,53.969361
283.126898,15.667469,-79.175252,53.848242
283.167787,15.300935,-79.234730,53.437689
283.228926,14.937842,-79.496968,53.028482
283.300557,14.060314,-79.088673,52.127464
283.371167,12.743930,-79.072991,50.631742
283.401737,12.356730,-78.951898,50.315955
283.422243,12.508610,-78.961078,50.435319
283.432458,12.494691,-78.899750,50.439543
283.442695,12.462735,-78.824864,50.412605
283.452917,12.717391,-78.843647,50.730725
283.504144,11.551668,-79.020057,49.512086
283.555147,11.116468,-78.921784,49.086527
283.595756,10.708397,-78.916101,48.650222
283.656926,9.844295,-79.413250,47.679737
283.718065,9.413823,-79.388334,47.190026
283.758956,9.250563,-79.074179,47.131655
283.799867,8.607083,-79.026211,46.341392
283.810089,8.439275,-78.891239,46.118820
283.820174,8.287036,-78.844371,46.118414
283.830440,8.123632,-78.959849,45.996048
283.840680,7.846452,-79.069118,45.735172
283.850693,7.652488,-79.098529,45.387324
283.860808,7.619011,-79.118685,45.297237
283.871048,7.826745,-79.217613,45.395186
283.881263,7.840705,-79.247721,45.415748
283.942685,6.729977,-79.056298,44.302540
283.963191,6.272716,-79.126212,43.894552
284.014170,5.868602,-79.044420,43.408465
284.095694,4.581762,-79.262761,41.865173
284.157136,3.746559,-79.093440,40.990079
284.208010,2.917448,-78.989171,40.039754
284.218250,2.632519,-79.057363,39.738526
284.228491,2.502730,-78.977785,39.544511
284.238756,2.437403,-78.871159,39.446788
284.249021,2.638565,-78.828566,39.631804
284.259195,2.781204,-78.949836,39.746513
284.269310,2.392047,-79.054699,39.433431
284.340691,0.841654,-78.738373,37.672021
284.350932,0.591049,-78.732151,37.348038
284.371437,0.311681,-78.757627,36.974526
284.381703,0.124545,-78.676690,36.758876
284.453167,-1.061615,-78.526760,35.338156
284.524471,-2.306164,-78.634117,33.850295
284.575628,-3.280855,-78.449586,32.590722
284.616524,-4.041083,-78.515265,31.559333
284.626657,-4.056477,-78.414041,31.543340
284.636872,-4.042090,-78.347761,31.531336
284.657051,-4.335697,-78.269398,31.151175
284.667291,-4.652661,-78.213890,30.807165
284.677557,-5.048244,-78.238997,30.347729
284.708227,-5.746620,-78.531227,29.286571
284.718492,-6.311701,-78.493142,28.630910
284.790159,-6.531467,-78.061085,27.874052
284.861263,-7.134657,-78.223356,26.597610
284.922353,-7.483088,-78.299909,25.737053
284.983794,-7.519801,-77.896846,25.281669
285.024654,-7.207818,-78.178099,25.198533
285.034668,-7.127426,-78.151393,25.225407
285.044933,-6.757062,-78.018020,25.581601
285.065389,-6.373611,-78.072498,26.054962
285.075629,-6.365198,-78.261100,25.980981
285.116004,-6.718054,-78.123629,25.108563
285.156413,-6.215546,-78.170866,25.460853
285.176868,-5.915504,-78.151906,25.731121
285.248104,-5.246727,-78.331020,25.914206
285.319484,-4.755781,-78.436035,26.028664
285.391096,-4.404865,-78.628660,25.523739
285.421719,-3.458160,-78.543583,26.361960
285.431861,-2.978705,-78.670235,26.710315
285.442101,-2.723983,-78.726509,26.857728
285.462607,-2.554947,-78.658788,26.851577
285.472847,-2.390477,-78.623967,26.959802
285.483062,-2.257262,-78.642907,27.091315
285.513758,-1.502309,-79.012796,27.438016
285.544152,-0.410098,-78.918034,28.409868
285.605402,1.135841,-79.033048,29.469452
285.676731,4.428351,-79.000481,32.427795
285.737902,7.062370,-78.905166,35.046305
285.799369,9.019664,-79.534404,36.587589
285.819497,9.729273,-79.323495,37.154071
285.829763,10.344630,-79.261641,37.889993
285.839953,10.864341,-79.324308,38.508531
285.850193,11.218750,-79.376565,38.799422
285.870699,12.447316,-79.217197,39.830805
285.880906,13.545968,-79.042835,40.997838
285.941786,16.367064,-78.912085,43.913171
285.952002,17.030360,-79.060491,44.691065
285.972482,17.690513,-79.344860,45.233570
286.013022,19.769846,-78.881281,47.446466
286.053758,21.260687,-78.759888,49.079175
286.125088,24.332851,-78.710970,52.479564
286.186504,26.220649,-78.668083,54.695427
286.237312,26.865005,-78.630777,55.494143
286.247376,26.843106,-78.535387,55.550707
286.257591,26.393029,-78.381304,55.210635
286.267831,26.367262,-78.320721,55.186409
286.278096,26.457240,-78.322729,55.379850
286.288312,27.220513,-78.542142,56.233839
286.308672,27.394080,-78.787038,56.226974
286.318737,26.974662,-78.676409,55.797482
286.389941,26.728945,-78.659969,55.953555
286.461175,26.284277,-78.878344,55.686853
286.532836,25.014805,-78.594693,54.517706
286.614386,23.710821,-78.941674,53.355921
286.644580,23.275697,-79.007284,52.829451
286.654695,23.094599,-79.142372,52.702071
286.664936,22.453665,-79.191119,52.054869
286.685466,22.011750,-78.968967,51.458355
286.695681,22.304471,-78.993194,51.926937
286.726402,21.705725,-79.177711,51.261075
286.767389,20.673792,-79.290471,50.347469
286.787888,20.149572,-79.193489,49.637874
286.858980,18.662756,-79.424909,48.069089
286.910181,16.900625,-79.347892,46.402926
286.951168,15.906042,-79.366327,45.305628
287.012392,14.447652,-79.295457,43.841130
287.043087,13.973262,-79.632684,43.252473
287.053353,13.864829,-79.500301,43.048797
287.063568,13.574369,-79.402288,42.810687
287.073809,13.369629,-79.350071,42.610753
287.094289,13.163351,-79.415204,42.440654
287.104555,12.513067,-79.400362,41.846663
287.155361,11.425597,-79.469408,40.516921
287.196121,10.756756,-79.433679,40.004896
287.257200,8.946668,-79.631734,37.748181
287.318406,7.908617,-79.290785,36.636001
287.379874,6.680789,-79.251272,35.061567
287.440988,4.767759,-79.284283,32.902049
287.451203,4.592712,-79.473800,32.712781
287.461444,4.102048,-79.492412,32.120351
287.471684,3.686734,-79.364271,31.530971
287.481949,3.828432,-79.264557,31.516262
287.492164,4.046182,-79.374359,31.753293
287.502430,3.880288,-79.535217,31.657937
287.553214,3.613919,-79.354340,31.102414
287.583984,2.884278,-79.136409,30.148134
287.594200,2.958869,-79.114395,30.249094
287.604397,2.647487,-79.203017,30.076400
287.685537,1.730791,-79.370883,28.547769
287.746707,1.577513,-79.351178,28.118458
287.818037,1.656726,-79.437183,27.926528
287.848783,1.339572,-79.383942,27.286239
287.859049,1.358502,-79.442811,27.302727
287.869264,1.186031,-79.592263,27.174498
287.879479,1.132443,-79.637902,26.911442
287.889719,1.304846,-79.595971,26.967171
287.899984,1.581373,-79.551739,27.192598
287.940702,1.458829,-79.444375,26.974826
287.960830,1.907578,-79.530832,27.277491
288.022247,2.395237,-79.561213,27.600972
288.093601,2.609140,-79.501278,27.312496
288.164956,3.459194,-79.534254,27.847651
288.236123,4.419380,-79.714988,28.417466
288.256604,5.158005,-79.682141,29.017161
288.266844,5.479846,-79.760326,29.346840
288.277084,5.550473,-79.807420,29.377303
288.287299,5.797124,-79.859815,29.529029
288.297559,5.983308,-79.856536,29.597300
288.338480,6.654830,-79.847234,30.091484
288.358936,7.721349,-79.934749,31.141039
288.399749,8.784020,-79.852063,32.062113
288.450597,10.264031,-79.860573,33.445855
288.501527,12.708574,-79.913712,35.822170
288.572882,15.300546,-79.748975,38.557487
288.603556,15.637360,-79.885414,38.857749
288.664999,17.921510,-79.954843,41.183179
288.675106,18.478887,-79.960717,41.797848
288.685281,18.681228,-79.967028,42.110555
288.695521,18.699726,-80.009847,42.102492
288.705736,18.753490,-80.053253,42.142919
288.746395,19.759869,-80.008788,43.238577
288.756635,20.199303,-79.985511,43.626659
288.787286,20.695209,-80.095292,44.146494
288.818032,20.313155,-79.879096,43.822275
288.868906,20.856886,-79.973223,44.356676
288.879121,20.988937,-80.101453,44.615390
288.940536,20.799989,-79.799914,44.574839
289.001232,19.887993,-79.790898,43.593628
289.072843,19.196554,-79.713362,42.914338
289.083083,18.935632,-79.652157,42.617146
289.093323,18.790960,-79.771822,42.522514
289.103589,18.362912,-79.788583,42.115056
289.113804,18.084531,-79.716920,41.753650
289.124044,17.926202,-79.721210,41.601371
289.154567,17.641617,-79.848729,41.225850
289.205769,16.251831,-79.823027,39.879617
289.256946,15.822191,-79.881234,39.406776
289.328130,14.202398,-79.815337,37.726014
289.389567,13.293852,-80.042406,36.657782
289.461208,12.179283,-79.909709,35.440626
289.481714,12.010214,-79.972144,35.283641
289.491980,11.767989,-80.000189,35.001359
289.502195,11.557835,-80.039859,34.748529
289.512435,11.258967,-80.038260,34.409154
289.522676,10.941563,-80.034688,34.041796
289.553255,10.941026,-79.942296,33.940142
289.583948,11.018388,-79.867232,34.096513
289.604429,10.987802,-79.708239,34.013765
289.655278,9.309638,-79.943649,32.181731
289.706529,8.756221,-79.812167,31.621392
289.767527,8.183976,-79.862205,30.744365
289.828949,6.826159,-79.803425,29.542050
289.869911,6.412543,-79.849542,28.825400
289.880151,6.256692,-79.965676,28.759878
289.890417,5.810630,-79.975436,28.304562
289.900657,5.485239,-79.878359,27.815968
289.910670,5.348309,-79.799996,27.661004
289.920785,5.185413,-79.779690,27.561096
289.941240,4.929205,-79.927837,27.209264
289.961746,5.022296,-79.789198,27.139787
289.982211,4.714496,-79.837555,27.021596
290.053668,3.658203,-79.702905,25.689479
290.125022,1.652525,-79.627944,23.455534
290.186198,1.705105,-79.602911,23.315407
290.227135,0.309256,-79.517909,21.769780
290.267926,-0.221266,-79.495165,20.871863
290.278090,-0.731171,-79.543905,20.360719
290.288054,-0.834541,-79.496442,20.072878
290.298319,-1.011601,-79.433440,19.804244
290.308534,-1.436410,-79.458029,19.428060
290.318800,-1.481115,-79.507404,19.135043
290.369768,-1.421075,-79.299391,19.101305
290.399952,-2.033302,-79.410259,18.053109
290.420307,-2.558943,-79.518722,17.400279
290.471181,-3.127102,-79.388504,16.568302
290.521989,-2.701728,-79.352865,16.565200
290.593243,-1.869853,-79.116151,17.065236
290.664907,-0.670695,-79.183893,18.050320
290.675123,-0.387118,-79.058531,18.246410
290.685363,-0.090426,-79.019360,18.557697
290.705674,0.683883,-79.026122,19.309495
290.715739,0.895397,-79.053839,19.491668
290.725803,0.935762,-79.050813,19.516127
290.786792,2.202801,-78.779067,20.546471
290.797058,2.235740,-78.897127,20.604126
290.868741,2.173584,-78.900535,20.107121
290.919943,3.660293,-78.920117,21.536427
290.981202,4.720169,-78.594761,22.511369
291.042618,4.863898,-78.734944,22.473243
291.073145,5.879183,-78.542606,23.329640
291.083385,6.361229,-78.502766,23.895921
291.093650,6.585002,-78.534355,24.182915
291.114131,6.502087,-78.532258,24.006500
291.124346,6.511242,-78.460391,23.978265
291.134587,6.633088,-78.463615,24.064951
291.144827,6.554775,-78.516863,24.049461
291.216157,6.456862,-78.494993,23.659468
291.256905,6.225033,-78.452571,23.231753
291.297513,6.713702,-78.428521,23.620165
291.348623,6.020235,-78.359639,22.843151
291.419376,5.214097,-78.330378,21.560332
291.480675,4.784116,-78.256551,21.001367
291.490790,4.734158,-78.243355,20.850892
291.501030,4.967306,-78.163141,20.965450
291.511296,4.865074,-78.197934,20.903183
291.521562,4.664520,-78.285046,20.684434
291.531777,4.446254,-78.357829,20.333671
291.541992,3.988611,-78.384596,19.734121
291.603063,3.004048,-78.137275,18.264616
291.644024,3.197201,-78.168366,18.252740
291.715511,2.393033,-78.079027,17.012497
291.776904,2.195944,-78.129421,16.314487
291.848118,3.171863,-78.099026,16.827424
291.878888,3.402843,-78.204034,16.925118
291.889104,3.214056,-78.329955,16.658094
291.899319,3.358581,-78.347543,16.636362
291.909573,3.523372,-78.436526,16.688789
291.919756,3.797747,-78.409151,16.856251
291.930022,3.808024,-78.356183,16.915489
291.940288,3.771683,-78.359858,16.784164
291.970933,4.406830,-78.451478,17.134878
292.021763,5.281901,-78.557537,17.737808
292.083054,6.332248,-78.306609,18.433062
292.154518,8.834618,-78.559654,20.459849
292.205348,9.816197,-78.409814,21.229317
292.277006,12.996563,-78.326868,24.248357
292.287104,13.109883,-78.315577,24.338961
292.297290,13.256114,-78.346682,24.433376
292.307455,13.483961,-78.428679,24.567234
292.317418,13.947881,-78.462864,24.895725
292.337899,14.475703,-78.454790,25.421411
292.378849,16.423618,-78.468212,27.256913
292.419802,18.450822,-78.506672,29.027020
292.481049,20.813690,-78.506331,31.286836
292.552378,24.217073,-78.731591,34.578847
292.613827,27.083119,-78.348267,37.585442
292.675244,29.700094,-78.256824,40.334869
292.685484,30.164677,-78.338786,40.802191
292.695750,30.628733,-78.396372,41.095910
292.705940,31.068485,-78.415544,41.483154
292.716180,31.472583,-78.376489,41.949622
292.726420,32.167152,-78.392690,42.660634
292.736686,32.490110,-78.374863,43.075186
292.746927,32.664980,-78.258299,43.242095
292.777647,33.712379,-78.062355,44.479445
292.818245,35.373751,-77.872653,46.081490
292.869069,35.326678,-77.361134,46.445515
292.940306,38.102347,-77.339830,49.540100
293.001396,38.178247,-77.012773,49.736584
293.072181,39.752825,-76.670916,51.932893
293.092410,40.412030,-76.936357,52.828808
293.102575,40.717848,-77.048912,53.011175
293.112790,40.903554,-77.179649,53.149172
293.123031,40.934369,-77.210897,53.177162
293.133271,40.719225,-77.124727,52.947135
293.153751,40.726724,-77.027417,53.185631
293.194669,42.185533,-77.459201,54.486451
293.235655,40.706182,-76.752236,53.570195
293.296123,40.776861,-76.807834,54.001456
293.337059,40.343725,-77.005451,53.792593
293.388039,39.241998,-76.619717,52.745839
293.449129,38.884441,-76.861027,52.849111
293.499935,37.436482,-76.814882,51.739175
293.510125,37.175115,-76.844826,51.639724
293.520340,37.780010,-77.162006,52.276017
293.530606,38.594459,-77.555425,52.861959
293.540821,38.740860,-77.745345,52.748301
293.551061,37.797314,-77.612560,51.764016
293.612356,35.475504,-77.089278,49.931480
293.653318,35.884680,-77.769340,50.414439
293.663465,35.452845,-77.949274,49.960132
293.694083,34.586401,-78.157083,48.909052
293.755328,33.813118,-78.181549,48.156508
293.837101,31.674114,-77.968590,45.889732
293.887677,31.413949,-78.326676,45.776915
293.897943,30.998072,-78.412395,45.149074
293.908183,30.681982,-78.396256,44.696153
293.918423,30.797425,-78.160723,44.763748
293.928638,30.764480,-77.887960,44.918879
293.938893,30.948103,-77.641738,45.435040
293.949100,30.764897,-77.516070,45.578266
294.000301,31.428907,-77.870406,46.469069
294.041091,30.954059,-78.383695,45.804997
294.081699,31.009592,-78.337653,46.024970
294.132900,31.518229,-78.592275,46.615440
294.204230,30.641345,-78.578710,45.378121
294.275647,31.010753,-78.671225,46.000395
294.285863,30.851664,-78.687126,45.803590
294.306343,30.343051,-78.412532,45.350687
294.316583,30.505066,-78.364871,45.599361
294.326597,30.746844,-78.340070,45.909335
294.336711,30.482018,-78.260751,45.665590
294.346952,30.542820,-78.271700,45.752965
294.357217,30.983340,-78.324634,46.059118
294.398162,31.009909,-78.265833,46.261582
294.438898,30.159380,-77.681777,45.508355
294.449114,30.154889,-77.503741,45.785316
294.469594,31.032510,-77.648077,46.744073
294.530438,31.299632,-78.020855,47.063784
294.581286,31.703501,-77.980113,47.660022
294.642482,31.948107,-78.287130,47.799306
294.713837,33.608018,-78.849398,49.433033
294.724019,33.428329,-78.770051,49.019424
294.734248,33.147154,-78.480943,48.720289
294.744514,32.481139,-78.281092,48.326638
294.754704,32.328672,-78.268319,48.392184
294.764944,32.205028,-78.238246,48.252513
294.795690,32.880336,-78.125787,48.621849
294.836101,32.368444,-77.873808,48.576462
294.887278,32.743107,-77.491249,49.015965
294.928244,33.710047,-77.587623,50.567797
294.979471,32.766193,-77.005117,49.743226
295.051128,33.167491,-77.650071,50.290232
295.102161,32.685064,-77.480184,50.025303
295.122641,32.689343,-77.537277,50.173566
295.132882,33.204849,-77.557932,50.674058
295.142999,33.087055,-77.499718,50.582376
295.153165,33.195170,-77.598175,50.908258
295.163406,32.879834,-77.652899,50.519293
295.204367,32.266702,-77.433356,50.040862
295.224848,31.949354,-77.189211,50.119440
295.276050,32.305562,-77.748870,50.656358
295.336921,32.518445,-77.809884,50.730369
295.387770,31.654327,-77.409724,50.434144
295.448941,31.081800,-77.600129,50.068633
295.510055,29.961236,-77.858904,48.977384
295.530490,31.480035,-78.002721,50.721815
295.540731,31.223073,-77.957409,50.411967
295.550997,30.253602,-77.681934,49.471501
295.561187,29.651279,-77.457986,49.025582
295.571427,29.332223,-77.282368,48.974792
295.581667,29.406850,-77.330254,49.296877
295.612265,29.612784,-77.648971,49.482395
295.663417,27.908599,-78.020691,48.068491
295.724506,26.695229,-77.655166,47.161275
295.806211,23.922901,-78.223827,44.392876
295.877541,22.305113,-78.018976,43.116840
295.918155,21.084266,-78.515367,41.455184
295.928118,20.851321,-78.337776,41.175625
295.938384,20.564769,-78.220467,41.070016
295.948624,20.437762,-78.243123,41.140357
295.958889,19.854236,-78.179684,40.570774
295.969104,19.660781,-78.232515,40.355227
295.979319,19.279647,-78.179431,39.840032
296.029948,18.830029,-78.252193,39.666269
296.100776,17.993717,-78.254570,38.902350
296.162172,17.601058,-78.106464,38.752902
296.213349,16.360400,-78.302668,37.435123
296.254137,16.692902,-78.060354,37.770167
296.304986,15.690447,-78.319628,36.669486
296.315227,15.719841,-78.309983,36.694443
296.325483,15.953949,-78.363635,36.989323
296.345727,15.655518,-78.364987,36.691438
296.355942,15.406769,-78.314211,36.426567
296.366182,15.490919,-78.127781,36.498837
296.376448,15.465184,-78.117522,36.562559
296.386663,15.255395,-78.096957,36.438923
296.417384,15.009920,-78.313269,36.095682
296.468212,14.522104,-78.581524,35.409470
296.478452,14.470623,-78.434607,35.372255
296.539697,14.781967,-78.415626,35.854262
296.570418,14.712736,-78.500081,35.679908
296.601114,14.590980,-78.597459,35.512687
296.672796,15.063670,-78.403031,35.801065
296.723475,15.374795,-78.490232,36.215152
296.733740,15.448583,-78.392793,36.215664
296.743956,15.728894,-78.348622,36.523907
296.754221,15.965386,-78.380150,36.823360
296.764436,15.923452,-78.412600,36.860134
296.774686,15.723582,-78.322879,36.599251
296.784896,15.567780,-78.334681,36.482813
296.836097,15.759859,-78.503128,36.481208
296.856578,15.908836,-78.427825,36.590642
296.927958,17.024641,-78.468738,37.797396
296.999572,18.008139,-78.220194,38.847510
297.060615,18.473012,-78.366968,39.208865
297.121705,19.580809,-78.370021,40.354267
297.131945,19.655464,-78.308044,40.533447
297.142185,20.086010,-78.255096,41.081604
297.162338,21.100789,-78.385102,42.156078
297.172579,21.354361,-78.405135,42.464413
297.182819,21.204368,-78.268456,42.269971
297.193059,21.620204,-78.177232,42.716304
297.234045,21.872448,-78.455576,42.965780
297.254526,21.956516,-78.444026,43.157677
297.315854,22.997293,-78.224278,44.434226
297.376943,23.820840,-78.267616,45.467395
297.438364,23.870618,-78.219914,45.718254
297.489342,24.872004,-78.150710,47.134442
297.540544,26.240332,-78.474974,48.770576
297.550784,25.777624,-78.290661,48.313377
297.571290,25.937903,-78.209443,48.792464
297.581556,25.909539,-78.279896,48.883538
297.591771,25.951587,-78.474072,48.990256
297.642802,25.900366,-78.442885,49.274634
297.653042,25.588303,-78.506604,48.944504
297.683386,24.869699,-78.365055,48.367824
297.714157,25.519337,-78.828723,49.110710
297.775326,23.109272,-78.569319,47.213826
297.836545,21.452412,-79.035384,45.936215
297.897459,18.227147,-78.601168,43.078058
297.938400,17.762235,-79.276298,42.634061
297.948513,17.793560,-79.243144,42.559660
297.958628,18.497366,-79.278149,43.362125
297.968868,18.496289,-79.442770,43.616587
297.979134,17.210185,-79.739829,42.505848
297.989047,16.007995,-79.696983,40.910163
297.999262,15.353902,-79.359872,40.106441
298.060482,10.549479,-78.699946,35.728050
298.100966,8.429010,-79.228753,33.733625
298.111231,7.239398,-79.146251,32.296191
298.121144,6.707112,-79.031197,31.698648
298.182514,2.286975,-78.853318,27.080051
298.243956,-0.551158,-78.963291,23.810663
298.305200,-4.759416,-78.483969,19.244051
298.356402,-7.782240,-78.882948,15.787595
298.366617,-8.393477,-78.922856,14.791599
298.376883,-8.734526,-78.860510,14.297445
298.397363,-9.035889,-78.639281,13.914933
298.407628,-9.362562,-78.673227,13.557818
298.427914,-10.585088,-78.678377,12.153755
298.468522,-10.975861,-78.553698,11.359628
298.509497,-11.568648,-78.258245,10.492593
298.539806,-12.286938,-78.181187,9.543760
298.580517,-13.085608,-78.489652,8.297481
298.631718,-12.688976,-78.025178,8.640787
298.682617,-13.010085,-78.105822,7.868802
298.723553,-12.663992,-77.885597,8.206152
298.763818,-13.534994,-77.952006,6.949056
298.774058,-13.616702,-77.990126,6.726918
298.794564,-14.194958,-78.371749,5.939310
298.804829,-14.404659,-78.322428,5.564012
298.855653,-13.721427,-77.975195,5.875494
298.906854,-13.417960,-78.088351,5.910685
298.947571,-14.456514,-78.614104,4.355589
299.009038,-14.588466,-78.396017,4.039208
299.090608,-14.996121,-78.252446,2.871728
299.131525,-14.309864,-78.300073,3.626347
299.152006,-13.729297,-78.192675,4.036926
299.162221,-13.541168,-78.246306,4.274478
299.172461,-13.622545,-78.278489,4.214932
299.182677,-14.101725,-78.301760,3.733137
299.192743,-14.288785,-78.198788,3.433076
299.202808,-14.420155,-78.175149,3.189627
299.213048,-14.372414,-78.154419,3.213322
299.284403,-15.269778,-78.144392,1.911953
299.334905,-16.588632,-78.078051,0.011258
299.395994,-16.260695,-77.662550,0.205715
299.457365,-18.252410,-77.782488,-2.296602
299.528647,-19.096191,-77.368585,-3.441863
299.569281,-20.632963,-77.624472,-5.677762
299.579521,-21.102563,-77.645058,-6.244994
299.589762,-21.498534,-77.660357,-6.704706
299.620454,-21.446451,-77.115609,-6.762171
299.630551,-21.310921,-77.201799,-6.745132
299.671236,-22.821151,-77.073146,-8.805390
299.701478,-22.891085,-76.856130,-9.000580
299.732073,-24.547485,-76.929274,-11.098343
299.782827,-25.942855,-76.495817,-13.390360
299.803333,-25.276218,-76.207139,-12.905083
299.874615,-26.115430,-75.806016,-14.489978
299.894870,-27.471099,-75.988416,-16.329664
299.915275,-27.994895,-75.752508,-17.472681
299.986680,-27.914614,-75.245756,-18.351545
300.006833,-27.645664,-75.102814,-18.309666
300.017073,-28.145203,-75.302918,-19.021307
300.027339,-28.643778,-75.452895,-19.814707
300.057984,-28.225885,-75.467368,-20.021801
300.098996,-30.064136,-75.335088,-22.829801
300.160347,-27.836637,-75.378555,-21.578333
300.231676,-27.709714,-75.912915,-22.813310
300.303312,-24.168462,-75.565695,-19.897661
300.364003,-23.132681,-76.337807,-19.924347
300.374168,-23.325021,-76.519149,-20.277264
300.384282,-23.074973,-76.532160,-20.175919
300.394296,-22.731336,-76.449966,-19.984801
300.404536,-23.061956,-76.605940,-20.354662
300.425067,-21.944752,-76.257607,-19.690667
300.435257,-20.549768,-76.023612,-18.203593
300.486035,-18.118392,-76.906345,-16.144947
300.496251,-17.442654,-76.503084,-15.785768
300.506491,-16.537295,-76.387476,-14.746168
300.577821,-14.604189,-77.382895,-13.513744
300.659415,-9.948036,-77.773711,-9.627320
300.730102,-7.207410,-77.926462,-6.954368
300.781103,-4.956222,-78.330037,-5.072448
300.791343,-4.528550,-78.327407,-4.640982
300.801608,-4.340596,-78.336082,-4.445407
300.821938,-4.143203,-78.229080,-4.446858
300.832157,-4.001442,-78.240705,-4.320050
300.893296,-1.583349,-78.514049,-2.041576
300.923992,-1.720596,-78.464810,-2.694606
300.964953,-0.713098,-78.343690,-1.891305
301.046549,0.642688,-78.369597,-1.111075
301.107525,1.507099,-78.205085,-0.563974
301.179183,1.477437,-78.481025,-1.240140
301.189398,1.728897,-78.422415,-1.097676
301.199512,2.109254,-78.429273,-0.825852
301.209476,2.198356,-78.365431,-0.704837
301.219741,2.297555,-78.428016,-0.588982
301.230006,2.428125,-78.465835,-0.579326
301.240272,2.580081,-78.440003,-0.514631
301.250487,2.786948,-78.327032,-0.359286
301.260703,3.185595,-78.273210,0.018829
301.301714,3.567373,-78.121737,0.244458
301.342625,3.293864,-78.555816,-0.352846
301.404067,3.548803,-78.520654,-0.696249
301.485604,4.982967,-78.488265,0.647115
301.546647,4.466043,-78.957301,-0.792141
301.587634,5.392001,-78.943258,0.040791
301.597849,5.445884,-78.822535,-0.050739
301.608089,5.396998,-78.866487,-0.223692
301.618305,5.449860,-79.014716,-0.180011
301.628372,5.709288,-79.234661,-0.165869
301.638638,5.468163,-79.357523,-0.520115
301.700080,6.072377,-79.219601,-0.401837
301.750904,7.829024,-78.810670,1.320221
301.781649,8.310953,-78.928594,1.401032
301.812128,8.215089,-79.635853,0.931472
301.832634,8.032119,-79.679491,0.302087
301.904119,10.723623,-78.801996,3.017610
301.975827,11.543120,-78.742710,3.577210
301.995955,12.544669,-78.732444,4.428259
302.006195,12.731332,-78.854643,4.788901
302.016435,12.484070,-78.907878,4.443198
302.026701,12.884115,-78.921040,4.684009
302.047181,14.350588,-78.884792,6.241508
302.057421,13.984662,-79.084527,5.924513
302.108245,16.307473,-78.885871,7.871304
302.128776,17.700285,-78.691361,9.404294
302.138991,17.817399,-78.595902,9.685574
302.200458,16.650270,-78.894771,8.121615
302.282248,19.934877,-79.147959,11.256433
302.343665,20.820484,-78.834556,12.148619
302.404661,21.330800,-78.759710,12.455914
302.414876,21.540357,-78.734773,12.726610
302.425116,21.762876,-78.845621,12.932395
302.435382,21.852649,-78.875332,12.892990
302.445597,22.409521,-78.884027,13.408333
302.496824,22.637725,-78.872750,13.440869
302.507039,22.832742,-78.831366,13.589466
302.588367,23.902863,-78.531849,14.693335
302.660004,24.557291,-78.463663,15.168067
302.731512,26.592969,-78.612670,17.139059
302.802771,26.849793,-78.571593,17.223246
302.813012,27.205719,-78.645093,17.533497
302.823277,27.689609,-78.621720,17.913979
302.833492,28.160909,-78.584803,18.343648
302.843665,28.287392,-78.534164,18.507260
302.853776,28.295537,-78.555829,18.577643
302.884548,28.009064,-78.730785,18.245015
302.935750,28.549079,-78.557844,18.402878
303.007079,29.788436,-78.307354,19.665044
303.078408,31.144693,-78.129489,21.103751
303.149455,32.689552,-78.472310,22.879085
303.190391,32.149151,-78.426739,22.548830
303.200631,32.248110,-78.426705,22.625277
303.210871,32.626574,-78.429833,23.017003
303.221098,32.922779,-78.399500,23.325770
303.231183,33.400851,-78.441027,23.913148
303.241247,33.848341,-78.591531,24.477235
303.251362,33.678672,-78.730505,24.348532
303.291996,34.198675,-78.771998,24.828349
303.332932,33.622060,-78.639820,24.210478
303.363357,33.031348,-78.712869,23.754075
303.414509,33.397989,-79.027447,23.661481
303.465416,30.970342,-78.734336,21.512610
303.516643,30.813234,-78.542210,21.712162
303.557207,30.620291,-78.894607,21.409831
303.608409,29.746297,-78.429157,20.777652
303.618674,29.415036,-78.523980,20.401063
303.628915,28.486767,-78.471675,19.357326
303.638928,28.013976,-78.380000,18.848686
303.649042,28.065218,-78.245466,18.881023
303.730701,26.878121,-78.549791,17.785411
303.761421,24.816077,-78.667633,15.491815
303.771687,24.741250,-78.467201,15.536221
303.802337,25.691663,-78.439853,16.603194
303.863629,23.890977,-78.565713,14.918076
303.935337,22.574781,-78.414827,13.427625
304.006500,23.266884,-78.584079,14.001276
304.026980,22.430418,-78.331628,13.095608
304.037221,22.593055,-78.337113,13.253198
304.047436,23.047568,-78.561840,13.735432
304.057679,23.066215,-78.759116,13.659312
304.087952,21.717570,-78.432251,12.103327
304.149042,22.503590,-78.481715,12.953080
304.159307,22.876590,-78.625005,13.222928
304.199924,23.094656,-78.482944,13.535232
304.260313,22.788325,-78.291166,13.037270
304.321302,23.986267,-78.234394,14.236511
304.341757,23.827137,-78.494890,14.218472
304.402478,24.606011,-78.543050,14.790563
304.422808,23.923846,-78.204867,14.074056
304.433049,24.966075,-78.236538,15.112007
304.443314,25.981027,-78.502014,16.160648
304.453530,25.578830,-78.562147,15.780775
304.463770,24.641719,-78.348403,14.816482
304.504782,25.348500,-78.484263,15.670383
304.525237,24.898836,-78.344162,15.036692
304.535478,25.002910,-78.278387,15.292199
304.555967,26.071225,-78.285600,16.498489
304.616830,25.700696,-78.249058,16.147131
304.688494,26.431102,-78.181904,17.179010
304.760005,26.736569,-78.523618,17.447850
304.810804,25.373635,-78.476107,16.106423
304.821044,25.436565,-78.466538,16.088859
304.831309,25.866283,-78.550877,16.513611
304.841536,26.233462,-78.572263,16.898986
304.851771,26.343966,-78.565282,17.005960
304.861986,26.447884,-78.540058,17.159464
304.933497,25.903376,-78.731802,16.660203
304.943737,25.930653,-78.727206,16.723008
304.994611,25.919434,-78.832336,16.729597
305.065622,26.283657,-78.639076,17.160143
305.137127,25.728013,-78.911484,16.771859
305.198374,25.816389,-78.930588,16.879096
305.208589,26.013937,-78.942835,17.085392
305.218804,26.166292,-79.014231,17.316507
305.239310,25.782487,-79.123841,16.926633
305.249223,25.607896,-79.110058,16.713628
305.259438,25.392043,-79.013657,16.560463
305.269678,25.427379,-78.993105,16.676083
305.300374,25.088492,-78.921647,16.322187
305.320880,25.134522,-79.157808,16.430896
305.351135,24.287675,-79.158751,15.523077
305.412577,24.303898,-79.138854,15.513735
305.494127,23.381363,-79.098549,14.739980
305.524873,22.896307,-79.246184,14.256352
305.596411,22.361256,-78.852157,13.961881
305.616869,23.446330,-79.189685,15.039930
305.627059,23.301853,-79.243035,14.899038
305.647540,22.631221,-79.021744,14.270196
305.657780,22.432822,-79.003753,14.179515
305.668045,22.299745,-79.035042,14.102934
305.678175,21.801738,-79.024647,13.648803
305.698493,21.062632,-78.916668,12.933967
305.759634,21.175589,-79.025548,13.157478
305.821031,20.062487,-79.014770,12.202432
305.882099,17.999784,-79.205387,10.098546
305.963921,15.777814,-79.211521,7.823725
306.015123,13.917619,-79.340133,5.783265
306.025355,13.652609,-79.208618,5.459098
306.035487,13.533213,-79.144380,5.343843
306.045577,13.051332,-79.218542,4.960415
306.065730,11.415220,-79.294815,3.179565
306.075945,10.864090,-79.350235,2.525450
306.127171,9.830343,-79.407568,1.161999
306.177995,7.772790,-79.289296,-0.949609
306.218981,7.918560,-79.372617,-0.894964
306.290688,6.010035,-79.183531,-2.885247
306.331565,6.233510,-79.218310,-2.832075
306.403247,5.014394,-79.349682,-4.191314
306.423703,4.953336,-79.133363,-4.336781
306.433943,5.078473,-79.248342,-4.155392
306.454403,3.881790,-79.271927,-5.497218
306.474761,3.659816,-79.274133,-5.835122
306.484674,3.912828,-79.261552,-5.646960
306.535825,3.475310,-79.141648,-6.154040
306.556306,3.104601,-79.142385,-6.686572
306.576812,3.481366,-79.046558,-6.290862
306.648252,2.280907,-78.846679,-7.837531
306.699101,2.051107,-78.803950,-8.188855
306.781023,1.760322,-78.791150,-8.703475
306.832276,1.920706,-78.699898,-8.738547
306.842491,2.102966,-78.713777,-8.613651
306.852706,2.159257,-78.699673,-8.539159
306.862971,2.165181,-78.720464,-8.562671
306.873162,2.078660,-78.806374,-8.683151
306.883427,1.873214,-78.914448,-8.989944
306.893504,1.964091,-78.836673,-8.962730
306.944455,2.039404,-78.855388,-9.065778
307.005499,2.147191,-78.631071,-9.116381
307.077156,3.021079,-78.757135,-8.474399
307.148313,3.678519,-78.557913,-7.906804
307.209710,4.112075,-78.674149,-7.689171
307.230240,4.648920,-78.658460,-7.215551
307.240456,4.789796,-78.683369,-7.083998
307.250696,4.917514,-78.759396,-6.947931
307.260863,4.854373,-78.776909,-7.076536
307.270980,4.881131,-78.690193,-7.100417
307.291486,4.978074,-78.818928,-6.977481
307.363144,6.220049,-78.825868,-5.934764
307.373384,6.041745,-78.745845,-6.092498
307.424416,6.666820,-79.624624,-5.828019
307.475290,7.527206,-78.845252,-4.633752
307.516240,7.255019,-78.795965,-5.152861
307.556966,8.058487,-79.005850,-4.313979
307.628226,8.626369,-79.175655,-3.966883
307.648731,7.236760,-79.366935,-5.389603
307.658972,6.643500,-79.240276,-6.193652
307.679452,7.087054,-79.122264,-5.910604
307.689718,7.963610,-79.017516,-5.013231
307.730456,7.996597,-78.987668,-4.859939
307.761178,7.856547,-79.084636,-5.131016
307.771443,7.764083,-79.111267,-5.195231
307.812026,7.308200,-79.485992,-5.996637
307.883734,7.599291,-78.866719,-5.918362
307.965417,6.888094,-79.121738,-6.799055
307.996138,8.356614,-79.179747,-5.398640
308.037100,7.191054,-79.148826,-6.613829
308.057408,7.994624,-79.035220,-6.031341
308.067648,8.711556,-78.960334,-5.215775
308.077712,9.164040,-78.975039,-4.670738
308.087776,9.620105,-79.080483,-4.219876
308.149073,8.993385,-79.136334,-5.061283
308.169202,9.370585,-79.310688,-4.822536
308.230317,10.318945,-79.274843,-4.054408
308.261024,11.018167,-79.054973,-3.399085
308.301753,11.829315,-79.225939,-2.773292
308.363119,12.429469,-79.112626,-2.297990
308.434559,14.784875,-79.013930,-0.112482
308.454790,15.184460,-78.947500,0.312976
308.464854,15.171892,-78.921962,0.342470
308.474919,14.984055,-78.918164,0.135512
308.484983,15.347672,-78.908909,0.451253
308.495098,15.807119,-79.075170,0.877963
308.536085,16.725301,-79.038109,1.714150
308.566806,17.691278,-79.026907,2.716007
308.597552,18.249547,-78.847547,3.321919
308.638471,19.667716,-79.197280,4.757292
308.699385,20.716438,-79.035923,5.909214
308.771022,21.439571,-78.846700,6.657998
308.812009,22.440484,-78.895959,7.755032
308.842533,22.987949,-78.940697,8.310390
308.852799,23.138618,-78.931053,8.481432
308.863039,23.140430,-78.900515,8.503153
308.873280,23.210219,-78.881322,8.588606
308.883495,23.037557,-78.814755,8.461780
308.893760,22.995288,-78.763727,8.347414
308.903976,23.043699,-78.681696,8.455338
308.955202,23.559874,-78.845463,8.931049
308.975683,23.993162,-78.861801,9.369276
309.036797,24.592752,-78.819557,10.047230
309.118658,25.385049,-78.751378,10.950302
309.179602,25.386442,-78.718367,11.143440
309.240817,25.621730,-78.675925,11.584111
309.251057,25.985060,-78.725054,11.899728
309.271563,24.740274,-78.529683,10.816946
309.281475,24.387395,-78.379645,10.501149
309.291691,24.756412,-78.441827,10.945357
309.301906,24.842943,-78.524786,11.094370
309.322412,24.972669,-78.487664,11.162285
309.353132,25.318231,-78.436581,11.701124
309.393779,24.174170,-78.662763,10.538394
309.424525,23.873751,-78.523468,10.347641
309.485796,23.337109,-78.622444,9.817111
309.526732,23.367481,-78.760182,9.968416
309.608326,21.119187,-78.856180,7.705467
309.659175,21.010828,-78.882101,7.735726
309.669441,20.957670,-78.836707,7.687834
309.679656,20.993527,-78.791293,7.824252
309.689896,20.654784,-78.873904,7.586475
309.700162,20.368037,-78.892284,7.217276
309.710309,20.138762,-78.862812,6.977288
309.750674,19.156739,-78.892804,6.103846
309.822356,17.686085,-78.688731,4.993095
309.862645,16.306725,-78.796860,3.634447
309.924062,14.360954,-78.729180,1.798513
309.974691,12.391539,-78.911450,-0.230688
310.046020,9.872329,-79.110126,-2.880689
310.056259,9.677123,-79.001786,-3.052969
310.066406,9.310672,-79.137891,-3.367300
310.086535,7.984458,-79.147535,-4.835117
310.096600,7.243784,-79.098857,-5.586026
310.106790,6.589955,-79.012926,-6.324310
310.157664,4.849397,-79.289187,-8.224193
310.167904,4.235703,-79.205155,-8.900568
310.208569,2.728645,-79.155704,-10.522577
310.269684,1.225754,-79.034612,-12.093761
310.310620,-0.261410,-78.946625,-13.927753
310.371735,-1.327343,-79.093386,-15.222700
310.442574,-2.743137,-78.710478,-16.865050
310.462753,-2.645134,-78.875639,-16.840982
310.472993,-3.110481,-78.876896,-17.369492
310.493474,-3.950332,-78.766950,-18.374162
310.503740,-4.038805,-78.796279,-18.547322
310.513955,-4.101765,-78.810507,-18.663736
310.554588,-4.343229,-78.785249,-19.094081
310.585309,-4.642827,-78.680603,-19.566270
310.636319,-5.300514,-78.612165,-20.479146
310.697157,-5.811219,-78.629302,-21.323400
310.758553,-5.075689,-78.402519,-20.854799
310.840279,-4.963926,-78.653337,-21.315012
310.860785,-4.624496,-78.574298,-21.044795
310.871000,-4.456803,-78.655400,-20.950960
310.881240,-4.126431,-78.632088,-20.680775
310.901746,-3.435161,-78.522300,-20.021754
310.911844,-3.184712,-78.603122,-19.778616
310.921903,-3.281992,-78.884382,-19.981804
310.983270,-2.551863,-78.738059,-19.591365
311.003677,-2.329507,-78.914414,-19.562579
311.054755,-0.587688,-78.911409,-17.936519
311.126085,1.423697,-78.795084,-16.219013
311.197615,3.505255,-79.009989,-14.466262
311.258881,5.860240,-78.810281,-12.293944
311.269063,6.083337,-78.865886,-11.965687
311.279199,6.078183,-78.853653,-11.965724
311.289263,5.987920,-78.879088,-12.100479
311.299529,6.261442,-78.883501,-11.923974
311.309442,6.588662,-78.973038,-11.692367
311.319657,6.563219,-78.953182,-11.732256
311.360618,7.964880,-79.082901,-10.474855
311.370858,8.366580,-79.055348,-10.079838
311.431676,10.413201,-78.973857,-8.168179
311.482902,11.572192,-78.946448,-7.061954
311.544369,13.100079,-78.984793,-5.714072
311.605543,14.733734,-78.920719,-4.024932
311.666812,16.016220,-78.730156,-2.797973
311.677053,16.191414,-78.717841,-2.581009
311.687318,16.430496,-78.663145,-2.375912
311.697534,16.630858,-78.612875,-2.161064
311.718014,17.232598,-78.705930,-1.515611
311.768863,18.144428,-78.605075,-0.598597
311.820035,19.469398,-78.568923,0.811640
311.870871,19.864905,-78.391365,1.362404
311.922058,20.643390,-78.474905,2.040243
311.983093,20.856147,-78.529028,2.272470
312.054775,21.061155,-78.479557,2.688409
312.065040,21.295985,-78.572263,2.899922
312.075255,21.244643,-78.564183,2.816018
312.085496,21.520833,-78.513448,3.130394
312.095736,21.812897,-78.408468,3.468326
312.105951,21.881356,-78.470192,3.658095
312.126129,22.377310,-78.610143,4.037393
312.156875,21.752091,-78.231949,3.600178
312.197604,21.787991,-78.421732,3.646255
312.218077,22.100172,-78.380054,4.055480
312.269253,22.007255,-78.690767,3.960276
312.309664,21.771431,-78.609207,3.909677
312.371105,21.429599,-78.461942,3.533853
312.432194,20.726303,-78.445085,2.905839
312.473180,19.855512,-78.650940,2.163253
312.483208,19.482389,-78.651356,1.709561
312.493344,19.013495,-78.548159,1.217469
312.503609,18.835971,-78.583300,1.088064
312.513799,18.874656,-78.691395,1.106686
312.534305,18.999450,-78.695677,1.138118
312.595574,17.339803,-78.563698,-0.312599
312.646776,17.009410,-78.654375,-0.790150
312.666929,16.140927,-78.735245,-1.507326
312.728371,14.790056,-78.874806,-3.126849
312.789485,13.216027,-78.948517,-4.687408
312.840558,12.210052,-78.883460,-5.705937
312.870866,11.815957,-78.860374,-6.226192
312.881106,11.383188,-78.892995,-6.671111
312.891120,11.324274,-78.941530,-6.830757
312.901234,11.361678,-78.938170,-6.803934
312.911475,11.010625,-78.849364,-7.152453
312.921690,11.072577,-78.729125,-7.123847
312.931955,11.261229,-78.786580,-6.924324
312.992924,9.980115,-78.710758,-8.374232
313.044126,9.159277,-78.695712,-9.432363
313.074519,9.291999,-78.740668,-9.299287
313.115480,9.147815,-78.562393,-9.495408
313.176904,8.481200,-78.602568,-10.308775
313.228081,8.631036,-78.587924,-10.278548
313.268664,8.333924,-78.768508,-10.706021
313.278929,8.410616,-78.741310,-10.689337
313.289145,8.653495,-78.685787,-10.467059
313.299410,8.637711,-78.680549,-10.412299
313.309626,8.656595,-78.712780,-10.412549
313.319792,8.732315,-78.683124,-10.350867
313.329887,8.731071,-78.657797,-10.374094
313.360658,8.832031,-78.735853,-10.322256
313.370873,8.780041,-78.684606,-10.430470
313.421701,9.070330,-78.574763,-10.164460
313.483143,9.542102,-78.645407,-9.793200
313.554628,9.808057,-78.591203,-9.609168
313.636551,9.634704,-78.559688,-9.842452
313.677159,9.749756,-78.553370,-9.858279
313.687399,9.892530,-78.556642,-9.731495
313.697665,9.770933,-78.544034,-9.813246
313.707905,9.578426,-78.496653,-10.019239
313.718170,9.253444,-78.564388,-10.351159
313.728385,9.118320,-78.535988,-10.516669
313.810269,9.343784,-78.617806,-10.561480
313.830750,9.125111,-78.522969,-10.625219
313.871712,9.676111,-78.576675,-10.184160
313.943023,8.290264,-78.674012,-11.778858
313.994225,9.240080,-78.753440,-10.813759
314.055314,8.985525,-78.718456,-11.066984
314.075794,8.008346,-78.619815,-12.071569
314.086026,7.927585,-78.698348,-12.194957
314.106097,8.123588,-79.038184,-12.210417
314.116313,8.340995,-78.980483,-12.092778
314.126553,8.420810,-78.831400,-11.939444
314.136819,8.627545,-78.662380,-11.675183
314.177755,8.437042,-78.686696,-11.917828
314.238823,7.901901,-78.787072,-12.572030
314.269544,7.518355,-78.852649,-12.990252
314.289802,7.584596,-78.896929,-13.052240
314.361485,7.458366,-78.842424,-13.303509
314.412288,7.825165,-78.871193,-12.981378
314.473558,6.315607,-79.101999,-14.760835
314.494063,6.795164,-79.088584,-14.353436
314.504279,7.075863,-79.036026,-14.018021
314.514544,7.269865,-78.886670,-13.789300
314.524759,7.035379,-78.855408,-13.972236
314.535000,6.963142,-78.854097,-14.098295
314.545240,7.001877,-78.871268,-14.146362
314.596089,6.425907,-78.859083,-14.817831
314.637044,5.734795,-78.940178,-15.790117
314.687681,6.779065,-78.972874,-14.752978
314.738854,6.180105,-78.893726,-15.385189
314.789285,5.618336,-78.915480,-15.974593
314.840436,5.563701,-79.076180,-16.231673
314.891190,5.374687,-79.056462,-16.455758
314.901431,5.220083,-79.115502,-16.645330
314.911696,5.383206,-79.144366,-16.593045
314.931824,5.987471,-78.933184,-15.940050
314.942039,5.777680,-78.910364,-16.115466
314.993220,4.221526,-78.984827,-17.900442
315.013676,4.273412,-79.217026,-17.976124
315.085185,4.096073,-79.023882,-18.328159
315.126147,4.188252,-78.857082,-18.250293
315.176970,3.453244,-78.986541,-19.092575
315.217957,2.960148,-79.004381,-19.765598
315.268940,3.069651,-78.873618,-19.683798
315.289068,3.188968,-79.007373,-19.688223
315.299283,2.859755,-78.883849,-19.973077
315.309523,2.658666,-78.765038,-20.168082
315.330004,2.749200,-78.944365,-20.204007
315.340235,2.670154,-79.063640,-20.278155
315.350339,2.051457,-78.978898,-20.938983
315.380758,1.297983,-79.012817,-21.815054
315.411127,1.724845,-78.954665,-21.442465
315.431607,1.415689,-78.909510,-21.864802
315.462307,1.558690,-78.796177,-21.754634
315.523524,0.132827,-78.781717,-23.428036
315.594680,-0.545172,-78.699202,-24.334588
315.666116,-1.342715,-78.388428,-25.184554
315.696837,-1.704202,-78.458765,-25.781346
315.707052,-1.732038,-78.566471,-25.813228
315.727533,-2.229433,-78.415305,-26.373891
315.737773,-2.520152,-78.370000,-26.659302
315.747889,-2.692253,-78.366462,-26.819604
315.757955,-3.184435,-78.483320,-27.399608
315.788198,-3.568535,-78.252965,-27.897788
315.829209,-3.457416,-78.492855,-27.983188
315.849665,-4.269363,-78.353936,-28.915596
315.911107,-4.908942,-78.258866,-29.958726
315.962089,-6.220091,-78.175313,-31.565613
316.033573,-6.795871,-77.984580,-32.540674
316.084774,-8.015790,-78.413843,-34.272854
316.115496,-7.343086,-77.747920,-33.634259
316.125736,-7.283178,-77.801981,-33.461069
316.146267,-7.927774,-77.998383,-34.376250
316.156482,-7.976516,-77.948912,-34.615132
316.166722,-7.732733,-77.885289,-34.495000
316.217596,-8.909297,-78.025165,-35.951554
316.258527,-9.107890,-77.814399,-36.548431
316.299504,-8.146475,-78.030513,-35.694012
316.319934,-9.192823,-78.188440,-36.983821
316.391288,-8.580904,-77.907064,-36.770556
316.462727,-8.453784,-78.277813,-37.306521
316.503335,-7.736950,-77.899831,-36.884265
316.513575,-7.674090,-77.914468,-36.743187
316.523841,-7.700296,-77.997577,-36.804939
316.534050,-7.426105,-78.020213,-36.726569
316.554515,-6.581851,-78.044453,-36.029716
316.564428,-6.776085,-77.981656,-36.165913
316.595099,-7.014653,-78.183482,-36.678591
316.636085,-7.289402,-78.026087,-37.280627
316.656591,-6.470073,-78.086267,-36.660586
316.717863,-6.204568,-78.317114,-36.765955
316.789470,-5.159463,-78.339497,-36.118040
316.850714,-4.192263,-78.491981,-35.575088
316.911757,-3.807476,-78.653924,-35.635225
316.921972,-3.423602,-78.648699,-35.302837
316.932212,-3.476140,-78.595779,-35.393583
316.942478,-3.259502,-78.581647,-35.218112
316.962958,-3.012559,-78.696169,-35.126553
316.973198,-2.548865,-78.647989,-34.778203
316.993481,-2.194697,-78.581750,-34.446464
317.044707,-1.572040,-78.685774,-34.110183
317.095556,-0.318610,-78.944843,-33.200843
317.156929,1.652437,-78.707289,-31.362863
317.217843,2.920575,-78.749431,-30.306960
317.278961,3.244172,-78.897072,-30.313619
317.309204,4.716645,-79.022249,-29.092556
317.319419,5.146928,-78.995413,-28.619070
317.329660,5.231724,-79.007209,-28.523828
317.339925,5.319669,-79.114505,-28.487515
317.350115,5.508685,-79.086945,-28.439811
317.360355,5.968808,-78.990352,-27.976469
317.370621,6.244806,-78.892216,-27.682600
317.431614,7.202181,-78.999600,-27.097104
317.461958,7.429374,-79.147194,-26.910812
317.502897,8.371021,-79.541514,-26.522736
317.554099,10.293592,-79.228446,-24.468570
317.625583,11.420478,-79.314465,-23.467794
317.707505,13.638479,-79.405894,-21.410703
317.717745,13.616674,-79.563460,-21.561973
317.728010,13.646720,-79.485746,-21.673560
317.738140,13.976629,-79.254517,-21.305926
317.748295,14.424209,-79.022912,-20.819928
317.758460,14.846798,-79.014736,-20.322961
317.768424,15.205137,-79.131990,-19.958769
317.829840,16.419331,-79.303988,-18.975106
317.850135,15.691996,-79.012243,-19.707415
317.900672,17.108454,-79.151968,-18.571739
317.941305,18.263881,-79.278477,-17.379982
317.982241,19.062175,-79.346895,-16.788453
318.053122,19.346367,-78.853817,-16.584732
318.114517,19.975655,-79.124798,-16.247272
318.124758,20.203099,-78.995181,-16.111861
318.134998,20.764658,-78.869834,-15.509703
318.145263,21.171433,-78.899306,-15.066168
318.155479,21.030873,-78.753809,-15.234880
318.165719,20.808668,-78.583300,-15.462066
318.226962,21.415490,-78.769471,-15.001809
318.257683,22.402343,-78.470636,-14.041021
318.267799,22.706552,-78.270184,-13.688309
318.308485,23.127888,-78.343554,-13.221955
318.369728,24.105467,-78.168838,-12.179653
318.420930,25.112533,-78.379795,-11.218199
318.502902,27.097882,-78.245602,-9.157376
318.533321,27.758732,-78.209211,-8.405593
318.543536,27.921851,-78.210283,-8.178704
318.553776,27.936387,-78.166768,-8.185729
318.563991,28.159702,-78.246258,-7.936942
318.574231,28.695899,-78.344107,-7.461159
318.594762,28.336483,-78.403202,-7.833277
318.615025,28.199537,-78.214374,-7.914124
318.645670,28.608840,-78.021941,-7.386314
318.707062,29.696805,-77.812356,-6.053819
318.788638,29.180627,-77.649484,-6.397490
318.850080,29.692844,-77.898068,-5.788138
318.910770,29.469094,-77.574584,-5.789198
318.921010,29.364312,-77.645345,-5.856694
318.941491,29.089202,-77.626671,-6.088773
318.951757,29.113364,-77.804351,-6.000507
318.961972,28.821913,-77.824009,-6.333957
318.972212,28.700038,-77.852026,-6.502630
318.982453,28.933207,-78.017132,-6.230848
319.043867,28.004826,-77.887728,-7.032075
319.094876,28.051138,-77.781955,-6.909646
319.166385,26.326759,-77.979901,-8.656861
319.238093,25.220863,-77.878131,-9.672175
319.299560,23.848470,-77.834554,-10.965847
319.319688,23.533830,-77.795984,-11.262308
319.329928,23.474722,-77.783827,-11.301520
319.350434,23.707097,-77.688067,-11.025295
319.360674,23.720354,-77.764716,-10.927478
319.370939,23.505109,-77.725620,-11.191158
319.381121,23.453481,-77.799762,-11.192577
319.391305,23.026359,-77.856500,-11.621073
319.432292,22.556454,-77.974573,-12.256647
319.452747,22.203123,-77.804324,-12.391391
319.523677,20.925364,-77.894209,-13.424593
319.595113,21.114116,-78.747648,-13.664569
319.666821,19.931511,-78.355288,-14.504328
319.738175,19.196335,-78.896560,-15.538913
319.748416,19.417615,-78.822835,-15.254010
319.758681,19.105981,-78.805725,-15.450236
319.768921,18.352879,-78.769860,-16.107107
319.779187,17.427989,-78.727185,-17.059471
319.789402,17.140616,-78.595834,-17.495169
319.850844,17.529112,-78.479714,-16.942960
319.891478,16.281276,-78.321936,-18.376067
319.922118,16.412431,-78.084765,-18.185910
319.962696,16.423890,-77.896702,-18.372355
320.003607,15.264978,-77.350513,-19.155409
320.075268,13.960011,-77.300529,-20.411578
320.136563,14.710071,-77.681422,-20.174854
320.146778,15.012093,-77.372800,-19.500050
320.167258,14.873364,-77.495470,-19.318369
320.177499,15.368399,-78.321465,-18.859387
320.187739,14.021374,-78.906068,-20.553199
320.238588,14.020843,-77.936898,-20.532831
320.259068,13.136802,-77.822602,-21.197142
320.330532,11.401482,-78.202046,-23.386528
320.391974,12.443582,-77.842498,-22.063164
320.422695,9.923677,-78.553609,-25.171141
320.483589,9.524277,-77.974621,-25.786141
320.534815,10.004707,-78.699830,-25.605998
320.545056,9.774500,-78.514288,-25.960419
320.555220,9.754863,-78.450084,-25.966479
320.565184,9.735128,-78.442100,-26.025749
320.585664,9.735494,-78.279459,-26.122675
320.595904,9.936152,-78.326997,-25.985557
320.606119,10.424599,-78.414041,-25.587004
320.616385,11.037908,-78.549600,-25.028158
320.657254,11.157211,-78.800589,-25.069045
320.708430,11.599563,-78.615279,-24.768820
320.780113,13.131419,-78.607602,-23.316965
320.831289,14.536686,-78.602951,-21.906628
320.902526,16.223253,-78.629629,-20.345838
320.943512,17.519953,-78.639977,-19.149803
320.953733,17.515819,-78.605027,-19.184314
320.963846,17.574951,-78.494583,-19.142235
320.973911,17.903720,-78.395375,-18.807498
320.983975,18.275279,-78.441267,-18.411846
320.994040,18.563935,-78.492233,-18.119647
321.004105,18.543182,-78.450180,-18.168044
321.034398,18.921333,-78.437824,-17.791017
321.065169,19.676365,-78.383019,-17.075230
321.095839,19.769072,-78.325768,-16.887359
321.166720,21.609455,-78.076972,-14.943330
321.228085,22.361344,-78.377896,-14.096535
321.268700,23.411225,-78.322360,-12.878812
321.340009,24.557015,-78.235814,-11.507892
321.350073,24.666257,-78.292245,-11.344651
321.360137,24.765487,-78.294452,-11.208292
321.370227,24.801540,-78.315762,-11.149759
321.390733,24.541073,-78.236702,-11.259894
321.400696,24.517160,-78.300729,-11.278409
321.451822,25.148758,-78.254222,-10.497685
321.502600,24.717394,-78.345022,-10.884887
321.512865,24.798185,-78.317312,-10.740768
321.533345,24.755493,-78.221416,-10.640461
321.594766,24.198776,-78.241613,-10.936904
321.665897,23.138326,-78.389685,-11.835237
321.737557,21.982308,-78.375458,-12.703195
321.747772,21.740250,-78.466777,-12.879233
321.758038,21.334439,-78.443363,-13.237740
321.768228,20.897338,-78.440092,-13.632161
321.778443,20.764374,-78.469885,-13.787679
321.788683,20.666387,-78.476087,-13.820788
321.798949,20.267384,-78.549156,-14.157398
321.809214,19.803481,-78.563944,-14.630521
321.880370,17.323409,-78.598941,-17.007992
321.952077,15.097259,-78.838702,-19.140517
321.982773,13.676631,-78.842711,-20.576768
322.043862,10.955938,-78.735736,-23.165314
322.084761,9.971461,-78.874505,-24.239375
322.145822,7.372246,-78.755749,-26.950873
322.156062,7.250359,-78.781280,-27.088662
322.166277,6.726168,-78.792857,-27.607213
322.176525,6.017303,-78.826551,-28.366578
322.186736,5.328645,-78.884368,-29.123469
322.196976,4.888885,-78.824051,-29.642423
322.217457,4.421152,-78.746911,-30.119102
322.278725,2.245671,-78.740142,-32.516731
322.329927,0.410902,-78.695835,-34.473761
322.350407,0.006792,-78.647627,-34.988426
322.401608,-1.776391,-78.708771,-37.009257
322.452835,-2.936094,-78.711161,-38.351437
322.524323,-4.412407,-78.690944,-40.184462
322.555044,-5.276606,-78.813942,-41.286584
322.565259,-5.708330,-78.780823,-41.791926
322.575413,-6.108904,-78.767511,-42.273311
322.585591,-6.096306,-78.713292,-42.324042
322.595832,-6.052382,-78.745825,-42.333089
322.606047,-5.997574,-78.820267,-42.390545
322.615960,-5.982177,-78.880769,-42.443304
322.667187,-6.032146,-78.569886,-42.770624
322.707874,-6.349159,-78.691149,-43.257449
322.768989,-6.928685,-78.802877,-44.214017
322.830006,-5.547406,-78.769840,-43.129124
322.901738,-5.546119,-79.002250,-43.489211
322.932434,-5.768519,-79.154236,-43.951253
322.963154,-5.589533,-79.040554,-43.936394
322.973395,-5.266597,-79.146395,-43.714184
322.983408,-4.737464,-79.249865,-43.270768
322.993523,-4.396495,-79.259243,-43.018102
323.003763,-4.098343,-79.216807,-42.716652
323.014003,-3.756319,-79.237912,-42.375870
323.054872,-3.123804,-79.205373,-41.876433
323.095481,-2.897237,-79.319274,-41.945199
323.126177,-1.906604,-79.207122,-41.044697
323.156850,-1.477708,-79.473178,-40.695257
323.218292,1.118324,-79.414220,-38.347653
323.300041,3.130248,-79.312252,-36.668168
323.370569,5.588068,-79.251327,-34.491574
323.380809,5.965345,-79.277596,-34.091489
323.391049,6.228357,-79.265213,-33.859730
323.401314,6.324578,-79.250357,-33.765795
323.411530,6.684708,-79.199336,-33.400718
323.473021,8.509245,-79.368383,-31.588495
323.493452,9.487579,-79.414070,-30.604886
323.574952,12.552768,-79.263512,-27.520106
323.615561,13.614364,-79.391120,-26.394549
323.676603,14.755599,-79.363404,-25.295155
323.748010,16.569706,-79.378013,-23.399852
323.758251,16.740141,-79.310797,-23.207798
323.768491,16.713137,-79.153416,-23.212627
323.778757,16.877867,-79.067458,-22.936392
323.789022,16.915892,-79.115556,-22.887940
323.799237,16.865774,-79.273320,-22.960671
323.809478,16.837779,-79.262925,-23.026880
323.819659,16.882307,-79.142788,-22.951783
323.860505,17.406413,-79.130795,-22.418221
323.921594,17.987732,-78.955805,-21.697503
323.983011,18.219584,-79.071515,-21.471227
324.064359,17.732197,-78.829160,-21.958978
324.105223,17.162066,-78.602398,-22.361209
324.165910,16.956892,-78.687181,-22.573169
324.176176,16.847495,-78.721980,-22.645919
324.196656,15.767142,-78.487766,-23.721942
324.206872,15.993860,-78.414724,-23.459605
324.217112,16.185626,-78.457796,-23.203286
324.227309,16.146526,-78.457775,-23.241279
324.267864,16.275799,-78.526350,-23.023881
324.339164,14.559049,-78.424355,-24.705218
324.400236,14.240838,-78.830874,-25.082666
324.461728,12.994430,-78.512724,-26.329064
324.533139,10.997936,-78.452489,-28.540584
324.574100,10.024378,-78.280504,-29.598447
324.584340,9.951746,-78.212168,-29.697010
324.594606,9.754254,-78.312743,-29.870907
324.604675,9.608927,-78.379187,-30.097901
324.614862,9.503931,-78.357522,-30.257564
324.625102,9.419740,-78.273729,-30.374019
324.665711,8.579707,-78.083508,-31.197507
324.696406,8.491724,-78.051823,-31.417917
324.757521,7.673920,-78.201759,-32.373068
324.808747,7.308538,-78.271577,-33.009884
324.870109,6.497641,-78.238109,-33.970639
324.930559,6.835813,-78.405750,-33.806376
324.971520,6.486382,-78.501570,-34.414851
324.981760,6.549672,-78.601913,-34.369655
324.992026,6.639689,-78.553698,-34.370229
325.002187,7.010235,-78.420544,-34.059428
325.012284,7.502724,-78.345719,-33.557088
325.022348,7.578587,-78.319962,-33.440961
325.032488,7.390739,-78.302805,-33.612836
325.042728,7.449491,-78.091527,-33.621466
325.093954,8.536970,-77.955463,-32.537003
325.144879,8.743991,-77.869402,-32.527926
325.195960,9.737382,-78.072710,-31.898732
325.256823,11.033059,-77.872278,-30.436549
325.328483,12.728938,-78.254338,-28.724446
325.379651,12.950852,-78.120132,-28.552773
325.389726,13.807494,-78.162588,-27.620064
325.399992,14.208258,-78.342085,-27.204657
325.410232,14.303760,-78.504637,-27.149444
325.420498,14.482031,-78.534116,-26.998575
325.430712,14.502242,-78.440754,-26.964436
325.440927,14.523721,-78.410053,-26.896638
325.492154,14.667056,-78.441779,-26.753863
325.512635,14.821135,-78.443480,-26.792496
325.553293,16.057698,-78.304724,-25.335907
325.583989,15.575420,-78.172601,-25.879194
325.645087,16.658907,-78.237105,-24.692930
325.716316,16.587073,-78.007597,-24.444655
325.777710,17.612850,-78.183686,-23.506998
325.787875,17.560321,-77.987038,-23.406507
325.797838,17.409981,-78.002406,-23.424142
325.818344,17.384857,-78.228950,-23.646397
325.828584,17.426046,-78.395661,-23.599555
325.838788,16.993157,-78.383408,-24.061640
325.879286,16.916690,-78.748926,-24.309586
325.930110,16.327706,-78.407211,-24.891192
325.950641,16.809960,-78.225002,-24.225440
325.970923,16.659016,-78.399397,-24.311049
326.032088,16.510107,-78.469714,-24.625682
326.093178,15.951159,-78.432066,-25.102023
326.164672,14.634276,-78.207722,-26.190034
326.185094,14.346005,-78.118820,-26.428749
326.195259,14.752181,-78.079389,-26.042289
326.205222,15.247240,-78.374256,-25.463171
326.225702,14.522101,-78.825089,-26.458070
326.235968,13.437485,-78.622219,-27.480158
326.246158,12.676592,-78.377220,-28.240358
326.317038,13.140532,-78.360855,-27.590479
326.337493,12.549823,-78.738933,-28.309194
326.378479,11.643056,-78.819557,-29.255049
326.429432,11.268012,-78.434689,-29.335977
326.500941,10.273735,-78.740210,-30.382522
326.572234,9.415816,-78.499152,-31.507605
326.582337,9.555369,-78.459674,-31.197907
326.592477,8.888769,-78.548985,-31.757152
326.602717,8.083461,-78.638782,-32.597737
326.612983,7.441221,-78.610642,-33.374637
326.623223,7.497806,-78.577215,-33.401264
326.633463,8.031502,-78.595882,-32.939550
326.643678,8.090714,-78.649690,-32.846810
326.715385,5.031660,-78.723271,-36.123890
326.755994,5.220516,-78.569715,-35.879694
326.827657,3.772113,-78.318617,-37.402068
326.888898,2.214888,-78.465801,-39.304429
326.960253,0.378664,-78.491380,-41.349139
326.980758,0.083540,-78.643222,-41.767174
326.990973,-0.302165,-78.603627,-42.170104
327.001171,-0.114603,-78.603333,-42.013552
327.011333,-0.062320,-78.675071,-42.004786
327.021422,0.006342,-78.821940,-42.015735
327.041928,-0.803274,-78.928204,-42.874713
327.052168,-1.312135,-78.746405,-43.469441
327.082889,-0.913469,-78.698225,-43.208514
327.103395,-0.942193,-78.791341,-43.311818
327.133763,-1.711534,-78.948442,-44.285874
327.184917,-1.922757,-78.929126,-44.855474
327.245330,-0.992508,-78.940021,-44.223081
327.326648,-0.422539,-78.879669,-43.933385
327.387841,0.250745,-79.107777,-43.732185
327.397906,0.584553,-79.057199,-43.434515
327.407969,0.964033,-79.006437,-43.025824
327.418185,1.584900,-78.930069,-42.471414
327.428425,2.152052,-78.983345,-41.931136
327.438690,2.509874,-79.090517,-41.606838
327.448956,2.642847,-79.069029,-41.459327
327.510375,2.621978,-79.251347,-41.870835
327.530830,3.489635,-79.083284,-41.052309
327.571592,4.663698,-79.134230,-40.052188
327.592073,5.644162,-79.157808,-39.133244
327.642922,6.767211,-79.237475,-38.130026
327.704338,9.183307,-79.267214,-35.986689
327.775798,12.585916,-79.084595,-32.557729
327.796278,13.246170,-78.962635,-31.946229
327.806419,13.595662,-78.892804,-31.523577
327.816484,13.699831,-78.938935,-31.446437
327.826549,13.995830,-78.953148,-31.183895
327.846677,14.605086,-79.001158,-30.654459
327.856893,15.101787,-79.024776,-30.170670
327.907741,17.225496,-78.835560,-27.980553
327.958694,19.348633,-78.634376,-25.808946
328.009870,20.501554,-78.522730,-24.464317
328.040417,21.218674,-78.539491,-23.688826
328.081051,22.599001,-78.691709,-22.204931
328.152458,24.296296,-78.716469,-20.120585
328.193445,24.570033,-78.706537,-19.614912
328.203660,24.584600,-78.765318,-19.568449
328.213926,24.590602,-78.624712,-19.485285
328.224141,25.093123,-78.701394,-18.955380
328.234381,25.411210,-78.818095,-18.600470
328.254887,25.226392,-78.791027,-18.698999
328.265152,25.274319,-78.869513,-18.550150
328.306063,25.210592,-78.889204,-18.561367
328.315976,25.132443,-78.830977,-18.607286
328.346722,25.183985,-78.866330,-18.473765
328.367202,24.450894,-78.964363,-19.084687
328.428599,22.948782,-78.835457,-20.484822
328.469411,22.648969,-78.799162,-20.617694
328.519983,20.006517,-78.621474,-23.121213
328.571179,19.293059,-78.777401,-23.766053
328.612148,17.310657,-78.479099,-25.584114
328.622414,17.469170,-78.638140,-25.436424
328.632629,17.179912,-78.791730,-25.752339
328.642869,16.401050,-78.741836,-26.495123
328.663375,15.232329,-78.527054,-27.550546
328.714224,12.692266,-78.555180,-30.029709
328.765052,11.376980,-78.685753,-31.226614
328.775166,10.482417,-78.726017,-32.141310
328.816153,8.982407,-78.576661,-33.707311
328.887434,5.365380,-78.601482,-37.423699
328.948901,2.276323,-78.708682,-40.827029
328.989484,0.593839,-78.610696,-42.640027
329.010015,-0.065956,-78.536070,-43.454032
329.020230,-0.256499,-78.534970,-43.612841
329.030422,-1.016617,-78.470616,-44.414903
329.040639,-1.823095,-78.459039,-45.293160
329.050879,-2.249988,-78.430004,-45.883165
329.101778,-3.506286,-78.321479,-47.434243
329.142465,-5.603381,-78.457878,-49.856201
329.203127,-6.243911,-78.303795,-50.878981
329.284674,-7.590547,-78.327407,-52.661424
329.366522,-8.186660,-78.224565,-53.757052
329.397269,-7.786510,-78.343486,-53.521034
329.407509,-7.987383,-78.235664,-53.737008
329.417749,-8.178778,-78.104729,-53.974074
329.438229,-8.274006,-78.255110,-54.266150
329.448344,-8.162554,-78.372152,-54.294833
329.458358,-7.788498,-78.362924,-53.985986
329.499319,-8.225141,-78.130384,-54.536745
329.560135,-6.744337,-78.048128,-53.316300
329.610507,-7.869430,-78.294820,-54.731679
329.671924,-7.128135,-78.373170,-54.227392
329.743180,-5.938319,-78.249372,-53.150394
329.814862,-7.424883,-78.703833,-55.041414
329.825127,-7.651479,-78.722015,-55.387718
329.835343,-7.709290,-78.685111,-55.491080
329.845583,-7.346622,-78.561751,-55.171393
329.855823,-7.318494,-78.677735,-55.194236
329.866038,-6.818672,-78.742171,-54.751725
329.927177,-5.836847,-78.629247,-53.918084
329.947613,-5.777004,-78.503298,-53.862240
329.988348,-7.398340,-78.545973,-55.672568
330.039440,-6.375849,-78.556437,-54.887622
330.111056,-6.327197,-78.143491,-55.013373
330.172122,-7.748875,-78.219927,-56.850926
330.223349,-7.845942,-78.368122,-57.424570
330.233262,-7.532164,-78.347003,-57.209347
330.243477,-7.369371,-78.285245,-57.032168
330.253717,-7.452545,-78.287567,-57.115708
330.263958,-7.477886,-78.342249,-57.227481
330.315087,-8.289822,-78.149249,-58.420500
330.325327,-8.095297,-78.228499,-58.291662
330.356048,-8.542862,-78.515456,-58.984721
330.386669,-9.416606,-78.320331,-60.088159
330.447457,-8.011673,-78.259638,-59.097932
330.508924,-8.817416,-78.425004,-60.556580
330.590493,-7.658545,-78.170798,-60.104340
330.610974,-6.844940,-78.128280,-59.387286
330.621240,-6.502571,-78.271782,-59.175393
330.641720,-6.588330,-78.342925,-59.489281
330.651985,-6.626867,-78.165402,-59.476987
330.662128,-6.415330,-77.992291,-59.274096
330.672320,-6.289034,-78.106799,-59.246502
330.682561,-6.405676,-78.387431,-59.529354
330.713306,-5.701903,-78.440706,-59.194251
330.744002,-4.876058,-78.204703,-58.434475
330.805469,-2.387399,-78.414724,-56.389178
330.866583,-1.147077,-78.529629,-55.419677
330.947756,2.527471,-78.770106,-52.393801
331.018758,5.732702,-78.610560,-49.465808
331.028973,6.123640,-78.691183,-49.207388
331.039239,6.622610,-78.821886,-48.805909
331.049454,6.979324,-78.829460,-48.530714
331.059694,7.208759,-78.894381,-48.343550
331.069822,7.658069,-78.841386,-47.990910
331.079850,7.878365,-78.909210,-47.787162
331.089939,8.475161,-78.845532,-47.239757
331.141141,11.518154,-78.703102,-44.360699
331.171687,13.870579,-78.744937,-42.041075
331.232549,16.540913,-78.804510,-39.600136
331.293742,19.490520,-78.542244,-36.618994
331.355208,23.659898,-78.461634,-32.268928
331.416323,25.989609,-78.228745,-29.714646
331.436803,27.093265,-78.159310,-28.561324
331.447069,27.391632,-78.053291,-28.189606
331.457309,27.627518,-77.935197,-27.797190
331.467549,28.115104,-77.865195,-27.252161
331.477613,28.798468,-77.902351,-26.535369
331.487677,29.160946,-77.875201,-26.130605
331.538878,31.170777,-77.837785,-23.964554
331.549048,31.309307,-77.898847,-23.766157
331.589405,31.435847,-78.170067,-23.679632
331.640582,32.047176,-77.861049,-22.742373
331.722304,33.028237,-77.961043,-21.457500
331.783343,32.734904,-77.871171,-21.590079
331.834570,32.776340,-77.849458,-21.206448
331.854801,32.717009,-77.749252,-21.229558
331.864866,32.673883,-77.671839,-21.184072
331.874930,32.414568,-77.560589,-21.305602
331.884994,32.540117,-77.599719,-21.135710
331.895109,32.608027,-77.642380,-21.064017
331.966816,32.104437,-77.767987,-21.370023
332.027955,31.596151,-77.824787,-21.633694
332.089044,30.677860,-77.687767,-22.349989
332.160701,29.311081,-77.942260,-23.702268
332.222118,29.024424,-78.124940,-23.771758
332.232288,29.389542,-78.174165,-23.445589
332.242528,29.017178,-78.084498,-23.701480
332.252794,28.368962,-77.909051,-24.248635
332.273274,27.932105,-78.048415,-24.644453
332.283489,27.695428,-78.113329,-25.000531
332.293730,27.204860,-78.022200,-25.481817
332.334364,27.241829,-78.132979,-25.167758
332.385540,25.995466,-77.936345,-26.284957
332.456645,24.708740,-78.213760,-27.299715
332.527851,23.098421,-78.468758,-28.917037
332.588915,21.791008,-78.433665,-30.044643
332.639816,19.543345,-78.238109,-31.959292
332.649881,19.035792,-78.457570,-32.528052
332.659945,18.437093,-78.529116,-33.211426
332.670009,17.931427,-78.524738,-33.767547
332.680224,17.433353,-78.411972,-34.199891
332.690465,17.396321,-78.410476,-34.211881
332.700730,17.638641,-78.492561,-34.028101
332.721160,17.289782,-78.488695,-34.151923
332.751906,15.985216,-78.561929,-35.483181
332.792842,15.277707,-78.292061,-35.926310
332.843895,12.275044,-78.390552,-39.015731
332.884856,10.468322,-78.521904,-40.796204
332.956185,7.712015,-78.732485,-43.687225
333.027643,5.059182,-78.397854,-46.482507
333.037707,4.898988,-78.507157,-46.644294
333.047771,4.324177,-78.420305,-47.326651
333.057986,3.815812,-78.333452,-47.778147
333.068227,3.373225,-78.301473,-48.206871
333.078492,2.709970,-78.479919,-48.974256
333.098942,1.739501,-78.529717,-50.089315
333.149370,-0.060605,-78.180203,-52.094587
333.159585,-0.422619,-78.202230,-52.421265
333.210787,-2.444396,-78.030219,-54.755960
333.251498,-3.939165,-77.799714,-56.351045
333.312940,-6.408981,-77.738795,-59.175960
333.374029,-8.205116,-77.677406,-61.351928
333.445260,-9.154830,-77.454577,-62.679246
333.455526,-9.386057,-77.549360,-62.998441
333.465741,-9.621868,-77.682815,-63.406770
333.486221,-10.581676,-77.686565,-64.501889
333.496462,-11.069612,-77.632429,-65.033967
333.537021,-11.809360,-77.536977,-66.217782
333.588248,-12.161775,-77.536342,-67.001082
333.608503,-12.140515,-77.501023,-67.199178
333.618769,-11.959260,-77.544244,-67.106014
333.669617,-12.650024,-77.631022,-68.364579
333.730681,-12.628980,-77.343040,-68.743935
333.802363,-11.687640,-77.439558,-68.358999
333.853564,-11.913108,-77.447925,-68.944251
333.863805,-11.587261,-77.387881,-68.674041
333.874033,-11.122235,-77.317632,-68.236609
333.884012,-10.972908,-77.497143,-68.143424
333.894076,-10.732944,-77.672829,-68.062022
333.904141,-10.931314,-77.746677,-68.313148
333.914306,-11.128937,-77.603421,-68.509236
333.934434,-11.631077,-77.475505,-69.077883
333.944674,-11.786720,-77.636766,-69.399551
334.036385,-9.916031,-77.854396,-68.030658
334.097827,-9.009741,-78.104777,-67.763912
334.168755,-7.458913,-78.067307,-66.736050
334.240487,-6.036975,-78.444832,-65.871676
334.260917,-5.754825,-78.178400,-65.534873
334.271157,-5.285518,-78.114305,-65.058966
334.281417,-4.669252,-78.275901,-64.494259
334.291615,-4.108225,-78.496106,-64.025927
334.301679,-3.968402,-78.628400,-63.969803
334.311895,-3.673014,-78.625320,-63.660006
334.332375,-3.076535,-78.689824,-63.089426
334.393616,-0.905257,-78.734664,-61.123588
334.444817,1.629612,-78.907844,-58.651429
334.516147,2.941838,-78.792243,-57.589751
334.587605,4.668616,-78.820970,-56.051288
334.648669,5.647212,-78.580814,-55.051557
334.658904,5.823800,-78.578813,-54.912446
334.679089,6.431470,-78.445030,-54.237170
334.699419,6.783646,-78.488490,-53.765743
334.709332,6.887285,-78.518161,-53.726879
334.719547,6.788735,-78.729842,-53.820108
334.760508,6.717604,-78.536534,-53.891784
334.780971,6.956864,-78.531589,-53.662235
334.821700,7.365383,-78.783719,-53.371368
334.883065,5.982327,-78.894484,-54.990106
334.944230,6.328405,-78.779791,-54.882602
335.004920,5.301541,-78.852014,-56.250904
335.056020,4.835861,-78.717896,-56.957180
335.066260,4.788113,-78.747628,-57.009325
335.076501,4.513458,-78.696026,-57.319180
335.086741,4.132303,-78.625163,-57.746729
335.106894,4.644779,-78.514117,-57.364437
335.117135,4.739235,-78.530011,-57.269036
335.127375,4.582861,-78.494344,-57.405302
335.147881,4.227184,-78.412279,-57.893810
335.208970,3.249828,-78.413857,-59.269561
335.249906,2.813908,-78.481612,-59.973487
335.320912,2.674537,-78.610143,-60.458676
335.402584,2.595106,-78.452249,-60.912324
335.464025,2.309756,-78.295278,-61.459736
335.474166,2.479917,-78.378490,-61.403585
335.484305,2.456019,-78.549983,-61.542053
335.494546,2.386669,-78.595315,-61.687024
335.504811,2.688061,-78.440980,-61.447722
335.525292,3.084701,-78.456259,-61.013356
335.555988,3.427163,-78.385136,-60.856678
335.576115,3.684469,-78.487357,-60.656895
335.637507,4.150472,-78.469578,-60.507683
335.708662,5.894535,-78.607547,-59.037403
335.769803,6.648833,-78.748454,-58.630200
335.851348,8.446005,-78.760742,-57.173553
335.871829,9.315181,-78.826257,-56.442160
335.882069,9.645750,-78.846187,-56.096340
335.892309,9.866622,-78.811319,-55.875503
335.912790,10.426446,-78.907721,-55.440372
335.923055,10.449769,-78.978058,-55.446192
335.933321,10.646054,-78.889293,-55.360046
335.963816,11.552474,-78.668548,-54.481110
336.004778,12.599674,-78.535851,-53.506046
336.045739,14.045947,-78.470787,-52.149843
336.076485,15.090220,-78.662626,-51.226839
336.137599,16.745153,-78.352850,-49.624845
336.198993,19.100656,-78.199020,-47.101879
336.260435,20.827082,-78.296624,-45.351237
336.280564,21.565187,-78.257009,-44.581563
336.290754,22.098514,-78.192593,-44.023219
336.300818,22.549632,-78.249625,-43.551475
336.331362,22.672649,-78.062423,-43.248437
336.392529,24.221335,-78.248566,-41.578889
336.464261,26.187193,-78.331574,-39.503362
336.515462,26.998992,-78.370663,-38.561407
336.546008,26.844792,-78.377104,-38.755812
336.607425,27.970680,-78.335405,-37.486517
336.668489,27.664783,-78.190257,-37.656021
336.678754,28.212496,-78.259440,-37.116163
336.689020,28.504147,-78.312292,-36.811182
336.699235,28.494132,-78.368867,-36.770187
336.709475,28.093077,-78.214962,-37.183680
336.719647,28.010227,-78.176016,-37.176484
336.729706,28.033758,-78.262357,-37.152250
336.770692,28.100892,-78.105044,-36.961726
336.780907,28.388247,-78.214846,-36.650720
336.811653,28.443505,-78.138771,-36.509694
336.852589,28.662223,-78.414895,-36.210644
336.923694,28.192564,-78.414520,-36.510049
336.995175,28.707551,-78.565474,-35.819670
337.066857,27.925261,-78.529526,-36.590481
337.086961,27.310025,-78.560911,-37.150867
337.097202,27.173979,-78.556724,-37.291948
337.107442,27.333804,-78.616092,-37.145461
337.117682,27.568559,-78.756452,-36.891737
337.127948,27.704683,-78.810807,-36.788816
337.138163,27.697949,-78.821974,-36.794526
337.179174,26.913611,-78.594898,-37.338448
337.240441,26.792812,-78.612117,-37.311005
337.271086,27.050560,-78.599891,-36.911616
337.342593,26.166279,-78.782141,-37.802785
337.393795,25.860126,-78.654150,-38.039045
337.454834,25.576308,-78.911873,-38.313014
337.475315,24.767038,-78.973700,-39.191783
337.485555,24.589941,-78.848373,-39.349772
337.505885,25.123027,-78.992210,-38.722924
337.516100,25.398680,-79.086781,-38.546340
337.526341,25.509023,-79.082778,-38.429742
337.536606,25.361544,-79.013985,-38.530484
337.546821,25.463932,-78.858728,-38.412246
337.577567,25.630684,-78.836694,-38.144834
337.649249,24.186528,-78.594830,-39.495839
337.699898,24.514041,-78.657626,-39.019255
337.720404,24.496863,-78.472979,-38.920231
337.781896,25.269279,-78.643911,-37.939823
337.853278,24.878136,-78.469885,-37.906587
337.883621,25.228156,-78.809598,-37.493613
337.893861,24.862030,-78.941995,-37.821889
337.914392,24.452564,-79.020077,-38.356225
337.924607,24.267326,-78.971125,-38.431695
337.934847,24.360261,-78.901505,-38.333860
337.945088,24.447887,-78.960743,-38.228620
337.975456,23.843267,-78.968345,-38.812929
337.995936,23.550854,-79.015002,-39.123672
338.016417,23.378903,-79.040821,-39.280725
338.047163,22.378309,-79.108412,-40.288663
338.067644,22.060251,-79.170929,-40.667537
338.118747,21.334152,-79.079985,-41.315186
338.159683,20.822607,-78.873939,-41.844884
338.210909,19.769742,-78.769245,-42.812828
338.251871,19.688387,-78.845586,-42.978668
338.282190,19.398156,-78.794053,-43.246842
338.302545,19.199498,-78.751214,-43.431814
338.312810,19.118734,-78.860319,-43.514797
338.323050,19.097245,-78.961099,-43.656588
338.333291,19.171977,-79.028151,-43.601978
338.343506,18.977061,-78.980947,-43.784887
338.353740,18.979219,-78.997934,-43.769669
338.363862,19.109182,-79.052630,-43.667677
338.425177,18.811244,-78.787195,-43.877402
338.445655,19.434952,-78.744076,-43.182638
338.496458,19.233037,-78.909811,-43.283875
338.547684,19.069367,-79.017373,-43.560962
338.598533,19.489108,-78.875352,-42.983504
338.669965,19.602711,-79.219751,-42.938210
338.700686,19.438286,-79.332545,-43.228793
338.710951,19.342735,-79.237947,-43.348373
338.721141,19.386925,-79.133656,-43.269221
338.731206,19.606849,-79.103945,-43.024697
338.741446,19.748485,-79.155575,-42.913778
338.751686,19.881991,-79.173982,-42.789701
338.761952,19.685018,-79.130412,-42.948759
338.772167,19.445612,-79.056605,-43.152582
338.782407,19.243382,-79.033389,-43.308915
338.833281,19.217057,-79.163457,-43.345740
338.904988,18.939474,-78.858229,-43.515395
338.976317,19.549789,-78.748413,-42.791958
339.047297,18.639907,-78.792133,-43.788630
339.118679,19.904165,-78.744042,-42.448451
339.128743,20.204695,-78.818853,-42.159947
339.139008,20.108299,-78.823716,-42.280503
339.149248,19.689820,-78.740613,-42.664374
339.159262,19.405430,-78.535639,-42.890101
339.169376,19.298414,-78.537429,-42.931502
339.230671,19.470537,-78.637949,-42.685534
339.281567,21.287523,-78.790064,-40.763044
339.342607,22.593644,-78.854520,-39.322284
339.393155,22.898602,-78.933846,-38.928670
339.444029,22.949897,-79.345174,-38.967117
339.504893,24.175895,-79.008104,-37.578850
339.515008,24.063839,-78.967772,-37.719949
339.525248,23.803756,-78.813785,-37.968991
339.535513,23.836182,-78.787482,-37.828859
339.545779,24.093936,-78.817111,-37.548248
339.555994,23.939410,-78.856467,-37.656742
339.566209,23.650918,-78.849787,-37.944952
339.576449,23.832460,-78.900091,-37.869663
339.617436,23.129015,-78.443889,-38.406488
339.627676,23.412048,-78.360486,-38.055509
339.668437,23.992846,-78.396003,-37.398745
339.740118,23.716024,-78.370642,-37.406200
339.822091,24.626865,-78.600014,-36.171073
339.903839,24.460569,-78.531657,-35.894601
339.914104,24.034382,-78.583266,-36.216655
339.924294,23.876574,-78.634725,-36.354003
339.934560,23.737141,-78.676430,-36.453949
339.944750,23.403585,-78.653542,-36.718687
339.955015,23.304078,-78.644731,-36.777307
339.965230,23.302078,-78.714146,-36.792658
339.975383,23.320880,-78.715594,-36.732696
340.006016,22.756023,-78.912884,-37.159139
340.067136,20.789383,-78.908055,-38.945599
340.097601,19.900190,-78.679039,-39.608626
340.168955,16.898810,-78.978270,-42.600686
340.209842,15.368018,-78.765304,-43.966894
340.301854,10.979923,-78.521391,-48.272925
340.312069,10.533332,-78.517512,-48.722779
340.322284,10.402118,-78.499822,-48.842949
340.332524,10.036965,-78.609016,-49.139653
340.342765,9.523437,-78.624541,-49.716920
340.353030,9.095824,-78.566505,-50.126530
340.373511,8.270402,-78.391044,-50.787982
340.383726,7.786274,-78.472119,-51.348887
340.434777,5.499838,-78.329231,-53.632206
340.475411,3.601108,-78.426042,-55.648556
340.516347,1.515311,-78.490198,-57.955637
340.567548,-0.467708,-78.318835,-60.199068
340.628637,-3.229497,-78.252289,-63.365407
340.689956,-6.133687,-78.047110,-66.719603
340.720148,-6.902655,-77.924522,-67.700357
340.730213,-7.180878,-77.916831,-68.042959
340.740277,-7.332058,-77.886361,-68.305525
340.750366,-7.509761,-77.793642,-68.484913
340.770520,-7.922856,-77.727430,-69.009117
340.780760,-8.207096,-77.759156,-69.386212
340.821721,-8.799071,-77.539524,-70.231796
340.852392,-9.180680,-77.553731,-70.813974
340.892976,-10.470457,-77.715552,-72.527108
340.954393,-10.291046,-77.414955,-72.731310
340.995380,-10.366036,-77.509642,-73.117756
341.066734,-10.336827,-77.294348,-73.608389
341.117861,-9.843320,-77.516370,-73.633025
341.128102,-9.969089,-77.631595,-73.824871
341.138367,-10.029231,-77.679277,-73.925644
341.148583,-9.746309,-77.581728,-73.767675
341.158797,-9.497195,-77.579679,-73.492514
341.169038,-9.259014,-77.600163,-73.334758
341.179303,-8.961490,-77.655501,-73.156415
341.250231,-8.108447,-77.823654,-72.873952
341.280927,-7.806567,-77.679038,-72.670802
341.311672,-6.481803,-77.728366,-71.535126
341.352256,-5.731876,-77.994716,-71.014344
341.413423,-4.360777,-77.967989,-69.830474
341.454081,-2.842460,-77.817909,-68.462483
341.525286,-1.093052,-78.136613,-66.928026
341.535351,-0.952008,-78.157527,-66.833476
341.545516,-0.759833,-78.128307,-66.651834
341.555756,-0.616077,-78.122304,-66.515674
341.565971,-0.374727,-78.165320,-66.319375
341.586149,-0.059557,-78.138908,-66.030533
341.647315,2.168356,-78.152336,-63.940713
341.677608,1.861711,-78.017993,-64.305630
341.718595,2.200824,-78.073058,-64.178916
341.790302,3.508890,-78.241866,-62.953942
341.851543,3.892974,-78.351532,-62.815788
341.912985,4.209388,-78.457420,-62.749931
341.933440,4.473305,-78.405866,-62.473807
341.943655,4.534297,-78.335344,-62.413456
341.953921,4.790823,-78.337400,-62.159981
341.964136,5.085845,-78.393332,-61.892060
341.974376,5.168026,-78.458444,-61.842636
341.994531,4.942540,-78.554730,-62.186762
342.025025,5.087508,-78.488709,-62.058696
342.086089,5.664489,-78.682673,-61.676861
342.167207,6.113087,-78.160129,-61.237448
342.238588,6.238422,-78.500573,-61.449504
342.299501,6.414085,-78.579332,-61.486866
342.340487,6.711983,-78.489754,-61.182533
342.350580,6.742835,-78.586511,-61.195271
342.360616,6.739470,-78.663582,-61.172718
342.370731,6.386685,-78.721700,-61.567059
342.380996,6.059468,-78.757395,-61.944147
342.391212,6.160726,-78.681887,-61.892674
342.452453,6.726587,-78.746699,-61.423625
342.502824,7.433400,-78.981453,-60.852778
342.574179,7.875409,-78.793909,-60.411083
342.635268,8.494156,-79.031053,-59.869736
342.686168,8.602217,-78.724180,-59.810573
342.737042,9.288215,-78.612820,-59.127028
342.747282,9.375979,-78.546609,-59.092884
342.757497,9.453260,-78.579318,-58.989865
342.767762,9.276794,-78.663357,-59.189757
342.777978,8.871464,-78.676150,-59.645453
342.788218,8.527455,-78.643426,-60.109476
342.798483,8.737316,-78.654847,-59.926065
342.849660,8.594584,-78.798670,-60.247979
342.890246,9.382406,-78.914469,-59.648971
342.940793,9.113719,-77.968775,-59.734499
343.012274,9.843737,-78.508148,-59.341790
343.032478,8.603218,-78.695192,-60.813839
343.093945,10.775008,-77.546553,-58.430738
343.134906,11.347855,-77.769859,-57.855336
343.145172,11.519479,-77.843038,-57.646537
343.155387,11.652145,-77.924126,-57.528026
343.165627,11.473734,-78.027965,-57.715659
343.175867,11.086027,-78.204334,-58.150885
343.186082,10.782179,-78.144092,-58.553060
343.206260,10.679704,-78.147350,-58.613904
343.247171,11.102724,-78.730860,-58.350047
343.287933,12.492099,-79.041613,-57.145649
343.328844,12.903178,-79.044003,-56.610794
343.379768,13.189234,-79.140500,-56.312266
343.440958,13.450484,-79.213071,-56.229785
343.512641,14.408815,-79.054754,-55.308382
343.543387,15.039281,-78.850422,-54.676702
343.553300,15.292712,-78.811565,-54.441208
343.563515,15.239511,-78.870414,-54.445504
343.573755,15.216487,-78.913226,-54.491171
343.583996,15.220153,-78.880379,-54.567966
343.594236,15.502605,-78.872996,-54.316284
343.655629,16.441705,-78.665631,-53.350071
343.665844,16.555023,-78.840505,-53.279492
343.737098,16.383515,-78.622909,-53.550001
343.787997,17.990805,-78.709659,-52.025407
343.859429,18.347191,-78.285012,-51.695506
343.930758,19.434007,-78.183632,-50.542522
343.940999,19.669901,-78.248669,-50.273283
343.961479,19.956956,-78.180900,-49.966054
343.971744,20.054446,-78.115931,-49.781718
343.981959,20.150938,-78.140766,-49.597145
343.992200,20.330367,-78.125288,-49.422050
344.002440,20.538406,-78.331929,-49.193153
344.063851,21.781735,-78.058824,-47.732750
344.094579,22.399856,-78.145021,-46.952657
344.165884,23.818943,-78.647832,-45.328540
344.237213,24.393421,-78.976378,-44.679419
344.308517,25.368219,-78.643153,-43.469243
344.349478,25.190873,-78.573991,-43.568458
344.359744,25.276484,-78.582262,-43.470968
344.369715,25.110292,-78.588321,-43.603528
344.379874,24.790718,-78.575507,-43.937979
344.389937,24.529392,-78.579660,-44.171776
344.400002,24.846299,-78.717725,-43.891069
344.410242,24.994387,-78.854274,-43.843753
344.451228,24.378683,-78.295476,-44.071854
344.491762,23.918802,-78.165839,-44.385339
344.532723,24.507431,-78.469407,-43.674610
344.573493,23.382178,-78.429580,-44.594083
344.634271,23.505024,-78.799817,-44.398422
344.695738,22.875997,-78.587822,-44.783781
344.746612,21.518036,-78.848407,-46.190831
344.767093,20.639531,-78.897195,-46.996814
344.777333,20.107005,-78.864294,-47.578384
344.787573,20.025519,-78.874328,-47.617231
344.797637,20.045958,-78.937439,-47.541293
344.807701,19.983472,-79.073797,-47.645945
344.817916,19.827165,-79.153198,-47.774363
344.838422,19.405788,-79.197894,-48.163024
344.858902,19.721070,-79.313837,-47.818168
344.879184,18.873742,-79.168238,-48.709497
344.960603,17.873388,-78.776103,-49.324713
345.031606,14.517712,-78.849541,-52.795323
345.103338,14.622793,-78.922037,-52.426374
345.154187,13.586540,-78.835812,-53.415235
345.174718,12.293031,-78.660331,-54.528037
345.184858,11.818859,-78.582440,-54.963615
345.195074,11.642477,-78.681334,-55.210113
345.205314,11.534807,-78.774648,-55.382681
345.215579,11.346811,-78.813642,-55.582437
345.266655,10.446681,-79.119101,-56.630601
345.297049,8.435027,-79.153491,-58.769488
345.327443,8.429553,-79.046428,-58.813967
345.368423,7.050140,-78.843380,-60.145860
345.439835,4.273477,-79.001643,-63.311865
345.511190,2.721786,-79.114812,-65.337938
345.562366,1.911762,-79.075641,-66.421411
345.572632,1.797213,-79.158081,-66.627170
345.593112,1.477631,-79.265049,-67.182738
345.603327,1.291747,-79.259878,-67.378976
345.613593,0.784472,-79.291905,-67.905358
345.644063,0.289589,-78.936599,-68.556665
345.674784,1.630894,-79.122031,-67.363997
345.746290,0.489411,-78.952397,-68.672689
345.817620,3.249553,-78.586852,-66.063051
345.868493,2.327492,-78.883713,-67.387473
345.950416,4.034466,-78.816531,-65.933790
345.970871,4.116666,-78.693765,-65.943496
345.991377,4.135084,-78.845375,-66.118178
346.011407,4.360593,-78.560890,-65.864122
346.021471,4.440856,-78.531002,-65.773820
346.072219,5.056942,-78.501946,-65.373250
346.082485,5.371014,-78.494856,-65.037806
346.133445,6.213261,-78.525701,-64.344644
346.184385,6.777342,-78.337031,-63.764174
346.225346,6.968055,-78.438213,-63.610849
346.276195,8.331910,-77.988254,-62.091303
346.347652,8.899520,-78.031059,-61.347113
346.367780,8.866988,-78.252897,-61.504125
346.377995,8.626244,-78.127781,-61.689326
346.388235,8.365130,-78.162137,-61.897688
346.398500,8.175548,-78.202080,-62.082158
346.408716,7.973144,-78.441232,-62.397904
346.418950,8.062103,-78.430857,-62.407725
346.429072,8.223993,-78.424048,-62.225175
346.469378,9.202316,-78.564886,-61.283811
346.510314,9.053424,-78.415134,-61.353247
346.561265,7.858616,-78.402416,-62.499386
346.622707,7.034270,-78.640483,-63.452574
346.694036,6.421276,-78.038668,-64.219310
346.724707,6.919668,-78.002092,-63.649829
346.775556,5.750297,-78.061447,-65.095494
346.796037,4.926589,-77.947888,-65.903860
346.806302,4.718685,-77.784407,-66.159678
346.816499,4.666339,-77.597301,-66.181022
346.826733,4.797203,-77.544196,-65.975188
346.836974,4.795746,-77.586475,-65.971131
346.877607,3.972831,-77.834978,-66.854124
346.938773,1.806622,-77.567856,-69.310581
346.999862,1.072428,-77.275825,-70.055440
347.071495,-0.974725,-77.283174,-73.272521
347.153241,-2.534340,-77.009488,-75.153500
347.183962,-5.670902,-77.348218,-78.802495
347.194202,-5.589776,-77.196000,-78.958100
347.214708,-5.059652,-77.361680,-78.459059
347.224973,-5.011090,-77.433288,-78.585336
347.235188,-5.430966,-77.458525,-79.037057
347.255669,-6.345201,-76.713065,-80.200805
347.286063,-2.535255,-76.838139,-75.690517
347.357671,-9.122756,-76.958788,-83.530031
347.429202,-11.525139,-77.294894,-86.915537
347.490040,-9.548423,-76.971758,-85.023212
347.561419,-10.165832,-76.773649,-85.701730
347.581850,-9.936446,-76.323013,-85.321985
347.592090,-10.065264,-76.311894,-85.533230
347.602355,-10.825801,-76.837361,-86.621402
347.612570,-11.654724,-77.184696,-87.964237
347.622836,-12.753693,-77.405728,-89.202598
347.633076,-13.175811,-77.103151,-89.552359
347.643317,-13.674269,-76.974825,-90.100604
347.674037,-12.455816,-76.846301,-89.380846
347.725140,-12.327734,-77.180523,-89.743543
347.786582,-14.406939,-76.860651,-92.409857
347.868151,-12.504342,-76.716009,-91.352640
347.919153,-13.308723,-76.286519,-92.532097
347.980218,-11.656946,-75.765902,-91.084199
347.990282,-11.208097,-75.756893,-90.649144
348.010436,-11.462084,-76.192106,-91.315073
348.020701,-11.807964,-76.233947,-91.832850
348.030589,-12.176905,-76.164928,-92.180909
348.040829,-12.338919,-76.112998,-92.347648
348.081765,-12.879202,-76.087611,-93.274470
348.132439,-11.944047,-76.382866,-92.793693
348.173073,-11.755607,-76.248482,-92.770607
348.214034,-12.073881,-76.374786,-93.493501
348.275074,-12.888336,-76.912404,-95.056822
348.346781,-12.057549,-76.519115,-94.862967
348.387742,-10.916765,-76.596419,-94.100322
348.397982,-10.990862,-76.451045,-94.220943
348.408222,-11.149824,-76.451516,-94.436572
348.418438,-11.362359,-76.508166,-94.750399
348.438616,-12.322759,-76.889980,-96.311077
348.448856,-12.581683,-76.919480,-96.618265
348.479559,-12.519283,-76.636287,-96.733647
348.489744,-12.538849,-76.746048,-96.938669
348.551211,-10.016426,-76.584903,-94.891798
348.592172,-10.733922,-76.731834,-96.026033
348.653439,-10.826608,-77.111367,-96.794121
348.724768,-8.776857,-77.094784,-95.381345
348.796426,-9.551658,-77.463873,-97.087082
348.806667,-9.859592,-77.476086,-97.468876
348.816907,-9.839174,-77.513372,-97.559902
348.827072,-9.739343,-77.423971,-97.593875
348.837035,-9.718542,-77.442570,-97.699661
348.857541,-8.979521,-77.427141,-97.175588
348.898489,-6.897954,-77.254009,-95.390470
348.959844,-5.697230,-77.105801,-94.661634
348.980350,-5.396088,-77.167894,-94.524456
349.051278,-3.605306,-77.254043,-93.102835
349.122608,-2.920691,-77.391917,-92.634850
349.194201,-0.938019,-77.610552,-90.882524
349.204432,-0.966578,-77.652018,-90.938580
349.214672,-0.703873,-77.537148,-90.659560
349.224786,-0.847649,-77.584583,-90.752648
349.234800,-0.845846,-77.741930,-90.893268
349.255281,-1.181871,-78.054070,-91.536221
349.306181,0.463164,-77.947833,-90.010466
349.346765,1.072435,-77.808135,-89.373620
349.397614,0.403715,-77.879839,-90.321500
349.468895,1.113172,-77.864723,-89.887987
349.530124,0.668299,-77.711058,-90.544150
349.600938,0.468792,-77.697199,-91.064638
349.610952,0.186205,-77.606146,-91.313912
349.621066,-0.020364,-77.510974,-91.533933
349.631281,-0.091652,-77.544019,-91.704394
349.641522,-0.139409,-77.642824,-91.861345
349.662002,-0.601030,-77.648029,-92.421912
349.692473,-1.414687,-77.683279,-93.457909
349.733107,-1.915949,-77.506234,-94.130751
349.794548,-3.116516,-77.755516,-95.582378
349.835157,-4.841391,-77.714268,-97.680400
349.906511,-4.116696,-77.090959,-97.454710
349.957738,-6.240265,-76.928086,-100.096361
350.008990,-9.135142,-76.820060,-103.515526
350.019205,-9.022761,-76.534271,-103.474805
350.039628,-8.818175,-76.525446,-103.483445
350.049704,-8.944021,-76.619273,-103.764302
350.059970,-8.623980,-76.490168,-103.584634
350.121386,-10.168706,-75.715604,-105.577376
350.203160,-11.823179,-75.467559,-108.610888
350.233528,-12.212762,-75.059701,-109.319247
350.284729,-15.016977,-75.778005,-113.323043
350.345946,-17.496834,-76.324352,-117.263201
350.406961,-17.987489,-76.066772,-118.441819
350.417201,-17.198418,-75.940427,-117.656142
350.427442,-16.527989,-75.825789,-116.891311
350.437682,-16.295515,-75.831943,-116.643484
350.447948,-16.233951,-75.894391,-116.777903
350.458163,-16.344421,-76.136952,-117.155380
350.468403,-16.819353,-76.300644,-117.865433
350.519604,-23.779066,-76.320527,-126.091603
350.550375,-22.958455,-76.501868,-126.063340
350.591112,-21.665382,-76.468086,-125.601319
350.662594,-20.792067,-76.814070,-125.656862
350.703202,-22.309262,-76.864046,-127.826895
350.754404,-20.457637,-77.219339,-126.857527
350.815823,-20.070313,-77.369378,-127.463269
350.825887,-20.434792,-77.492697,-128.016719
350.836102,-20.410840,-77.380941,-128.183185
350.846342,-20.148307,-77.384602,-128.044368
350.856608,-20.046363,-77.545637,-128.021391
350.866823,-19.659491,-77.685219,-127.807005
350.928264,-18.389267,-77.575663,-127.344738
350.969251,-17.390107,-77.766471,-127.044975
350.989555,-16.515942,-77.774094,-126.387801
351.040605,-15.435480,-77.908498,-125.923403
351.122455,-10.705884,-78.079881,-121.765361
351.183570,-7.764695,-78.089710,-119.160819
351.234748,-7.347873,-78.229804,-119.118567
351.244812,-6.842994,-78.226990,-118.591605
351.255002,-6.264839,-78.240794,-118.097919
351.265242,-5.684083,-78.322845,-117.627196
351.275407,-5.269608,-78.378388,-117.214830
351.316116,-3.474916,-78.946482,-115.780190
351.346812,-4.476046,-78.911272,-116.995403
351.397661,0.093856,-78.810759,-112.442098
351.459128,0.154449,-79.028273,-112.549046
351.520569,0.631968,-79.408606,-112.482472
351.592181,3.384780,-79.153054,-109.964434
351.612309,3.343667,-79.244831,-110.164073
351.622549,3.517922,-79.221431,-110.081455
351.632814,3.671168,-79.121417,-109.976229
351.643055,3.964857,-79.236635,-109.708206
351.653295,4.123032,-79.253581,-109.654377
351.673745,3.774448,-79.401810,-110.116651
351.683941,3.464815,-79.310449,-110.460408
351.735168,2.057231,-79.625171,-112.326013
351.765864,2.365286,-79.510273,-112.334175
351.816738,4.300267,-79.014702,-110.500877
351.888019,3.046402,-79.409610,-112.374780
351.949412,4.309246,-79.144038,-111.458121
352.010476,3.623021,-79.267617,-112.662741
352.030950,3.517409,-79.270076,-112.800103
352.041147,4.097740,-79.367215,-112.345513
352.051212,4.331884,-79.462100,-112.205064
352.061452,4.564297,-79.402773,-112.012896
352.071692,4.361133,-79.316692,-112.147328
352.081958,4.240258,-79.214000,-112.293118
352.112653,5.711684,-79.187226,-110.843643
352.163502,5.063175,-79.658946,-111.974681
352.214729,4.592169,-79.703827,-112.937642
352.255337,6.228791,-79.529801,-111.661114
352.296273,6.402141,-79.708376,-111.792165
352.357215,5.907988,-79.681301,-112.627647
352.408064,7.780868,-79.167165,-111.072939
352.428526,8.787219,-79.087648,-110.150194
352.438736,8.959494,-79.158518,-110.086011
352.448976,8.753141,-79.182602,-110.279879
352.469481,8.642110,-78.947288,-110.498473
352.479747,8.850405,-78.851768,-110.299181
352.500177,9.884764,-79.129599,-109.431501
352.530723,9.158988,-78.898636,-110.150147
352.581924,11.901068,-78.922139,-107.697685
352.622911,12.250229,-78.842622,-107.378688
352.694166,13.677746,-78.879334,-106.133831
352.755255,15.502699,-78.964077,-104.408416
352.826486,17.978513,-78.594604,-101.906518
352.836600,18.689973,-78.687044,-101.213472
352.846614,18.977331,-78.753700,-100.925436
352.856829,18.941067,-78.787072,-101.001313
352.877360,18.879217,-78.955498,-101.131626
352.887550,19.034303,-78.891506,-100.953577
352.908006,19.972977,-78.675419,-99.934813
352.938752,21.517891,-78.430311,-98.253699
352.999993,22.827042,-78.639697,-96.986562
353.050792,25.116371,-78.443329,-94.426416
353.112210,25.733339,-78.618879,-93.582109
353.163311,28.495104,-78.408844,-90.520415
353.214135,28.766195,-78.401317,-89.985324
353.234590,29.422157,-78.482275,-89.342692
353.244805,29.307126,-78.442394,-89.384903
353.255052,29.146302,-78.252460,-89.388844
353.275276,29.900628,-78.468280,-88.593079
353.285340,30.548810,-78.738475,-88.028345
353.336290,30.772027,-78.477248,-87.562315
353.397379,31.555389,-78.477405,-86.639263
353.428125,31.096338,-78.276236,-86.959612
353.499406,30.836576,-78.351142,-87.132307
353.580977,30.548605,-78.414540,-87.093354
353.621863,29.742930,-78.098070,-87.631184
353.632078,29.980890,-78.011511,-87.345497
353.642293,30.151136,-78.036660,-87.123632
353.652533,30.332020,-78.088269,-86.858860
353.662773,30.214189,-78.153436,-86.915352
353.683279,29.720858,-78.107660,-87.373084
353.744521,29.439440,-77.849881,-87.240654
353.795419,28.270805,-78.178113,-88.351816
353.846547,29.157886,-77.908368,-87.149642
353.908013,27.345709,-77.956262,-88.773485
353.948622,27.896171,-78.053838,-88.091962
354.009990,26.706229,-77.930170,-88.923312
354.030496,26.442534,-77.947068,-89.075024
354.040761,26.166509,-77.963413,-89.335391
354.050976,25.833864,-78.071009,-89.587855
354.061191,25.526987,-78.068004,-89.892932
354.071431,25.610011,-78.330276,-89.775747
354.081672,25.547706,-78.224176,-89.854936
354.101801,25.257350,-78.331355,-90.021313
354.162865,25.160499,-78.105228,-89.791928
354.213791,23.686058,-78.268838,-91.132250
354.234296,22.755120,-78.495935,-91.875135
354.254777,22.796275,-78.649362,-91.896794
354.315891,21.139746,-78.917454,-93.430226
354.377358,20.774971,-79.051066,-93.938153
354.387598,20.362423,-79.046572,-94.305371
354.417941,19.741110,-79.215004,-95.026482
354.448662,17.952338,-79.040732,-96.778111
354.458927,17.440323,-79.056141,-97.332217
354.469096,17.087238,-79.128185,-97.745485
354.479209,16.808252,-79.229395,-98.029703
354.499539,16.038707,-79.082580,-98.867828
354.519667,15.350517,-79.151531,-99.602764
354.581090,12.864438,-78.793732,-102.211780
354.611302,11.940596,-78.589598,-103.158000
354.662403,10.614402,-78.391078,-104.469642
354.743972,8.286097,-78.388756,-106.922158
354.794974,7.031323,-78.250247,-108.278292
354.845295,5.918072,-78.229237,-109.621367
354.855359,5.351058,-78.319915,-110.201885
354.865524,5.018400,-78.342454,-110.642555
354.875764,4.695014,-78.266106,-111.039021
354.885979,4.362742,-78.335781,-111.416669
354.906158,3.294023,-78.619309,-112.716652
354.947100,1.268278,-78.410169,-114.970348
354.997617,0.447857,-78.286979,-116.070254
355.069299,-3.131655,-78.378948,-120.226479
355.140654,-4.651389,-78.214026,-122.331898
355.211382,-6.899767,-78.448548,-125.199225
355.241977,-7.975410,-78.361415,-126.511291
355.252217,-7.792368,-78.286959,-126.470392
355.262482,-7.716334,-78.233704,-126.453412
355.272698,-7.780371,-78.224312,-126.541836
355.282938,-7.363076,-78.081507,-126.188141
355.293178,-7.608400,-78.192142,-126.543652
355.313356,-8.202114,-78.338281,-127.416373
355.354317,-10.037327,-78.240923,-129.610599
355.405219,-10.387243,-78.297703,-130.581510
355.446155,-11.449701,-78.388162,-132.149913
355.476810,-11.821504,-78.288660,-132.798070
355.537815,-11.855599,-78.206001,-133.536987
355.619334,-14.118719,-78.074444,-136.660788
355.650105,-12.758428,-78.001450,-135.604445
355.660321,-12.716513,-78.022303,-135.657584
355.670561,-12.554242,-78.102325,-135.603666
355.680677,-12.358726,-78.071221,-135.524805
355.690743,-12.653880,-78.195530,-135.940900
355.700983,-13.229772,-78.248368,-136.667168
355.752209,-15.518328,-78.253184,-139.482817
355.762377,-15.645394,-78.370171,-139.774986
355.792971,-15.301143,-78.327640,-139.750301
355.864703,-15.104434,-78.053114,-140.287127
355.915881,-15.288747,-78.347713,-141.285359
355.987010,-15.190387,-78.275798,-141.911332
356.038137,-15.905981,-78.276031,-143.225283
356.058643,-16.166093,-78.396071,-143.696388
356.068908,-16.213148,-78.341115,-143.895215
356.079124,-15.846594,-78.191896,-143.644766
356.089364,-15.842287,-78.140902,-143.634384
356.099554,-15.207169,-78.049583,-143.093324
356.109644,-14.893451,-78.001942,-142.867818
356.140416,-14.468794,-78.117195,-142.715300
356.160846,-14.844965,-78.178181,-143.422580
356.232528,-15.319238,-78.175197,-144.580010
356.324215,-14.950073,-78.302313,-145.254273
356.395896,-15.615443,-78.587767,-146.565560
356.457040,-14.635886,-78.398872,-146.004460
356.477193,-14.818326,-78.554730,-146.489389
356.487433,-14.625295,-78.444320,-146.413479
356.497674,-15.050658,-78.446007,-146.848944
356.507939,-14.944811,-78.424799,-146.785328
356.518154,-14.729257,-78.372746,-146.718064
356.579243,-14.962221,-78.870578,-147.640263
356.609964,-16.119197,-78.612117,-149.196958
356.650828,-14.972239,-78.947821,-148.659026
356.722158,-15.558659,-78.797304,-149.930808
356.782923,-14.833747,-78.763686,-149.776104
356.854246,-15.396749,-78.835013,-151.012450
356.874709,-15.304002,-78.819454,-151.149136
356.884622,-15.078435,-78.892783,-151.102322
356.894838,-14.354329,-78.790638,-150.504093
356.905078,-14.519864,-78.891615,-150.699709
356.915318,-14.636990,-78.854520,-150.958259
356.935824,-14.843208,-78.762634,-151.424269
356.986725,-14.426218,-78.648283,-151.676631
357.058182,-14.042924,-78.674169,-152.303301
357.129713,-14.445879,-78.437401,-153.771450
357.201068,-14.326136,-78.313672,-154.450439
357.252244,-16.004062,-78.475779,-156.882779
357.262509,-16.133238,-78.450016,-157.085786
357.272725,-16.322868,-78.568076,-157.407378
357.282990,-17.055435,-78.743605,-158.299169
357.293230,-17.056446,-78.670378,-158.486029
357.303461,-17.392144,-78.633393,-158.837948
357.313665,-17.432222,-78.663425,-158.944581
357.323905,-17.404160,-78.743776,-159.118040
357.375107,-17.320306,-78.869868,-159.596987
357.395337,-18.222771,-78.982416,-160.772053
357.436147,-16.874508,-78.674272,-159.689372
357.507654,-18.487244,-79.157357,-162.414604
357.568719,-19.181823,-78.912406,-163.932245
357.649837,-15.853492,-78.612376,-161.688022
357.670318,-16.571289,-78.861876,-162.886406
357.680558,-18.365392,-79.262078,-165.093937
357.690798,-19.696946,-79.509337,-166.919223
357.701038,-20.549007,-79.466676,-168.047543
357.711132,-20.810642,-79.403927,-168.394325
357.721169,-19.831198,-79.109443,-167.552095
357.782133,-9.721674,-77.231975,-157.383746
357.802638,-7.244644,-76.595743,-154.713962
357.863653,-11.493917,-78.038094,-160.946755
357.925120,-14.751754,-78.210700,-165.253148
357.996802,-6.993598,-78.229688,-157.555443
358.068131,-8.974299,-79.032706,-159.960968
358.078338,-9.045018,-79.323454,-160.099730
358.088516,-8.874235,-79.530456,-160.192962
358.098782,-8.644593,-79.576246,-160.155000
358.109022,-8.397362,-79.628606,-159.889606
358.119036,-7.746092,-79.602740,-159.224660
358.129150,-7.416814,-79.709981,-159.001709
358.159871,-7.626789,-80.191393,-159.757141
358.190543,-8.269045,-80.357346,-160.878003
358.241745,-8.518947,-80.738935,-162.197417
358.292771,-7.502369,-80.689218,-161.847083
358.354188,-4.838352,-80.377448,-159.474931
358.415655,-1.662797,-79.905775,-156.458187
358.476769,1.195369,-79.929790,-153.885077
358.487034,1.386274,-79.902640,-153.748733
358.507444,2.770675,-79.742643,-152.268795
358.517684,3.477231,-79.880435,-151.571091
358.527924,4.359769,-79.915542,-150.758148
358.538190,4.877059,-80.089521,-150.211009
358.579125,6.285021,-80.025433,-148.732533
358.619560,7.507068,-80.531783,-147.643842
358.670534,8.724764,-80.504667,-146.536067
358.721408,11.038231,-80.651864,-144.356663
358.772559,13.949971,-80.484996,-141.419285
358.833728,14.920376,-80.212143,-140.381383
358.884873,14.410924,-79.949557,-141.044226
358.894919,14.625073,-80.032161,-140.795184
358.915048,14.949288,-80.060233,-140.503726
358.925112,14.923967,-80.104711,-140.519463
358.935302,14.936572,-80.106221,-140.519490
358.996391,14.682900,-79.934086,-140.775253
359.027063,15.942474,-80.063320,-139.564766
359.047191,15.556133,-80.021923,-139.858259
359.108633,15.405399,-80.099527,-140.108408
359.180340,15.841888,-80.376307,-140.003483
359.251420,15.672947,-80.447307,-140.492757
359.292356,16.296403,-80.610979,-140.058165
359.302597,16.256226,-80.587291,-140.215806
359.322750,15.956623,-80.436980,-140.503726
359.343205,15.806733,-80.284325,-140.661776
359.394359,16.593448,-80.298320,-139.944210
359.424879,16.478772,-80.312554,-140.248687
359.455550,16.379793,-80.094719,-140.387093
359.537322,16.715471,-80.248931,-140.338135
359.598437,18.150847,-80.309958,-138.991208
359.649613,19.301865,-80.014792,-138.026334
359.690599,18.591433,-79.784423,-138.760088
359.700814,19.180761,-79.921847,-138.169714
359.711054,19.506658,-80.041949,-137.924182
359.731493,19.717446,-80.186660,-137.808192
359.741577,19.749661,-80.173368,-137.808164
359.751792,19.575109,-80.135440,-138.025651
359.772248,19.873322,-79.850765,-137.667886
359.833514,20.798008,-79.842125,-136.821871
359.864235,21.865459,-79.852179,-135.749013
359.925701,23.254433,-79.733409,-134.392933
359.997056,24.283284,-79.639193,-133.178703
360.068666,26.030049,-79.329580,-131.089280
360.089171,27.675375,-79.296891,-129.119453
360.099437,28.339421,-79.363424,-128.469151
360.109652,28.749472,-79.402459,-128.055023
360.119867,29.195613,-79.423052,-127.564766
360.130107,29.152347,-79.251600,-127.546638
360.150438,29.453616,-79.022570,-127.024293
360.160502,30.282829,-79.102845,-126.036019
360.201035,32.044481,-78.992067,-123.853705
360.262477,34.722766,-78.542982,-120.547689
360.333806,37.471200,-78.292799,-116.931322
360.415304,39.937964,-77.736644,-113.217031
360.497251,41.968965,-77.450254,-109.768933
360.507441,42.198545,-77.340998,-109.399454
360.517681,42.692039,-77.433937,-108.726038
360.527921,42.559920,-77.318349,-108.711955
360.538137,42.588654,-77.329988,-108.512875
360.548050,42.624342,-77.436935,-108.305012
360.558315,42.578037,-77.385237,-108.260117
360.589061,43.510170,-77.301663,-106.924241
360.640288,42.619957,-77.285394,-107.070093
360.691378,42.548493,-77.600115,-106.586086
360.762248,41.293346,-77.797549,-107.191192
360.803183,40.461484,-78.010637,-107.690643
360.874513,37.401750,-78.572782,-110.369293
360.905240,35.289364,-78.765687,-112.371297
360.915326,35.100096,-78.866753,-112.491167
360.925491,34.695186,-78.803827,-112.916387
360.935731,34.439965,-78.809912,-113.135868
360.956237,33.940713,-78.912474,-113.491386
360.966150,33.166446,-79.087013,-114.249100
361.017292,30.312834,-79.317983,-116.920257
361.078469,27.843864,-79.459839,-119.169220
361.119129,25.367242,-79.758059,-121.606423
361.149750,24.874207,-79.695610,-122.138877
361.210966,21.470447,-79.696970,-125.515231
361.282271,18.572852,-80.061681,-128.846888
361.302777,17.446450,-79.993782,-130.053345
361.313017,17.129428,-79.995510,-130.435617
361.323031,16.540338,-80.018869,-131.080100
361.333146,15.910145,-80.072268,-131.730963
361.343386,15.057642,-79.973298,-132.705084
361.353626,14.367424,-79.754466,-133.460476
361.394612,12.428266,-80.057009,-135.672596
361.415093,11.216146,-80.063874,-137.083427
361.466319,9.100016,-80.094999,-139.754864
361.536950,6.971216,-79.919285,-142.425905
361.598417,6.666133,-79.972533,-143.106042
361.679838,7.117423,-80.151478,-143.138799
361.710584,7.805276,-80.014280,-142.535174
361.720825,8.257840,-80.009553,-142.171535
361.730838,8.881282,-80.068607,-141.573183
361.740953,9.457523,-80.178532,-140.987426
361.751168,9.674535,-80.064748,-140.830345
361.761433,9.974200,-79.943703,-140.547535
361.781889,11.694022,-79.742226,-138.678248
361.812386,13.951353,-79.757062,-136.336709
361.842780,14.282564,-79.830472,-136.018545
361.904148,18.901186,-79.819223,-131.051536
361.965615,22.877848,-79.691738,-126.466635
362.037072,27.781296,-79.189500,-120.770722
362.108728,33.107932,-79.021635,-114.529459
362.118994,33.541560,-79.040035,-114.004777
362.129259,33.574908,-78.931121,-113.887585
362.139382,33.731603,-78.773350,-113.573424
362.149566,34.274162,-78.668637,-112.817991
362.210706,38.163071,-78.623052,-108.424609
362.231159,37.917464,-78.288530,-108.383136
362.261431,39.026229,-77.921742,-106.832601
362.322068,39.422168,-77.673854,-105.727613
362.383484,39.771020,-77.640686,-104.566405
362.454313,38.343955,-77.528145,-104.622741
362.505515,41.831012,-77.726562,-100.424586
362.536261,40.691211,-77.439148,-101.067832
362.546526,40.736997,-77.224776,-100.745639
362.556716,41.499297,-77.291356,-99.748226
362.566956,41.954881,-77.365286,-99.177646
362.577197,41.745863,-77.342310,-99.260878
362.607744,42.268639,-77.286493,-98.354751
362.628224,41.646204,-77.554476,-98.576610
362.638439,40.745934,-77.759463,-99.359937
362.658945,39.571900,-77.916182,-100.363995
362.709769,40.489758,-78.208992,-98.636340
362.760896,40.021913,-78.274637,-98.411292
362.822188,38.104386,-78.154071,-99.370216
362.893870,35.025319,-78.691709,-101.533221
362.954811,33.040501,-79.081317,-102.948416
362.965026,32.397674,-79.039803,-103.455359
362.975266,31.651069,-79.078537,-104.121617
362.985531,30.836477,-79.170874,-104.818508
363.046698,26.434827,-79.625990,-108.955546
363.097925,23.648365,-79.578814,-111.712948
363.138485,17.721856,-79.736031,-117.859135
363.189435,12.966014,-79.867868,-123.003429
363.240411,6.852201,-79.691376,-129.560998
363.270804,2.592784,-79.508716,-134.181047
363.321981,-2.066767,-79.391250,-139.726204
363.352349,-4.909845,-79.271469,-143.117707
363.362589,-5.785497,-79.217046,-144.125133
363.372830,-6.942672,-79.239231,-145.442335
363.393360,-8.602422,-79.051428,-147.432939
363.403575,-9.144652,-78.995072,-148.060620
363.465017,-13.956179,-78.939058,-153.861991
363.505881,-13.373061,-78.747437,-153.452125
363.556755,-14.093875,-78.615054,-154.315297
363.597668,-15.646338,-78.820226,-156.281722
363.669168,-13.706846,-78.782120,-154.540038
363.750845,-12.384935,-79.037522,-153.767311
363.761085,-12.254629,-78.945594,-153.696796
363.771301,-12.292790,-78.874963,-153.741862
363.781214,-12.266287,-78.786703,-153.813306
363.791479,-12.102142,-78.762723,-153.695198
363.801719,-11.935744,-78.780686,-153.602034
363.811960,-12.052626,-78.914660,-153.858330
363.832440,-11.401898,-78.882346,-153.514294
363.863088,-11.489228,-78.849609,-154.013034
363.903671,-12.194298,-78.839726,-155.323542
363.954849,-12.060429,-78.885768,-155.742916
364.026440,-12.487176,-78.756487,-156.790394
364.087470,-13.037198,-78.827609,-157.640684
364.148485,-11.818281,-78.763146,-156.819490
364.158650,-11.782166,-78.833114,-156.803194
364.168890,-11.961957,-78.883815,-157.001597
364.179131,-11.936789,-78.771896,-157.115729
364.199661,-11.913937,-78.830205,-157.216256
364.209876,-11.729440,-78.932849,-157.174401
364.260877,-10.862035,-78.890304,-156.750068
364.291220,-10.474584,-79.058121,-156.719961
364.352435,-8.995839,-79.020043,-155.604523
364.403511,-8.957758,-78.960170,-156.041464
364.444472,-8.357438,-79.050260,-155.772928
364.515801,-7.532532,-79.043464,-155.197703
364.566454,-6.449479,-79.243985,-154.560023
364.576618,-6.820586,-79.222504,-155.035595
364.586582,-6.751549,-79.106097,-154.989956
364.607062,-6.064707,-79.064617,-154.334914
364.617302,-5.938625,-79.174200,-154.301295
364.657988,-5.831583,-79.137857,-154.591018
364.678493,-5.128241,-79.135644,-153.976971
364.729368,-5.427220,-79.128889,-154.515968
364.790760,-4.865592,-79.424110,-154.543111
364.851976,-4.442734,-79.499645,-154.431725
364.902850,-2.086020,-79.525252,-152.318164
364.943762,-2.201612,-79.406044,-152.619976
364.964243,-2.562372,-79.552190,-152.983451
364.984723,-2.097274,-79.694067,-152.715448
364.994964,-1.393717,-79.730321,-152.044983
365.015269,-0.057688,-79.848511,-150.768680
365.025484,0.493226,-79.928226,-150.263984
365.086598,1.946778,-80.204070,-148.676539
365.117212,4.284222,-79.980778,-146.508227
365.187945,10.138000,-79.932290,-141.139452
365.218666,9.523125,-80.050705,-141.988950
365.279455,7.478658,-80.416981,-143.574087
365.340544,5.311781,-80.906856,-145.822544
365.371215,7.861267,-81.070999,-143.532491
365.381430,8.468542,-81.073485,-142.947062
365.391671,8.844489,-81.136760,-142.608066
365.412177,9.853158,-81.137429,-141.571776
365.422442,10.461575,-80.932476,-141.045264
365.442922,12.049581,-80.648504,-139.528962
365.483658,12.291913,-81.161198,-139.350462
365.524619,13.139425,-80.898386,-138.525621
365.575418,15.237822,-80.886194,-136.571053
365.636885,15.373998,-80.726484,-136.450651
365.677469,16.602940,-81.389968,-135.124733
365.728622,16.932920,-81.263309,-134.778074
365.769255,19.481054,-80.952693,-132.324492
365.779496,20.696491,-80.949046,-131.111328
365.789761,21.640396,-80.934511,-130.184089
365.799976,22.723380,-80.997342,-129.134794
365.810217,23.366931,-81.000750,-128.513616
365.820482,23.707991,-80.912238,-128.174661
365.881397,24.347761,-80.698446,-127.361363
365.912168,24.940791,-80.579710,-126.554540
365.952928,23.851560,-80.638586,-127.455319
366.003777,25.735960,-80.684239,-125.515791
366.074757,27.265280,-80.173587,-123.904331
366.125631,26.169993,-80.256963,-124.749129
366.166544,26.272418,-80.443236,-124.538295
366.176809,25.892469,-80.429357,-124.895132
366.186999,25.628929,-80.345674,-125.118178
366.197239,25.699760,-80.291428,-125.046420
366.217720,25.803271,-80.077479,-124.929979
366.238069,26.096172,-80.251294,-124.511193
366.268772,25.243392,-80.146826,-125.200263
366.309733,25.440158,-80.519891,-124.923368
366.370548,26.120293,-80.254340,-124.282286
366.431687,24.279685,-80.352702,-126.014941
366.503245,22.601980,-80.621518,-127.542144
366.564111,23.242789,-80.477831,-127.045070
366.574023,22.424408,-80.316085,-127.862685
366.584239,21.917404,-80.211522,-128.331454
366.594479,22.139841,-80.333823,-128.108954
366.604745,22.430078,-80.618225,-127.916862
366.614960,22.434434,-80.642432,-127.953868
366.655921,22.091673,-80.335415,-128.460395
366.707122,19.278267,-80.446774,-130.922869
366.758101,18.767825,-80.649952,-131.114060
366.798685,18.960598,-80.605077,-131.014612
366.849636,16.480189,-80.562846,-133.311960
366.931106,15.204985,-80.752951,-134.689719
366.961452,13.765992,-80.344977,-136.254201
366.971592,13.643503,-80.419487,-136.420079
366.981832,13.691661,-80.605371,-136.410653
366.992098,13.309601,-80.778038,-136.788567
367.002338,12.697403,-80.585324,-137.447093
367.012578,12.038053,-80.463843,-138.143718
367.022793,11.601972,-80.532698,-138.564307
367.053514,11.264118,-80.531386,-139.045836
367.073995,11.205912,-80.368910,-139.225934
367.145127,9.641648,-80.183976,-141.043816
367.216481,7.750859,-80.409884,-142.959479
367.277545,8.207926,-80.284161,-142.679004
367.359518,6.692862,-80.206918,-144.319807
367.379948,6.673683,-80.272918,-144.475850
367.390213,6.237850,-80.231083,-144.966039
367.400403,5.876196,-80.142264,-145.329883
367.410575,5.370630,-80.260638,-145.792109
367.420815,4.800528,-80.333400,-146.347349
367.431055,3.964583,-80.401483,-147.170824
367.441120,3.264348,-80.287521,-147.913689
367.461424,2.701726,-79.953470,-148.585684
367.481929,2.803469,-80.112764,-148.608811
367.522818,1.025672,-79.855881,-150.670927
367.584185,-0.438853,-79.820999,-152.628801
367.655389,-4.723857,-79.567169,-157.363979
367.726747,-5.057907,-79.427478,-158.619341
367.777697,-8.519639,-79.052145,-162.650696
367.798105,-9.251646,-79.029674,-163.603808
367.808371,-9.617116,-79.040069,-164.129022
367.828826,-11.075743,-79.097846,-165.940320
367.839091,-11.898382,-79.013554,-166.970791
367.889893,-14.117191,-78.751234,-170.000922
367.930275,-15.223728,-78.791464,-171.855387
367.991716,-17.864775,-78.448459,-175.362771
368.022463,-18.666024,-78.455385,-176.493550
368.073569,-19.604207,-78.335979,-177.992175
368.124267,-20.935655,-78.200940,-179.599934
368.165253,-23.328967,-77.802951,178.274467
368.185536,-23.764668,-77.601959,178.008745
368.195676,-23.629944,-77.537721,178.206807
368.205916,-22.614773,-77.349140,179.223085
368.226069,-21.133118,-77.420235,-179.276060
368.236309,-20.925003,-77.631391,-179.110236
368.246550,-21.114251,-77.808771,-179.300375
368.277261,-21.450991,-78.086172,-179.683344
368.328450,-18.372678,-78.321800,-176.788013
368.369212,-14.792692,-78.378156,-173.473227
368.430276,-13.815051,-78.565474,-172.966126
368.501606,-14.044885,-78.505593,-173.873325
368.583234,-13.451165,-78.669887,-174.275309
368.603689,-13.239271,-78.509452,-174.339827
368.613930,-12.632425,-78.200441,-173.845950
368.624170,-12.348827,-78.103138,-173.584886
368.644701,-11.765788,-78.267213,-173.139449
368.654792,-11.632348,-78.327441,-173.137673
368.664857,-11.545770,-78.345056,-173.175581
368.715405,-10.974725,-78.083208,-173.142604
368.725645,-10.740521,-78.191357,-173.048157
368.807295,-10.935736,-78.147862,-174.487537
368.899059,-9.369686,-78.366374,-174.437567
368.991049,-9.667212,-78.494836,-175.527338
369.001113,-9.179745,-78.431165,-175.091039
369.011177,-8.806143,-78.464947,-174.760881
369.021417,-8.313325,-78.411904,-174.323681
369.041923,-6.961728,-78.275682,-173.057200
369.052138,-6.222945,-78.299909,-172.341860
369.062359,-5.388770,-78.308686,-171.570363
369.093053,-5.001776,-78.748290,-171.404007
369.134065,-2.911296,-78.512826,-169.413867
369.144181,-1.840403,-78.544047,-168.344820
369.174803,-0.069935,-79.020863,-166.915767
369.225627,2.938325,-79.107654,-163.911085
369.306950,9.279689,-79.079042,-157.335334
369.378185,12.719133,-79.295177,-153.347391
369.408881,16.016756,-79.315401,-149.734767
369.419096,17.229649,-79.184473,-148.412921
369.429336,18.244924,-79.242263,-147.235765
369.449867,20.102152,-79.104054,-145.064462
369.459952,20.655513,-78.917454,-144.332703
369.521023,25.718888,-78.597405,-138.265077
369.531289,26.640536,-78.576019,-137.167848
369.592731,30.807312,-78.087128,-131.742888
369.674007,33.910475,-77.532448,-126.828526
369.745542,38.536115,-76.803578,-120.809135
369.806256,39.914171,-76.725380,-118.398706
369.816370,40.533157,-76.724396,-117.576721
369.826585,40.772138,-76.699377,-117.092364
369.836825,41.381224,-76.528875,-116.331932
369.857306,42.083876,-76.153426,-115.309426
369.867537,42.588091,-75.984256,-114.749159
369.897945,44.659926,-76.043194,-111.941138
369.938655,44.140985,-75.808468,-111.414927
370.009984,47.233774,-75.164135,-106.647783
370.050945,47.852797,-74.968573,-105.019288
370.121981,48.999900,-74.219089,-101.949931
370.193428,51.549736,-73.341840,-97.990613
370.213546,51.340363,-73.337141,-97.593868
370.223686,51.224247,-73.396455,-97.406482
370.233926,51.280900,-73.554560,-97.022113
370.254080,51.038169,-73.743585,-96.851031
370.264320,50.469316,-73.731086,-97.195293
370.315450,50.887880,-74.046736,-95.392935
370.366098,50.720496,-74.298572,-94.692903
370.396819,50.082021,-74.414412,-94.711392
370.417276,49.456502,-74.516858,-94.861847
370.478367,48.326447,-74.865902,-94.681120
370.550075,45.560357,-75.018522,-96.186433
370.611247,44.065174,-74.846504,-97.414002
370.621488,43.634677,-75.030584,-97.723457
370.631728,42.904025,-75.086749,-98.344520
370.641993,42.053246,-75.238352,-99.037497
370.662474,41.070436,-75.480783,-99.908257
370.672714,40.349455,-75.485113,-100.607238
370.703212,39.607570,-75.814697,-101.171801
370.713427,39.209845,-75.925435,-101.433644
370.723340,38.707331,-76.062940,-101.853973
370.743820,37.182122,-76.387128,-103.156798
370.825721,33.741961,-77.023053,-106.240799
370.886965,33.254337,-77.223307,-106.635085
370.968488,28.030601,-77.527783,-111.246993
371.019715,25.541376,-77.843051,-113.602493
371.029955,24.816227,-77.780145,-114.280055
371.040109,23.916987,-77.903936,-115.158547
371.050212,23.488098,-77.863958,-115.628491
371.060452,22.993495,-77.961924,-116.137846
371.070718,22.626205,-77.834247,-116.562683
371.080631,22.747969,-77.955463,-116.557479
371.121516,21.217084,-77.757127,-118.351715
371.192624,16.400215,-78.225030,-123.357656
371.233610,17.422202,-78.316677,-122.635896
371.294750,14.398254,-78.776984,-125.370144
371.356141,15.217048,-78.923990,-124.325152
371.417583,16.842857,-78.809912,-122.039061
371.427611,16.948838,-78.739596,-121.825727
371.437772,17.091351,-78.816019,-121.605658
371.448012,17.048258,-78.771035,-121.516551
371.458278,17.534694,-78.786287,-121.004533
371.468493,17.917615,-78.716113,-120.545899
371.529761,20.613817,-78.303864,-117.536299
371.580963,18.161536,-78.181132,-119.486045
371.652446,18.502868,-77.797487,-118.985256
371.703249,17.202950,-77.940361,-119.954910
371.744184,15.555220,-77.874258,-121.548735
371.815341,14.620998,-77.973706,-122.797075
371.825606,13.654283,-78.137678,-123.719656
371.835846,12.932422,-77.912767,-124.355765
371.846087,11.979708,-78.097209,-125.213596
371.856327,11.843600,-78.103616,-125.302976
371.866568,11.339937,-78.424423,-125.770147
371.876736,10.994236,-78.202531,-126.181912
371.938202,9.710255,-78.550741,-127.567744
372.009557,10.022051,-78.356374,-127.234909
372.091009,8.257028,-78.535783,-128.774010
372.172532,8.836486,-77.936864,-128.580551
372.213140,6.818599,-78.192695,-131.038955
372.233646,3.984446,-78.330276,-133.666597
372.243911,2.839989,-78.075687,-134.807826
372.254126,1.630592,-78.322681,-136.015185
372.264367,1.283355,-78.081111,-136.442277
372.274531,0.858366,-78.187423,-136.928682
372.284495,1.293621,-78.123963,-136.695007
372.325229,0.889817,-78.434471,-137.614160
372.396593,-1.476838,-78.270976,-140.396437
372.478066,-2.967209,-78.425885,-142.201369
372.538980,-0.934851,-78.083638,-140.629825
372.610214,-3.173712,-78.374624,-143.043545
372.620479,-3.564191,-78.551185,-143.527328
372.630695,-3.238162,-78.415353,-143.233520
372.640935,-3.714589,-78.654512,-143.742438
372.651175,-3.276703,-78.595779,-143.360466
372.661440,-3.298873,-78.690958,-143.383579
372.671656,-2.940476,-78.501447,-143.181611
372.681871,-2.531771,-78.365684,-142.747784
372.702003,-1.606493,-78.078857,-141.971971
372.773458,-3.573537,-78.473594,-143.941237
372.834951,-2.435282,-78.092456,-143.087709
372.896040,-3.603187,-78.060818,-144.451807
372.926760,-4.752991,-78.590568,-145.635793
372.937026,-4.447346,-78.433070,-145.434726
372.947225,-4.334379,-78.337168,-145.395985
372.957416,-4.072900,-78.344162,-145.232621
372.967681,-3.557818,-78.133273,-144.744973
372.977922,-3.503445,-78.278203,-144.800133
372.988187,-2.858518,-78.103869,-144.246369
372.998402,-3.089645,-78.011183,-144.508976
373.008642,-2.923902,-77.971459,-144.415239
373.018908,-2.911527,-77.920376,-144.427779
373.029123,-3.606692,-78.237140,-145.237416
373.039388,-3.901352,-78.353260,-145.535827
373.049629,-5.249036,-78.512949,-146.888696
373.059895,-5.688884,-78.331369,-147.379322
373.070110,-6.241849,-78.288373,-147.908990
373.080325,-6.577582,-78.159330,-148.275347
373.090565,-6.360075,-78.077702,-148.032944
373.100805,-6.403546,-78.180886,-148.175749
373.111071,-5.838961,-78.067389,-147.693716
373.120984,-5.680146,-78.160607,-147.508522
373.131199,-5.392172,-78.165935,-147.303848
373.141439,-5.087819,-78.097442,-147.047430
373.151679,-5.418894,-78.398988,-147.440643
373.161895,-5.280316,-78.119667,-147.309996
373.171958,-5.893192,-78.264440,-147.952293
373.182174,-5.948626,-78.199205,-148.083351
373.192288,-6.244579,-78.018123,-148.326560
373.227338,-7.446303,-78.507157,-150.081454
373.237402,-6.831192,-78.380000,-149.571813
373.247467,-7.019628,-78.462693,-149.877737
373.257531,-7.085320,-78.742956,-150.143076
373.267596,-6.636499,-78.556007,-149.733647
373.277661,-6.842621,-78.496775,-150.099404
373.287725,-6.415174,-78.242699,-149.826456
373.297790,-6.173481,-78.203282,-149.690672
373.307854,-6.123569,-78.301336,-149.796239
373.317919,-5.933099,-78.394610,-149.610963
373.327984,-6.140541,-78.437838,-149.930466
373.338048,-5.952602,-78.239264,-149.876371
373.348113,-5.993634,-78.189888,-149.949550
373.358177,-6.273674,-78.256606,-150.356902
373.368242,-6.189861,-78.307675,-150.354225
373.378307,-6.649789,-78.421548,-150.902060
373.388371,-6.790339,-78.303324,-151.129547
373.398436,-6.968579,-78.284944,-151.353358
373.408500,-7.272283,-78.413843,-151.774221
373.418565,-7.187848,-78.359721,-151.711260
373.428630,-7.517152,-78.584680,-152.132000
373.438695,-7.193980,-78.525715,-151.898612
373.448759,-6.798849,-78.279412,-151.569329
373.458824,-6.612991,-78.263941,-151.539536
373.468888,-5.510860,-78.219682,-150.469518
373.478953,-4.953102,-78.258129,-150.036184
373.489017,-4.793230,-78.498005,-150.034353
373.499082,-4.110631,-78.266762,-149.355132
373.509147,-4.335998,-78.217284,-149.726653
373.519212,-4.333284,-78.317988,-149.754425
373.529276,-4.900802,-78.485342,-150.244764
373.539341,-5.952148,-78.838667,-151.439678
373.549406,-6.409139,-78.842902,-151.857016
373.559470,-7.626470,-78.845477,-152.990145
373.569535,-8.041284,-78.734248,-153.442631
373.579599,-7.504802,-78.498859,-152.905724
373.589664,-7.530175,-78.419881,-152.960748
373.599729,-6.838667,-78.474345,-152.341072
373.609793,-5.775102,-78.380744,-151.376499
373.619858,-5.018693,-78.337284,-150.754460
373.629923,-3.817327,-78.354919,-149.615704
373.639987,-3.145973,-78.566252,-149.070996
373.650052,-3.025298,-78.780700,-149.046926
373.660116,-2.565405,-78.710321,-148.539116
373.670181,-3.116000,-78.709693,-149.202969
373.680246,-3.362852,-78.555467,-149.454443
373.690311,-3.469064,-78.426957,-149.454798
373.700375,-3.532307,-78.396952,-149.587194
373.710440,-3.055033,-78.335665,-149.066994
373.720504,-3.045040,-78.487971,-149.055191
373.730569,-2.951524,-78.592221,-149.017830
373.740634,-2.500232,-78.554108,-148.523761
373.750698,-2.642158,-78.660748,-148.682905
373.760763,-2.813061,-78.674374,-148.828128
373.770828,-2.847475,-78.627048,-148.791669
373.780893,-3.064994,-78.735156,-149.040260
373.790957,-3.120204,-78.726106,-148.992667
373.801022,-2.817904,-78.534266,-148.627403
373.811087,-2.199760,-78.383039,-148.031796
373.821151,-1.230916,-78.262951,-146.972776
373.831216,-0.066964,-78.266625,-145.859550
373.841281,0.862470,-78.469373,-144.997539
373.851345,1.684633,-78.428576,-144.138616
373.861410,2.122629,-78.367801,-143.768611
373.871475,2.423002,-78.343301,-143.495444
373.881539,2.442425,-78.203952,-143.386585
373.891604,2.463727,-78.177000,-143.412321
373.901669,2.693387,-78.223144,-143.171557
373.911734,2.786964,-78.096096,-143.036182
373.921798,3.077104,-77.969314,-142.883036
373.931863,3.602918,-77.853809,-142.410783
373.941928,3.999360,-77.777550,-142.067757
373.951992,4.402114,-77.875399,-141.864832
373.962057,4.627841,-78.011491,-141.599315
373.972122,4.199672,-77.866233,-141.991341
373.982186,3.726536,-77.753712,-142.664839
373.992251,3.433475,-77.749915,-142.923361
374.002316,2.846731,-77.751943,-143.415353
374.012380,2.415629,-77.975755,-144.032133
374.022445,1.855170,-78.150628,-144.555162
374.032510,1.203615,-78.044781,-145.116535
374.042575,1.160450,-77.988118,-145.337027
374.052639,1.330727,-78.127331,-145.206434
374.062704,1.432973,-78.139939,-145.137435
374.072769,1.832731,-78.244878,-144.933062
374.082833,2.384568,-78.270703,-144.448488
374.092898,2.455075,-78.186234,-144.412438
374.102963,2.823926,-78.100126,-144.145118
374.113028,3.079350,-78.158394,-143.930842
374.123092,2.848841,-78.048244,-144.160800
374.133157,3.106074,-78.015425,-143.892497
374.143222,3.311781,-78.175948,-143.659929
374.153286,2.987458,-78.175231,-143.965730
374.163351,3.024373,-78.254440,-143.951168
374.173416,3.033160,-78.224265,-143.995674
374.183481,2.605741,-78.097619,-144.440360
374.193545,2.612807,-78.199608,-144.507938
374.203610,2.623331,-78.291337,-144.547553
374.213675,2.427326,-78.161577,-144.754193
374.223740,2.399543,-78.219613,-144.864952
374.233804,2.470162,-78.174384,-144.810146
374.243869,2.456828,-78.055190,-144.803439
374.253934,2.762270,-78.194048,-144.603137
374.263998,3.032301,-78.379406,-144.306871
374.274063,2.781325,-78.327858,-144.569915
374.284128,2.751061,-78.365294,-144.774411
374.294193,2.700321,-78.400620,-144.790298
374.304257,2.399210,-78.383968,-145.150030
374.314322,2.692507,-78.485410,-144.963921
374.324387,3.045291,-78.589755,-144.592099
374.334451,3.092807,-78.481408,-144.577114
374.344516,3.731162,-78.420202,-144.037201
374.354581,4.094057,-78.514513,-143.658563
374.364646,4.059026,-78.392472,-143.717658
374.374711,4.284379,-78.320604,-143.507083
374.384775,4.571446,-78.359974,-143.115194
374.394840,4.490662,-78.282458,-143.124879
