frame,timestamp_s,gyro_x,gyro_y,gyro_z,gps_lat,gps_lon,gps_alt_m,speed_2d_mps,speed_3d_mps
0,0.0215000000002874,0.1383386581446111,-0.1015974441075886,0.0830670926517571,17.407879126,78.4015494765,539.1184949999999,5.558119999998674,5.722799999999754
1,0.05486666666683959,0.0934327298547908,-0.1771529996642187,0.0570962016341851,17.4078779248,78.40154850886667,539.1161593333334,5.413975999999037,5.696106666666489
2,0.08823333333339178,0.0622080227192461,-0.1815690450824715,-0.0904721334740988,17.4078767236,78.40154754123333,539.1138236666667,5.269831999999401,5.669413333333223
3,0.12159999999994398,0.0166560170392176,-0.1081576144850738,-0.0356123535680784,17.407875414400003,78.4015465088,539.082976,5.265872000000119,5.567119999999766
4,0.15496666666695091,0.0298331558360225,0.1520695775341575,-0.0402697905640355,17.40787404636667,78.40154544106666,539.0365963333328,5.338277666667589,5.423643333331506
5,0.18833333333304836,0.035498757542033,0.0195953141402935,0.2054668086665202,17.407872678333334,78.40154437333334,538.9902166666662,5.410683333334074,5.280166666665201
6,0.2217000000000553,-0.0217252396168845,0.0721618743214891,-0.2488604898742298,17.4078713754,78.4015433707,538.9399309999998,5.418422999999872,5.277740000000349
7,0.2550666666666075,0.0012637557690285,0.4924387646520708,-0.1994746183882324,17.407870107466668,78.40154240306667,538.8875453333335,5.391396000000063,5.351146666666496
8,0.28843333333361443,0.0722541711029743,0.8128505502147152,-0.0494000709933669,17.407868839533336,78.40154143543333,538.8351596666664,5.364368999999886,5.424553333333645
9,0.3218000000001666,0.0354419595319161,-0.031991480294691,-0.0238977635795997,17.4078675716,78.4015405332,538.7997780000001,5.30791199999999,5.434739999999997
10,0.3551666666667188,0.0374511892082162,-0.1597444089398753,-0.0958466453691555,17.40786630366667,78.40153966566668,538.7734183333334,5.235840000000172,5.411383333333389
11,0.388533333333271,0.1096485623004279,0.1036989705350187,-0.0340930067433717,17.407865035733334,78.40153879813333,538.7470586666668,5.163768000000354,5.388026666666781
12,0.42190000000027794,0.0960596379140677,-0.2974440894458853,0.0778913738089952,17.4078637459,78.4015381058,538.7180709999999,5.091914999999555,5.331819999999545
13,0.45526666666683013,0.102974795882782,-0.1654100106609634,-0.056769613051863,17.4078624446,78.4015375052,538.6877073333333,5.020176666666403,5.258413333333063
14,0.4886333333333823,0.1638764643236866,-0.0048562300350792,0.0457365992191719,17.4078611433,78.4015369046,538.6573436666666,4.94843833333325,5.185006666666582
15,0.5219999999999345,0.2244941427052571,0.1982960596392105,0.2500532481333707,17.407859886,78.401536106,538.6393,4.923340000000001,5.113800000000095
16,0.5553666666669415,0.155605253814453,-0.9542563009981492,0.2355271565490868,17.407858651433333,78.40153520509999,538.6276216666665,4.92233899999999,5.043729999999317
17,0.5887333333330389,0.1814270500531783,0.5141214057499736,-0.091757188497984,17.407857416866666,78.4015343042,538.6159433333332,4.921337999999993,4.973659999999494
18,0.6221000000000458,0.1704579339745696,0.029968051135556,0.0445367412200664,17.4078562044,78.4015334475,538.609569,4.892048999999795,4.95
19,0.655466666666598,0.1347532836352729,-0.1973730919377785,-0.1214483493092154,17.4078550032,78.40153261333333,538.6058986666667,4.848338666666572,4.95
20,0.688833333333605,0.0374156904509697,-0.2940717075005434,-0.2778842740391534,17.407853802,78.40153177916667,538.6022283333333,4.804628333332753,4.95
21,0.7222000000001572,0.1250692225766945,0.2462193823136182,-0.041746538869241,17.4078525564,78.4015310116,538.5954499999999,4.788667999999984,4.921139999999665
22,0.7555666666667094,0.1454739084137092,0.1553709620179746,-0.1909478168241445,17.407851288466667,78.40153027753334,538.5871083333334,4.786665999999999,4.877763333333305
23,0.7889333333332615,0.1474334398295749,0.4340504082351253,-0.2175363862261463,17.40785002053333,78.40152954346668,538.5787666666668,4.784664000000013,4.834386666666944
24,0.8223000000002685,0.1358040468569497,-0.3367625133154086,-0.0349307774243011,17.4078487749,78.401528854,538.569533,4.771065999999938,4.81776999999999
25,0.8556666666668207,0.0866169684026834,-0.0678026269366635,-0.2271920482745004,17.407847540333332,78.40152818666667,538.5598566666666,4.75171333333332,4.814433333333331
26,0.8890333333333729,0.0500603478872246,0.1745189918342732,-0.3172381966671047,17.407846305766668,78.40152751933333,538.5501803333334,4.732360666666702,4.811096666666672
27,0.9223999999999251,0.0132907348247692,0.1301810436680744,-0.00025559105601,17.4078451608,78.4015270536,538.5297520000001,4.6325920000006064,4.796560000000087
28,0.955766666666932,-0.1298402555895201,-0.3220447284134091,-0.1673127440464147,17.4078440597,78.40152668656667,538.5040596666665,4.493452999999062,4.776539999999865
29,0.9891333333330294,-0.1771388001418658,-0.380731274405184,-0.4532481363151514,17.4078429586,78.40152631953333,538.4783673333333,4.3543139999994125,4.756519999999916
30,1.0225000000000364,-0.1660276890303705,-0.1342917997842275,-0.4060702875396358,17.4078418575,78.401525705,538.47045,4.295949999999968,4.657749999999767
31,1.0558666666665886,-0.1245154419594577,-0.1199290024817968,-0.3508271210474752,17.4078407564,78.40152497093334,538.4711173333334,4.276597333333349,4.520946666666778
32,1.0892333333335955,-0.1119133830321336,0.1297479588292544,-0.1771388001434156,17.4078396553,78.40152423686666,538.4717846666666,4.257244666666468,4.3841433333319255
33,1.1226000000001477,-0.124387646433014,0.3581682640986527,-0.309392971246049,17.4078385768,78.40152345759999,538.4681579999999,4.252582000000018,4.326439999999844
34,1.1559666666667,-0.0773517926871848,0.1219808306711086,-0.1434930777421124,17.407837509066667,78.4015226568,538.4624856666667,4.254917666666679,4.306419999999895
35,1.189333333333252,-0.0492722754706038,0.1068512602042138,0.0799432019881369,17.407836441333334,78.401521856,538.4568133333333,4.25725333333334,4.286399999999945
36,1.222700000000259,-0.1578061767836149,-0.0208306709346845,-0.2001064962683493,17.407835419,78.4015211914,538.4620370000001,4.201930999999115,4.282270000000036
37,1.2560666666668112,-0.1784451544207459,-0.0027405040880252,-0.1324671636492296,17.407834418,78.4015205908,538.4723806666667,4.119515333333031,4.285606666666679
38,1.2894333333333634,-0.1051118210857195,0.2289598864080619,-0.1492225772121841,17.407833417000003,78.4015199902,538.4827243333333,4.037099666666947,4.288943333333322
39,1.3227999999999156,-0.1027902023442197,-0.0871139510219427,0.0588711395085828,17.4078324388,78.40151934400001,538.4677600000002,3.9882000000002455,4.233000000000614
40,1.3561666666669225,-0.0858359957406139,0.2629037983649843,-0.1251331203409332,17.407831471166666,78.40151867666667,538.4410666666665,3.954833333333208,4.1495833333330205
41,1.38953333333302,-0.1099609513656276,-0.3913383031546369,-0.1188356407509825,17.407830503533333,78.40151800933333,538.4143733333333,3.9214666666666256,4.066166666666565
42,1.422900000000027,-0.0898828540982467,0.0934824281233612,-0.0273056443011011,17.4078296046,78.4015172733,538.402336,3.885810000000048,4.019390000000039
43,1.4562666666665791,-0.0005395811153209,1.4388924387575377,0.1923322683703358,17.407828737066666,78.40151650586667,538.3969973333333,3.849106666666807,3.9893600000001146
44,1.489633333333586,-0.2247426340053947,-0.4365992189836447,0.156215832447489,17.407827869533335,78.40151573843333,538.3916586666666,3.812403333333066,3.959329999999781
45,1.5230000000001382,-0.229818956331356,-0.2809371671913606,-0.238764643227549,17.407826979,78.401515201,538.3605599999997,3.7586799999997074,3.924699999999825
46,1.5563666666666904,-0.2700248491321698,0.2582037628550598,-0.3946254881076747,17.4078260781,78.40151476723334,538.3178506666666,3.697285333333195,3.887996666666584
47,1.5897333333327879,-0.166900958469801,1.0185445509361493,-0.1518352857652422,17.407825177200003,78.40151433346666,538.2751413333333,3.635890666666684,3.8512933333333432
48,1.6230999999997948,-0.1061128860458965,1.6611075612393431,0.1847497337539486,17.407824391800002,78.40151380729999,538.2312769999995,3.561328999999129,3.798419999999349
49,1.6564666666668018,-0.2190131345404563,-0.1503443379491545,-0.0434220802274193,17.407823657733335,78.40151324006666,538.1868993333329,3.480915333332665,3.738359999999501
50,1.689833333333354,-0.1947816826422407,0.0553425630141592,-0.2486687965890681,17.407822923666668,78.40151267283333,538.1425216666664,3.4005016666662007,3.678299999999653
51,1.7231999999999061,-0.1942492012776453,0.4007241746628135,-0.352417465390478,17.4078221896,78.4015120824,538.1174,3.343055999999995,3.606639999999992
52,1.756566666666913,-0.2130209442676531,-0.0587220447370625,-0.3346538871136875,17.407821455533334,78.4015114818,538.1007166666666,3.2956753333330173,3.529896666666155
53,1.7899333333330105,-0.2781824636186189,-0.8909336173597708,0.0132907348202672,17.407820721466667,78.4015108812,538.0840333333333,3.248294666666685,3.4531533333333644
54,1.8233000000000175,-0.165708200212915,-0.4572310969099111,0.4335676251339572,17.4078199874,78.4015103272,538.0480110000002,3.213496000000126,3.397380000000201
55,1.8566666666665697,-0.2526091586795818,0.2482073127369962,-0.1984380546673763,17.407819253333333,78.40150979333333,538.0036333333336,3.1841333333335333,3.350666666666985
56,1.8900333333335766,-0.3102094426702788,-0.0311679091255569,-0.4438977635927104,17.407818519266666,78.40150925946666,537.9592556666665,3.1547706666665407,3.303953333333133
57,1.9234000000001288,-0.1952289669919708,-0.465729499454931,0.2420873269401708,17.407817808599997,78.4015086086,537.952318,3.1312579999999626,3.271279999999953
58,1.956766666666681,-0.2772310969125147,-0.2987859424992655,-0.2139439119615199,17.407817107899998,78.4015079079,537.961327,3.110237000000016,3.2445866666666867
59,1.9901333333327784,-0.1255662051857837,0.3215477458151292,0.0254029108948357,17.4078164072,78.4015072072,537.970336,3.089216000000069,3.2178933333334205
60,2.0234999999997854,-0.1384451544182393,0.2167199148172684,0.2188498402573828,17.40781573,78.4015066475,537.9466799999997,3.0449299999995767,3.193549999999817
61,2.0568666666667923,-0.0908342208025418,0.0998793042167946,0.3770252041172024,17.407815062666668,78.40150614699999,537.9093093333331,2.9908759999997128,3.1701933333332093
62,2.0902333333333445,-0.0526801561942812,0.3960454383978447,0.2679517216894134,17.407814395333332,78.4015056465,537.8719386666666,2.936821999999849,3.146836666666601
63,2.1235999999998967,-0.3959105431339658,-4.305388711410474,-0.291970181049041,17.407813728,78.4015050752,537.840468,2.926900000000002,3.102239999999985
64,2.1569666666669036,-0.0518636847727183,0.0125878594382903,1.0477529286394078,17.407813060666665,78.4015044746,537.8114389999996,2.935241666666762,3.0488533333327257
65,2.190333333333001,-0.0918707845163944,-0.8521121760316333,0.7744408945879067,17.407812393333334,78.401503874,537.7824099999997,2.9435833333334074,2.9954666666661938
66,2.223700000000008,-0.1536528221516276,0.0892438764606043,-0.1370394036201914,17.4078117734,78.40150336820001,537.7806360000001,2.894807999999776,2.987110000000031
67,2.25706666666656,-0.2258004969827295,0.2383102591404573,-0.1083990060343781,17.4078111728,78.40150290106668,537.7899786666667,2.822736000000285,2.9971199999999603
68,2.290433333333567,-0.1546112886055729,0.0571317003492145,0.1578132765522494,17.4078105722,78.40150243393333,537.7993213333334,2.7506639999998126,3.007130000000026
69,2.3238000000001193,-0.1392545260916565,1.16072417465546,-0.1877316293964736,17.407810042999998,78.4015018478,537.81985,2.6954900000000594,2.9576400000000898
70,2.3571666666666715,-0.3261270855545917,-0.5425985090770271,-0.910188143418758,17.4078095425,78.40150121383334,537.8448749999999,2.647108333333515,2.8842333333336083
71,2.3905333333332237,-0.3899183528540921,-1.91422080221432,-0.4206176783708076,17.407809042,78.40150057986666,537.8698999999998,2.5987266666669697,2.810826666667127
72,2.423899999999776,-0.0568690095851293,0.5302449414232532,0.1533333333293195,17.4078086371,78.4015002088,537.8617039999998,2.460958999999162,2.754149999999758
73,2.457266666666783,-0.0521121760732433,-0.1317003905368281,0.46121405751271,17.407808270066667,78.40149994186666,537.8403493333333,2.287785999999598,2.704099999999884
74,2.490633333333335,-0.2447852325172596,1.4030173943949609,-1.1242527511579856,17.407807903033333,78.40149967493333,537.8189946666666,2.1146130000000354,2.6540500000000105
75,2.5239999999998872,-0.2726304579339723,-0.1703940362087327,-0.5015974440894568,17.407807488,78.401499312,537.80916,2.037440000000108,2.5200000000004548
76,2.557366666666894,-0.3175079872199707,0.8471352502794249,0.396577919792293,17.407807054233334,78.4014989116,537.8038213333333,1.997733666666334,2.3531666666652686
77,2.5907333333329916,-0.3939510117147992,0.4939439119490407,-0.385047923324706,17.407806620466665,78.40149851119999,537.7984826666667,1.9580273333331009,2.186333333332356
78,2.6240999999999985,-0.2235995740134682,0.1062406815709842,0.1478381256742259,17.4078060421,78.40149791799999,537.8170030000001,2.050148000000477,2.1110799999998666
79,2.6574666666665507,-0.2047000355018802,0.5867234646857875,-0.4148242811790194,17.40780540813333,78.40149725066667,537.8446973333333,2.19295733333345,2.071039999999967
80,2.6908333333335577,-0.1812921547739727,1.7371671992207312,-0.4046148385017488,17.407804774166664,78.40149658333333,537.872391666667,2.33576666666837,2.0309999999995227
81,2.72420000000011,-0.1541214057511706,-1.3220873269468192,0.1057720979704726,17.4078041886,78.4014960128,537.9029900000002,2.383228000000069,2.119220000000835
82,2.757566666666662,0.0840610578767156,0.2219666312372643,0.3883777067933165,17.407803621366668,78.40149547893333,537.9346883333333,2.394572666666656,2.256023333333202
83,2.7909333333332143,-0.0222080227153408,0.7480866170132809,-0.2596805111795399,17.407803054133332,78.40149494506666,537.9663866666664,2.405917333333242,2.392826666665568
84,2.824300000000221,0.1427902023341775,1.7227902022652766,0.2940149094694277,17.4078025112,78.40149441119999,537.979374,2.4150750000000154,2.4348600000000125
85,2.8576666666667734,0.0622648207286527,0.670216542369261,-0.5262335818364786,17.40780197733333,78.40149387733334,537.9853800000001,2.423416666666661,2.441533333333329
86,2.8910333333333256,0.0847142350016483,0.009804756833822,0.281178558749984,17.407801443466667,78.40149334346667,537.991386,2.4317583333333066,2.4482066666666453
87,2.9243999999998778,0.0789776357834759,0.8835782747751988,0.2835782747642731,17.4078010072,78.4014928096,537.9695760000002,2.3891040000003514,2.457319999999943
88,2.9577666666668847,-0.1422293219717459,0.759219027428636,-0.8253958111301143,17.4078006068,78.40149227573333,537.9375439999999,2.327709333333003,2.4673300000000538
89,2.991133333332982,-0.1318565850187713,-0.5733759318602849,0.0428966986236032,17.4078002064,78.40149174186666,537.9055119999999,2.266314666666491,2.4773400000000287
90,3.024499999999989,0.0433439829596374,-0.1640042598574915,0.6565495207593633,17.407799708,78.4014912325,537.902145,2.2509800000000006,2.4358999999999797
91,3.0578666666665413,0.1361164359264111,1.2762513312304118,0.7742279020300155,17.40779917413333,78.401490732,537.9091520000001,2.252314666666664,2.3758400000001307
92,3.0912333333330935,-0.0114376996806098,0.4794533191391981,0.0607880724216147,17.407798640266666,78.4014902315,537.9161590000001,2.253649333333345,2.315779999999464
93,3.1246000000001004,-0.0573801916941973,-0.0707135250247643,0.2259424920098273,17.4077981556,78.4014896818,537.9234120000001,2.2549840000000088,2.3
94,3.1579666666666526,-0.0411359602408542,0.5093503727334828,0.3728789492402894,17.407797688466665,78.40148911456667,537.9307526666668,2.256318666666672,2.3
95,3.191333333333205,-0.0386936457223673,1.0674476393344314,0.0524671636501956,17.407797221333333,78.40148854733334,537.9380933333334,2.257653333333335,2.3
96,3.2247000000002117,0.0742917997830091,0.5573162939458915,0.2269222577006164,17.4077968283,78.401488153,537.930614,2.1814299999990583,2.3
97,3.258066666666764,0.0714944976931877,0.0848846290548575,0.4708271210466964,17.407796461266667,78.40148781933333,537.9179346666667,2.077993333333122,2.3
98,3.291433333333316,0.0251047213362978,0.0002697905663292,-0.0188356407490649,17.407796094233333,78.40148748566666,537.9052553333335,1.9745566666671872,2.3
99,3.3247999999998683,-0.0787646432397259,0.0982747603528919,-0.2668796592244415,17.4077957024,78.4014870776,537.8955520000001,1.9351040000001516,2.225600000000873
100,3.3581666666668752,-0.078700745470683,0.5363507277545458,0.0618743343928042,17.407795302,78.40148664383334,537.8868766666667,1.917753333333292,2.125499999999761
101,3.3915333333329727,0.0296059637914221,1.2453816116433434,0.4804259850906806,17.407794901600003,78.40148621006666,537.8782013333333,1.900402666666669,2.0254000000000136
102,3.4248999999999796,0.0428541001027459,1.0441959531448364,0.0108200212825484,17.4077945012,78.4014856518,537.872265,1.937582999999852,1.9875500000000443
103,3.458266666666532,0.046915157968164,0.785871494479083,-0.1472630458025173,17.4077941008,78.4014850512,537.86726,1.9933053333330448,1.9708666666667527
104,3.491633333333084,-0.0094852680090925,-1.9119488817931125,0.5003833865937628,17.407793700400003,78.40148445060001,537.862255,2.0490276666669973,1.9541833333332344
105,3.525000000000091,0.0044728434516803,-1.5644302449507252,-0.1075612353532756,17.407793350000002,78.40148405000001,537.8862500000001,2.0009999999997183,1.9900000000001816
106,3.5583666666661884,0.2064181753639448,0.1090592829238009,0.2247923322720278,17.407793016333333,78.40148371633333,537.9199503333333,1.9182506666665933,2.0433866666667138
107,3.5917333333331953,0.1861128860490347,0.7009158679186331,0.510500532487686,17.407792682666667,78.40148338266667,537.9536506666666,1.8355013333334689,2.096773333333246
108,3.6251000000002023,-0.0359105431313622,-0.1595314162913255,-0.1043663471778487,17.4077922988,78.4014828733,537.9860960000003,1.8599290000005655,2.04724999999921
109,3.6584666666667545,-0.1988214412496802,0.2011785587519469,-0.6720198793033797,17.4077918984,78.40148230606667,538.0181280000002,1.9196553333337485,1.9638333333327536
110,3.6918333333333067,-0.2591409300644127,-0.1982605608924117,-0.3383031593856762,17.407791498,78.40148173883333,538.0501600000001,1.9793816666669315,1.8804166666662967
111,3.725199999999859,-0.2453248136338397,-0.9920340787693162,-0.0529073482515247,17.4077911732,78.4014811464,538.054472,1.9995439999999889,1.9028399999999133
112,3.758566666666866,-0.3173446929357833,-0.9805608803706488,-0.0402555910536931,17.4077908729,78.4014805458,538.0498006666667,2.0068846666667035,1.9595633333336189
113,3.791933333333418,-0.4859779907699033,-1.331246006379401,-0.7648278310279624,17.4077905726,78.40147994520001,538.0451293333333,2.0142253333333184,2.016286666666551
114,3.82529999999997,-0.4324174653858909,-0.3735463258616169,-0.2569755058490233,17.4077901458,78.4014794205,538.0649989999998,2.0329509999998736,2.035059999999962
115,3.8586666666665224,-0.3559105431308353,0.3099041533585069,-0.1214057508010465,17.407789678666667,78.40147892,538.092693333333,2.055306666666484,2.0417333333332786
116,3.8920333333330746,-0.4143343982952189,0.1611572594966783,-0.498686545960482,17.40778921153333,78.4014784195,538.1203876666667,2.0776623333333992,2.0484066666666862
117,3.9254000000000815,-0.5994036208764153,-1.2899680511499958,-0.5171458998973005,17.407788846,78.40147781739999,538.14224,2.1023040000000104,2.065240000000008
118,3.958766666666179,-0.6355981540646903,-1.0216613418433955,-0.0812850550239316,17.407788512333333,78.40147718343333,538.16226,2.127662666666613,2.0852599999999577
119,3.992133333333186,-0.695818246360401,0.2055236066450344,-0.874959176448212,17.407788178666667,78.40147654946668,538.1822799999999,2.1530213333332155,2.1052799999999072
120,4.025500000000193,-0.8412140575107669,0.6522896699168121,-1.502555910567607,17.4077878195,78.401475992,538.2084200000002,2.156449999999978,2.127850000000151
121,4.058866666666745,-0.6642243521476955,-1.2194391196380296,-0.2073127440513751,17.407787452466668,78.40147545813333,538.2364480000001,2.15311333333332,2.151206666666759
122,4.092233333333297,-0.6016542421022296,-2.337266595666176,0.2282215122471584,17.407787085433334,78.40147492426667,538.2644760000001,2.149776666666662,2.1745633333333667
123,4.125599999999849,-0.2791906283221505,0.0391906283632259,0.0960170394134538,17.4077867952,78.40147436480001,538.2733039999999,2.125704000000033,2.1748800000000075
124,4.158966666666856,-0.1792829250966813,0.7918068867630134,0.5482144124961774,17.407786528266666,78.40147379756667,538.276307,2.095340333333029,2.1682066666666
125,4.1923333333334085,-0.2296769613061927,0.5118920838106128,-0.1632942847023277,17.407786261333335,78.40147323033334,538.27931,2.064976666666439,2.161533333333284
126,4.225699999999961,-0.0524387646425865,1.3023216187506432,0.3268796592112185,17.4077860458,78.4014726374,538.292336,2.0438649999999727,2.136869999999956
127,4.259066666666513,-0.1106993255229764,2.36097976570889,-0.0371033013812048,17.4077858456,78.4014720368,538.3083519999999,2.025513333333436,2.106840000000168
128,4.292433333333065,-0.3419737309143644,-0.0877671281296347,-0.7730209442591762,17.4077856454,78.4014714362,538.3243679999999,2.007161666666649,2.0768099999999707
129,4.325800000000072,-0.1087965921195198,0.4520979765782238,0.6305857295059221,17.4077854194,78.4014708614,538.3452859999999,2.006353999999989,2.0571000000000432
130,4.359166666666624,-0.2530706425272112,1.0959886403860988,-0.0969471068490421,17.407785185833333,78.40147029416667,538.3676416666665,2.010691666666645,2.040416666666752
131,4.392533333333176,-0.4190557330511048,-0.8776428825263309,-0.1988782392731609,17.407784952266667,78.40146972693333,538.3899973333331,2.0150293333333003,2.023733333333461
132,4.425900000000183,-0.4945047923310886,-0.3073269435567178,-0.9881789137299508,17.4077847187,78.4014691079,538.401734,2.0279140000000533,2.022590000000012
133,4.4592666666667355,-0.4068583599576804,-0.3249414270524398,-0.5010010649657948,17.40778448513333,78.40146847393333,538.4104093333334,2.0432626666666813,2.025926666666669
134,4.492633333333288,-0.4426198083058026,0.2581398650811836,0.1532765353222375,17.407784251566664,78.40146783996667,538.4190846666667,2.058611333333309,2.029263333333328
135,4.52599999999984,-0.7116080937160807,-2.1936102236869788,-0.6790202342862014,17.407784122,78.401467258,538.4404999999999,2.0388600000001214,2.0403999999999454
136,4.559366666666847,-0.9177138800145352,-2.5191551295772814,-0.7341143060076843,17.4077840219,78.40146669076667,538.4655250000002,2.009163666666458,2.0537466666667603
137,4.592733333333399,-0.5734611288633027,0.8349023783991971,-0.4732978345882341,17.407783921799997,78.40146612353334,538.4905500000001,1.9794673333332,2.067093333333393
138,4.626099999999951,-0.5757401490945531,1.5756762513333653,-0.3903940362091938,17.4077837695,78.4014654519,538.473815,2.0064080000000843,2.0465099999999405
139,4.659466666666503,-0.6033510827123221,0.3676393325941304,0.1745686900931501,17.407783602666665,78.4014647512,538.4454533333333,2.04911733333331,2.0164800000000165
140,4.692833333333056,-0.692509762149659,0.4299254526404824,-0.8522186723135814,17.407783435833334,78.4014640505,538.4170916666664,2.0918266666671177,1.9864499999996827
141,4.726200000000063,-0.5214483493072978,1.4058359957465183,-0.7713738019180023,17.4077833214,78.4014634808,538.4492520000002,2.044407999999678,2.014060000000194
142,4.759566666666615,-0.6134043308509748,0.8476322328442503,-0.4675470358569659,17.4077832213,78.40146294693334,538.4979673333332,1.9723360000001875,2.057436666666554
143,4.792933333333622,-0.5790841320513798,0.1923464679143848,-0.0241533546147621,17.4077831212,78.40146241306667,538.5466826666669,1.9002639999997144,2.100813333333505
144,4.826300000000174,-0.6470500532478225,-1.328583599561218,0.1082641107575298,17.4077831,78.40146180030001,538.594872,1.8739539999999928,2.052139999999965
145,4.859666666666726,-0.7027334043273358,0.0957756478858251,-0.3358892438718927,17.4077831,78.40146116633333,538.6429199999999,1.8599400000000288,1.9787333333334836
146,4.893033333333278,-0.7305005324815259,1.1417820376283214,-0.776272630460863,17.4077831,78.40146053236667,538.6909679999998,1.845926000000064,1.9053266666670017
147,4.926400000000285,-0.7339723109612125,0.3650266241245986,-0.744792332238337,17.4077830208,78.40145995120001,538.7445600000003,1.8379839999999583,1.8794399999999127
148,4.959766666666837,-0.7038906638253429,-1.2438480653305717,-0.5404614838788842,17.4077829207,78.40145938396667,538.7996150000002,1.831644333333308,1.86609333333328
149,4.99313333333339,-0.5327085551976855,-1.3242598508961176,0.7980830670985796,17.4077828206,78.40145881673334,538.85467,1.8253046666666568,1.8527466666666468
150,5.026499999999942,-0.8423855165069223,0.0546325878745928,-1.051544195951088,17.407782906,78.40145814350001,538.882165,1.862159999999951,1.8420500000000104
151,5.059866666666949,-0.940986865459474,0.1042811501880501,-0.6466595669269771,17.40778303946667,78.40145744280001,538.9025186666669,1.9102080000004849,1.832039999999899
152,5.093233333333046,-0.8430670926448531,-0.3451828185766095,0.0057365992459111,17.407783172933335,78.40145674210001,538.9228723333335,1.9582560000003637,1.8220299999999243
153,5.126600000000053,-0.8146112886047283,-1.163578274758272,-0.5153141640060381,17.4077832532,78.4014561212,538.9442900000001,1.9531039999999056,1.8599000000002524
154,5.159966666666605,-0.5187575434770503,-2.2847781327329653,0.7315441959862903,17.407783319933333,78.4014555206,538.9659783333334,1.9344186666666197,1.9099500000001264
155,5.193333333333612,-0.1762158324386903,0.1775647852188082,0.3117500887736718,17.407783386666665,78.40145491999999,538.9876666666669,1.9157333333330784,1.960000000000682
156,5.226700000000164,-0.2225985090541628,0.637039403600723,-0.0320553780567506,17.4077834801,78.4014543461,539.006151,1.894377999999836,1.9539799999998504
157,5.260066666666717,-0.1100887468850976,0.8427121050580564,0.6986865459927938,17.4077835802,78.40145377886667,539.0238353333333,1.8723559999999912,1.933959999999992
158,5.293433333333269,-0.0285481008166083,-0.1401419950328266,0.7665246716359632,17.4077836803,78.40145321163332,539.0415196666665,1.850334000000147,1.9139400000001332
159,5.326800000000276,-0.0592545260899478,-1.8404685835910888,0.37039403621344,17.4077836464,78.4014525372,539.053844,1.8567200000000472,1.893919999999929
160,5.360166666666828,-0.0855520056788326,-1.0250266240366304,-0.5509407170742243,17.407783579666667,78.4014518365,539.064855,1.8700666666666803,1.8738999999999797
161,5.39353333333338,0.1437273695421744,-1.9930564430164124,0.2367767128222835,17.407783512933335,78.40145113579999,539.0758659999999,1.8834133333333127,1.8538800000000304
162,5.426899999999932,0.4549307774250315,-0.5647923322584737,0.8382534611295153,17.4077836076,78.4014505158,539.1048999999998,1.879544000000032,1.8607599999999465
163,5.460266666666939,0.2516151934647933,0.5808164714652627,0.3466240681690979,17.407783741066666,78.4014499152,539.1382666666669,1.8715359999999432,1.8741066666667607
164,5.493633333333037,-0.0954703585370533,-2.160489882855108,0.6548739794115006,17.407783874533333,78.4014493146,539.1716333333335,1.8635279999999637,1.8874533333333945
165,5.527000000000044,-0.2843450479246787,-0.5965921192962043,-0.0826411075550558,17.4077839,78.401448714,539.17935,1.8598399999999944,1.8818999999999797
166,5.560366666666596,-0.3693503727354083,1.4393823216335393,-0.6866382676581045,17.4077839,78.4014481134,539.1810183333333,1.857170666666668,1.8718900000000047
167,5.593733333333603,-0.2399006034719561,1.756038338591435,0.8204614838412297,17.4077839,78.40144751279999,539.1826866666667,1.8545013333333047,1.8618799999998936
168,5.627100000000155,-0.3023642172500948,0.4711608093683052,0.6099254526320017,17.4077840084,78.4014468038,539.2030540000002,1.8919400000003788,1.857289999999973
169,5.660466666666707,-0.6104934327324851,1.521150159741724,-1.6388356407510822,17.407784141866667,78.40144606973332,539.2277453333335,1.9386533333335945,1.8539533333333147
170,5.693833333333259,-0.1910898118569595,1.1250266240647482,0.6254881079067955,17.407784275333334,78.40144533566666,539.2524366666667,1.98536666666681,1.8506166666666568
171,5.727200000000266,0.1228115015979322,0.4733972311043154,2.001789137379704,17.4077843544,78.401444656,539.2624400000001,2.004608000000136,1.888080000000489
172,5.7605666666668185,-0.2731558395463598,0.7998438054660881,-0.2841320553829434,17.407784421133336,78.40144398866667,539.2691133333334,2.017621000000044,1.934793333333492
173,5.793933333333371,-0.4166276180335651,-1.3068370607029374,-0.6939155129570052,17.407784487866667,78.40144332133333,539.2757866666667,2.030633999999952,1.981506666666495
174,5.827299999999923,-0.3075825346077088,0.0699467518684268,0.4767625133167762,17.407784554600003,78.4014425994,539.2922879999999,2.0523829999998338,2.000919999999906
175,5.86066666666693,-0.3677671281420558,0.8693645722053611,-0.5960241391240705,17.407784621333334,78.40144186533334,539.3109733333334,2.0760733333334302,2.014266666666721
176,5.894033333333027,-0.2433226837063182,-0.9585019524224698,-0.0322186723515923,17.407784688066666,78.40144113126667,539.3296586666667,2.099763666666704,2.027613333333354
177,5.927400000000034,-0.1694142705028337,-0.4400851970546467,0.8460063897791473,17.407784809600003,78.4014403698,539.326972,2.1311259999999685,2.0491799999999776
178,5.960766666666586,-0.1412424565150344,1.454526091591405,-0.1458146964899079,17.40778494306667,78.40143960236666,539.3196313333334,2.164158999999885,2.072536666666585
179,5.994133333333593,-0.2098402555900779,-1.5799645011862946,-0.2086190983411356,17.407785076533337,78.40143883493333,539.3122906666666,2.197192000000252,2.095893333333512
180,6.0275000000001455,-0.0444089456903296,-0.8158679446124656,0.9038338658065024,17.4077852375,78.4014382325,539.3429000000002,2.155424999999705,2.1275000000001705
181,6.060866666666698,0.0228753993596237,-0.3946183883339068,0.4608590699240378,17.407785404333335,78.40143766526667,539.3816053333335,2.097700666666517,2.1608666666667533
182,6.094233333332795,0.1358111466095567,-0.3283067092664775,0.2611927582501659,17.407785571166666,78.40143709803334,539.4203106666666,2.039976333333329,2.194233333333336
183,6.127600000000257,0.2910756123521186,-0.0790628328034942,1.02394036207663,17.407785738,78.40143647560001,539.428932,2.042420000000168,2.153079999999366
184,6.160966666666809,0.3985374511891748,0.1287113951012605,0.9666453674112648,17.407785904833332,78.40143584163333,539.4312676666667,2.05743500000013,2.096356666666176
185,6.194333333333361,0.1627973020932385,0.7538516152017721,-1.160454384093005,17.407786071666667,78.40143520766667,539.4336033333333,2.0724500000000923,2.039633333332985
186,6.227699999999913,0.0535676251379244,-1.716443024481094,0.0523109691409384,17.4077862108,78.401434546,539.4417559999999,2.075,2.0438499999999973
187,6.26106666666692,0.2774014909470962,0.5642172523529287,0.4621796237287034,17.40778634426667,78.40143387866667,539.4510986666667,2.075,2.06053333333344
188,6.294433333333018,-0.0051047213366697,1.1587717429955404,-0.4592261270903974,17.407786477733335,78.40143321133334,539.4604413333333,2.075,2.077216666666656
189,6.327800000000025,-0.0489456869007724,-0.8901384451660737,0.2983173588976457,17.407786639,78.401432544,539.5048119999998,2.0702740000000226,2.08
190,6.361166666666577,-0.0263755768549585,-0.0893858714966156,0.8525381611644626,17.407786805833332,78.40143187666666,539.5561966666663,2.0646016666667037,2.08
191,6.394533333333584,-0.2793326233581618,0.6299041533595297,-0.7129712459988891,17.407786972666667,78.40143120933332,539.6075813333335,2.0589293333333067,2.08
192,6.427900000000136,-0.1752076677330783,-0.3942279020093014,-0.0728647497485456,17.407787111599998,78.4014305699,539.6037239999999,2.050745999999981,2.074419999999986
193,6.461266666666688,-0.1644728434506419,-1.2852964146244217,0.5306638267659456,17.407787245066665,78.40142993593332,539.5890426666666,2.04207066666667,2.067746666666669
194,6.494633333332786,-0.0573801916901176,0.4464749734249922,-0.3322328718655539,17.40778737853333,78.40142930196666,539.5743613333334,2.0333953333333588,2.061073333333353
195,6.527999999999793,0.0394036208712353,0.5953141640193697,-0.3154419595583816,17.407787568,78.401428584,539.6019600000003,2.065040000000322,2.051599999999918
196,6.5613666666668,0.0546538871146328,-1.109385871498859,1.0106283280063462,17.4077877682,78.40142784993333,539.6376623333335,2.104412666666889,2.0415899999999434
197,6.594733333333352,0.1623855165100759,-0.2728008519726528,0.2340788072647599,17.4077879684,78.40142711586667,539.6733646666668,2.1437853333334567,2.0315799999999684
198,6.628099999999904,0.1172949946753877,0.8919062832711743,-0.6868583599586723,17.4077881686,78.4014264099,539.697546,2.140445999999993,2.0637200000000244
199,6.661466666666911,0.2110330138475838,-0.793141640018818,0.5120198792724318,17.4077883688,78.4014257092,539.7195680000002,2.1291013333332005,2.1037600000004693
200,6.694833333333008,0.3018459353959289,-0.7138445154467636,1.0171458999054366,17.407788569,78.4014250085,539.7415900000002,2.1177566666665624,2.1438000000003683
201,6.728200000000015,0.2667092651733632,0.498785942490649,-0.4123535676350514,17.4077887692,78.4014241668,539.7517680000001,2.1960880000002687,2.141539999999972
202,6.7615666666665675,0.1009513667031901,-1.3074973376171102,-0.1613915512798431,17.4077889694,78.40142329926665,539.759776,2.290849333332932,2.1315300000000423
203,6.794933333333574,-0.167511537095406,0.6004969825842742,0.046829960956863,17.4077891696,78.40142243173332,539.767784,2.385610666666887,2.1215199999999768
204,6.828300000000127,-0.4357614483499819,0.9406389776374022,-0.4579978700774841,17.4077893981,78.4014217057,539.795602,2.387265000000013,2.199239999999917
205,6.861666666666679,-0.6557330493436088,0.8803691870836179,-0.5867234646805636,17.407789631666667,78.401421005,539.8269666666666,2.3722500000000517,2.2926666666663484
206,6.895033333332776,-0.7899467518684037,-1.3485481008440732,-0.2440397586143285,17.407789865233333,78.4014203043,539.8583313333332,2.357235000000089,2.3860933333327794
207,6.928399999999783,-0.7592332268406676,0.0700319488355608,-1.145133120318042,17.407790212400002,78.40141957520001,539.8919680000002,2.3694840000000883,2.388639999999931
208,6.96176666666679,-0.71062122825811,1.0999432019994848,-1.3447426340226318,17.407790579433332,78.40141884113334,539.9260020000002,2.3865010000000453,2.375293333333298
209,6.995133333333342,-0.4049840255592449,-0.6740220092245939,0.1722115725912708,17.407790946466665,78.40141810706668,539.9600360000001,2.4035180000000023,2.3619466666666646
210,7.0284999999998945,-0.336528221512247,-1.3594249201277953,0.7129925452609158,17.4077911425,78.40141728750001,539.976685,2.423384999999952,2.37424999999996
211,7.061866666666901,-0.3505999290027018,1.1256372026574888,-0.8488036918577357,17.407791309333334,78.40141645333334,539.9903653333334,2.443738666666844,2.390933333333479
212,7.095233333332999,-0.3468654597128051,1.0625204118197022,-0.6515867944835491,17.407791476166665,78.40141561916667,540.0040456666667,2.4640923333334595,2.40761666666677
213,7.128600000000006,-0.2833226837067366,-1.0690095846693408,0.6176783812597555,17.407791643,78.4014148994,539.9916999999999,2.421811999999806,2.427160000000074
214,7.161966666666558,-0.225310614133555,-0.5100603478623981,0.1842030528572081,17.407791809833334,78.4014141987,539.9750166666666,2.3690926666666057,2.4471800000000234
215,7.195333333333565,-0.2161164359253108,0.93681221155374,-0.6729144479962315,17.40779197666667,78.401413498,539.9583333333331,2.316373333332687,2.4672000000002456
216,7.228700000000117,0.0032161874329981,-0.037252396165026,0.5956762513271819,17.4077921148,78.4014126825,539.9419369999999,2.34286600000023,2.4240799999996887
217,7.262066666666669,0.0753851615186661,-0.2456514022168399,0.8816613418630463,17.407792248266666,78.40141184833334,539.9255873333334,2.382238666666618,2.3706933333333997
218,7.2954333333332215,0.0220802271916091,0.2825204118013726,-0.4967128150590694,17.407792381733334,78.40141101416667,539.9092376666669,2.4216113333330065,2.3173066666671103
219,7.328799999999774,0.0825559105406087,0.3477742279310691,-0.1598722044882206,17.407792659200002,78.4014102952,539.903832,2.411447999999961,2.3445600000000875
220,7.362166666666781,0.0698615548480212,-1.3095491657787457,0.98104366346988,17.4077929595,78.4014095945,539.9001616666667,2.393430000000006,2.3845999999999865
221,7.395533333333333,0.2185587504402139,0.6919701810596179,0.1485268015424704,17.407793259800002,78.4014088938,539.8964913333333,2.375412000000052,2.4246399999998856
222,7.428899999999885,0.0769116080943036,1.2823216187425013,-0.66615548455639,17.4077935601,78.4014081064,539.9329919999998,2.4160609999997327,2.412660000000108
223,7.462266666666892,0.1358608448697463,-1.1242172523760274,0.8717784877449088,17.4077938604,78.4014073056,539.9757013333335,2.4657773333336177,2.392639999999885
224,7.495633333332989,-0.108626198083067,-1.2394817181497857,0.4030457934038736,17.4077941607,78.4014065048,540.0184106666668,2.515493666666826,2.372619999999936
225,7.528999999999996,-0.1970181043663471,1.020234291799787,-1.0702875399361025,17.40779449,78.401405791,540.04575,2.514169999999994,2.413500000000034
226,7.5623666666665486,-0.1221157259473963,0.5798154063967985,-0.2855449058954047,17.407794823666666,78.4014050903,540.070775,2.5051610000000166,2.463549999999908
227,7.5957333333335555,-0.2297195598142648,-1.3217323394294342,0.7844799432266337,17.407795157333332,78.40140438959999,540.0958000000003,2.4961519999999164,2.513600000000464
228,7.629100000000108,-0.2823429179987068,0.5706070287188922,-0.6227902023310626,17.4077954328,78.4014036307,540.099,2.50664000000009,2.514179999999955
229,7.66246666666666,-0.4371849485272999,1.0800496982586438,-1.4125665601731543,17.407795699733335,78.40140286326667,540.099,2.519986666666723,2.5075066666666386
230,7.695833333333212,-0.3407880724172716,0.321441249548291,0.4042243521504967,17.40779596666667,78.40140209583333,540.099,2.5333333333333563,2.500833333333322
231,7.729200000000219,-0.3316719914791048,-1.6533333333339688,0.7236634717848263,17.407796613200002,78.4014013284,540.1506840000005,2.628732000000946,2.511680000000118
232,7.762566666666771,-0.4517145899895131,0.4069790557215097,-0.9466098686483594,17.4077973139,78.40140056096666,540.2097430000001,2.7358390000001886,2.5250266666666903
233,7.795933333333323,-0.4288959886399585,1.4438338658116667,-1.0695633652791194,17.4077980146,78.40139979353333,540.2688019999996,2.8429459999994315,2.5383733333332628
234,7.829299999999876,-0.43312034078537,0.2932055377418011,0.1091586794777465,17.4077984809,78.4013990847,540.2953379999998,2.8223050000003216,2.6337599999991053
235,7.8626666666668825,-0.5143769968010438,-1.15186368480873,0.2280440184854344,17.407798914666667,78.401398384,540.31736,2.783933333333229,2.7405333333336244
236,7.89603333333298,-0.4690024849130267,0.7901313454017356,-0.788363507277182,17.407799348433333,78.40139768329999,540.339382,2.745561666666659,2.8473066666666886
237,7.929399999999987,-0.4588711395104425,0.9340149094842588,-0.6408093716797245,17.407799870399998,78.4013969826,540.35082,2.7521719999999705,2.824720000000093
238,7.962766666666539,-0.4298260560875538,-0.8119417820733137,0.3296627618126842,17.407800404266666,78.4013962819,540.36083,2.764851333333272,2.784680000000194
239,7.996133333333091,-0.4774724884677118,-1.4587433440643676,0.1396947107097588,17.40780093813333,78.4013955812,540.37084,2.777530666666746,2.744639999999749
240,8.029500000000098,-0.2227902023450876,0.3068157613973248,-0.2939297124612262,17.407801413,78.40139502800001,540.4017950000001,2.732094999999801,2.75180000000005
241,8.06286666666665,-0.0674334398299313,1.2499822506182452,-0.1258927937491425,17.407801880133334,78.40139449413334,540.4354953333333,2.679041999999935,2.765146666666683
242,8.096233333333203,0.0268867589634452,-0.1519985800416255,0.8532268370568248,17.407802347266667,78.40139396026667,540.4691956666666,2.625989000000069,2.778493333333316
243,8.12960000000021,-0.0960596379146489,-1.715058572980329,0.8286261980946668,17.4078027848,78.40139327840001,540.4667839999998,2.616447999999961,2.732639999999476
244,8.162966666666762,0.022910898118917,0.2107490238092524,-0.0447852325244658,17.407803218566666,78.4013925777,540.4597769999999,2.612443999999971,2.679253333332944
245,8.196333333333314,0.1281505147318552,1.3130990415336432,-0.0331558395451574,17.40780365233333,78.401391877,540.45277,2.608439999999981,2.625866666666412
246,8.229699999999866,0.0718849840268182,0.3450053247887505,0.3541214057670165,17.4078041752,78.4013911763,540.458534,2.650173999999915,2.617030000000006
247,8.263066666666873,-0.1322506212198989,-2.460081647050412,0.4857117500845295,17.407804709066667,78.4013904756,540.4658746666668,2.697554666666892,2.613693333333317
248,8.296433333333425,-0.0167625133114799,-0.1144834930890746,0.3404969826093526,17.407805242933332,78.4013897749,540.4732153333333,2.744935333333224,2.610356666666674
249,8.329799999999977,-0.047071352503011,1.3854313099037816,-0.5416400426001363,17.407805925799998,78.4013890742,540.48592,2.806917999999661,2.651719999999752
250,8.36316666666653,-0.0383386581465774,0.4279020234208115,-0.0146964856142471,17.4078066265,78.4013883735,540.4992666666666,2.870648333332834,2.698433333332967
251,8.396533333333082,-0.0113596024133504,-1.296485622996318,0.9086971955964752,17.4078073272,78.40138767280001,540.5126133333334,2.934378666666875,2.74514666666682
252,8.429900000000089,0.0182534611311095,-0.1578700745650693,0.3181256656207423,17.407807938199998,78.40138691230001,540.518485,2.9679100000000225,2.8068100000000475
253,8.463266666666186,-0.003237486688051,0.6644373446962883,-0.1575008874715524,17.407808538799998,78.40138614486666,540.52349,2.997939999999947,2.8702066666665544
254,8.496633333333193,-0.0268583599568261,0.1017323393617081,0.1830386936566111,17.407809139399998,78.40138537743333,540.528495,3.027969999999871,2.9336033333330613
255,8.5300000000002,-0.0114483493086822,-0.5346112885964237,0.6206070287495745,17.407809739999998,78.40138473,540.5392,2.9985999999997546,2.9670000000002044
256,8.563366666666752,-0.1079446219376432,-0.779616613411975,0.2351508697179532,17.407810340599998,78.40138409603334,540.5505446666667,2.962563999999845,2.997030000000129
257,8.596733333333304,-0.0666524671640921,0.899439119623834,-0.3304366347177034,17.407810941199998,78.40138346206666,540.5618893333334,2.9265279999999363,3.027060000000053
258,8.630099999999857,-0.0968264110733109,0.8138871139561723,-0.068349307757177,17.407811391299997,78.4013826174,540.554271,2.9431669999999834,2.999900000000025
259,8.663466666666864,-0.0746893858724549,-0.2127085551245506,0.5968406105719748,17.407811825066666,78.40138174986667,540.5445946666665,2.9655226666668986,2.966533333332988
260,8.696833333333416,-0.1350727724511884,-0.6835285764850678,0.1845935392366522,17.40781225883333,78.40138088233333,540.5349183333333,2.9878783333335086,2.933166666666405
261,8.730199999999968,-0.2015761448340745,-0.9135250266117284,-0.2833652822157771,17.4078125718,78.40137974299999,540.4950419999999,3.0697280000001057,2.9481200000000243
262,8.76356666666652,-0.1006815761440038,-0.0236918707910449,-0.0739013134455423,17.4078128721,78.40137857516666,540.4519990000002,3.157815999999483,2.9681399999998828
263,8.796933333333072,-0.0491870784525227,0.2951508697251671,0.3006318778828973,17.4078131724,78.40137740733333,540.408956,3.2459040000000607,2.988160000000014
264,8.83030000000008,-0.1426411075612953,-0.281150159745765,0.0847710330140188,17.4078135636,78.40137654249999,540.393486,3.2194580000000856,3.0718099999997976
265,8.863666666666177,-0.1458288959878526,-0.2643947461839352,0.17806176784107,17.407813964,78.40137570833333,540.3808066666667,3.1814200000001813,3.1618999999995703
266,8.897033333333184,-0.0197089101906435,0.465587504439163,0.2090592829293025,17.4078143644,78.40137487416666,540.3681273333334,3.143382000000277,3.251989999999343
267,8.93040000000019,0.0210436634751414,0.6122683706330099,0.2344195953165505,17.4078147952,78.4013741008,540.364568,3.0791999999997453,3.223519999999847
268,8.963766666666743,0.0504011359610988,0.2898473553454041,0.296102236422779,17.407815228966665,78.40137333336666,540.3618986666667,3.0124666666665805,3.1834799999999484
269,8.997133333333295,0.1502662406825083,-0.0630102946296587,0.2571884984029796,17.407815662733334,78.40137256593333,540.3592293333334,2.9457333333334152,3.1434400000000493
270,9.030499999999847,0.1294994675193341,-0.304579339722141,0.2088391906273787,17.4078162185,78.401371829,540.2629250000005,2.9271900000000524,3.07900000000025
271,9.063866666666854,0.2022861199881676,-0.1632516861949621,0.0289243876506631,17.40781678573333,78.40137109493332,540.1578199999992,2.913175999999897,3.0122666666661755
272,9.097233333333406,0.1888533901337345,-1.3441746538551471,0.0901881434058539,17.407817352966667,78.40137036086666,540.0527149999995,2.8991619999999325,2.9455333333330103
273,9.130599999999959,0.2802449414299194,-1.135569755030896,0.6920127795668085,17.407817858999998,78.4013697186,540.050732,2.847203999999872,2.927759999999969
274,9.16396666666651,0.3945544905985799,-0.5021512246541967,0.764465743697001,17.4078183595,78.40136908463333,540.0580726666667,2.7918153333333446,2.914413333333336
275,9.197333333333063,0.4465743698980867,0.0709975150882633,0.6691515797046548,17.40781886,78.40136845066667,540.0654133333335,2.736426666666063,2.901066666666521
276,9.23070000000007,0.2525452609165536,0.1391693290892663,0.246602768900601,17.4078194219,78.4013678167,540.072754,2.725859999999972,2.847809999999762
277,9.264066666666622,0.3184238551653113,0.564856230028462,-0.1740149094739548,17.407819989133333,78.40136718273332,540.0800946666666,2.719186666666686,2.7910866666668297
278,9.297433333333174,0.1659921902729271,-0.5381824636455532,-0.328839190627956,17.407820556366666,78.40136654876666,540.0874353333332,2.7125133333334,2.734363333333897
279,9.330800000000181,0.1394675186354994,0.5706496272820609,-0.0834504792430365,17.4078208464,78.4013656376,540.056892,2.729556000000016,2.7238399999999947
280,9.364166666666733,0.0154064607737695,-0.7055378061849198,-0.0854100106479225,17.407821113333334,78.40136470333333,540.0231916666667,2.748574999999968,2.717166666666678
281,9.397533333333286,-0.0189563365263327,0.037344692922736,-0.6842740504017302,17.407821380266665,78.40136376906668,539.9894913333335,2.76759399999992,2.7104933333333614
282,9.430899999999838,-0.0721618743338868,0.1125026624087606,-0.1874547390824312,17.4078218017,78.4013630511,539.9900899999999,2.725740000000316,2.7285399999998647
283,9.464266666666845,-0.1304082357120703,0.4252183173492222,-0.3111395101174868,17.407822235466668,78.4013623504,539.9934266666667,2.679026666666463,2.748560000000088
284,9.497633333333397,-0.2685126020618724,0.5555768548125477,-1.0830812921650066,17.407822669233333,78.40136164970001,539.9967633333333,2.632313333333248,2.768580000000037
285,9.530999999999949,-0.259318423855165,-0.1432374866879658,0.1794462193823216,17.407823165,78.40136091800001,539.98646,2.6587599999999783,2.726600000000032
286,9.564366666666956,-0.3505431309892066,-0.0085410010862171,0.1435924742692768,17.4078236655,78.40136018393333,539.9751153333332,2.690792000000334,2.67988666666618
287,9.597733333333053,-0.3405182818594659,0.5226979055645129,-0.6555058572990085,17.407824166,78.40135944986667,539.9637706666665,2.7228240000002533,2.633173333332964
288,9.63110000000006,-0.3140788072417698,0.2495207667767079,0.0295846645356913,17.4078243866,78.40135843590001,539.8989339999996,2.743038000000104,2.66110000000018
289,9.664466666666613,-0.3770855520069006,-0.3699148029864903,0.1071352502585162,17.4078245868,78.40135740153333,539.8301986666664,2.762390666666722,2.694466666666762
290,9.69783333333362,-0.2847355342521103,-0.11128860491481,-0.6618743343823146,17.407824787,78.40135636716667,539.7614633333324,2.7817433333336035,2.7278333333338
291,9.731200000000172,0.0365282215129008,-1.5785942492062903,0.8654419595368283,17.4078252368,78.401355676,539.752632,2.737759999999652,2.748720000000144
292,9.764566666666724,-0.0147319843813699,-0.7450408235990682,0.3517500887654013,17.407825703933334,78.40135500866667,539.7479606666667,2.689378333333327,2.7687400000000024
293,9.797933333333276,0.0261554845572965,-0.6704153354537125,-0.4304579339760302,17.407826171066667,78.40135434133333,539.7432893333335,2.6409966666670024,2.788759999999861
294,9.831300000000283,0.0910330138438412,-1.022193823236074,0.544749733748757,17.4078267634,78.4013536114,539.7439390000001,2.673682000000148,2.7430499999998057
295,9.864666666666835,0.1276180333654016,0.3010294639526988,0.2325168619174203,17.407827364,78.40135287733332,539.74494,2.711720000000052,2.692999999999932
296,9.898033333333387,0.1764004259860319,0.5011856585055788,0.116556620522344,17.4078279646,78.40135214326666,539.745941,2.7497579999999555,2.642950000000058
297,9.93139999999994,0.2396166134184334,-0.7153141640043529,0.9027050053249182,17.407828251199998,78.4013512208,539.7058080000002,2.751372000000002,2.6776799999998526
298,9.964766666666947,0.1920979765697893,0.2326943556791476,0.2753212637760363,17.407828518133332,78.40135028653334,539.6630986666664,2.7507046666666617,2.717720000000297
299,9.998133333333044,0.212602058926416,0.7027689030592498,-0.1991835285756805,17.407828785066666,78.40134935226668,539.6203893333332,2.75003733333333,2.757760000000196
300,10.031500000000051,0.2748668796598124,-0.8718849840069042,0.7732694355643505,17.407829398500002,78.40134857550001,539.6306000000001,2.7761450000000663,2.76
301,10.064866666666603,0.2223642172520474,0.0266950656722364,0.3648562300364818,17.407830032466666,78.40134780806667,539.6439466666667,2.80383933333333,2.76
302,10.09823333333361,0.244749733760097,1.0063613773187396,-0.4960241391546969,17.407830666433334,78.40134704063334,539.6572933333335,2.831533666666971,2.76
303,10.131600000000162,0.3252396166148956,0.1561235356900294,0.5812566560109131,17.4078311108,78.4013461152,539.6134439999996,2.850380000000156,2.7852800000002254
304,10.164966666666714,0.2649982250615901,0.4092509762250591,0.3836137735102983,17.407831544566665,78.40134518093333,539.5663969999997,2.8687316666667755,2.8119733333334915
305,10.198333333333267,0.2015619453327398,0.4988285410069538,-0.4608448704267713,17.407831978333334,78.40134424666667,539.5193499999999,2.887083333333396,2.8386666666667573
306,10.231700000000274,0.2658785942494453,-0.1636208732460038,0.4844302449336164,17.4078324438,78.4013434709,539.5274610000001,2.8496429999995883,2.859020000000204
307,10.265066666666826,0.1167731629445879,-0.4301029464008634,0.3814696485816233,17.407832910933333,78.40134270346667,539.5384720000001,2.809269333333207,2.8790400000000624
308,10.298433333333378,0.0432445864393789,0.4415122470717166,-0.671466098687109,17.40783337806667,78.40134193603333,539.5494829999999,2.768895666666826,2.899059999999921
309,10.33179999999993,0.0449414270500144,0.199659211933301,-0.0119701810457478,17.4078337816,78.401341105,539.5579499999999,2.775267999999942,2.858660000000289
310,10.365166666666937,-0.0789847355279928,-0.7483138090253371,0.053603123910681,17.407834182000002,78.40134027083333,539.5662916666668,2.783943333333372,2.815283333333141
311,10.398533333333035,-0.192261270855068,-0.2235356762503867,-0.8059282925082043,17.4078345824,78.40133943666666,539.5746333333334,2.7926186666666832,2.771906666666584
312,10.431900000000041,-0.2564856230038225,0.2368051118392878,-0.5101597444161984,17.407835174200002,78.4013386982,539.589993,2.8373409999999715,2.779569999999994
313,10.465266666666594,-0.2069577564790881,-0.2861199857787442,0.056656017034149,17.407835774800002,78.40133796413333,539.6056753333332,2.8837206666665214,2.7895799999999684
314,10.4986333333336,-0.217266595661368,0.4574511892452069,-0.4859992900036818,17.407836375400002,78.40133723006667,539.6213576666668,2.9301003333337032,2.79959000000008
315,10.532000000000153,-0.2622470713500206,0.9757720979866804,-0.6051650692312338,17.407836944,78.401336432,539.622,2.9496000000001,2.8448000000002547
316,10.565366666666705,-0.2589563365283687,-0.6158750443764895,0.3428257010980813,17.407837511233332,78.4013356312,539.622,2.9679516666667203,2.89151333333347
317,10.598733333333257,-0.3870429534964419,0.0953319133864983,-0.624778132767694,17.407838078466668,78.4013348304,539.622,2.986303333333341,2.9382266666666856
318,10.632100000000264,-0.4206602768924396,1.1799148029498048,-1.1813844515491396,17.4078386778,78.4013340296,539.623284,2.972875999999831,2.956050000000192
319,10.665466666666816,-0.3307774227903476,-0.1696840610525761,0.3930422435197171,17.4078392784,78.4013332288,539.6246186666666,2.958194666666534,2.9727333333334838
320,10.698833333333369,-0.4856940007094069,-1.123038693657061,0.0453319133896308,17.407839878999997,78.401332428,539.6259533333333,2.943513333333238,2.989416666666775
321,10.73219999999992,-0.4892438764666483,0.1732694355879885,-1.1930777422789476,17.4078406406,78.401331756,539.6720459999999,2.978741999999984,2.977120000000006
322,10.765566666666928,-0.3016258430956517,0.3851331203878687,0.0891515796443472,17.407841408033335,78.40133108866667,539.7197603333336,3.0157790000002267,2.963773333333252
323,10.798933333333025,-0.2812353567628775,-0.1993042243517498,0.4692367767117328,17.40784217546667,78.40133042133334,539.7674746666667,3.052815999999965,2.9504266666666794
324,10.832300000000032,-0.3132268370577739,0.113865814705412,-0.6868796592015192,17.407842749100002,78.40132962480001,539.758987,3.052708000000005,2.9855299999998675
325,10.865666666666584,-0.2644657437000198,0.1046325878424143,-0.713436279726436,17.407843316333334,78.401328824,539.7486433333335,3.0513733333333413,3.022233333333108
326,10.899033333333591,-0.0471707490267944,-0.8678239261582316,0.6633865814654991,17.407843883566667,78.40132802320001,539.7382996666666,3.05003866666666,3.0589366666668494
327,10.932400000000143,-0.0425559105411085,0.3453887113999478,-0.2160596379005037,17.4078445804,78.40132735200001,539.7814160000001,3.043519999999984,3.056759999999992
328,10.965766666666696,-0.0470926517572698,0.8951792687240397,-0.356670216540622,17.4078452811,78.40132668466667,539.8261273333334,3.036846666666667,3.0534233333333334
329,10.999133333332793,-0.0032658856934518,-0.3127440539594029,0.5713170039048956,17.407845981799998,78.40132601733333,539.8708386666665,3.0301733333333503,3.050086666666675
330,11.032500000000255,-0.1148029818965634,0.0571884983734404,0.0790202343199273,17.407846845,78.401325415,539.8983250000002,3.046900000000148,3.043499999999943
331,11.065866666666807,-0.2238835640720493,0.4140007099679679,-0.3885126020489554,17.407847712533332,78.4013248144,539.9253520000001,3.0642506666667706,3.0368266666666264
332,11.099233333333359,-0.2101313454032233,-0.525374511893135,0.2874263400764494,17.407848580066666,78.40132421380001,539.9523790000001,3.0816013333333934,3.03015333333331
333,11.132599999999911,-0.2670394036210548,-0.4367412140490087,0.0445686900817174,17.4078491868,78.40132354800001,539.955282,3.004085999999924,3.046300000000016
334,11.165966666666918,-0.2553638622648943,0.0589066382670348,-0.6011785587454381,17.4078497874,78.40132288066667,539.9576176666667,2.9243396666657047,3.0629833333335346
335,11.199333333333016,-0.1256656017044246,-1.046148384804191,0.4407170748943473,17.407850388,78.40132221333333,539.9599533333334,2.8445933333325724,3.0796666666668258
336,11.232700000000023,-0.0889669861542137,-0.2716080937084754,0.197976570815837,17.4078510867,78.4013214806,539.9681750000001,2.894666000000135,3.001519999999795
337,11.266066666666575,-0.0943556975506825,-0.0662051828160991,-0.4259850905208631,17.407851787400002,78.40132074653333,539.9765166666666,2.9473853333330955,2.9214400000003606
338,11.299433333333582,-0.0064678736228682,-0.6181895633477084,0.0282996095094,17.4078524881,78.40132001246667,539.9848583333334,3.000104666666775,2.841359999999836
339,11.332800000000134,0.0191693290720295,-0.6766773163278542,0.2943556975605378,17.4078530904,78.4013193112,539.990904,2.967872000000018,2.89247999999997
340,11.366166666666686,0.0581824636135087,0.2402555910513298,-0.0434149804756381,17.407853691,78.4013186105,539.9969100000001,2.93417166666677,2.945866666666503
341,11.399533333332784,0.095012424566137,0.1032836350516292,0.3126020589403191,17.4078542916,78.4013179098,540.002916,2.9004713333335217,2.999253333333035
342,11.43289999999979,-0.028796592122073,0.07354632588279,0.2073269435603616,17.407854958,78.40131714329999,540.0210950000002,2.920069000000112,2.967099999999816
343,11.466266666666797,-0.1089811856585826,0.0198260560884525,-0.2582002129924363,17.407855625333333,78.40131637586667,540.0394466666668,2.9404226666667275,2.933733333333233
344,11.49963333333335,-0.1782108626188862,-0.737955271534276,0.2004401845859868,17.407856292666665,78.40131560843334,540.0577983333334,2.960776333333343,2.9003666666666508
345,11.532999999999902,-0.2790202342917998,-0.4142705005324814,0.0266240681576144,17.407856761999998,78.401314709,540.02863,2.963309999999995,2.919799999999959
346,11.566366666666909,-0.3365992190267658,0.2190344337948313,-0.672864749729114,17.407857229133334,78.4013138081,539.9989336666664,2.965645666666688,2.9398200000001813
347,11.599733333333006,-0.2721334753279115,0.597515086972747,-0.139226127097643,17.407857696266667,78.4013129072,539.9692373333332,2.9679813333333485,2.959840000000131
348,11.633100000000013,-0.3595527156561763,0.9623642172360776,-0.5526730564450701,17.4078582627,78.40131213869999,539.970986,2.938871999999882,2.9633100000000137
349,11.666466666666565,-0.4761519346838475,-0.0445722400256437,-0.672871849490758,17.407858829933332,78.40131137126667,539.972988,2.9095093333332893,2.966646666666672
350,11.699833333333572,-0.4586439474577062,-0.8165424210066894,-0.1503727369563761,17.407859397166668,78.40131060383334,539.97499,2.8801466666662963,2.969983333333376
351,11.733200000000124,-0.3770500532475188,0.2134185303593316,-0.1028221512227578,17.4078599644,78.401309936,539.9965800000001,2.836839999999759,2.9401199999998333
352,11.766566666666677,-0.3240681576141541,-0.1156975505762452,0.4781824636075384,17.407860531633336,78.40130926866667,540.0182683333333,2.7934633333333987,2.910090000000045
353,11.799933333332774,-0.3304224352205337,-0.9141924032541712,0.3052609158435442,17.407861098866668,78.40130860133333,540.0399566666664,2.7500866666670385,2.8800600000002574
354,11.833299999999781,-0.3783386581538398,-0.3974440895225967,-0.0655591054234527,17.407861865900003,78.4013080006,540.050323,2.766317000000041,2.8367099999998904
355,11.866666666666788,-0.1732339368118887,0.1767838125431932,0.1647142350024206,17.407862633333334,78.4013074,540.0606666666666,2.7826666666666666,2.793333333333333
356,11.90003333333334,-0.1538658146966831,0.2622293219720553,0.1528931487396682,17.4078634006,78.4013067994,540.0709793333334,2.798948000000131,2.7500166666666246
357,11.933399999999892,-0.2025559105428404,0.1821086262046209,-0.1952076677317989,17.4078640012,78.4013061988,540.0502920000001,2.7468960000002625,2.766699999999916
358,11.9667666666669,-0.2287397941079784,0.2217465388780008,-0.2177848775359696,17.4078646018,78.4013055982,540.0296046666666,2.694843999999684,2.7833833333334344
359,12.000133333332997,-0.2264465743698284,-0.2539936102235816,0.0549875754350333,17.407865202533333,78.40130499746667,540.00908,2.64304133333337,2.799786666666477
360,12.033500000000004,-0.1719914802981895,-0.0127795527156549,0.2694355697550585,17.4078658365,78.4013043635,540.0291,2.6533850000000103,2.7463999999999453
361,12.066866666666556,-0.0626730564430789,-0.5708910188145191,0.4448349307768053,17.40786647046667,78.40130372953334,540.0491199999999,2.663728666666651,2.6930133333334134
362,12.100233333333563,0.1290805821784821,-0.3570749024148146,0.7396734114285181,17.4078671035,78.40130309556667,540.068827333333,2.673740999999644,2.6400700000000965
363,12.133600000000115,0.2795527156557995,0.6548455803974457,0.3982960596410605,17.407867604,78.40130246160001,540.0441359999998,2.636703999999737,2.650080000000071
364,12.166966666666667,0.3675257365991338,0.7829747958831359,0.3842527511534229,17.4078681045,78.40130182763333,540.0194446666666,2.599666999999831,2.6600900000000456
365,12.20033333333322,0.4536741214038136,1.226482073102419,0.3134540291112412,17.407868605333334,78.40130119433334,539.9950366666667,2.562659999999932,2.66963333333326
366,12.233700000000226,0.4638338658159963,-0.1607028753787981,0.2937806176804908,17.407869139200002,78.4013006271,539.9987070000001,2.5286259999997087,2.632929999999686
367,12.267066666666778,0.4611998580052732,-0.5974156904370559,0.5240042598510873,17.407869673066667,78.40130005986667,540.0023773333334,2.4945919999999493,2.596226666666612
368,12.30043333333333,0.3840965566183228,1.1384451544097158,0.1959886403902313,17.40787020606667,78.40129949176666,540.005909,2.4606966666667955,2.559566666666851
369,12.333799999999883,0.2110756123542455,1.069488817905963,0.0430244941413974,17.4078706732,78.4012988578,539.998902,2.437340000000188,2.5262000000002685
370,12.36716666666689,0.0975860844887153,1.126340078111143,-0.0498047568321095,17.407871140333334,78.40129822383334,539.991895,2.413983333333262,2.492833333333231
371,12.400533333332987,0.0251473198437886,-1.4087752928638275,0.1616329428468402,17.4078716096,78.40129759093334,539.9850746666667,2.3909199999999973,2.459626666666654
372,12.433899999999994,-0.225686900961008,-2.1352502662701265,0.4185090521830341,17.4078722102,78.4012970237,539.989746,2.38591500000001,2.436270000000046
373,12.467266666666546,-0.2125665601622579,0.0438764643769721,-0.2383386581462868,17.4078728108,78.40129645646667,539.9944173333333,2.3809100000000223,2.4129133333334383
374,12.500633333333553,-0.2335534256304335,1.388562300284031,0.0300319488669117,17.407873410133334,78.40129589113333,539.9990063333333,2.375151333333038,2.3899366666666446
375,12.534000000000106,-0.3546325878596186,0.4140575080232128,-0.2334398296092956,17.407873944,78.401295424,539.99934,2.3304399999998173,2.3865999999999863
376,12.567366666666658,-0.6201774937836778,-0.7804472843144874,-0.7420305289154607,17.407874477866667,78.40129495686666,539.9996736666667,2.2857286666665964,2.383263333333328
377,12.60073333333321,-0.6036918707841512,0.2778310259140405,-0.6854100106485134,17.407875011,78.40129449046667,539.9989953333334,2.241560000000019,2.378973333333378
378,12.634100000000217,-0.6370607028767942,1.252353567612069,-0.4817678381277344,17.407875511500002,78.40129405670001,539.9532829999996,2.2215399999997967,2.332259999999525
379,12.667466666666769,-0.3870784522536286,2.2977635782711574,-0.4500674476379223,17.407876012,78.40129362293334,539.9075706666664,2.201519999999847,2.2855466666663102
380,12.700833333333321,-0.4712460063902606,1.669080582166309,-1.0877884274031873,17.407876514166666,78.40129318833333,539.8639166666669,2.18143333333322,2.2394999999999
381,12.734199999999873,-0.3752928647542377,1.543769967918399,-0.6240681575912377,17.4078770814,78.4012927212,539.9006199999999,2.158744000000047,2.2194800000000416
382,12.76756666666688,-0.2575292864718778,0.7648988286240354,-0.1811075612333537,17.40787764863333,78.40129225406666,539.9373233333334,2.1360546666665647,2.1994599999999105
383,12.800933333332978,-0.1436989705388723,1.0656017039094643,-0.29020234292502,17.4078782168,78.4012917888,539.9734013333333,2.1141399999999875,2.1794400000000493
384,12.834299999999985,0.0080298189643641,-0.5348242810732934,-0.2295207667574177,17.4078788174,78.4012913884,539.9877489999999,2.119144999999975,2.1594200000001
385,12.867666666666537,0.0126020589298343,-2.4825168618837017,-0.325967341134363,17.407879418,78.401290988,540.0020966666665,2.1241499999999625,2.1394000000001503
386,12.901033333333089,0.5624281150098491,0.4405395810395962,0.182882499097458,17.407880014466667,78.40129058243333,540.0166923333334,2.1284936666666074,2.1201033333333457
387,12.934400000000096,0.6387646432370508,0.9231629392517589,0.5954206602916369,17.4078804816,78.40129001519999,540.039048,2.112143999999982,2.1234400000000035
388,12.967766666666193,0.7669932552347314,0.7932694355801537,0.8597160099249633,17.407880948733332,78.40128944796666,540.0614036666666,2.0957943333333566,2.126776666666662
389,13.0011333333332,0.4833084842008909,-0.6422577210004777,0.675342562991605,17.407881420400003,78.4012888898,540.0844279999998,2.0792860000000832,2.1294333333333992
390,13.034500000000207,0.2343982960601415,-0.634611288619505,0.2445154419672025,17.407882021000002,78.4012885895,540.1264700000003,2.058264999999849,2.1127499999998807
391,13.06786666666676,0.2158324458622961,0.3447639332500025,0.1102591409280979,17.4078826216,78.4012882892,540.1685120000002,2.0372439999999026,2.096066666666589
392,13.101233333333312,0.3211359602399089,1.528966986150196,-0.03225417110798,17.407883219733336,78.40128799013333,540.2088396666666,2.014779999999873,2.079259999999958
393,13.134599999999864,0.3919062832818286,2.1493929712775977,0.714504792357862,17.4078837536,78.4012877232,540.2045019999999,1.9547200000000244,2.0592400000000084
394,13.16796666666687,0.3305644302499974,1.6060063898114123,0.6494213702637823,17.40788428746667,78.40128745626666,540.2001643333333,1.8946599999993572,2.0392199999997858
395,13.201333333333423,0.219914802982743,1.1254881079377337,-0.5948704295371657,17.40788481466667,78.40128718266666,540.1967466666669,1.836359999999872,2.01759999999952
396,13.234699999999975,0.1725878594238914,-1.4793610223752356,0.0669222577275001,17.4078851817,78.4012867489,540.215432,1.820343999999985,1.9575399999999443
397,13.268066666666527,0.3256372026979391,-1.785644302445912,0.8434362797290833,17.407885548733333,78.40128631513333,540.2341173333332,1.8043280000000983,1.8974800000003689
398,13.30143333333308,0.3813631522914326,-2.013099041533798,0.8789776357901009,17.4078859258,78.40128588853334,540.2531466666667,1.7887563333333298,1.8392833333333232
399,13.334800000000087,0.2822151224772514,-1.1735889243876465,-0.4971246006087579,17.4078865264,78.4012856216,540.2798399999999,1.7830840000000108,1.822600000000032
400,13.368166666666184,0.5361377351788684,-0.7483848065336569,0.3974795882172666,17.407887127,78.40128535466667,540.3065333333332,1.7774116666666917,1.8059166666667408
401,13.401533333333191,0.6353283635092093,-0.4101100461066765,0.492694355686129,17.407887721466665,78.4012850816,540.3336866666664,1.7718160000000278,1.7896933333333798
402,13.434900000000198,0.6316719914772065,0.9541214057320316,-0.1652609158810165,17.407888188599998,78.4012846812,540.3703900000002,1.7678119999999833,1.7830199999999723
403,13.46826666666675,0.5574369897054168,0.6693645722455731,0.8046325878598971,17.40788865573333,78.4012842808,540.4070933333334,1.7638079999999934,1.776346666666656
404,13.501633333333302,0.1293787717475774,-2.0463613773154776,-0.4276677316184247,17.40788911143333,78.40128387713332,540.4410853333334,1.7570763333333863,1.7698366666666696
405,13.534999999999854,-0.0837060702890121,-3.3812566560181048,-0.2296059637949672,17.407889344999997,78.40128340999999,540.4224,1.6973500000002035,1.7665000000000113
406,13.568366666666861,0.0787007454738793,-0.8402129925462373,0.0035427760032448,17.407889578566667,78.40128294286666,540.4037146666665,1.6376236666662067,1.7631633333333077
407,13.601733333333414,0.3916932907417738,1.934753283667504,-0.0854810081602506,17.407889813866667,78.40128247919999,540.3853413333333,1.579335999999834,1.756879999999689
408,13.635099999999966,0.3517571884961361,0.7666027688357219,0.7330351437704562,17.4078900808,78.4012820788,540.3726619999999,1.547303999999915,1.6968199999998403
409,13.668466666666518,0.0918423855106489,-1.7308768193475568,0.0595811146467913,17.407890347733336,78.4012816784,540.3599826666666,1.5152719999999955,1.6367599999999918
410,13.70183333333307,0.0686900958459673,-0.0694000710219555,-0.4518991835268975,17.40789061466667,78.40128127433333,540.3466066666664,1.486393333333612,1.57834999999967
411,13.735200000000077,0.1783599574019791,0.4359957401579282,0.089456869008616,17.4078908816,78.4012808072,540.3212479999999,1.5117520000000997,1.5483199999998822
412,13.768566666666175,-0.0127795527156549,0.8064181753628601,-0.6098402555904809,17.407891148533334,78.40128034006666,540.2958893333334,1.537110666666587,1.5182900000000945
413,13.801933333333182,-0.1846290379807567,0.1261625842794909,-0.1354987575491602,17.407891409666668,78.40127987486667,540.2702213333337,1.5573653333339574,1.491353333333101
414,13.835300000000188,-0.2229818956275856,-0.0101384451789672,0.0642172524174361,17.4078915765,78.4012794411,540.239524,1.4946359999999272,1.514710000000027
415,13.86866666666674,-0.2722044728422106,-0.2335818246325217,-0.2490592829254592,17.407891743333334,78.40127900733333,540.2088266666667,1.431906666666752,1.538066666666635
416,13.902033333333293,-0.228668796593142,0.3019737309167116,-0.374653887116508,17.407891920333334,78.40127858576666,540.1806506666666,1.3712310000001129,1.556136666666913
417,13.935399999999845,-0.3957401490935467,0.3246006389828902,-0.7305644302416725,17.407892254,78.4012783522,540.1913279999999,1.342202000000186,1.492740000000406
418,13.968766666666852,-0.4372168974090452,0.4971175008897728,-0.623017394394647,17.407892587666666,78.40127811863333,540.2020053333333,1.3131729999998636,1.4293433333330354
419,14.002133333333404,-0.2697195598152902,0.3196734114382827,0.2377706780261528,17.407892929866666,78.40127789573333,540.2147093333334,1.2837173333332554,1.3682933333332752
420,14.035499999999956,-0.2249201277969218,0.7667731629422028,-0.3416400426031194,17.407893397,78.401277829,540.257085,1.248015000000012,1.3416000000000092
421,14.068866666666509,-0.3055910543143279,0.8176073837305676,-0.6449236776745,17.40789386413333,78.40127776226666,540.2994606666666,1.212312666666769,1.314906666666743
422,14.10223333333306,-0.2710898118565372,0.6975434859587342,-0.3826056087998692,17.40789431563333,78.40127767766666,540.3397816666668,1.1773026666664577,1.2875433333330308
423,14.135600000000068,-0.2184025559105198,0.9482854100080036,-0.435186368476433,17.407894549199998,78.401277344,540.3514600000001,1.1519439999998549,1.25083999999979
424,14.16896666666662,-0.1603549875739355,0.6207667731684312,-0.14029818956143,17.407894782766665,78.40127701033333,540.3631383333334,1.126585333333252,1.2141366666665492
425,14.202333333333172,-0.2678381256664492,-0.7019879304556493,-0.010827121046687,17.407895016333335,78.40127668133333,540.3731833333334,1.1032100000000011,1.1781333333333237
426,14.235700000000179,-0.3001277955264649,-0.4307987220279681,-0.2204259850859249,17.4078952499,78.4012764144,540.361505,1.1062130000000208,1.1514399999998153
427,14.269066666666731,-0.3307916222907814,-0.2528079517179291,-0.1529286474898989,17.407895483466667,78.40127614746666,540.3498266666667,1.1092159999999995,1.1247466666666706
428,14.302433333333283,-0.2471281505158516,0.1268583599463364,-0.2823997160098738,17.407895714600002,78.4012758781,540.339292,1.1097856666668755,1.1002433333333104
429,14.33580000000029,-0.1398296059603285,-0.6935569755238365,0.2134185303477085,17.4078959148,78.4012755778,540.343296,1.0794219999998718,1.1035800000000142
430,14.369166666666843,-0.1498047568332524,-0.2532481363192582,0.0827121050776137,17.407896115,78.4012752775,540.3473,1.0490583333332817,1.1069166666666723
431,14.402533333333395,-0.1625559105427512,-0.1157827476154412,-0.2160170393999867,17.4078963228,78.40127498986666,540.3534826666667,1.0187200000000245,1.107720000000025
432,14.435899999999947,-0.1017039403619904,-0.2620447284375383,0.060894568690673,17.4078966231,78.4012748564,540.3861819999998,0.9886900000001002,1.0776900000001004
433,14.469266666666954,-0.0964714234970366,-0.6090876819227897,0.0101384451650197,17.4078969234,78.40127472293332,540.4188813333335,0.9586599999997668,1.0476599999997669
434,14.502633333333051,-0.1727937522206972,-0.629698260568917,-0.2993184238489003,17.407897228966668,78.40127459736667,540.4542930000003,0.928787999999853,1.0176299999998424
435,14.536000000000058,-0.1324813631546917,0.2802981895539119,-0.3150159744447301,17.407897596,78.40127456399999,540.5213600000002,0.9007599999999236,0.9875999999999182
436,14.56936666666661,-0.1591764288242549,0.7154632588079157,-0.2292154774551604,17.40789796303333,78.40127453063333,540.588427,0.8727319999999943,0.957569999999994
437,14.602733333333617,-0.1654100106504059,-0.1894355697555776,0.1012282570187054,17.407898305466666,78.40127447813333,540.6469659999996,0.8442666666662892,0.9278133333330314
438,14.63610000000017,-0.2429818956336063,0.3815761448346014,-0.0890521831731665,17.407898372200002,78.4012742112,540.6099289999996,0.8108999999997066,0.9011199999997652
439,14.669466666666722,-0.2840752573653955,0.2661838835708009,-0.0247923322656043,17.407898438933334,78.40127394426666,540.5728919999998,0.7775333333331241,0.8744266666664993
440,14.702833333333274,-0.2369897053611905,-0.1942137025250351,0.2340788072403517,17.40789850566667,78.40127368866668,540.538915,0.7411916666664368,0.8471666666665545
441,14.73620000000028,-0.2232587859417868,-0.1391693290637617,0.0188285410014174,17.4078985724,78.4012735552,540.537914,0.6727899999993213,0.8137999999996689
442,14.769566666666833,-0.1578913738017929,-0.3699609513855881,0.2499041533557484,17.407898639133336,78.40127342173334,540.5369129999999,0.6043883333331382,0.7804333333332382
443,14.802933333333385,-0.1123890663824667,-0.240042598503386,0.0071707490242523,17.407898723466666,78.4012732912,540.5386106666665,0.5437306666665915,0.744133333333588
444,14.836299999999937,-0.0538019169330467,0.2238551650706173,-0.0243237486711676,17.4078989904,78.4012731911,540.5683069999998,0.5634169999998753,0.6774000000004229
445,14.869666666666944,-0.0642527511553238,0.3024494142910344,-0.0433084842163547,17.407899257333334,78.40127309100001,540.5980033333335,0.5831033333334272,0.6106666666663484
446,14.903033333333042,-0.0446290379825676,0.0968832090873667,0.0080227191993133,17.407899512133334,78.40127299393333,540.6250606666666,0.5970263333332351,0.5515166666667042
447,14.936400000000049,0.0476570820034011,0.0105963791378812,0.0786474973390823,17.4078996456,78.4012729272,540.625728,0.5533160000000119,0.5681999999999955
448,14.969766666666601,0.1035782747588064,-0.3717429889944295,0.1191338303106827,17.407899779066668,78.40127286046666,540.6263953333333,0.5096056666667887,0.5848833333332867
449,15.003133333333608,0.1352218672352976,-0.227035853761484,0.2036066737792963,17.407899918800002,78.40127279373334,540.6281593333334,0.4681199999998335,0.595926666666306
450,15.03650000000016,0.1768903088397911,-0.2435569755077362,0.107348242816112,17.407900119,78.401272727,540.6405050000001,0.448099999999884,0.5525499999997487
451,15.069866666666712,0.1431309904139794,-0.0772807951675641,0.1394036208689471,17.4079003192,78.40127266026667,540.6528506666667,0.4280799999999345,0.5091733333331914
452,15.103233333333264,0.1122612708555613,0.1222648207308301,0.0047071352504832,17.407900506466667,78.40127259353333,540.6639353333334,0.4072839999999789,0.468059999999985
453,15.136600000000271,0.0476677316267506,-0.0719914802973371,0.0086474973271945,17.4079005732,78.4012725268,540.663268,0.3792559999996676,0.4480399999997626
454,15.169966666666824,-0.0383244586474704,0.0488178913819844,0.0098970535852813,17.407900639933334,78.40127246006666,540.6626006666667,0.3512279999997383,0.4280199999998131
455,15.203333333333376,-0.0345047923319584,0.6521121760771952,-0.0188853390138577,17.407900713333333,78.40127238666666,540.6638666666668,0.3253333333332909,0.4073333333331635
456,15.236699999999928,0.0040255591054254,0.3709691160813071,-0.2621512247072011,17.4079008468,78.4012722532,540.682552,0.3186600000000047,0.3806400000000189
457,15.270066666666935,0.0629605963774452,-0.5469080582776938,0.0512744053930887,17.407900980266668,78.40127211973333,540.7012373333334,0.3119866666666276,0.3539466666665105
458,15.303433333333032,0.1995811146604076,-0.0578487753051037,0.5311324103661409,17.407901103433332,78.40127198283334,540.7178283333333,0.3044893333333443,0.3293133333333383
459,15.33680000000004,0.1456443024487091,0.0656017039723445,0.1101171458880574,17.4079011368,78.401271816,540.71616,0.289808000000048,0.3226400000000218
460,15.370166666666591,0.1341853035134084,-0.2852325168765999,0.2612708555226397,17.407901170166667,78.40127164916666,540.7144916666666,0.2751266666667517,0.3159666666667053
461,15.403533333333598,0.1256940007106776,0.2646503372298487,0.2261838835696129,17.407901203533335,78.40127148586666,540.7149433333334,0.2606219999999308,0.3082333333332446
462,15.43690000000015,0.1263045793404204,-0.2461554845686057,0.0593397231164556,17.4079012369,78.4012713524,540.733295,0.2476089999999636,0.2915499999999534
463,15.470266666666703,0.1003336883210082,-0.0094568690119441,0.3592332268368708,17.407901270266667,78.40127121893333,540.7516466666667,0.2345959999999964,0.2748666666666621
464,15.503633333333255,-0.0510827121053604,0.7063968761112165,-0.3314802981898268,17.407901310899998,78.4012710891,540.7713426666667,0.2214376666666989,0.2589100000000225
465,15.537000000000262,0.1058572949960117,-0.2898828540901689,0.0611288604807587,17.407901410999997,78.401270989,540.8020400000003,0.2070899999998729,0.2488999999999113
466,15.570366666666814,0.3052893148750448,-0.5850337238177912,0.7663045793440701,17.4079015111,78.4012708889,540.8327373333335,0.1927423333332424,0.2388899999999365
467,15.603733333333366,0.3429747958850989,0.6720198792907857,-0.0084629037868887,17.4079016112,78.4012707888,540.8656373333336,0.1819786666667341,0.2281333333332696
468,15.637099999999919,0.4122470713522411,0.0675612353373056,-0.1080298189473403,17.4079017113,78.4012706887,540.9160210000001,0.1996630000000229,0.2114499999999784
469,15.670466666666925,0.5082428114998074,-0.6439474618558826,0.9995314163919876,17.4079018114,78.4012705886,540.9664046666672,0.2173473333335526,0.1947666666664597
470,15.703833333333023,0.5005324813639271,0.1135960241299859,0.4730919417868289,17.407901911499998,78.40127048466667,541.0163666666671,0.2314666666665417,0.1819166666668228
471,15.73720000000003,0.4646219382320107,0.7784025559165639,-0.2546538871147994,17.407902011599997,78.4012703512,541.06308,0.2181199999999694,0.1986000000000382
472,15.770566666666582,0.4796734114308349,-0.5977067802675428,0.6372381966695805,17.4079021117,78.40127021773334,541.1097933333331,0.2047733333333971,0.2152833333332536
473,15.803933333333589,0.4466276180323477,0.1167554135561747,0.728949236791407,17.407902215733333,78.40127008426667,541.1561133333333,0.195989333333392,0.2284266666666357
474,15.837300000000141,0.1660702875353527,1.2755058572922244,-0.4056017039389014,17.4079023492,78.4012699508,541.19949,0.2213479999999948,0.2150800000000027
475,15.870666666666693,0.1696130635426339,-0.1838835640701562,0.4186723464662529,17.407902482666668,78.40126981733333,541.2428666666665,0.2467066666665975,0.2017333333333697
476,15.90403333333279,0.0397089101902716,-1.4174511892126755,0.7656656017075357,17.407902616133335,78.4012696879,541.2851543333331,0.2698469999999632,0.1932266666665266
477,15.937400000000252,0.0371884983988016,0.5179978700141856,-0.7884984025139518,17.4079027496,78.4012695878,541.3195220000001,0.276854000000041,0.2199200000001564
478,15.970766666666805,0.0634646787366691,1.3743272985377888,-0.3646929357399355,17.40790288306667,78.4012694877,541.3538896666668,0.2838610000000234,0.2466133333334224
479,16.004133333333357,0.1462406815764702,-0.9569755058531108,1.0709549165773464,17.407903016533336,78.40126937933334,541.3851573333334,0.2932240000000212,0.2708266666666721
480,16.03749999999991,-0.0619808306734834,-0.7029818955969631,0.2995740148753455,17.40790315,78.40126921250001,541.3945,0.3192499999999556,0.2774999999999886
481,16.070866666666916,-0.1239758608436926,0.7312602058694859,-1.2118849840230483,17.407903283466666,78.40126904566667,541.4038426666668,0.3452760000002447,0.284173333333396
482,16.104233333333013,0.1242527511526583,0.2614625488392318,0.0117216897156579,17.407903412699998,78.40126887883333,541.4137780000001,0.3679576666666643,0.2933866666668503
483,16.13760000000002,0.2000851970164926,-1.5693716719920692,1.223173588922094,17.407903512799997,78.401268712,541.4277920000001,0.3676239999999985,0.3200800000001164
484,16.170966666666573,0.1201561945332739,0.0184096556636957,0.0841178558739182,17.4079036129,78.40126854516667,541.441806,0.3672903333333327,0.3467733333333824
485,16.20433333333358,0.2279020234307296,1.593397231064987,-1.0429534966302008,17.407903734666665,78.40126837833334,541.4584200000004,0.3770533333342898,0.37
486,16.23770000000013,0.4527582534629905,1.0975079873479976,0.5402768902534714,17.4079040016,78.4012682115,541.4924540000002,0.4544640000004093,0.37
487,16.271066666666684,0.6284416045482977,-2.05330493433529,1.751977280802922,17.407904268533333,78.40126804466666,541.526488,0.5318746666665288,0.37
488,16.30443333333278,0.5113241036585415,-0.0502875399134432,0.0041036563586567,17.4079045266,78.40126788226667,541.5602559999998,0.5982463333333801,0.3801966666660338
489,16.33779999999979,0.627476038327074,1.400340788032051,-1.0023855165634177,17.407904726800002,78.4012677488,541.5922880000002,0.5925739999999837,0.4569400000002196
490,16.371166666666795,0.8970891018811178,1.4449769258149257,1.4004259850819984,17.407904927,78.40126761533334,541.62432,0.5869016666666647,0.5336833333333595
491,16.404533333333347,0.9806460773747824,-2.887397941064947,2.311111111079464,17.4079051,78.4012674592,541.6525893333334,0.5831786666666477,0.5990933333333479
492,16.4378999999999,0.4739936102265246,-0.5040042598137816,-0.5931416400667278,17.4079051,78.4012671589,541.656927,0.5918539999999591,0.5924200000000314
493,16.471266666666907,0.567781327649938,1.1002910898031537,-1.1565779197966597,17.4079051,78.4012668586,541.6612646666666,0.6005293333333889,0.5857466666666239
494,16.504633333333004,0.7965069222556134,2.3684700035529938,1.305580404641444,17.407905123166667,78.4012665583,541.6654169999999,0.6127723333334668,0.5813900000000388
495,16.53800000000001,0.7763578274760383,-1.8445154419595315,2.68370607028754,17.40790529,78.40126625799999,541.66842,0.6471400000000468,0.5914000000000136
496,16.571366666666563,-0.2428399006042808,-2.1651757188129666,-0.8710188143688178,17.407905456833333,78.40126595769999,541.671423,0.6815076666666269,0.6014099999999883
497,16.60473333333357,-0.2079659211981977,1.4635853744885894,-2.937067802717433,17.407905618933334,78.40126566213333,541.67329,0.71085799999999,0.6147333333336653
498,16.638100000000122,0.051075612353091,2.486900958469127,0.9928434504700744,17.4079057524,78.4012653952,541.668285,0.7098569999999925,0.6481000000002478
499,16.671466666666674,0.2176925807506101,-1.8939155128576872,2.274291799795659,17.40790588586667,78.40126512826667,541.66328,0.708855999999995,0.6814666666668303
500,16.704833333333227,-0.8329428470067735,-2.4792687255124752,-1.4380901669170687,17.407906058000002,78.4012648565,541.6626733333334,0.7241916666668596,0.71
501,16.73819999999978,-0.7049201278184011,0.6372736953219816,-3.076805111868717,17.4079064584,78.4012645562,541.6880320000002,0.8359700000009262,0.71
502,16.771566666666786,-0.2457152999721194,1.6944337947878283,0.0215406460438408,17.4079068588,78.4012642559,541.7133906666667,0.9477483333334692,0.71
503,16.804933333333338,-0.3149307774219998,0.5271423500025788,1.1780475683466125,17.4079072296,78.4012639556,541.7341613333334,1.0421613333333626,0.7262799999994297
504,16.83829999999989,-0.4715654952105347,-2.02483493077578,-0.0373375931949238,17.4079074298,78.4012636553,541.7284890000001,1.0364890000000435,0.8363899999991521
505,16.871666666666897,-0.4494142704998544,0.3173588924197804,-2.0969116080788006,17.40790763,78.401263355,541.7228166666666,1.0308166666666474,0.9465000000003752
506,16.905033333332995,-0.0752431664932124,2.332715654918393,-0.866503372425155,17.407907840266667,78.40126304463332,541.716188,1.0312346666666974,1.0394966666666638
507,16.9384,0.3362300319480914,-0.0467731629112315,1.4887752928559472,17.4079081072,78.4012626776,541.704176,1.0659359999999432,1.0361600000000055
508,16.971766666666554,0.1620163294157105,-1.8726020588781087,0.7800283989376042,17.40790837413333,78.40126231056666,541.692164,1.100637333333189,1.0328233333333472
509,17.00513333333356,0.1970607028799439,0.6294213702056733,-1.0915015974152416,17.40790863593333,78.40126192813334,541.6847206666669,1.1383160000003756,1.0351333333335653
510,17.038500000000113,0.2550585729499467,2.419062832800852,-0.8706070287539938,17.407908869499998,78.401261461,541.7024050000001,1.1923700000002393,1.0685000000001477
511,17.071866666666665,0.3609939652116747,-1.264408945705637,1.2372310969145603,17.407909103066668,78.40126099386667,541.7200893333334,1.2464240000001032,1.1018666666667305
512,17.105233333333217,-0.1098189563491816,-3.1287681931120237,0.4527014554235443,17.407909352333334,78.40126054243333,541.735,1.294407333333324,1.1383733333333006
513,17.138600000000224,-0.207199148033143,0.2618956336214635,-2.155271565497881,17.407909686,78.4012601754,541.735,1.3097560000001611,1.19176000000056
514,17.171966666666776,-0.0177990770384084,2.138509052146883,-0.7212992545637306,17.407910019666666,78.40125980836666,541.735,1.3251046666667892,1.2451466666670925
515,17.20533333333333,-0.0883919062828926,0.7165069222461562,0.9819666311732492,17.407910332,78.40125942533332,541.73484,1.3400800000000617,1.2926666666667457
516,17.23869999999988,-0.4219169329045355,-2.2608519701788814,0.154462193829694,17.407910532200003,78.4012589582,541.733839,1.3530929999999697,1.309349999999961
517,17.272066666666888,-0.589762158332592,0.3593752217509381,-2.303045793336048,17.4079107324,78.40125849106667,541.732838,1.3661060000000549,1.3260333333334038
518,17.305433333332985,-0.4163933262372798,1.752126375573691,-1.4442314519321535,17.407910981500002,78.40125804566668,541.7367813333333,1.3843893333332375,1.3421733333333052
519,17.338799999999992,-0.4126943557019518,-1.0919275824655554,0.5226411075409649,17.407911482,78.401257712,541.7661439999998,1.4297679999997897,1.355519999999938
520,17.372166666666544,-0.7493077742359606,-3.194071707463841,-0.3430954916885282,17.4079119825,78.40125737833333,541.7955066666665,1.475146666666342,1.3688666666665712
521,17.40553333333355,-0.3646148384854882,1.0699893503420874,-1.186524671635528,17.407912455333335,78.40125701146667,541.8154626666666,1.5235686666669184,1.3871933333335047
522,17.438900000000103,-0.2288178913712758,3.0375505857258887,-0.5859211927587339,17.407912789,78.4012564776,541.788102,1.587299000000091,1.430570000000062
523,17.472266666666656,-0.3844657436997092,1.4197231096083127,-0.4235569754903445,17.407913122666667,78.40125594373333,541.7607413333334,1.6510293333332635,1.4739466666666194
524,17.505633333333208,-0.4547390841341862,-3.3767412140676507,0.4280014199507847,17.407913473233336,78.4012554155,541.7426193333333,1.708337666666574,1.5207033333331044
525,17.539000000000215,-0.2095846645463882,-0.7028753994255297,0.490734824297771,17.407913907,78.401254915,541.7699800000003,1.7340300000001925,1.5841000000004752
526,17.572366666666767,-0.2321334753290143,1.6558608448434993,-1.0788924387626906,17.407914340766666,78.4012544145,541.7973406666669,1.759722333333461,1.647496666666982
527,17.60573333333332,-0.2985871494501128,0.6745473908544739,-1.1558395456231354,17.407914757333334,78.40125390253333,541.8147826666666,1.7819746666666805,1.7045866666667322
528,17.63909999999987,-0.1553567625128509,-2.440660276894952,0.72374866881207,17.407915091,78.4012533353,541.7844190000001,1.7876469999999995,1.7312799999999982
529,17.672466666666878,0.012467163649196,-1.9239190628812608,1.4543272986164026,17.407915424666665,78.40125276806666,541.7540553333331,1.793319333333396,1.757973333333628
530,17.705833333332976,-0.4162229321973408,1.3199503017387482,-2.1699325523640702,17.40791577,78.40125218333333,541.7257333333332,1.813458333334016,1.7811666666667183
531,17.739199999999983,-0.1442811501581016,2.343130990480579,-0.523024494176582,17.4079161704,78.401251516,541.707048,1.901880000000058,1.7878400000000043
532,17.772566666666535,0.0875683351049444,-2.667774227942595,1.5408164714158343,17.4079165708,78.40125084866666,541.6883626666668,1.9903016666660995,1.7945133333332906
533,17.805933333333087,-0.3650266240712299,-0.7953425630510575,-0.4806815761320419,17.407916977133333,78.40125019913333,541.6723473333333,2.0640086666666724,1.8154266666667496
534,17.839300000000094,-0.0248775292866609,2.961938232133081,-0.949179978692625,17.4079174109,78.4012496319,541.668677,2.0696809999999912,1.902179999999864
535,17.87266666666619,-0.2577209797662892,2.248136315202428,-0.5560525381528603,17.407917844666667,78.40124906466667,541.6650066666667,2.07535333333331,1.9889333333329784
536,17.9060333333332,-0.3717713880011668,-4.056847710328624,0.5405892793751081,17.407918284466668,78.40124850346668,541.6628446666666,2.0839216666665235,2.0612066666666227
537,17.939400000000205,-0.4414909478275117,-2.0578487754140378,0.0026411075789176,17.4079187516,78.4012479696,541.6675160000001,2.1056100000000977,2.06788000000003
538,17.972766666666757,-0.0701952431662315,3.3036279730542755,-0.0764075257380365,17.407919218733333,78.40124743573334,541.6721873333333,2.127298333333376,2.0745533333333466
539,18.00613333333331,-0.2823287184912702,3.011643592478803,-0.4285126020555908,17.407919704266668,78.40124690186667,541.6766133333334,2.150581333333317,2.0842933333333207
540,18.03949999999986,-0.5226837060787722,-1.7231096913316666,-0.3117145899799938,17.4079202715,78.401246368,541.6799500000001,2.180944999999907,2.1076499999999285
541,18.07286666666687,-0.5987362442333154,-2.7947035854485,0.5352076677351046,17.407920838733336,78.40124583413333,541.6832866666667,2.211308666666911,2.1310066666668543
542,18.10623333333342,-0.1078878239280428,1.4149236776492782,-0.0188640397546398,17.407921443366668,78.4012453252,541.6972823333336,2.249090000000387,2.155610000000166
543,18.139599999999973,-0.1938232161909202,3.0541853035196307,-0.762342918008168,17.407922210800002,78.4012449248,541.7576760000002,2.31916000000021,2.18564000000009
544,18.172966666666525,-0.4350372736969704,1.3753212636957215,-0.6326446574228974,17.407922978233334,78.4012445244,541.8180696666667,2.3892300000000337,2.2156700000000145
545,18.206333333333077,-0.5846645367442166,-2.919417820380516,0.0347887823683371,17.407923701333335,78.40124407333333,541.8657966666666,2.4519533333336696,2.2533000000007517
546,18.239700000000084,-0.164345047932528,0.3413205537352881,0.4333546325803277,17.4079242352,78.40124340599999,541.8594569999999,2.4833180000001147,2.323370000000256
547,18.273066666666182,-0.2219382321615643,1.535349662760504,-0.3024352147657758,17.407924769066668,78.40124273866667,541.8531173333333,2.51468266666656,2.3934399999997606
548,18.30643333333319,-0.309584664536654,0.2812495562681923,-0.1957259495920316,17.4079253158,78.40124209063333,541.8474853333333,2.5400643333333304,2.455789999999712
549,18.339800000000196,-0.2102236421613659,-1.5969755057199817,0.4042598509128894,17.4079259164,78.4012415234,541.844816,2.5403980000000006,2.485820000000045
550,18.373166666666748,-0.2004614838474324,-3.0627973020728207,0.7346467873570828,17.407926517,78.40124095616666,541.8421466666667,2.5407316666666664,2.5158499999999693
551,18.4065333333333,0.1771671991534809,0.5602981896377288,-0.0509478168343843,17.407927130666668,78.40124037586666,541.8457493333333,2.5540666666664302,2.54
552,18.439899999999852,0.3978913737989763,2.332438764649971,0.3782534611335058,17.407927798,78.4012397419,541.8751119999998,2.6207999999995955,2.54
553,18.47326666666686,0.2820163294305259,0.7667305644462382,1.165850195246989,17.407928465333335,78.40123910793334,541.9044746666668,2.6875333333336697,2.54
554,18.50663333333341,-0.0031948881715525,-2.902946396855743,0.5708555200701708,17.407929092866667,78.40123845406667,541.9201726666665,2.73781599999996,2.553266666666835
555,18.539999999999964,0.055165069231643,-1.1439829605581588,-0.0374866879621824,17.40792956,78.40123772,541.8808,2.7218,2.62
556,18.573366666666516,0.3728931487390089,3.460425985097542,0.7195172168991959,17.407930027133336,78.40123698593334,541.8414273333334,2.7057840000000404,2.6867333333331653
557,18.606733333333068,0.0427831025975255,2.5062690806992007,0.7207525736636967,17.407930514466667,78.40123625860001,541.8082493333332,2.697511333333525,2.7366333333331903
558,18.640100000000075,-0.1861128860464196,-0.0269222576817951,0.3544621938315769,17.4079310817,78.4012355579,541.7995739999999,2.719867000000136,2.719949999999899
559,18.673466666666627,-0.2840752573653232,-1.0812211572452126,-0.4956762513340781,17.407931648933335,78.4012348572,541.7908986666666,2.7422226666667457,2.7032666666666074
560,18.70683333333318,-0.2348242811529201,-3.828363507307513,1.0500532481572369,17.407932216166667,78.40123414966666,541.7794216666666,2.766286666666669,2.6947833333333358
561,18.740200000000186,0.1047497337451694,0.7694142703758339,-0.0874547390801259,17.4079327834,78.4012334156,541.7570659999999,2.796984000000204,2.7181400000001554
562,18.77356666666674,0.4562371317008373,2.342442314519816,1.2746538871153843,17.407933350633332,78.40123268153333,541.7347103333333,2.82768133333332,2.7414966666666567
563,18.80693333333329,0.6190273340410355,0.1268441603208188,0.5629818956412155,17.4079339248,78.40123194746667,541.7121466666669,2.8540106666666034,2.7662399999998035
564,18.840299999999843,0.3962726304502046,-5.370628328022703,1.1332268370678895,17.407934525399998,78.4012312134,541.6887900000003,2.863686999999912,2.796269999999728
565,18.87366666666685,0.4753993610170177,-0.6905218317607623,-0.4736244231253793,17.407935125999998,78.40123047933334,541.6654333333333,2.873363333333353,2.826300000000061
566,18.907033333333402,0.5400212992453982,-0.1086190983783587,-0.1081221157399216,17.40793577583333,78.40122978746668,541.661559,2.88676733333332,2.8521099999999957
567,18.940399999999954,0.7671565495210496,0.0147816826451137,0.7367838125675752,17.40793661,78.40122925360001,541.7306279999998,2.9141279999999177,2.86211999999997
568,18.973766666666506,0.8702236421773881,1.9569400071340104,0.7697053603217513,17.407937444166667,78.40122871973334,541.7996969999997,2.9414886666665154,2.872129999999945
569,19.00713333333306,0.4221086261984627,0.5630812922538085,0.3761874334195166,17.4079382498,78.40122815733334,541.8563540000001,2.965853333333408,2.885706666666816
570,19.040500000000065,0.0605963791220619,-2.289030883918559,0.5464323748535327,17.4079389505,78.40122749,541.8673650000001,2.979200000000041,2.9124000000000816
571,19.073866666666618,-0.4644515441999979,-1.445708200232554,-1.455150869718258,17.4079396512,78.40122682266667,541.878376,2.9925466666666742,2.939093333333348
572,19.10723333333317,0.0209868654686404,1.9120482783722896,-1.0471352502163318,17.40794033743333,78.40122611916667,541.8834556666667,3.009654666666606,2.962893333333307
573,19.140600000000177,0.1161235356805052,2.907603833859085,0.2850692225597405,17.4079409714,78.401225285,541.8671059999998,3.0403520000002806,2.976240000000122
574,19.17396666666673,-0.0543840965564396,0.6163294284924229,0.1337238196674868,17.407941605366666,78.40122445083333,541.8507563333332,3.071049333333536,2.9895866666667548
575,19.20733333333328,0.156975505854273,-0.4171813986699796,1.054455094068634,17.407942239333334,78.40122365333333,541.8319133333332,3.0827533333331614,3.0073333333334364
576,19.240700000000288,0.1003620873274549,-0.1359744409663364,0.2148029819514625,17.4079428733,78.401222986,541.8042189999998,3.0270309999994622,3.040700000000322
577,19.27406666666684,0.2078523251685364,0.878778842731123,-0.7889953851611061,17.407943507266666,78.40122231866667,541.7765246666665,2.971308666666523,3.0740666666667527
578,19.307433333333393,0.2351437699647191,-0.0678949236582906,-0.045246716388306,17.407944118933333,78.40122161416667,541.7550743333334,2.928817666666654,3.0873633333335304
579,19.340799999999945,0.0646219382322548,-0.7991480298226176,0.4903514377004243,17.4079446528,78.40122078,541.755408,2.932487999999978,3.03064000000034
580,19.37416666666695,-0.0361732339370963,0.1305644302382776,0.0335463258859554,17.40794518666667,78.40121994583333,541.7557416666666,2.9361583333333523,2.9739166666663768
581,19.40753333333305,-0.1329357472480403,0.359290024850866,-0.3810862619684638,17.407945735600002,78.40121913426665,541.7549453333332,2.935082666666622,2.930753333333342
582,19.440900000000056,-0.2982747603837507,-0.6867944621934163,-0.7428966986165906,17.407946336200002,78.4012184002,541.750274,2.9177319999999987,2.9340900000000003
583,19.474266666666608,-0.2382250621222716,-0.1932694355629788,-0.437373091941228,17.407946936800002,78.40121766613333,541.7456026666666,2.900381333333376,2.937426666666658
584,19.507633333333615,-0.1527653532134601,1.186744763905862,-0.222726304583706,17.407947529766666,78.40121695496666,541.7424579999999,2.87325999999948,2.936183333333189
585,19.541000000000167,-0.1354632587848188,0.449627263039052,-0.0244941427032619,17.407948097000002,78.40121632099999,541.74446,2.813199999999632,2.9194999999998976
586,19.57436666666672,-0.129222577208488,-1.2896059637879431,0.0246077387300174,17.407948664233334,78.40121568703333,541.7464620000001,2.753139999999783,2.9028166666666064
587,19.60773333333327,-0.0089314873972799,0.4351863684807916,-0.4515299964513227,17.407949246933335,78.40121504533333,541.7510933333334,2.707,2.8760799999999347
588,19.64110000000028,0.0030670926545893,-0.1113738019435048,-0.4275399361233107,17.4079498809,78.40121437799999,541.7644400000001,2.707,2.816019999999268
589,19.67446666666683,0.0899964501267458,-1.7772665957633076,0.3879730209569952,17.407950514866666,78.40121371066667,541.7777866666668,2.707,2.7559599999994187
590,19.707833333333383,0.2624423145192146,0.0752573659911248,0.0790202342936012,17.4079511175,78.40121306683334,541.7912116666668,2.687494999999494,2.71
591,19.741199999999935,0.165452609159059,-0.04792332268235,-0.2446006389703675,17.407951618000002,78.4012124996,541.804892,2.6044120000000817,2.71
592,19.774566666666942,0.209222577207194,-0.0592900248831413,0.2110898118560064,17.4079521185,78.40121193236666,541.8185723333333,2.5213289999995365,2.71
593,19.80793333333304,0.1712034078806001,0.1311608093718192,-0.1116932907353434,17.407952619,78.40121134926667,541.8274133333333,2.4564133333333364,2.690166666666701
594,19.841300000000047,0.0093077742275417,-0.1919062832791553,-0.0286048988295987,17.4079531195,78.4012107153,541.82074,2.44974000000002,2.6067500000002446
595,19.8746666666666,-0.0198793042235126,0.1870784522392872,0.1906283280097788,17.40795362,78.40121008133333,541.8140666666667,2.443066666666703,2.523333333333788
596,19.908033333333606,-0.1150443734472444,0.8658785942735436,-0.4787788427354623,17.407954080333333,78.40120944736667,541.8045013333332,2.426512333333064,2.458393333333296
597,19.941400000000158,-0.2068583599582034,0.2363365282410039,0.047156549511387,17.407954414,78.4012088134,541.785816,2.3787979999998505,2.451719999999979
598,19.97476666666671,-0.233020944266875,-0.1214128505522473,-0.0415335463258785,17.40795474766667,78.40120817943334,541.7671306666667,2.331083666666637,2.4450466666666624
599,20.008133333333262,-0.1841675541353985,0.2542988995410318,-0.2215406460757652,17.407955097600002,78.4012075536,541.7494213333334,2.2889813333333806,2.4286133333334226
600,20.04150000000027,-0.1518636847685921,0.1266240681758915,-0.0466453674056898,17.407955498,78.401206953,541.7347399999999,2.264289999999773,2.38189999999957
601,20.07486666666682,-0.0824139155093306,-1.262506212283895,0.0510330138447246,17.4079558984,78.4012063524,541.7200586666665,2.239598666666502,2.3351866666663548
602,20.108233333333374,0.083514376997022,-0.1532410365624598,0.1307632232893132,17.407956274100002,78.40120576826666,541.7077649999999,2.2070856666664325,2.293413333333222
603,20.141599999999926,0.1565069222580192,0.3765708200223453,0.0879659211937074,17.4079565744,78.4012052344,541.7027599999999,2.150695999999908,2.2667199999999563
604,20.174966666666933,0.1108626198074543,0.2684345047594316,0.046290379832728,17.4079568747,78.40120470053333,541.6977549999999,2.094306333332615,2.2400266666663264
605,20.20833333333303,0.1906993255236195,-0.1887823926217341,0.0981185658509958,17.407957191666668,78.40120418333333,541.6914999999999,2.0422499999996453,2.2066666666661816
606,20.241700000000037,0.2820234291797888,-0.1302023429247507,0.3729073482383095,17.4079575587,78.4012037162,541.6814899999999,2.003210999999921,2.1532799999998926
607,20.27506666666659,0.2394604188847681,-0.2085197018106883,0.3138232161860735,17.40795792573333,78.40120324906667,541.6714800000001,1.9641720000001968,2.099893333333603
608,20.308433333333596,0.11929002485045,-0.4537664181698015,-0.0884274050299819,17.407958334933333,78.4012028241,541.6717586666667,1.932301333333305,2.049879999999894
609,20.34180000000015,0.0791480298177978,-1.160085197015687,0.3741427049903157,17.4079588688,78.4012025238,541.702456,1.9216239999999989,2.0098399999999947
610,20.3751666666667,0.1219382321631334,0.1689740859168081,0.214057507990901,17.407959402666666,78.4012022235,541.7331533333332,1.910946666666692,1.9698000000000957
611,20.408533333333253,0.1129428470004091,0.8575931842392723,0.0358395456158414,17.4079598768,78.40120185493333,541.7490880000001,1.9054746666666191,1.937440000000049
612,20.44190000000026,0.0778061767851026,1.020404685842342,0.1030244941452503,17.4079601771,78.4012012877,541.7220609999998,1.91515100000006,1.9274299999999376
613,20.475266666666812,-0.0099254526083218,0.2137451189310969,-0.2060631877837472,17.4079604774,78.40120072046666,541.6950339999999,1.924827333333369,1.917419999999963
614,20.508633333333364,0.026851260206089,-0.6576996805105777,-0.1667021654235385,17.407960760433333,78.40120017913333,541.672151,1.915941999999928,1.912590000000012
615,20.541999999999916,0.1256656017039403,-0.2411075612127695,-0.1084132055459034,17.407960994,78.401199712,541.66114,1.8538800000000848,1.9225999999999863
616,20.575366666666923,0.2234078807261272,-0.1316790912503932,0.1442456514077695,17.407961227566666,78.40119924486666,541.6501289999999,1.7918179999993953,1.9326100000000972
617,20.60873333333302,0.2397586084496987,0.0248349307908898,0.3784593539262493,17.407961452400002,78.401198769,541.6367599999999,1.7380526666664473,1.924279999999566
618,20.642100000000028,0.1540788072431955,-0.5724813631364359,0.1216400426096321,17.4079616526,78.4011982685,541.6167399999999,1.7076889999998572,1.864219999999717
619,20.67546666666658,0.1162229321973988,-0.8879091231803105,-0.0019595314164469,17.4079618528,78.401197768,541.59672,1.6773253333332672,1.804159999999869
620,20.708833333333587,0.1318423855152865,0.2568335108532241,0.0876109336053904,17.407962097166667,78.40119731166666,541.5815583333333,1.6435166666661425,1.752049999999637
621,20.74220000000014,0.1113099041538815,0.2519275825427783,0.2076251331176403,17.4079624642,78.401196978,541.57989,1.6001399999997823,1.7220199999998491
622,20.77556666666669,0.0473908413192945,-0.1574937877224832,-0.0090024849154791,17.407962831233334,78.40119664433334,541.5782216666666,1.5567633333334223,1.6919900000000616
623,20.80893333333279,0.042740504082964,-0.252878949261602,-0.2496840610462697,17.407963234,78.40119633746667,541.5926333333329,1.5350053333330378,1.6583866666670095
624,20.84230000000025,0.0300106496259031,-0.4486687965747429,-0.1092651757269083,17.4079637345,78.4011961039,541.6510250000001,1.5723760000001197,1.615009999999861
625,20.875666666666802,0.0316648917286409,-1.0125665601736484,0.003762868299519,17.407964235,78.40119587033334,541.7094166666667,1.6097466666666922,1.5716333333333037
626,20.909033333333355,-0.0030315938955981,-0.5744905928293956,-0.4846787362464423,17.407964690333333,78.4011955916,541.7505546666666,1.6248050000000829,1.5499366666665992
627,20.942399999999907,0.0725452609167047,-0.0141427050078585,-0.2097550585732521,17.407965024,78.4011951912,541.745216,1.5797600000001966,1.58663999999984
628,20.975766666666914,0.0147248846257137,0.2086545971020788,-0.261221157269788,17.40796535766667,78.4011947908,541.7398773333333,1.534714999999696,1.623343333333581
629,21.00913333333301,-0.0076393326246315,-0.0629179978787684,-0.1876606318900909,17.407965645666668,78.40119437213333,541.7333513333333,1.496337333333246,1.6372133333331358
630,21.042500000000018,0.0550585729504406,0.5181043663491635,0.0322683706086656,17.4079658125,78.401193905,541.723675,1.4756499999999648,1.5904999999999203
631,21.07586666666657,0.0068441604545829,0.3481576144843881,0.2085481008164571,17.407965979333333,78.40119343786667,541.7139986666666,1.4549626666666835,1.5437866666667048
632,21.109233333333577,-0.0668725594574924,-0.3985516506969989,0.1528150514834834,17.407966192333333,78.40119300766666,541.7091236666668,1.4346446666664674,1.5053833333331617
633,21.14260000000013,-0.1221725239590035,-0.7847071352446795,0.0582747604024249,17.407966526,78.401192674,541.716798,1.4152919999998497,1.4886999999998705
634,21.17596666666668,-0.1413205537805595,-0.1977067802623898,-0.3166631167909407,17.40796685966667,78.40119234033334,541.7244723333334,1.3959393333332315,1.472016666666579
635,21.20933333333278,-0.1726659566904761,0.367483138089986,-0.6949946751881313,17.407967174666666,78.40119202533333,541.73112,1.3684666666665963,1.4543999999999708
636,21.242699999999786,-0.1061128860493834,0.93797657084663,-0.3230457934177145,17.4079674416,78.4011917584,541.735124,1.3200849999996125,1.4343799999998397
637,21.276066666666793,-0.1425630102944201,0.5569187078536999,0.0880653177107404,17.407967708533334,78.40119149146666,541.7391279999999,1.2717033333332877,1.414359999999981
638,21.309433333333345,-0.1510401135937821,-0.3524600638897359,0.0571388001429351,17.407967966033333,78.40119122453332,541.7437923333333,1.2287930000001406,1.385850000000242
639,21.342799999999897,-0.2048988285416597,-0.8293929712428681,0.0176783812542539,17.4079681996,78.4011909576,541.7501319999999,1.1997640000002137,1.3358000000003682
640,21.376166666666904,-0.1879659211934846,0.1902378416693327,-0.6491302804394679,17.407968433166666,78.40119069066667,541.7564716666667,1.170734999999891,1.2857499999998123
641,21.409533333333002,-0.1674831380921814,-0.039204827842459,-0.1512815051613215,17.407968666733332,78.4011904142,541.7576633333333,1.147425999999989,1.242373333333301
642,21.44290000000001,-0.1225985090506953,-0.4947177848783893,0.3041959531484278,17.407968900300002,78.4011901139,541.745985,1.1384170000000116,1.2156800000000345
643,21.47626666666656,-0.1890379836698276,0.0178629747967654,0.1178842740480138,17.40796913386667,78.4011898136,541.7343066666667,1.1294080000000344,1.1889866666667686
644,21.509633333333568,-0.2370820021297937,0.8004472843317435,-0.5070784522448625,17.407969367433335,78.4011895422,541.725422,1.107393999999606,1.167109999999927
645,21.54300000000012,-0.2545260915867944,-0.1309904153354632,-0.3216187433439829,17.407969601,78.401189342,541.72342,1.053339999999742,1.1570999999999525
646,21.576366666666672,-0.2627547035862126,-0.0652822151337643,-0.1299822506199213,17.407969834566668,78.4011891418,541.721418,0.9992859999998784,1.1470899999999773
647,21.609733333333224,-0.2250479233215252,0.225488107918302,-0.3983386581459846,17.407970116799998,78.40118896106667,541.7291493333333,0.9704413333333244,1.1254000000000135
648,21.643099999999777,-0.2326517571919968,-0.0502875399239795,0.1023003194622129,17.4079705172,78.4011888276,541.7605140000003,1.0028070000003506,1.0753499999994576
649,21.676466666666784,-0.2628044018466469,-0.1469080581974763,0.1174298899439269,17.4079709176,78.40118869413334,541.7918786666669,1.035172666666936,1.025299999999584
650,21.709833333333336,-0.2822151224707135,-0.6893858714828747,0.0484203052875132,17.407971308166665,78.40118861966667,541.8305200000002,1.0330233333329562,0.9988500000001336
651,21.743199999999888,-0.3136954206605016,-0.3820234291782197,-0.356506922257597,17.4079716752,78.4011886864,541.8865759999999,0.9482720000002218,1.0288799999999214
652,21.776566666666895,-0.3209442669520838,-0.0121192758370038,-0.4194675186369794,17.407972042233332,78.40118875313333,541.9426320000002,0.8635206666663325,1.0589100000001184
653,21.809933333332992,-0.2868583599573317,-0.0566986155463753,-0.0493716719917011,17.4079723298,78.4011887702,541.9804106666667,0.7815506666668003,1.0551666666668145
654,21.8433,-0.1436634717787589,-0.231331203404572,0.1833652822138593,17.4079724299,78.4011886701,541.975072,0.7061420000003238,0.9717500000003582
655,21.87666666666655,-0.0767483138138724,-0.1294994675088735,0.2270500532355835,17.407972530000002,78.40118857,541.9697333333334,0.6307333333338472,0.8883333333339017
656,21.91003333333356,-0.1352502662406815,-0.1270429534849839,-0.017905573305053,17.4079726903,78.40118848996667,541.9758326666669,0.5873310000001332,0.8089299999996992
657,21.94340000000011,-0.1257933972315463,-0.4416613418382972,0.0812353567586545,17.4079729906,78.4011884566,542.0085320000001,0.6183620000000549,0.7388599999998758
658,21.976766666666663,-0.1583741569057422,0.039886403989107,-0.1205679801275959,17.4079732909,78.40118842323334,542.0412313333333,0.6493929999999768,0.6687900000000525
659,22.010133333333215,-0.2265104721324666,0.4498544550999245,-0.2470287539924595,17.407973560800002,78.40118838986666,542.0704853333332,0.6502266666668904,0.6281066666665793
660,22.043500000000222,-0.2886048988252478,0.2348242811137896,-0.0953141639793189,17.407973761,78.4011883565,542.0918400000002,0.581824999999464,0.6548000000002092
661,22.076866666666774,-0.2716932907349831,-0.2371884984114513,-0.1458146964802221,17.4079739612,78.40118832313334,542.1131946666668,0.5134233333329699,0.6814933333334752
662,22.110233333333326,-0.2494426695075241,-0.15549875755643,0.2773801916941217,17.4079741307,78.40118824883334,542.1260556666667,0.4682513333333539,0.6805566666664895
663,22.14359999999988,-0.2841320553779067,0.3591480298227841,-0.4234291799772284,17.4079742308,78.401188082,542.119716,0.475592000000002,0.6171599999999827
664,22.176966666666885,-0.2492722754699839,-0.2776996805271365,-0.2414625488122896,17.4079743309,78.40118791516667,542.1133763333333,0.4829326666667502,0.5537633333326119
665,22.210333333332983,0.0006389776359958,-0.3776357827447174,0.5608093716720108,17.407974472333333,78.40118778966666,542.122226666667,0.4956466666668506,0.5120666666667164
666,22.24369999999999,-0.0076890308840972,0.4563365282232556,-0.2539936102234484,17.407974705900003,78.4011877563,542.164936,0.5203380000000094,0.5187400000000025
667,22.277066666666542,0.0118707845194318,-0.0394320198792318,-0.0649343272986168,17.40797493946667,78.40118772293333,542.2076453333331,0.5450293333331683,0.5254133333332888
668,22.310433333333094,0.3307774227924494,-0.4797870074754123,0.6817181398755912,17.407975162600003,78.40118768956665,542.2399213333333,0.5460369999999339,0.5362600000000259
669,22.3438000000001,0.4122257720962098,-0.0482641107296852,0.1301384451434165,17.407975362800002,78.4011876562,542.2492639999999,0.4949860000000626,0.5562799999999755
670,22.377166666666653,0.4756123535677994,-1.096698615551594,0.6719914803121371,17.407975563,78.40118762283333,542.2586066666667,0.4439350000001913,0.576299999999925
671,22.410533333333206,0.7514802981895711,-0.0675186368480783,1.0762371317007366,17.407975742133335,78.40118755786666,542.267844,0.4155306666665369,0.5752533333336262
672,22.443900000000212,0.6411288604900223,1.4596805111943203,-0.1384025559125887,17.407975875600002,78.40118742439999,542.2768530000001,0.4362180000001001,0.528539999999774
673,22.477266666666765,0.6687823926145499,-0.608974085903088,0.7637628682904389,17.407976009066665,78.40118729093334,542.2858620000001,0.4569053333333812,0.4818266666665584
674,22.510633333333317,0.7939652112194542,-0.0399999999862771,1.2227192048245636,17.407976174433333,78.40118721063332,542.3106083333333,0.477805333333329,0.4553166666666632
675,22.54399999999987,0.5746538871126725,0.9801916933156468,-0.2474973376086039,17.407976408,78.401187244,542.3689999999998,0.4991599999999418,0.4719999999999545
676,22.577366666666876,0.4478381256649663,-0.0717145899189812,0.2114376996514421,17.407976641566666,78.40118727736667,542.4273916666672,0.5205146666668456,0.4886833333334732
677,22.610733333332973,0.3596592119276639,-2.009201277960316,1.4762087326932438,17.407976918066666,78.40118727853334,542.4817046666669,0.544660000000176,0.5053666666667644
678,22.64409999999998,0.2982108626216911,0.5182321618629672,-0.4496911607885202,17.4079772851,78.4011872118,542.5274170000001,0.5746900000001003,0.5220500000000557
679,22.677466666666533,0.166389776359501,2.327284345054804,-0.9102023429126668,17.407977652133333,78.40118714506667,542.5731293333334,0.6047200000000246,0.538733333333347
680,22.710833333333085,0.0220092296778329,-1.4990060347402276,0.9076322328633066,17.407977997499998,78.40118707833334,542.6128833333337,0.6263000000000418,0.5597500000003138
681,22.74420000000009,-0.2718636847764725,-1.3323535676838054,0.5595314164299482,17.4079782978,78.4011870116,542.6402440000002,0.6303040000000135,0.5897800000001016
682,22.77756666666619,-0.4178203762886379,1.4008377706959618,-1.5165495207748008,17.407978598099998,78.40118694486667,542.6676046666666,0.6343079999999852,0.6198099999998893
683,22.810933333333196,-0.4316222932168393,1.9452041177949744,-0.6743769967713589,17.40797887653333,78.40118685626666,542.7003226666662,0.6398426666665863,0.6410933333333024
684,22.844300000000203,-0.4634504792317701,-2.7863471778200437,0.6717358892422028,17.407979110099998,78.40118672279999,542.7440330000001,0.648518000000016,0.6444300000000062
685,22.877666666666755,-0.4757543485977474,-0.4308129215329329,-0.2680156194650711,17.407979343666668,78.40118658933334,542.7877433333333,0.6571933333333274,0.6477666666666644
686,22.911033333333307,-0.5147248846290238,0.6369258075958573,-1.2855946041887707,17.407979643433332,78.4011864669,542.8265989999999,0.6802119999998333,0.6522066666666453
687,22.94439999999986,-0.323961661336952,-0.5292012779870641,-0.4844302449113392,17.4079800772,78.40118636679999,542.8556279999998,0.732263999999702,0.6588799999999618
688,22.977766666666867,-0.206822861192808,-2.128498402549956,0.6059708910076577,17.407980510966667,78.4011862667,542.8846570000002,0.7843160000002802,0.6655533333333693
689,23.01113333333342,0.162016329424912,0.3215193467850492,0.514050408243711,17.407980889066668,78.40118614433334,542.9035546666667,0.8206700000000142,0.6867000000001433
690,23.04449999999997,0.0728434504799305,2.109797657080094,-0.5811501597424814,17.407981156,78.40118597749999,542.9022199999999,0.8256750000000017,0.7367500000000171
691,23.077866666666523,-0.0928221512242731,0.290081647134715,-0.0079375221831693,17.407981422933332,78.40118581066666,542.9008853333333,0.8306799999999891,0.7867999999998908
692,23.111233333333075,-0.3086190983261905,-2.51281505145311,0.6627334043327585,17.407981723566667,78.40118567753333,542.9132553333337,0.8413016666668602,0.8222466666667262
693,23.144600000000082,-0.2766347177894027,0.2385090521154816,-0.6997657081713261,17.4079820906,78.4011856108,542.9526280000002,0.8629900000001389,0.8289200000000427
694,23.17796666666618,-0.1890450834224314,2.110394036199,-0.6381256655899261,17.407982457633334,78.40118554406666,542.9920006666669,0.8846783333334176,0.8355933333333592
695,23.211333333333187,-0.2364217252330302,-0.6581469649687788,0.776002839907319,17.407982802000003,78.40118540933334,543.0211733333333,0.9101066666666608,0.8467999999999963
696,23.244700000000194,-0.5303940362043624,-2.909968051156288,0.1335463259046296,17.4079831023,78.4011851424,543.0305160000001,0.9428060000002084,0.8668200000001277
697,23.278066666666746,-0.248860489882947,0.943471778485064,-0.7877884274036332,17.407983402600003,78.40118487546667,543.0398586666668,0.9755053333333108,0.8868399999999862
698,23.311433333333298,-0.0874334398288504,2.2425417110613344,-0.6311608093817955,17.40798369146667,78.4011846314,543.0530886666666,0.9956280000000248,0.9114333333331264
699,23.34479999999985,0.0618530351435529,-1.2162726304909393,0.8807667731641868,17.4079839584,78.4011844312,543.0737759999998,0.9916240000000348,0.944799999999709
700,23.378166666666857,0.0283280085155175,-1.453887114006279,0.8436634717936558,17.407984225333333,78.401184231,543.0944633333334,0.9876199999999904,0.9781666666667462
701,23.41153333333341,0.2166560170432469,1.684842030484293,-0.3369684060896524,17.4079845384,78.4011840308,543.1094993333332,0.9924966666666636,0.9988466666666672
702,23.44489999999996,0.2619169329050895,1.105090521745819,-0.0187007454452694,17.4079849388,78.4011838306,543.113837,1.0141849999999424,0.9955100000000088
703,23.478266666666514,0.2937451189202256,-2.5289598864041,0.9386155484560248,17.4079853392,78.4011836304,543.1181746666666,1.035873333333221,0.9921733333333506
704,23.511633333333066,0.4667873624384621,-0.4569329073818834,0.8176925807650226,17.4079856698,78.40118340693334,543.1329823333335,1.0497673333333295,0.9981433333334718
705,23.545000000000073,0.4023429179966497,1.9103301384357008,-0.3929712460121043,17.40798587,78.40118314,543.1673500000002,1.0490999999999977,1.0215000000000796
706,23.578366666666625,0.2907490237837439,0.2350585729417951,0.1211146609885752,17.4079860702,78.40118287306667,543.2017176666667,1.048432666666666,1.0448566666666874
707,23.611733333333177,0.3013702520402461,-1.293333333312575,0.7527724529612508,17.4079863056,78.40118260613333,543.2248213333334,1.0592639999999476,1.058826666666672
708,23.645100000000184,0.4787220447312859,0.4368051117602131,0.4301810436998592,17.4079866059,78.4011823392,543.227157,1.0912960000003034,1.0554899999999685
709,23.678466666666736,0.4720198793008975,2.035683351066422,-0.6680440184639824,17.4079869062,78.40118207226666,543.2294926666667,1.1233280000002226,1.0521533333333102
710,23.71183333333329,0.5136670216546941,-1.1398651046690964,1.3526801561748063,17.407987218333332,78.40118178166666,543.2330116666667,1.1637616666668236,1.061833333333427
711,23.74519999999984,0.3145899893476413,-2.011629392969526,1.171118210854286,17.407987552,78.401181448,543.238684,1.2194839999997629,1.095199999999858
712,23.778566666666848,0.184884629037888,0.6569613063514854,-1.3066311679081597,17.407987885666667,78.40118111433333,543.2443563333334,1.2752063333334618,1.1285666666667435
713,23.8119333333334,0.401306354276407,1.051913383034678,-0.2947106851379535,17.407988183533334,78.40118078066666,543.2477613333334,1.305630000000047,1.169093333333166
714,23.845299999999952,0.4600851970187281,0.3990841320486251,1.105452609170151,17.4079884171,78.401180447,543.2470940000001,1.2906150000000849,1.222479999999698
715,23.878666666666504,0.2485623003158275,-0.3881434149981425,0.2287539935854667,17.407988650666667,78.40118011333334,543.2464266666667,1.2756000000001229,1.2758666666662302
716,23.912033333333056,-0.0167909123166676,-0.9819169329230816,-0.3755200567860817,17.4079889444,78.4011797917,543.2505726666667,1.2758673333334136,1.3051866666666276
717,23.945400000000063,-0.035995740149056,-0.6730138445135164,-0.3729925452613304,17.4079893448,78.4011794914,543.263252,1.3032280000000112,1.2918399999999943
718,23.978766666666615,-0.0730067447645634,-0.4293503727427191,-0.3240255591076318,17.407989745200002,78.4011791911,543.2759313333333,1.330588666666609,1.2784933333333617
719,24.012133333333622,0.0613844515390702,0.2434930777229151,-0.1908129215628698,17.40799013346667,78.40117891506667,543.2889746666668,1.3397493333331294,1.2797066666669068
720,24.045500000000175,0.1297124600640333,-0.3367412140580503,0.3425985090544205,17.407990500500002,78.4011786815,543.3026550000001,1.3170599999998531,1.3064000000001728
721,24.078866666666727,0.0849130280443542,0.0504508342238578,-0.16316648916707,17.407990867533332,78.40117844793333,543.3163353333334,1.294370666666577,1.333093333333439
722,24.11223333333328,0.0464536741215277,-0.4460986865456861,-0.3658643947467882,17.407991161166667,78.4011781532,543.3248776666667,1.2746173333333124,1.3414366666666333
723,24.145600000000286,0.0260702875337913,0.1928860489747872,-0.503386581479621,17.407991328,78.4011777528,543.324544,1.259935999999816,1.3180799999997073
724,24.178966666666838,-0.0621725239633427,-0.1273766418186031,0.1629250976161952,17.407991494833333,78.4011773524,543.3242103333333,1.2452546666665196,1.2947233333330994
725,24.21233333333339,-0.1544905928294575,0.4427405040726195,0.0423855165074646,17.407991698666667,78.40117698899999,543.3259733333333,1.225639999999837,1.275066666666589
726,24.245699999999943,-0.2963578274762475,-0.9644089456918176,0.0185729499451711,17.4079919656,78.40117668869999,543.331312,1.197612000000035,1.2617200000000168
727,24.27906666666695,-0.4582889598843376,-0.8649911253243343,-0.439290024835782,17.407992232533335,78.40117638839999,543.3366506666667,1.1695839999998512,1.2483733333332625
728,24.312433333333047,-0.3176712815072575,0.4373588924001145,-0.4741072062370081,17.407992487033333,78.4011760881,543.3363943333334,1.1461563333333342,1.2300533333333352
729,24.345800000000054,-0.1566773162930231,1.478125665604621,-0.3586794462171159,17.4079927206,78.4011757878,543.326718,1.1304740000000406,1.203360000000069
730,24.379166666666606,-0.1348242811506246,0.3948881789110647,-0.0711750088747377,17.407992954166666,78.4011754875,543.3170416666668,1.1147916666667468,1.176666666666803
731,24.412533333333613,0.0972807951762653,0.8414625488419086,0.0378700745421914,17.407993225333332,78.4011752248,543.3152613333334,1.0987333333332332,1.1537333333332331
732,24.445900000000165,0.1627689030889072,0.2788711395145513,0.1657507987199835,17.407993558999998,78.40117502460001,543.3266060000001,1.082049999999942,1.137049999999942
733,24.479266666666717,0.2614696485618586,-1.3341711039559545,0.7227405040691561,17.407993892666667,78.4011748244,543.3379506666668,1.0653666666666508,1.1203666666666507
734,24.51263333333327,0.170720624780013,-1.068974085883993,0.3942776002713649,17.4079941379,78.40117459893334,543.3401993333334,1.0387030000000674,1.1036833333333596
735,24.546000000000276,0.0296059637942117,-0.4268370607472749,-0.2078807241573744,17.407994238,78.401174332,543.3275199999999,0.9956599999995892,1.086999999999841
736,24.57936666666683,0.0223429179967619,0.299119630790794,-0.1294994675266954,17.4079943381,78.40117406506667,543.3148406666666,0.952616999999698,1.0703166666665496
737,24.61273333333338,-0.036918707844967,0.4887894923686143,0.3655946041927069,17.407994489133333,78.40117379813334,543.309292,0.9356773333334474,1.04471999999982
738,24.646099999999933,-0.1298828540998274,-0.1291160809370974,0.2892864749743522,17.4079947227,78.4011735312,543.3152980000001,0.9610360000000502,1.004679999999921
739,24.67946666666694,-0.1165779197688302,-0.7364004259562812,0.0497266595797572,17.407994956266666,78.40117326426666,543.3213040000002,0.9863946666669984,0.964639999999476
740,24.712833333333037,-0.1405395811202722,-0.7845935392624941,0.1750088746929373,17.407995189833333,78.40117299733333,543.3260266666667,1.011881666666893,0.9502666666669018
741,24.746200000000044,-0.0109904153318833,0.945601703929731,-0.2321618743242282,17.4079954234,78.40117273039999,543.328696,1.0375740000000448,0.9769600000000466
742,24.779566666666597,0.1645296414596611,0.0874831380454081,-0.0609016684308313,17.407995656966666,78.40117246346666,543.3313653333333,1.0632663333331964,1.0036533333331912
743,24.812933333333604,0.2048846290347447,-1.015122470751067,0.7593468228522192,17.407995864666667,78.40117219653334,543.3377853333334,1.079776000000006,1.029053333333403
744,24.846300000000156,0.3786368477108996,0.3101171458908276,0.4524174653923958,17.407996031499998,78.4011719296,543.350131,1.081778000000001,1.0524100000000112
745,24.879666666666708,0.3755768548100816,0.5307064252751154,-0.2282570110046148,17.407996198333333,78.40117166266667,543.3624766666667,1.083779999999996,1.075766666666619
746,24.91303333333326,0.5111466098687449,-0.1165992190314382,0.5768548100852632,17.4079964173,78.4011714218,543.3757346666666,1.0723576666668144,1.0913033333333182
747,24.946400000000267,0.5832161874335444,-0.4966986155477584,0.567880724178071,17.4079967176,78.4011712216,543.3904160000001,1.0399919999997882,1.0946400000000218
748,24.97976666666682,0.6685977990713396,0.5410578629858868,0.1658643947321485,17.4079970179,78.4011710214,543.4050973333334,1.0076263333332032,1.09797666666668
749,25.01313333333337,0.8173375931844865,-0.6216684416036812,0.8125807596733753,17.407997291933334,78.40117080806667,543.4237186666667,0.9886566666666692,1.086866666666617
750,25.046499999999924,0.7230031948879658,-1.159318423872328,0.6322683706174314,17.4079975255,78.4011705745,543.44841,0.9903249999999982,1.053500000000034
751,25.07986666666693,0.7074760383269423,1.4168690095644871,-0.4881079162464362,17.407997759066667,78.40117034093333,543.4731013333336,0.9919933333333502,1.020133333332997
752,25.113233333333028,0.8977067802619586,0.1079943202779276,1.4050692225448866,17.407998032333335,78.40117005443334,543.4943520000002,1.0211870000005376,1.0
753,25.146600000000035,0.6878381256760003,-2.5326517571973626,1.5595740149263972,17.407998366,78.4011696874,543.5103680000001,1.0922580000003583,1.0
754,25.179966666666587,0.4505076322378361,0.3542847000767744,-1.3340149095012284,17.407998699666667,78.40116932036666,543.526384,1.1633290000001792,1.0
755,25.213333333333594,0.8241391551251731,2.080795172155569,-0.0910188143552905,17.407998966666668,78.40116898000001,543.5426666666668,1.1994666666664735,1.0293333333342003
756,25.246700000000146,0.8648562300364235,-0.942002129921954,1.9598509052303856,17.4079991335,78.4011686797,543.5593500000001,1.1831169999999225,1.1027400000003482
757,25.2800666666667,0.529811856583391,-0.9868654596866652,0.1679801206747059,17.407999300333334,78.4011683794,543.5760333333333,1.1667673333333717,1.176146666666496
758,25.31343333333325,0.6362868299612174,1.1191906283305502,-1.6691657791964003,17.407999494033334,78.4011680388,543.5858656666667,1.173254333333028,1.2119400000001517
759,25.346800000000258,1.2289243876467346,1.5287752929086689,1.6072417464605515,17.4079997276,78.4011676384,543.5855320000001,1.2136280000001431,1.191919999999929
760,25.38016666666681,1.1579694710916617,-2.474440894574356,2.5433084842718703,17.407999961166666,78.401167238,543.5851983333333,1.254001666666708,1.1718999999999795
761,25.413533333333362,0.3510117145887495,-0.1953283635197163,-1.8479517216616184,17.4080001812,78.40116685113334,543.583782,1.26988000000003,1.1775933333332682
762,25.446899999999914,0.675101171469475,2.039446219402267,-1.3334824280771658,17.408000381399997,78.4011664841,543.580779,1.2498600000000806,1.2209699999998256
763,25.48026666666692,0.8303727369600026,-0.0861057861289572,2.8246503371551213,17.4080005816,78.40116611706667,543.577776,1.2298399999998582,1.264346666666974
764,25.51363333333302,0.1681505147338234,-2.901249556271569,0.421178558760553,17.408000849966665,78.40116579093333,543.5929053333335,1.2344963333335175,1.2818199999999087
765,25.547000000000025,-0.6656017039572153,-0.8457933972990525,-3.836421725232372,17.408001217,78.40116552399999,543.6342800000001,1.2748700000000823,1.2617999999999592
766,25.580366666666578,0.1155768548211479,1.5339510117338029,-0.8550230741499538,17.408001584033332,78.40116525706667,543.6756546666667,1.3152436666666474,1.2417800000000097
767,25.613733333333585,0.3235072772476546,0.9433155839654432,1.679389421354512,17.408001896133335,78.40116492146667,543.6953306666666,1.3506733333336347,1.2464800000004257
768,25.647100000000137,0.3190841320566992,0.6700745473784823,0.2466453674262042,17.408002129699998,78.4011644877,543.683986,1.37903500000023,1.2865200000003247
769,25.68046666666669,0.2462335818246387,0.2875967341139676,-0.094270500532427,17.408002363266665,78.40116405393334,543.6726413333333,1.4073966666668252,1.3265600000002238
770,25.713833333332786,0.1389421370254882,0.6441249556328166,-0.0615193468231065,17.408002610666667,78.40116373083333,543.6769283333334,1.3851283333332225,1.3624500000000357
771,25.747199999999793,0.1533546325895059,0.7612779552887559,-0.0780830670681506,17.4080028776,78.401163564,543.7032880000003,1.2913679999992742,1.3924800000002324
772,25.7805666666668,-0.0585232516866036,-0.2649059282937533,-0.2907845225439136,17.408003144533332,78.40116339716666,543.7296476666667,1.1976076666666036,1.42251000000002
773,25.813933333333352,-0.2684700035496317,-0.0566276180407609,-0.8964572239872922,17.408003411466666,78.4011632164,543.7417953333334,1.1286486666668212,1.3995933333337685
774,25.847299999999905,-0.4501810436638437,0.3562300319453949,-1.0408519701719312,17.4080036784,78.4011630162,543.7341210000001,1.0942810000002412,1.3028300000006792
775,25.88066666666691,-0.681505147321471,0.5238906638493146,-0.8390486333115497,17.408003945333334,78.401162816,543.7264466666667,1.059913333333193,1.206066666666271
776,25.91403333333301,-0.7937948171819359,-0.2881150159630968,-0.5929854455075888,17.408004212266665,78.40116264386667,543.7330863333334,1.0203533333332602,1.137369999999953
777,25.947400000000016,-1.0016613418540348,-0.5090095846660012,-1.4231735889327095,17.4080044792,78.4011625104,543.759446,0.9736400000000446,1.1073400000000286
778,25.980766666666568,-1.0182747603829525,-0.4103159389379694,-1.420362087324991,17.408004746133333,78.40116237693333,543.7858056666666,0.926926666666829,1.0773100000001044
779,26.014133333333575,-0.944976925809792,0.3780049698213579,-0.9473482428229618,17.408005013066667,78.4011621728,543.8018480000001,0.9299626666672066,1.0402133333329768
780,26.047500000000127,-0.9482428114997378,0.3708200213151779,-0.7126730564362832,17.40800528,78.4011618725,543.80385,1.0007000000003616,0.9934999999997614
781,26.08086666666668,-1.0085906993249554,0.2563436279759473,-0.9298828540972512,17.408005546933335,78.40116157220001,543.8058520000001,1.0714373333335163,0.9467866666665458
782,26.114233333332777,-1.1819524316650811,-0.2320553780652256,-1.297664181752798,17.408005828100002,78.4011613146,543.816821,1.1070183333333323,0.9498900000000048
783,26.147599999999784,-1.0601064962748272,0.3853887113872905,-0.9151863684923992,17.4080061284,78.4011611144,543.8398440000002,1.0953399999998694,1.0199600000007831
784,26.18096666666679,-1.0595314164004066,0.4627831025915552,-0.5740433084841308,17.4080064287,78.4011609142,543.8628670000002,1.0836616666665655,1.0900300000006062
785,26.214333333333343,-1.1135250266256953,0.5429889953821202,-0.601632942853761,17.408006714666666,78.40116074266666,543.8805866666667,1.0563599999997992,1.1242666666666108
786,26.247699999999895,-1.16472843450721,0.1635569754870435,-1.1644302449488655,17.4080069816,78.40116060919999,543.891264,1.0083120000001389,1.1109200000000383
787,26.281066666666902,-1.0055378061754665,-0.4223642172402114,-0.8329002484871754,17.408007248533334,78.40116047573333,543.9019413333334,0.9602639999998236,1.0975733333332844
788,26.314433333333,-0.8721902733377571,-0.4251757188654615,-0.5956904508291946,17.4080074866,78.40116028453333,543.9104536666666,0.93502066666666,1.0697933333334002
789,26.347800000000007,-0.6595527156548591,-0.1429605963751827,-0.3195314164010923,17.408007686799998,78.40116001759999,543.916126,0.9396919999999817,1.0230800000001847
790,26.38116666666656,-0.6167199148028075,0.3362087326917793,-0.5146254881060243,17.408007887,78.40115975066666,543.9217983333333,0.944363333333303,0.976366666666969
791,26.414533333333566,-0.5971600993941449,0.2762229321971354,-0.785587504429919,17.408008072666664,78.40115957093333,543.9183146666666,0.9057253333328942,0.9514533333333488
792,26.447900000000118,-0.5570820021297608,0.2954632587914749,-0.6500745473908084,17.4080082395,78.4011595042,543.902966,0.8109639999997998,0.954790000000007
793,26.48126666666667,-0.5926446574382669,-0.0988569400091195,-0.4826127085643193,17.408008406333334,78.40115943746666,543.8876173333333,0.7162026666667054,0.9581266666666652
794,26.514633333333222,-0.6380901668431435,0.0973020944085922,-0.4092864749594632,17.4080085878,78.40115934146667,543.8839753333333,0.6558296666667146,0.9219533333335876
795,26.547999999999774,-0.5505857295010173,-0.005324813632685,-0.2960596379481229,17.408008788,78.401159208,543.8953200000001,0.6394799999998663,0.8351999999992905
796,26.58136666666678,-0.3797799077031167,-0.3386013489498318,0.1093219737287601,17.408008988200002,78.40115907453334,543.9066646666668,0.6231303333332409,0.748446666666176
797,26.614733333333334,-0.2681150159736388,-0.1523464678767729,0.2301597444126882,17.408009114733336,78.4011589558,543.9056333333333,0.5802606666664272,0.692633333333281
798,26.648099999999886,-0.1607880724181007,-0.2731416400397469,0.4053461128833989,17.4080091481,78.4011588557,543.88895,0.5038509999999532,0.6759499999999897
799,26.681466666666893,-0.1000922967680025,-0.2256727014582204,0.2723038693724745,17.408009181466667,78.4011587556,543.8722666666665,0.4274413333324378,0.6592666666664712
800,26.71483333333299,-0.1509407170725261,0.0638622648291514,-0.1558395455967901,17.40800921483333,78.4011586555,543.8641866666667,0.3670516666663769,0.6218166666662116
801,26.748199999999997,-0.1582108626198393,-0.060234291800399,-0.3579126730554511,17.4080092482,78.4011585554,543.866856,0.3266779999999956,0.5584199999999931
802,26.78156666666655,-0.1354419595318173,-0.1002484912956755,-0.3517500887445769,17.408009281566667,78.4011584553,543.8695253333333,0.2863043333336143,0.4950233333337746
803,26.814933333333556,-0.0199787007501927,-0.0231025914200119,0.0752857649696119,17.4080092552,78.40115837013333,543.870104,0.2587733333333142,0.4450666666666121
804,26.84830000000011,0.0704153354633207,0.2499893503726671,0.4509691160812393,17.4080091551,78.4011583034,543.868102,0.2470950000000103,0.4117000000000295
805,26.88166666666666,0.0499112531065868,-0.0847000354992999,0.2776712815072006,17.408009055,78.40115823666666,543.8661,0.2354166666667064,0.378333333333447
806,26.915033333333213,0.0247426340064988,0.0279304224316943,0.1600709975099935,17.4080090451,78.40115821503333,543.8741703333333,0.2135156666668704,0.3569933333333729
807,26.94840000000022,-0.0020873269425031,0.0073269435580758,-0.1379339723064594,17.4080091452,78.40115824840001,543.8945240000002,0.179147999999822,0.3503199999999654
808,26.981766666666772,0.0144621938234834,-0.1216684416062962,-0.4749875754367607,17.4080092453,78.40115828176667,543.9148776666667,0.144780333333242,0.3436466666666489
809,27.015133333333324,0.1237060702878808,-0.0709549165774793,-0.2594533191291281,17.408009330266665,78.40115828486667,543.9311453333333,0.1246379999999996,0.3278933333333297
810,27.048499999999876,0.2641107561235356,0.165601703940362,0.3040468583599574,17.408009397,78.40115825150001,543.94249,0.1216350000000071,0.3012000000000637
811,27.081866666666883,0.3487681931134528,0.1408732694385878,0.521093361726568,17.408009463733332,78.40115821813333,543.9538346666668,0.1186319999999738,0.2745066666664338
812,27.11523333333298,0.3723393681215784,0.1068370607004577,0.5816258430985808,17.4080095,78.40115821523334,543.9673120000001,0.120046666666708,0.258476666666646
813,27.148599999999988,0.3434291799791424,0.0760809371696864,0.2176783812623512,17.4080095,78.4011582486,543.9833280000001,0.1267200000000245,0.2551399999999877
814,27.18196666666654,0.3265601703961748,-0.14233581824149,-0.1309620163256264,17.4080095,78.40115828196667,543.9993440000001,0.133393333333341,0.2518033333333295
815,27.215333333333092,0.4294639687602022,0.0342917997809635,0.0846290379738298,17.408009546,78.40115828466666,544.0191933333336,0.1340866666666021,0.25
816,27.2487000000001,0.5876038338656907,0.1086048988289826,0.5548242811482769,17.4080096461,78.4011582513,544.0435510000001,0.1277469999999803,0.25
817,27.28206666666665,0.7424636137730647,0.304181753642214,0.8469293574744062,17.408009746199998,78.40115821793333,544.0679086666665,0.1214073333333584,0.25
818,27.315433333333203,0.842676606317747,0.2699893503732638,0.6442882499043155,17.408009830866664,78.40115818456667,544.0874819999999,0.1187716666666517,0.2453700000000893
819,27.34880000000021,0.9313312034084076,-0.110244941426802,0.4460489882897182,17.4080098976,78.4011581512,544.1014960000001,0.1204400000000036,0.2353599999999781
820,27.382166666666762,1.0106141285049146,-0.0350372736990818,0.6119985800438222,17.408009964333335,78.40115811783333,544.1155100000001,0.1221083333333327,0.2253500000000034
821,27.415533333333315,1.1034291799786655,0.0849840255590666,0.9777919772804944,17.4080100466,78.40115808446667,544.1376013333332,0.1413293333332206,0.2184466666666762
822,27.448899999999867,1.1513525026623834,0.2960809371671468,1.178615548455374,17.4080101467,78.4011580511,544.1689659999998,0.180701999999788,0.2151100000000179
823,27.482266666666874,0.9462690805810844,0.1768690095842538,0.6930209442802292,17.4080102468,78.40115801773332,544.2003306666668,0.220074666666892,0.2117733333333142
824,27.515633333333426,0.5452964146245292,-0.1862903798351539,0.2522470713528687,17.4080103,78.40115803126666,544.2334150000002,0.2295876666665886,0.2193800000000641
825,27.548999999999978,0.0519701810401378,-0.0236421725311679,0.0472843450406396,17.4080103,78.401158098,544.26845,0.2052299999999834,0.2394000000000136
826,27.58236666666653,-0.2153496627608372,-0.1824423145239534,0.149634362804064,17.4080103,78.40115816473333,544.3034849999999,0.1808723333333781,0.2594199999999632
827,27.615733333333083,-0.180532481363098,0.0888462903786795,0.1955413560529088,17.408010268533335,78.4011581528,544.3205839999999,0.1782266666668676,0.2589866666664502
828,27.64910000000009,-0.1210010649618197,0.1017678381237594,0.082875399367322,17.4080102018,78.4011580527,544.317581,0.1999150000001463,0.2356299999998424
829,27.682466666666187,-0.1299680511192646,-0.0639261625881115,-0.2744053958163123,17.408010135066665,78.4011579526,544.314578,0.2216033333334249,0.2122733333332346
830,27.715833333333194,-0.106425275115358,-0.1465388711392388,-0.2953141640033494,17.40801011583333,78.40115791583334,544.3207583333333,0.2087750000000232,0.2094999999999909
831,27.7492000000002,-0.025431309905641,-0.0158466453700621,-0.1757614483612096,17.4080101492,78.4011579492,544.3371080000001,0.1577239999996883,0.2295200000001222
832,27.782566666666753,0.0784948526798578,0.0498331558388268,0.3114305999269006,17.408010182566667,78.40115798256666,544.3534576666666,0.1066730000000491,0.2495399999999807
833,27.815933333333305,0.0226056088036582,0.1229108981188008,0.3620163294285539,17.408010168133334,78.40115798406666,544.3632746666666,0.0815933333333137,0.2392866666669209
834,27.849299999999857,-0.0621725239632826,0.1121405750735667,-0.022321618757396,17.4080101014,78.4011579507,544.365944,0.084929999999972,0.1959100000003635
835,27.882666666666864,-0.1069932552343619,-0.1537806176732671,-0.2944976925685168,17.408010034666667,78.40115791733334,544.3686133333333,0.0882666666666757,0.1525333333332151
836,27.916033333333417,-0.0954632587859502,-0.077550585729697,-0.3270571529997431,17.408010016033334,78.40115788396666,544.3727256666666,0.0840676666666641,0.13
837,27.94939999999997,-0.0530351437684764,0.0030244941466258,-0.1109691160685781,17.4080100494,78.4011578506,544.378398,0.0717220000000286,0.13
838,27.98276666666652,0.0213134540298476,0.0288391906284984,0.2512815051532578,17.408010082766666,78.40115781723333,544.3840703333333,0.059376333333393,0.13
839,28.016133333333073,0.0583457578982771,0.1349236776682388,0.3242598509056599,17.408010116133333,78.40115783226666,544.3981320000001,0.0489666666666143,0.1267733333332915
840,28.04950000000008,-0.0136315228956912,0.1974440894569464,-0.0308839190512098,17.4080101495,78.401157899,544.4211550000001,0.0406249999999687,0.1200999999999749
841,28.082866666666177,-0.1030315938941258,-0.1289598864048849,-0.2901668441603511,17.408010182866665,78.40115796573333,544.4441780000001,0.0322833333333231,0.1134266666666584
842,28.116233333333184,-0.1618317358893523,-0.0020873269395974,-0.4426766063203428,17.4080102,78.40115798376667,544.452591,0.0314089999999909,0.1051300000000129
843,28.14960000000019,-0.1001916932897429,-0.0341640042387126,-0.0204472843549661,17.4080102,78.40115795039999,544.4455839999999,0.0384160000000687,0.0951199999999017
844,28.182966666666744,-0.0461554845584743,0.2942563010266951,-0.0035214767486444,17.4080102,78.40115791703333,544.4385769999999,0.045423000000051,0.085109999999927
845,28.216333333333296,0.0205892793752218,0.1487397941072062,0.1760738374156903,17.4080102,78.40115791633333,544.44137,0.0483466666666632,0.0832666666666836
846,28.249699999999848,0.0436208732672194,0.0273908413327423,0.0861554845462043,17.4080102,78.40115794969999,544.4543829999999,0.047012000000006,0.0899399999999698
847,28.283066666666855,0.0236563720270022,0.4860205892737497,-0.305459708907445,17.4080102,78.40115798306667,544.467396,0.0456773333333306,0.0966133333333469
848,28.316433333333407,0.0217962371323718,0.5558679446222404,-0.1932765353243024,17.408010183566667,78.40115798356666,544.4723566666668,0.0525593333332904,0.0983566666666759
849,28.34979999999996,-0.0376570820011535,0.5974014909235172,-0.2806815761385701,17.4080101502,78.4011579502,544.4690200000001,0.0679079999999184,0.0950200000000177
850,28.38316666666651,-0.0947106851269762,-0.7763933262338789,0.0150159744429479,17.40801011683333,78.40115791683333,544.4656833333335,0.0832566666665463,0.0916833333333594
851,28.416533333333064,-0.1323819666342105,-0.3114802982338816,0.2849698260602116,17.408010116533333,78.4011579,544.464,0.0825679999999443,0.0949600000000327
852,28.44990000000007,-0.1505431309868587,0.8628115015838975,-0.3218317358730299,17.4080101499,78.4011579,544.464,0.0655509999999872,0.1049700000000075
853,28.483266666666623,-0.2423571175012696,1.4257436989785122,-0.718736244233291,17.408010183266665,78.4011579,544.464,0.0485340000000301,0.1149799999999822
854,28.516633333333175,-0.1456869009578271,-0.9787291445102868,-0.0888817891318186,17.408010233266666,78.4011579,544.4698216666667,0.0521423333332287,0.1166733333333619
855,28.550000000000182,-0.2447284344964237,-2.073269435594318,0.386155484543628,17.4080103,78.4011579,544.4815000000001,0.0765000000001659,0.1099999999999545
856,28.583366666666734,-0.0690947816818042,0.3078594249284343,0.2273979410708278,17.408010366733333,78.4011579,544.4931783333334,0.1008576666667712,0.103326666666638
857,28.616733333333286,-0.0578345757928899,1.7609087682128903,-0.2082783102734706,17.408010416733333,78.4011579,544.5028486666668,0.1058046666666412,0.1066933333333569
858,28.65009999999984,-0.0912673056430819,1.3051331202868806,-0.4209371671861419,17.408010450099997,78.4011579,544.510523,0.0914570000000107,0.12003999999999
859,28.683466666666845,-0.0577493787711282,-1.7788001419738944,0.2224068157578141,17.408010483466665,78.4011579,544.5181973333334,0.0771093333331847,0.1333866666668049
860,28.716833333333398,-0.1292154774575786,-1.475150869747681,0.4905928292468436,17.408010516833333,78.4011579,544.5235150000001,0.0804366666667813,0.1332666666665927
861,28.75019999999995,0.1686900958474007,1.1528008519822457,0.4430244941421238,17.4080105502,78.4011579,544.526518,0.1011239999999684,0.1199200000000203
862,28.783566666666957,0.0306212282648235,1.7854313099402774,-0.0852112175848779,17.408010583566668,78.4011579,544.5295209999999,0.1218113333334374,0.1065733333332661
863,28.816933333333054,-0.0163152289681523,-0.6298615547321291,-0.1205963791348937,17.4080106508,78.40115788306666,544.5392973333333,0.1472400000000082,0.1101600000000054
864,28.85030000000006,-0.0478807241747584,-2.465580404684687,0.3644941427049065,17.4080107509,78.4011578497,544.5556469999999,0.1772699999999324,0.130179999999955
865,28.883666666666613,0.1608803691822484,0.2795172168546879,0.1345402910916198,17.408010851,78.40115781633332,544.5719966666666,0.2072999999998567,0.1501999999999045
866,28.91703333333362,0.1714022009250494,2.3233013844514243,-0.0612282570127661,17.408010917033334,78.40115776593333,544.5851100000001,0.2378410000001966,0.1719233333334813
867,28.950400000000172,0.1174866879657313,1.3140362087264337,0.0766347177858577,17.408010950399998,78.4011576992,544.5951200000001,0.2688720000001184,0.1952800000000891
868,28.983766666666725,0.1264891728791765,-2.02504792329919,0.7345047923290139,17.408010983766665,78.40115763246666,544.60513,0.2999030000000401,0.2186366666666969
869,29.017133333333277,0.0468725594586392,-2.788668796562705,0.5017536386055909,17.4080110514,78.40115758286667,544.6062306666666,0.3119160000000073,0.2454199999999631
870,29.050500000000284,0.2186368477093227,1.0577209796555227,-0.721725239621495,17.4080111515,78.4011575495,544.5988899999999,0.3059099999999407,0.2754500000002967
871,29.083866666666836,0.0983883564062833,3.0728718494912783,-0.4312815051634706,17.408011251599998,78.40115751613332,544.5915493333332,0.2999039999999557,0.305480000000221
872,29.117233333333388,0.0142634007846519,0.6519275826455638,0.4502591409208453,17.408011334466664,78.40115741383333,544.5780046666665,0.3131993333334851,0.316553333333301
873,29.15059999999994,-0.2157614483484554,-2.684685835989952,0.1508839190636037,17.4080114012,78.401157247,544.5586519999999,0.3445640000000726,0.3098799999999845
874,29.183966666666947,-0.399013134543889,-2.1184451544569667,-0.571757188496016,17.408011467933335,78.40115708016667,544.539299333333,0.3759286666670877,0.3032066666665771
875,29.217333333333045,-0.1711750088748055,1.4893148738881126,-0.7946041888585623,17.408011604000002,78.40115691333334,544.5371066666668,0.4242800000005471,0.3173333333336183
876,29.25070000000005,-0.243535676250843,3.020340788069337,-0.2736102236369654,17.4080118042,78.40115674649999,544.550787,0.4883440000000942,0.3507000000000491
877,29.284066666666604,-0.2319488817905321,0.2097124600274948,0.1753638622698573,17.4080120044,78.40115657966666,544.5644673333333,0.5524079999996414,0.3840666666664799
878,29.31743333333361,-0.3906212282466265,-4.234597088988653,0.3281221157221734,17.408012169733333,78.40115641283333,544.562632,0.5803849999999833,0.4313800000002005
879,29.350800000000163,-0.1263045793410016,-1.9949307774468377,0.3961235356806215,17.4080123032,78.401156246,544.546616,0.5753799999999959,0.4914400000000491
880,29.384166666666715,0.2296059637946766,1.5822151224384018,-0.0422435214671916,17.408012436666667,78.40115607916667,544.5306,0.5703750000000085,0.5514999999998976
881,29.417533333333267,0.2804401845939912,2.359034433789032,-0.0289669861508741,17.408012622733334,78.40115587726666,544.5291366666667,0.6088526666663382,0.5782466666666807
882,29.450900000000274,0.5394249201290973,-0.3893929710738009,0.9289456868726914,17.4080128563,78.4011556437,544.5408150000001,0.686597000000535,0.5749099999999769
883,29.484266666666826,0.6013631522967366,-3.4574227901135672,1.4441604543740365,17.408013089866667,78.40115541013333,544.5524933333334,0.7643413333336724,0.5715733333333187
884,29.51763333333338,0.6315299964441985,-0.863478878306212,0.2892935747463425,17.40801327053333,78.4011551413,544.5565893333334,0.8126380000000406,0.6105566666668079
885,29.55099999999993,0.6036208732678471,1.578274760370601,-0.8325878594317584,17.408013404,78.401154841,544.55392,0.834659999999985,0.6872999999999477
886,29.584366666666938,0.6509904153308296,2.0004756833506465,0.296883209049941,17.408013537466665,78.40115454069999,544.5512506666666,0.8566820000002296,0.7640433333341334
887,29.617733333333035,0.630401135959606,-0.3009442669436984,1.8389208377679505,17.408013688666667,78.40115427586666,544.5560293333334,0.8763986666668064,0.812413333333518
888,29.651100000000042,0.2513738019179867,-2.9487113951041235,0.9904366347222828,17.4080138555,78.40115404229999,544.567374,0.8940830000000952,0.8357700000001258
889,29.684466666666594,-0.3590202342871157,-0.7652822150450039,-1.3576712815408982,17.408014022333333,78.40115380873333,544.5787186666666,0.911767333333384,0.8591266666667335
890,29.7178333333336,-0.3251686191210608,1.9811146609526291,-1.714980475734563,17.408014224833334,78.40115352166666,544.5836433333333,0.9467500000005776,0.8789166666668592
891,29.751200000000154,-0.2341214057519106,1.2091160809687351,0.4015761448028476,17.4080144584,78.401153188,544.5829759999999,0.9968000000002236,0.8956000000000746
892,29.784566666666706,-0.1451118210812234,-1.962577209766932,1.248008519722755,17.408014691966667,78.40115285433333,544.5823086666667,1.04684999999987,0.91228333333329
893,29.817933333333258,-0.4699041533549502,-2.192914447988692,0.002257720976922,17.408014959407407,78.40115252066666,544.5835940740741,1.086339259259081,0.9498888888885628
894,29.851300000000265,-0.5560702875400209,1.479392971181681,-2.160649627262961,17.408015256,78.401152187,544.5865600000001,1.116740000000236,1.0055000000004322
895,29.884666666666817,-0.3496627617985585,2.8246361377491915,-0.6269080582574158,17.40801555259259,78.40115185333333,544.589525925926,1.147140740740977,1.0611111111115434
896,29.91803333333337,-0.2558324458657172,-0.5572878948570189,0.2829605963688986,17.408015815641026,78.40115139952381,544.5970853479854,1.2176164835166137,1.0946446886447376
897,29.95139999999992,-0.2604046858425277,-4.125750798748754,0.1735889243806726,17.408016072307692,78.40115092285714,544.6055186813187,1.295716483516046,1.1239780219778577
898,29.98476666666693,-0.0193184238626444,-0.1476393327553655,-0.43359602412279,17.40801634967033,78.40115046274725,544.6132483516484,1.3667798534798743,1.1591062271063337
899,30.018133333333026,0.0106070287529397,2.396137735155514,-0.8286545970984984,17.40801678967033,78.40115013274725,544.6154483516484,1.3825465201465053,1.2397728937728172
900,30.051500000000033,0.0324813631522896,-0.1496272630457935,0.5889243876464324,17.408017229670328,78.40114980274726,544.6176483516484,1.398313186813136,1.3204395604393009
901,30.084866666666585,0.0718920837785025,-2.636478523247396,0.8405111821112684,17.408017627252747,78.40114945860806,544.612495970696,1.4023443223444028,1.3756556776555973
902,30.118233333333592,-0.0361661341881239,-0.5038480653970235,-0.5245438409303771,17.408017957252746,78.40114909194139,544.5956293040292,1.3876776556775696,1.3903223443224304
903,30.151600000000144,-0.1343982960627373,1.694249201268778,-0.6373801917026132,17.408018287252748,78.40114872527472,544.5787626373626,1.3730109890109363,1.4049890109890637
904,30.184966666666696,-0.1846787362464036,1.0866311679847007,0.3125310613989934,17.408018689670328,78.40114828619048,544.598828937729,1.4317274725276006,1.4003443223443028
905,30.218333333332794,-0.2402555910548167,-2.301526446579917,0.1147319843799138,17.40801912967033,78.4011478095238,544.6380622710622,1.5285274725273807,1.3856776556776695
906,30.251700000000255,-0.3443876464373494,-1.9083493078505205,-0.2025133120235716,17.40801956967033,78.40114733285715,544.6772956043959,1.62532747252848,1.3710109890108364
907,30.285066666666808,-0.3156265530677897,1.497635782671489,-1.0329996450078116,17.408020043809522,78.40114685619048,544.6977523809525,1.6828673992678438,1.4587619047626803
908,30.31843333333336,-0.2881860134891417,2.213127440565485,-0.1212779552749903,17.40802052047619,78.40114637952381,544.7168190476191,1.737500732601053,1.5540952380957973
909,30.351799999999912,-0.3450479233226837,-2.01139510126052,0.5086261980768683,17.408020974725275,78.40114590285714,544.7334197802197,1.7801032967032853,1.6412087912089328
910,30.38516666666692,-0.3875399361055102,-1.9309904154271296,0.1959176429146494,17.408021341391944,78.40114542619048,544.7403864468865,1.775703296703257,1.6962087912092827
911,30.418533333333016,-0.2277458288957083,0.8456372026387745,-0.6808519701685528,17.40802170805861,78.40114494952381,544.7473531135531,1.7713032967032891,1.751208791208883
912,30.451900000000023,-0.1488391906278166,2.240745473912221,-0.5106070287530367,17.408022144615387,78.40114442043956,544.7658516483515,1.8222912087908485,1.7782527472527592
913,30.485266666666575,-0.20227192048257,-1.0285835995796635,0.4037628683006168,17.40802265794872,78.40114383377289,544.7970183150181,1.934124542123928,1.774586080586101
914,30.518633333333582,-0.2285339013179468,-2.1522257722086544,0.1759744409074778,17.40802317128205,78.40114324710622,544.8281849816851,2.0459578754585315,1.7709194139193924
915,30.552000000000135,-0.0526091586780708,0.895633652805201,-0.6875399361043867,17.40802362967033,78.40114260549451,544.8469890109891,2.1174065934068014,1.8524175824179776
916,30.585366666666687,-0.0643734469289209,1.3798793042232105,-0.26336528222167,17.40802406967033,78.40114194549452,544.8616556776557,2.1753399267400035,1.962417582417728
917,30.618733333332784,-0.0620376286826964,-0.818544550955326,0.3270855520053181,17.40802451289377,78.40114128549452,544.8768058608058,2.2334344322343704,2.0712893772893213
918,30.65209999999979,-0.1597657081959937,-1.7840468583817353,0.0069222577390922,17.40802509956044,78.4011406254945,544.9134725274729,2.298701098901778,2.1299560439566543
919,30.685466666666798,-0.0703443379553883,0.4873837414944362,-0.4165708200301636,17.408025686227106,78.40113996549451,544.9501391941395,2.363967765568297,2.188622710623188
920,30.71883333333335,-0.0472133475330946,2.0866524671576183,0.2039403620855834,17.408026262087912,78.40113932710622,544.9768644688645,2.4011391941390623,2.2494505494508394
921,30.752199999999903,-0.1733333333324344,-1.079403620943813,0.2634291799781118,17.40802681208791,78.40113874043956,544.9797978021978,2.371072527472614,2.31545054945036
922,30.78556666666691,-0.37635782746643,-2.428512602104408,-0.2795172168581747,17.408027362087914,78.40113815377289,544.9827311355311,2.341005860805756,2.38145054945078
923,30.818933333333007,-0.0918281860128747,0.7002484912661018,-0.4688817891447568,17.408027855855856,78.40113759297297,544.9916756756757,2.3380636636636463,2.396354354354378
924,30.852300000000014,-0.0288391906289904,1.4971246006403724,0.2488817891338061,17.40802830675676,78.4011370518919,545.0052027027027,2.3557990990990407,2.3723063063063856
925,30.885666666666566,-0.0203762868295993,0.7101171459065378,0.6347887823923386,17.408028757657657,78.40113651081082,545.0187297297297,2.373534534534435,2.3482582582583933
926,30.919033333333573,-0.0427476038334996,-0.9766631167511676,0.2574795882423191,17.408029215795796,78.40113596972974,545.026466966967,2.393224024024172,2.3343423423424454
927,30.952400000000125,-0.2018317358901117,0.4547816826529165,-0.8224068157652762,17.408029696756756,78.40113542864864,545.0159459459459,2.419075675675763,2.3523783783784395
928,30.985766666666677,-0.0993326233581191,1.4036776712786487,-0.3626695065630755,17.40803017771772,78.40113488756757,545.0054249249249,2.444927327327355,2.3704144144144337
929,31.019133333332775,-0.0044586439455027,0.3081718138952265,0.381057863000582,17.40803065867868,78.40113434648649,544.994903903904,2.4707789789789465,2.3884504504504283
930,31.05249999999978,-0.1190628327901588,-1.581150159747838,0.4637912673222069,17.408031194594596,78.40113386036036,544.9950990990991,2.484540540540668,2.4119819819822244
931,31.08586666666679,-0.1025914092999641,-0.6691941781967452,-0.2051260205838385,17.408031735675678,78.4011333793994,544.9963015015015,2.4971657657658635,2.4360300300302167
932,31.11923333333334,-0.0695633652828969,-0.0066666666768095,-0.175690450837005,17.408032276756757,78.40113289843845,544.997503903904,2.50979099099106,2.460078078078209
933,31.152599999999893,-0.0515441959516693,0.8917997870048202,-0.1760170393958877,17.408032782522522,78.4011323645045,544.9935855855856,2.52930270270272,2.47882882882884
934,31.1859666666669,0.024735534251737,0.2882286120181976,0.5837841675399285,17.408033263483482,78.40113179336336,544.9860705705705,2.5536513513515446,2.493858858858978
935,31.219333333332997,0.0391906283289383,0.1451899183732623,0.5162229321934472,17.40803374444444,78.40113122222223,544.9785555555555,2.578000000000037,2.508888888888912
936,31.252700000000004,-0.0917358892413658,-1.1590415335103412,0.2655378061655948,17.40803424108108,78.40113063540541,544.9795054054052,2.612851351351104,2.526270270270178
937,31.286066666666557,0.0115441959532694,0.3360312389044686,-0.2919133830315086,17.40803478216216,78.40113000414415,545.004455255255,2.677480480480084,2.5503183183181704
938,31.319433333333563,0.0047071352531952,1.1667092651864583,0.0291231806931597,17.408035323243244,78.40112937288289,545.0294051051053,2.7421096096099435,2.574366366366491
939,31.352800000000116,-0.025260915867929,0.6086474973311462,0.015633652825731,17.408035864324326,78.40112874162162,545.0543549549551,2.8067387387389227,2.598414414414483
940,31.386166666666668,0.1071707490235193,-0.3503017394325204,0.7004259850891077,17.408036321171174,78.40112816651651,545.0119174174174,2.785729729729715,2.658963963963997
941,31.41953333333322,-0.0010507632272945,0.2145828895769923,0.220177493765546,17.408036772072073,78.40112759537537,544.9647231231232,2.758675675675724,2.7220900900899774
942,31.452900000000227,-0.0953993610150766,-1.2034930777662765,-0.1162939296822792,17.408037222972975,78.40112702423423,544.9175288288284,2.731621621621364,2.785216216216818
943,31.48626666666678,-0.0407809726699072,-0.0149662762124427,-0.4588285410005303,17.408037765165165,78.40112647135135,544.881837237237,2.736702102102224,2.79356756756744
944,31.51963333333333,-0.0202413915547644,1.8601632942502755,-0.5772523961869469,17.408038366366366,78.40112593027027,544.8535807807808,2.76255375375371,2.7665135135135595
945,31.552999999999884,-0.0330138445154419,1.2736954206602769,0.1320553780617678,17.408038967567567,78.40112538918919,544.8253243243245,2.788405405405196,2.739459459459679
946,31.58636666666689,-0.0168051118206173,0.3437060702912475,0.1429250976255751,17.408039535015014,78.40112483123123,544.7845789789789,2.804468468468466,2.727594594594602
947,31.619733333332988,0.0836776712837831,0.23456159035617,0.269250976219482,17.408040015975978,78.40112423003002,544.7118336336338,2.795450450450469,2.754648648648593
948,31.653099999999995,-0.0622790202360894,-2.0863684770993496,0.1330564430209762,17.408040496936938,78.40112362882883,544.6390882882886,2.786432432432472,2.7817027027025847
949,31.686466666666547,0.1468512602081088,0.0202200923291549,0.075157969464823,17.408040977897898,78.40112302762762,544.5663429429434,2.777414414414475,2.808756756756576
950,31.719833333333554,-0.0201987930413652,0.4301029463701175,-0.2327298544520978,17.408041483184522,78.40112234627976,544.5394092261904,2.8037172619048425,2.804315476190459
951,31.753200000000106,0.0467305644303766,0.354845580407824,0.0137167199151284,17.408041989642857,78.40112166107143,544.5146821428572,2.831721428571393,2.7983571428571503
952,31.78656666666666,0.2349520766755379,0.0618246361490198,0.4941711040054758,17.40804249610119,78.40112097586311,544.4899550595239,2.859725595237944,2.7923988095238417
953,31.81993333333321,0.2287255946031569,-0.2098544551053562,0.8115725949576397,17.40804303222222,78.40112016844445,544.4520933333337,2.8736577777777463,2.812148148147886
954,31.853300000000218,-0.1110969116165551,-2.0684132056650317,-0.1110330137871736,17.40804358833333,78.40111927866667,544.4053799999997,2.878106666666696,2.849222222222465
955,31.88666666666677,0.1287184948421936,1.2623358181627409,-1.251828186037988,17.408044144444442,78.40111838888889,544.3586666666664,2.8825555555555846,2.8862962962965395
956,31.920033333333322,0.5122399716011082,4.275271565493662,0.2365637202677952,17.408044827069595,78.40111744190476,544.3338677655678,2.972109890109892,2.896600732600733
957,31.953399999999874,0.461384451550542,0.9847923321613,1.690734824305829,17.408045523736263,78.40111648857143,544.3115010989013,3.0711098901091725,2.903934065934013
958,31.98676666666688,0.3809513667080763,-1.260283990022536,0.6718920837904935,17.408046245750917,78.40111551622711,544.2906553113553,3.176510256410253,2.927109890109888
959,32.02013333333298,-0.0005395811182266,-2.053716719914675,-0.1164217252456256,17.40804708908425,78.40111445289378,544.2770886446887,3.3125435897432776,3.026109890109663
960,32.053499999999985,0.023961661341853,-0.1890308839190628,-0.6230031948881789,17.40804793241758,78.40111338956045,544.263521978022,3.4485769230763017,3.125109890109438
961,32.08686666666654,-0.0678026269025695,-0.6237131700039213,-0.8775434859552899,17.40804871040293,78.4011123752381,544.2574703296702,3.5187721611722416,3.240446886445959
962,32.12023333333309,0.1629889953650822,0.5334966275373805,0.4900390485759477,17.408049407069598,78.40111142190477,544.2607703296703,3.507038827838775,3.376113553114166
963,32.1536000000001,0.1572310969120032,1.8979765708307144,0.4276464323712173,17.40805010373626,78.40111046857143,544.2640703296703,3.495305494505468,3.5117802197805243
964,32.186966666666194,-0.0143414980477039,-0.1244657437011421,0.2136244231451879,17.408050905750915,78.40110956791209,544.2781684981685,3.4962139194139192,3.542098901098901
965,32.2203333333332,-0.0541711040120117,-1.0581469648577022,-0.0598509052200995,17.40805174908425,78.4011086879121,544.2965018315018,3.502080586080573,3.531098901098926
966,32.25370000000021,-0.0222577209815769,-0.8328221512352123,-0.0533759318457522,17.408052592417583,78.4011078079121,544.3148351648354,3.507947252747306,3.5200989010988013
967,32.28706666666676,0.1198722044753926,-0.4196805111688158,0.1607241746808368,17.40805339941392,78.4011068552381,544.3251743589744,3.52725860805874,3.5236336996337245
968,32.32043333333331,-0.0233297834584131,-1.369762158311791,-0.5897337593219805,17.408054206080585,78.40110590190477,544.3354410256411,3.5466919413920293,3.527300366300383
969,32.353799999999865,-0.2791054313004856,-2.3697124599528525,-0.7634930777154727,17.40805499340659,78.40110494857143,544.3492857142857,3.5581956043955945,3.5348351648351817
970,32.38716666666687,0.0339723109551491,0.1620163293291197,0.100780972651357,17.408055726739928,78.4011039952381,544.3731190476192,3.5475622710621937,3.553168498168632
971,32.420533333333424,0.191111111110947,0.817082002128887,0.0355697550584567,17.40805646007326,78.40110304190476,544.3969523809524,3.5369289377289377,3.571501831501832
972,32.453899999999976,-0.0062406815759433,0.485410010650557,-0.333546325879214,17.408057232747254,78.40110200989011,544.4135076923077,3.571930769230429,3.5740989010989512
973,32.48726666666653,-0.0852112176059915,0.459850905237069,-0.2804543840987159,17.40805803941392,78.4011009098901,544.4237743589744,3.646364102563593,3.5630989010989764
974,32.52063333333308,-0.0854171104151041,-0.0976357828383557,-0.1275044373522142,17.40805884608059,78.4010998098901,544.4340410256411,3.720797435897772,3.552098901098851
975,32.55400000000009,0.0023429179946156,1.37337593183824,-0.2411075612462823,17.408059623076923,78.40109885824175,544.4419340659341,3.679516483516329,3.609340659340824
976,32.587366666666185,-0.1870784522585619,-1.7960454384125977,-0.5296556620412023,17.408060393076923,78.40109794157509,544.4492673992675,3.610949816849818,3.682673992673991
977,32.62073333333319,-0.1299112531049169,-0.2581895633557049,-0.4712105076332402,17.408061172087912,78.40109703992674,544.4579523809523,3.542052747252914,3.744593406593558
978,32.6541000000002,0.1814057507993496,1.1217891373757285,1.087476038341378,17.408062052087914,78.40109630659342,544.4817857142859,3.469452747252089,3.678593406592809
979,32.68746666666675,-0.0680298189551974,-0.1859566915143866,0.3296698615591925,17.408062932087912,78.40109557326008,544.5056190476192,3.3968527472522543,3.6125934065929584
980,32.7208333333333,-0.1282215122461802,-0.4807596734076402,-0.8409655662029873,17.40806379908425,78.40109480091576,544.524510989011,3.350780219780226,3.5439926739924723
981,32.754199999999855,0.2698615548501133,1.0066027689380928,0.1822790202683392,17.408064642417582,78.40109395758242,544.5344109890109,3.3529802197802097,3.4706593406596724
982,32.78756666666686,0.2579552715642205,0.2424352147863601,0.6231806886561697,17.408065485750914,78.40109311424908,544.544310989011,3.355180219780224,3.397326007325873
983,32.820933333333414,0.1133972310983218,-1.0623784167594763,0.3630812921624134,17.4080661768,78.40109225573333,544.5536519999999,3.346998666666702,3.37
984,32.85429999999997,0.1141427050054177,-0.4342705005344339,-0.1143769967970532,17.4080667774,78.4010913882,544.5626609999999,3.3326510000000718,3.37
985,32.88766666666652,0.1968761093400217,0.1816826411223997,0.389492367768045,17.408067378,78.40109052066667,544.5716699999999,3.318303333333441,3.37
986,32.92103333333307,0.505495207652058,1.4557614482372512,0.4741569044473895,17.4080679155,78.4010896952,544.5583836666666,3.2755606666664523,3.3615866666666188
987,32.95440000000008,0.4860915867942801,1.416698615552954,0.371629392968348,17.408068416,78.4010888944,544.532024,3.2161679999999357,3.348239999999985
988,32.987766666666175,0.5496272630428102,1.0073624422585763,0.3554064607672529,17.4080689165,78.4010880936,544.5056643333334,3.1567753333334183,3.3348933333333526
989,33.02113333333318,0.5655662051747987,3.27132410365958,0.2720340787825546,17.408069374733333,78.40108727166667,544.504876,3.1130213333334704,3.2919600000002376
990,33.05450000000019,0.2369542066021877,0.933333333359756,-0.627263045783324,17.4080698085,78.4010864375,544.51889,3.0783199999997515,3.23189999999957
991,33.08786666666674,0.2201064962727233,0.6491870784506631,-0.7666027689015852,17.408070242266668,78.40108560333334,544.532904,3.043618666666506,3.171839999999721
992,33.121233333333294,0.1443734469298546,-0.3032516861719901,-0.1438906638312047,17.408070697266666,78.40108474793334,544.543096,3.042253666666704,3.128766666666596
993,33.154599999999846,-0.1395527156587178,-1.919787007544038,-0.3195314164085504,17.4080711644,78.40108388040001,544.551104,3.0599379999999927,3.095400000000013
994,33.18796666666685,-0.2263045793355098,-2.037593184252877,-1.264082357102558,17.408071631533332,78.40108301286666,544.5591120000001,3.0776223333335224,3.0620333333329763
995,33.221333333333405,0.1753638622576855,0.3081292154511774,-0.5211217607628469,17.408072077333333,78.40108223066667,544.55688,3.0313066666662323,3.0606666666667546
996,33.25469999999996,0.490500532480718,0.914781682643775,2.152822151231245,17.4080725111,78.4010814966,544.5488720000001,2.9488910000001485,3.07734999999997
997,33.28806666666651,0.2744337948180131,-1.876109336170264,0.1901739439166071,17.408072944866667,78.40108076253334,544.540864,2.866475333334064,3.094033333333185
998,33.32143333333306,-0.1845864394763475,-0.497671281516211,-3.325331913393625,17.408073400066666,78.40107992130001,544.536071,2.887797000000049,3.0464166666666155
999,33.35480000000007,-0.2943982960530205,-3.335250266213426,-0.9526730564042154,17.4080738672,78.4010790204,544.533068,2.966875999999849,2.963000000000159
1000,33.38816666666662,-0.063365282216091,-1.411927582509196,0.793574724881465,17.408074334333335,78.4010781195,544.530065,3.04595499999965,2.879583333333703
1001,33.42153333333317,0.0461199858004401,-0.7971317004057717,-0.5103301384647584,17.408074801466668,78.40107739086666,544.5393359999999,2.9902353333342355,2.901679999999444
1002,33.45490000000018,0.0969542065891003,0.0408945685534098,-0.0201490947683395,17.4080752686,78.4010767569,544.5553520000001,2.8604389999994604,2.981760000000333
1003,33.48826666666673,0.244543840964254,0.8385942491989224,0.21306354277311,17.408075735733334,78.40107612293333,544.571368,2.7306426666664545,3.0618400000001307
1004,33.521633333333284,0.2819027334059012,0.970727724525053,1.13649982249625,17.408076202866667,78.40107535916667,544.5759183333333,2.729348333333273,3.005630000000115
1005,33.55500000000029,0.103301384457743,-0.9919062831596716,0.9269435569883686,17.40807667,78.401074525,544.57425,2.797750000000699,2.87549999999867
1006,33.58836666666684,-0.5340504082349582,-5.520901668440789,-0.966560170391886,17.408077137133333,78.40107369083333,544.5725816666667,2.8661516666671933,2.745369999998998
1007,33.621733333333395,-0.2318210862686291,1.3823216187689145,-1.484515441984335,17.408077473866665,78.40107292186667,544.5687399999999,2.828494666666178,2.7434666666670124
1008,33.65509999999995,-0.1985942492028818,-2.160660276909382,-0.1017891373746475,17.4080777408,78.4010721878,544.563735,2.734066999999749,2.810200000000177
1009,33.688466666666955,-0.2389918352816814,-0.9343414980145048,-0.2821015264426884,17.408078007733334,78.40107145373334,544.55873,2.639639333332034,2.876933333334252
1010,33.72183333333305,-0.2823926162526518,-0.555378061769291,0.0933617323604186,17.408078340166668,78.40107069783333,544.5362583333331,2.611148333333386,2.8388666666658944
1011,33.75520000000006,-0.1350798722056816,0.5199574014905876,-1.200212992552235,17.4080787072,78.4010699304,544.50456,2.617488000000008,2.745439999999888
1012,33.78856666666661,0.0578558750442623,0.6400496982605428,0.0199929002479437,17.40807907423333,78.40106916296666,544.4728616666669,2.6238276666666294,2.652013333333882
1013,33.82193333333362,-0.0311963081354905,1.0760809371162208,-0.6438906638633615,17.408079377837836,78.40106848504504,544.4448090090088,2.595569969969793,2.6259279279279624
1014,33.85530000000017,0.236954206583591,1.863982960441422,1.1827902023020516,17.40807964837838,78.40106785378379,544.4186567567567,2.549277477477408,2.6349459459459594
1015,33.88866666666672,0.0660986865442403,1.5985800496670852,0.3033723819762911,17.40807991891892,78.40106722252251,544.3925045045045,2.502984984985023,2.6439639639639565
1016,33.922033333333275,-0.5662619808348901,-0.3895633653103427,-1.7910614128569642,17.408080219279277,78.40106661114113,544.3799699699699,2.472198798798797,2.635090090090231
1017,33.95540000000028,-0.5070074547658014,0.4011501596189433,-1.4358679446697318,17.40808058,78.40106603999999,544.3950000000001,2.4728000000000048,2.5899999999996317
1018,33.988766666666834,-0.1285055023094855,1.3216471423243754,1.016485622997244,17.40808094072072,78.40106546885886,544.41003003003,2.473401201201205,2.544909909909645
1019,34.022133333333386,-0.1103301384453287,2.0246645367425398,-0.2416897408624057,17.40808130132132,78.40106489759759,544.4250408408408,2.473967567567539,2.499987987987977
1020,34.05549999999994,-0.0463258785960895,0.1254526091468241,-0.005111821093197,17.408081631981982,78.4010642963964,544.4352612612612,2.4658513513513416,2.4969819819819783
1021,34.088866666666945,-0.2668086616936507,0.5938374157042847,-0.6161164359064429,17.408081962642644,78.40106369519519,544.4454816816817,2.4577351351350334,2.4939759759759386
1022,34.12223333333304,-0.1911892083723072,0.571260205911238,-0.9873269435447908,17.408082293303305,78.401063093994,544.4557021021021,2.449618918918836,2.4909699699699392
1023,34.15560000000005,0.1709478168263568,-0.1483706070263364,0.6886900958434452,17.408082644324324,78.40106251315315,544.4616468468469,2.423178378378198,2.4859279279278974
1024,34.1889666666666,0.5889953851639601,1.387894923695367,2.59241746539844,17.408083005045047,78.401061942012,544.4655546546546,2.388008108108153,2.479915915915924
1025,34.22233333333361,0.2886048988477188,1.0419595315323198,0.9109691161446504,17.408083365765766,78.40106137087086,544.4694624624625,2.352837837837629,2.4739039039038686
1026,34.25570000000016,-0.165282215115555,-1.9403407880393444,-0.8017252395976159,17.40808372648649,78.40106083135134,544.4829621621622,2.3182999999999683,2.457351351351317
1027,34.28906666666671,-0.0521121760736307,0.1313596024509436,-0.6042030529022818,17.408084087207207,78.40106035039038,544.5142246246246,2.284933333333379,2.4212792792793283
1028,34.322433333333265,0.2337238196646586,1.8996308128553847,0.3120979765793744,17.40808444792793,78.40105986942943,544.5454870870869,2.2515666666667893,2.38520720720734
1029,34.35580000000027,-0.0017465388695006,-2.975463258771716,0.6277742279062426,17.40808480648649,78.4010593863063,544.5758126126126,2.2186036036034773,2.34913513513486
1030,34.389166666666824,-0.2522896698639569,-1.8163649272583604,-0.060383386577053,17.408085077027028,78.40105881516516,544.567996996997,2.2020705705704824,2.313063063062871
1031,34.42253333333338,0.0095420660277974,1.6911324103629974,-0.1900887468857407,17.408085347567567,78.40105824402401,544.5601813813813,2.185537537537488,2.2769909909908828
1032,34.45589999999993,-0.0400851970179183,-0.1674334398308495,0.6248562300343006,17.40808561810811,78.40105767288287,544.5523657657657,2.169004504504493,2.240918918918894
1033,34.489266666666936,-0.1320837770659868,-0.4957756478086487,-0.2115015974529229,17.40808593057057,78.40105718558559,544.5386810810809,2.126479879879388,2.219519519519382
1034,34.52263333333303,-0.0293858714989905,0.1616826411263555,0.6738516151819511,17.408086261231233,78.40105673468467,544.5224486486486,2.072672372372226,2.2044894894894487
1035,34.55600000000004,-0.0500532481349592,1.0726304579431156,-0.0025559105358472,17.40808659189189,78.40105628378377,544.5062162162162,2.018864864865064,2.189459459459515
1036,34.58936666666659,-0.1653248136335104,-1.0647071352924458,-0.0819950301798696,17.40808690027027,78.40105584402401,544.4995651651651,1.9701822822826252,2.1610600600604983
1037,34.6227333333336,-0.1364714234937745,-0.8348313809417302,-0.1251828185845628,17.40808717081081,78.40105542318318,544.5091843843844,1.9302024024022928,2.109957957957818
1038,34.65610000000015,-0.015633652823019,0.2873269435501568,-0.1393610223660497,17.408087441351352,78.40105500234233,544.5188036036036,1.890222522522506,2.0588558558558345
1039,34.6894666666667,0.3126588569372137,1.3595740148653808,0.8952360667318605,17.408087717023808,78.40105458297619,544.5298071428571,1.8528249999999629,2.008166666666749
1040,34.722833333333256,-0.1562300319483393,-0.2515086971833294,-0.4510472133460864,17.408088104315475,78.40105419568452,544.5709196428569,1.8715937499998847,1.9664583333335888
1041,34.75620000000026,-0.1335463258788654,0.1151437699433174,-0.3835143769754615,17.408088491607142,78.40105380839286,544.6120321428573,1.890362500000063,1.92474999999986
1042,34.789566666666815,0.1502946396932725,-1.1859921902663564,-0.2954774582730081,17.40808887889881,78.4010534211012,544.6531446428571,1.9091312499999853,1.8830416666667
1043,34.82293333333337,-0.2731842385504341,-0.4993397231030427,-0.942066027688566,17.408089152888888,78.40105289229629,544.6682933333334,1.891302222222294,1.8852888888888424
1044,34.85629999999992,0.6529286474977445,3.644046858355378,0.2822151224556039,17.408089375333333,78.40105229911111,544.6716299999999,1.856823333333405,1.9075333333332871
1045,34.889666666666926,0.6215832445743645,-1.9151579693783436,2.386936457151419,17.408089597777778,78.40105170592592,544.6749666666667,1.822344444444046,1.929777777778035
1046,34.923033333333024,0.7915867944657389,0.4103372381648369,0.6473198438743972,17.408089963003665,78.4010512643956,544.7062183150184,1.7922336996335684,1.8973296703295264
1047,34.95640000000003,0.8189989350380408,0.7085410010612201,-0.0066027689005313,17.40809032967033,78.4010508243956,544.7377516483515,1.7621670329671204,1.8643296703297665
1048,34.98976666666658,0.7419098331507745,0.0697550585478637,0.0450337238091062,17.408090686703297,78.4010503651282,544.767069230769,1.7387476190476614,1.8313296703299629
1049,35.02313333333359,0.8145828896014676,-1.4835498756972567,0.7744976925920106,17.4080910167033,78.40104985179487,544.7901692307693,1.7339809523809404,1.798329670329588
1050,35.05650000000014,0.6323748668811703,-0.541427050080252,0.5254526091761913,17.408091346703298,78.40104933846153,544.8132692307692,1.7292142857142847,1.765329670329663
1051,35.089866666666694,0.7949733759359646,1.964643237492945,-1.5881718139591758,17.408091578534798,78.4010488447619,544.8312644688644,1.7081516483517205,1.7460732600732751
1052,35.12323333333279,0.7513028044019182,0.6265459708779288,0.8824920127907417,17.408091725201466,78.40104836809523,544.8448311355311,1.6729516483518003,1.7387399267399584
1053,35.15660000000025,0.5316293929695413,-0.9156549521284576,1.1281789137451788,17.40809187186813,78.40104789142858,544.8583978021979,1.6377516483514003,1.7314065934065417
1054,35.189966666666805,0.4571246006352272,0.9386723464012768,-0.725097621567334,17.408092225970694,78.4010475925641,544.8944860805863,1.5735106227102835,1.7033296703295129
1055,35.22333333333336,0.611146609867079,0.6672346467828165,-0.4056088036993998,17.40809262930403,78.40104733589743,544.9359194139196,1.502377289377112,1.6703296703295878
1056,35.25669999999991,0.5440255591051717,-0.2960383386597489,0.7274547390832449,17.408093020769233,78.40104707923076,544.9771747252748,1.4324901098900975,1.6340659340659176
1057,35.29006666666692,0.4965282215088842,0.6798296059767625,0.3642598508766336,17.408093277435896,78.4010468225641,545.0164080586086,1.376756776556131,1.5607326007317512
1058,35.323433333333014,0.2655236066736553,0.1300319488795808,0.5422435214762963,17.408093534102562,78.40104656589743,545.0556413919418,1.3210234432229242,1.4873992673985843
1059,35.35680000000002,0.0303301384419619,0.5832587859309311,-0.6759105431488742,17.408093777802197,78.40104627032967,545.0882615384617,1.2872043956044283,1.4205494505491605
1060,35.39016666666657,-0.1553070642521377,-0.5278665246791268,-0.7021654242001439,17.408093997802197,78.401045903663,545.1087948717948,1.2934377289377166,1.3655494505495605
1061,35.42353333333358,-0.0073837415688384,-0.1423926162584515,-0.1942066027721884,17.408094217802198,78.40104553699634,545.1293282051282,1.2996710622710894,1.3105494505492106
1062,35.45690000000013,0.0732481363145664,-0.8630244941375096,0.3943130990442184,17.40809446076923,78.40104519329671,545.1392967032966,1.2877604395604343,1.292296703296704
1063,35.490266666666685,-0.1067234646774796,0.3126730564529234,-0.847752928651457,17.408094717435898,78.4010448632967,545.1429633699634,1.2650271062271528,1.2959633699633626
1064,35.52363333333278,0.3084345047920068,1.5983386581435246,-0.4513028044036229,17.408094974102564,78.4010445332967,545.1466300366301,1.242293772893871,1.2996300366300209
1065,35.55699999999979,0.4296059637917321,1.310543131003898,0.4845580404459189,17.408095329670328,78.4010444010989,545.200406593407,1.1710989010983617,1.2802197802196251
1066,35.590366666666796,0.2651047213356056,0.2452609158944739,-0.0702307419176826,17.408095696336996,78.4010442910989,545.2598065934069,1.0944655677652024,1.2582197802196753
1067,35.62373333333335,0.2165992190274476,0.2355981540771656,-0.3933830316004004,17.4080960378022,78.4010441621978,545.3170644688646,1.0322600732600915,1.2267692307690383
1068,35.6570999999999,0.1918849840277034,-1.289414270516851,0.3280724174939985,17.4080962578022,78.4010439421978,545.3639978021978,1.0395934065934085,1.1497692307692136
1069,35.69046666666691,0.1141782037626977,-0.2021583244212258,0.3428328008568285,17.408096477802196,78.4010437221978,545.4109311355317,1.0469267399268247,1.072769230768339
1070,35.723833333333005,0.2364217252411662,0.060986865468284,0.5006034788838699,17.4080966489011,78.4010435021978,545.4423791208792,1.0226373626369103,1.0332600732601254
1071,35.75720000000001,-0.0752289669898438,-1.4999787007124028,-0.1273695420849343,17.4080967589011,78.4010432821978,545.4544791208791,0.958837362637374,1.0405934065934053
1072,35.790566666666564,-0.0851828186006102,-0.8905928292380489,-1.2976783812602823,17.4080968689011,78.4010430621978,545.466579120879,0.8950373626378378,1.0479267399266854
1073,35.82393333333357,0.2477671281460308,-0.0060347888049926,-0.284671636519011,17.408096943123123,78.40104291375376,545.4695687687688,0.8252522522520745,1.0133453453452197
1074,35.85730000000012,0.3956123535665171,-0.4733546325867513,0.3790841320481253,17.408097003243242,78.40104279351351,545.4689675675676,0.7531081081080975,0.9622432432432356
1075,35.890666666666675,0.32509762158349,-1.043876464325531,0.310543130991597,17.408097063363364,78.40104267327327,545.4683663663664,0.6809639639641205,0.911141141141252
1076,35.92403333333323,0.4458572949942412,0.2346893858627333,0.1353141640050656,17.408097135225223,78.40104252954954,545.472814114114,0.6488591591590229,0.8518198198201434
1077,35.95739999999978,0.4006815761413751,0.1737593183871964,0.2494142704997963,17.408097225405406,78.40104234918918,545.4851387387388,0.6792198198200271,0.7796756756751831
1078,35.99076666666679,0.287731629393161,-0.2119488817856931,-0.173020944265685,17.408097315585586,78.40104216882884,545.4974633633634,0.7095804804806174,0.7075315315312062
1079,36.02413333333334,0.3476464323745878,-0.0304437344667907,0.2245367412121513,17.408097403843843,78.40104199807809,545.5103453453454,0.7337717717716267,0.6419219219219878
1080,36.05749999999989,0.3953141640041048,0.283493077747548,0.3408945686886623,17.408097463963962,78.40104196801802,545.5313873873873,0.6676396396396478,0.6719819819819783
1081,36.0908666666669,0.3686048988290989,0.1030741923983997,0.449385871498248,17.408097524084084,78.40104193795796,545.5524294294296,0.6015075075067675,0.7020420420423784
1082,36.124233333332995,0.2756620518282144,-0.2087255946123429,-0.0231877884233705,17.408097584204206,78.40104190789789,545.5734714714716,0.5353753753747886,0.7321021021023688
1083,36.1576,0.2436208732700864,-0.0831948881754888,-0.1887539936084104,17.408097666486487,78.40104187783784,545.5896378378378,0.4916270270269005,0.6912432432430093
1084,36.190966666666554,0.2470429534966998,0.1790344337948003,-0.1071352502659694,17.408097756666667,78.40104184777778,545.6040666666665,0.4558555555556585,0.6251111111113014
1085,36.22433333333356,0.1688320908753728,0.1105431309913451,0.2228611998487582,17.408097846846847,78.40104181771771,545.6184954954955,0.4200840840839289,0.5589789789786921
1086,36.25770000000011,0.1365921192775668,0.1284771033107525,0.2178913738133267,17.408098023423424,78.40104181234234,545.6474882882882,0.4071459459459381,0.5051891891892034
1087,36.291066666666666,0.0609868654601479,-0.2133049343317333,-0.0203762868268873,17.408098324024024,78.4010418424024,545.6973879879878,0.4269855855855318,0.4691171171172149
1088,36.32443333333322,0.0856017039398157,-0.0671636492771312,-0.1348242811483387,17.408098624624625,78.40104187246246,545.7472876876874,0.4468252252251255,0.4330450450452263
1089,36.357800000000225,0.1364430244946037,-0.061001064960638,0.3211501597436224,17.408098905045044,78.40104189495496,545.7938324324325,0.4631585585584206,0.401765765765898
1090,36.39116666666678,0.0816116435927906,-0.2351792687247874,0.0166489172897609,17.408098965165166,78.40104183483483,545.8037522522523,0.4412147147146276,0.4228078078078913
1091,36.42453333333333,0.0339794107205872,-0.3072346467851528,-0.4449982250612614,17.408099025285285,78.40104177471471,545.8136720720721,0.4192708708708346,0.4438498498498846
1092,36.45789999999988,0.0368690095860825,-0.0385729499453803,-0.2827476038274732,17.408099085405407,78.40104171459458,545.8235918918919,0.3973270270270416,0.4648918918918779
1093,36.49126666666689,0.0337380191682597,0.1682783102588141,0.0380972665900849,17.408099145525526,78.40104165447447,545.832145945946,0.376521321321167,0.4540660660659072
1094,36.524633333332986,0.0448491302801328,0.2014767483187267,-0.0290521831743792,17.408099205645645,78.40104159435435,545.8402621621622,0.3560804804804573,0.4330240240240002
1095,36.55799999999999,0.0575079872204472,0.0159744408945686,0.0532481363152289,17.408099265765767,78.40104153423424,545.8483783783782,0.3356396396397476,0.411981981982093
1096,36.591366666666545,0.0595243166483245,-0.338267660631965,0.0344976925788593,17.408099325885885,78.40104148705706,545.8566240240239,0.311186486486782,0.3909399399401488
1097,36.62473333333355,0.025672701456322,-0.2742066027854231,-0.0764501242388687,17.408099386006004,78.40104145699699,545.8650408408408,0.2814270270269858,0.3698978978978688
1098,36.658100000000104,-0.0375292864749268,-0.4974866879646833,-0.2874121405748125,17.408099446126126,78.40104142693694,545.8734576576576,0.2516675675675953,0.3488558558558755
1099,36.691466666666656,-0.0189989350376107,-0.208718494842643,-0.1103727369556671,17.408099509285712,78.40104140309523,545.882857142857,0.2242261904762161,0.3269047619048644
1100,36.72483333333321,-0.0313809016685319,-0.0934327298524662,0.0777422790202343,17.408099598660712,78.4010414328869,545.900732142857,0.2167782738095803,0.2971130952383212
1101,36.758200000000215,-0.1118210862610121,-0.7268157614499533,0.1312034078836686,17.408099688035712,78.40104146267858,545.9186071428572,0.209330357142843,0.267321428571372
1102,36.79156666666677,-0.2701384451504018,-1.2938445154497311,-0.583670571515287,17.408099777410712,78.40104149247024,545.9364821428571,0.2018824404762072,0.2375297619048288
1103,36.82493333333332,-0.3306070287524128,-0.360567980097929,-1.213816116438186,17.408099910814816,78.4010415554074,545.9664874074073,0.1797762962963853,0.2244592592592836
1104,36.85829999999987,-0.0681789137364151,0.6477955271635387,-0.5387646432307841,17.40810005911111,78.40104162955555,546.0005955555555,0.1527122222223111,0.2170444444444688
1105,36.89166666666688,0.2122115725949138,0.9514376997085806,1.055804046827443,17.408100203663004,78.4010416981685,546.0341538461541,0.1276959706961098,0.2089010989008792
1106,36.925033333332976,0.1461909833233661,-0.7296769612811067,1.286489172916494,17.408100276996336,78.40104166150182,546.0572538461539,0.1416293040293418,0.1869010989010391
1107,36.95839999999998,-0.1544195953133891,-0.2251757188571704,-0.787177848759749,17.40810035032967,78.40104162483516,546.0803538461538,0.1555626373625739,0.164901098901199
1108,36.991766666666535,-0.1583954561442603,0.2058714945326801,-1.116201632891205,17.4081004,78.401041576337,546.0956450549451,0.1741102564099682,0.154732600732451
1109,37.02513333333309,0.1629250976200683,0.6570678026846702,0.9940646077032288,17.4081004,78.40104150300365,546.094545054945,0.2023435897436221,0.1693992673992842
1110,37.058500000000095,0.1751863684771033,-1.013312034078807,1.2880724174653886,17.4081004,78.40104142967033,546.093445054945,0.2305769230768913,0.1840659340659176
1111,37.09186666666619,-0.2197657082013055,-0.8697337593117058,-0.8869861554938796,17.408100356336995,78.40104135633699,546.0851406593407,0.2367604395604694,0.2052820512819641
1112,37.1252333333332,-0.020986865457986,0.6150159744653996,-1.4068583599408269,17.408100283003662,78.40104128300366,546.0719406593407,0.2279604395604894,0.2309487179485725
1113,37.158600000000206,0.5236208732695286,1.1944195953291112,1.383599573995383,17.40810020967033,78.40104120967032,546.0587406593406,0.2191604395603894,0.2566153846155307
1114,37.19196666666676,0.4203904863388956,-0.6093006744756443,1.7426127085860237,17.4081002,78.40104107267399,546.0566816849818,0.2689304029306035,0.2472673992673491
1115,37.22533333333331,-0.076464323749308,-0.4705005324767721,-0.854881079170895,17.4081002,78.40104092600733,546.0563150183151,0.3275970695971369,0.2326007326007157
1116,37.25869999999986,-0.1609158679447381,0.4211714589949212,-2.0449414270533848,17.4081002,78.40104078967033,546.056878021978,0.3750560439560674,0.2282637362636703
1117,37.29206666666687,0.4136599218864664,1.590798722043636,0.739723109589189,17.4081002,78.401040716337,546.0631113553114,0.35415604395583,0.2869304029310033
1118,37.32543333333342,0.3877458288951543,-0.9952218672564036,2.335761448333632,17.4081002,78.40104064300367,546.0693446886447,0.3332560439558775,0.3455970695975368
1119,37.358799999999974,-0.1213631522929707,-1.3984238551505177,-0.520681576166256,17.408100245494506,78.40104058483517,546.0807340659342,0.3164505494505096,0.3709010989010192
1120,37.392166666666526,-0.1427760028339083,0.6329073482739609,-2.671920482756551,17.408100355494504,78.4010405481685,546.099434065934,0.3054505494505895,0.3489010989011791
1121,37.42553333333308,0.4495278665220681,2.0041178558730683,0.7837841675338653,17.408100465494506,78.40104051150183,546.1181340659341,0.2944505494505195,0.3269010989010391
1122,37.458900000000085,0.3095207667745266,-1.0253035143621505,2.20025559106699,17.40810055032967,78.40104037417582,546.1260131868132,0.3305087912087265,0.3124505494505618
1123,37.49226666666618,-0.3686048988351893,-1.8556194532852384,-0.7151153710063953,17.408100623663003,78.40104019084248,546.1289465201465,0.3880754578752624,0.3014505494505868
1124,37.52563333333319,-0.3812353567603398,0.6073695420816259,-2.6141214057436817,17.408100696996335,78.40104000750915,546.1318798534797,0.4456421245417983,0.2904505494506118
1125,37.5590000000002,0.0673056442949331,1.925665601695068,0.354419595250974,17.408100875824175,78.40104,546.1636483516485,0.4318241758240798,0.3462637362640701
1126,37.59236666666675,0.0555839545660244,0.1046006390363374,1.7688249911545595,17.40810105915751,78.40104,546.1966483516485,0.4149575091574515,0.4049304029306035
1127,37.6257333333333,-0.3737877174278921,-1.0604756833523392,-0.5861980830577633,17.408101233992674,78.40103999150183,546.2230197802197,0.3974109890109663,0.4457509157508947
1128,37.65909999999985,-0.5715441959497167,-0.0950585729333821,-1.954781682636596,17.40810138065934,78.40103995483516,546.2274197802197,0.3776109890110112,0.427417582417603
1129,37.69246666666686,-0.3165921192829114,0.0282996094922562,-0.651288604953003,17.408101527326007,78.4010399181685,546.2318197802199,0.3578109890107863,0.4090842490840615
1130,37.72583333333341,0.0059637912674217,0.9264820731264654,0.1315583954587806,17.40810167399267,78.401039789011,546.2380695970696,0.3820366300369971,0.390750915750816
1131,37.759199999999964,0.0949946751823391,0.1608945686794181,0.3810010649506887,17.40810182065934,78.40103956901099,546.2461362637363,0.4495032967031734,0.3724175824176159
1132,37.79256666666652,0.0559673411402033,-0.0474121405872297,-0.2479375222035018,17.408101967326008,78.40103934901099,546.2542029304028,0.5169699633693497,0.3540842490844158
1133,37.82593333333307,0.0735250266237659,0.0868583599594664,-0.1464678736237515,17.40810202593333,78.40103924813333,546.26767,0.4892099999999475,0.3966800000000573
1134,37.859300000000076,0.0333759318420445,0.1606602768912696,0.0284984025511373,17.4081020593,78.4010391814,546.282685,0.4341550000000863,0.4567399999999059
1135,37.89266666666617,-0.0897408590697904,0.3593184238513682,-0.1806176783807916,17.408102092666667,78.40103911466667,546.2977,0.3791000000002251,0.5167999999997545
1136,37.92603333333318,-0.2067092651757381,0.2559815406463421,-0.2434717784879117,17.4081022562,78.40103907396667,546.3220869999999,0.3810579999998809,0.4883466666670196
1137,37.95940000000019,-0.2658572949956514,0.0519275825339061,-0.1107561235383882,17.4081024564,78.4010390406,546.3491140000001,0.399076000000081,0.4349599999997598
1138,37.99276666666674,-0.317529286475136,-0.1679659211914564,-0.2533830315960231,17.4081026566,78.40103900723334,546.376141,0.4170940000000356,0.3815733333332278
1139,38.02613333333329,-0.3782037628684223,-0.1231380901609797,-0.4485339013126934,17.408102882933335,78.401039,546.4026453333333,0.4225679999999989,0.3830666666666575
1140,38.059499999999844,-0.4964856230016839,-0.0905218317300777,-0.4805111821042094,17.4081031165,78.401039,546.429005,0.4245699999999938,0.3997499999999488
1141,38.09286666666685,-0.5694994675198456,-0.1186652467087596,-0.3972310969153855,17.408103350066668,78.401039,546.4553646666669,0.4265720000000161,0.4164333333334675
1142,38.1262333333334,-0.6724742634009075,-0.2530777422772845,-0.4782179623718684,17.4081035574,78.40103902623333,546.4888073333335,0.4031276666664991,0.4226233333333517
1143,38.159599999999955,-0.6987859424922569,-0.2175505857358106,-0.5574866879675252,17.408103757600003,78.40103905960001,546.5241760000001,0.3727639999999089,0.42596000000001
1144,38.19296666666651,-0.6680724174645208,-0.1838054668049216,-0.5757401490917442,17.4081039578,78.40103909296667,546.5595446666667,0.3424003333333189,0.4292966666666682
1145,38.22633333333306,-0.6549520766786723,-0.1025914092999641,-0.5200567980178488,17.408104105333333,78.40103915266667,546.5935966666669,0.2936033333329038,0.4062999999997599
1146,38.259700000000066,-0.6816187433465866,-0.1117145899956267,-0.4134824281238028,17.4081042388,78.4010392194,546.627297,0.2398829999999502,0.3762699999999722
1147,38.29306666666662,-0.6676180333689277,-0.0912460063898692,-0.3608803691876337,17.408104372266667,78.40103928613333,546.6609973333332,0.1861626666669966,0.3462400000001844
1148,38.32643333333317,-0.5891444799426415,0.0133901313500468,-0.2237628682996895,17.408104532166668,78.4010393,546.6775159999999,0.1773789999999711,0.2977066666671796
1149,38.35980000000018,-0.5438977635781352,-0.1098615548486488,-0.0820021299242902,17.408104699,78.4010393,546.689528,0.1803820000000044,0.2443199999999199
1150,38.39316666666673,-0.6848775292862038,-0.0312389066385259,-0.4026979055741056,17.408104865833334,78.4010393,546.7015399999999,0.1833849999999969,0.1909333333333878
1151,38.42653333333328,-0.753738019169085,-0.0011927582505321,-0.3796379126755786,17.40810495306667,78.40103940613332,546.7146133333332,0.1526906666668062,0.1826533333333215
1152,38.45990000000029,-0.8226624068144597,-0.0926304579421625,-0.4948455803947599,17.4081050198,78.40103953959999,546.72796,0.1133179999997021,0.1859900000000252
1153,38.49326666666684,-0.8560596379123321,0.0033368832118255,-0.7417678381238679,17.408105086533332,78.40103967306666,546.7413066666668,0.0739453333331348,0.1893266666666835
1154,38.52663333333339,-0.878090166844185,-0.057351792688041,-1.0000993965202876,17.408105206533335,78.40103975326666,546.7674373333334,0.0566783333333038,0.158039999999899
1155,38.559999999999945,-0.7980830670918575,-0.2607028753978693,-0.7963791267252953,17.408105340000002,78.40103982,546.7968,0.045,0.118
1156,38.59336666666695,-0.5976783812569311,0.0852041178458805,-0.46717784880115,17.40810547346667,78.40103988673333,546.826162666667,0.0333216666665369,0.0779599999995552
1157,38.62673333333305,-0.2809371671984312,0.2743485978039031,-0.1035995740245138,17.408105606933333,78.4010399,546.8483073333335,0.0411586666667755,0.064653333333276
1158,38.66010000000006,0.0048562300329058,0.0469222577187887,0.2739723109684361,17.4081057404,78.4010399,546.8686610000001,0.0538380000000769,0.0579799999999595
1159,38.69346666666661,0.1631664891736563,-0.0065885694009207,0.3708342208057613,17.408105873866667,78.4010399,546.8890146666668,0.0665173333333782,0.051306666666643
1160,38.726833333333616,0.1684416045452292,-0.1146609868593899,0.1091586794538711,17.408105953666666,78.40103995366667,546.9099050000002,0.0601449999998789,0.05805000000011
1161,38.76020000000017,0.0894142705005401,-0.1673695420665778,-0.1924600638985926,17.4081060204,78.4010400204,546.9309260000001,0.0491339999999567,0.0680600000000392
1162,38.79356666666672,0.0262051828185057,-0.1607738729149257,-0.1077032303873496,17.408106087133334,78.40104008713334,546.9519469999999,0.0381230000000346,0.0780699999999685
1163,38.82693333333327,-0.0059353922593285,-0.0470997515038207,0.1966347177924401,17.40810615386667,78.4010401,546.9710826666666,0.0626639999997839,0.0719200000000654
1164,38.86030000000028,-0.0170607028737953,0.0804898828633751,0.3000425985089824,17.4081062206,78.4010401,546.989768,0.0956970000001508,0.0619099999999543
1165,38.89366666666683,-0.0380546680861778,0.2011359602382662,0.0039758608502428,17.408106287333332,78.4010401,547.0084533333334,0.1287300000000675,0.0518999999999795
1166,38.927033333333384,-0.077905573303453,0.0280582179728603,-0.2617252396079659,17.408106408133335,78.40104015406666,547.0306529999999,0.1201316666666754,0.0743299999999856
1167,38.960399999999936,-0.07522896698626,0.039957401489247,-0.3150159744409526,17.408106541600002,78.4010402208,547.0536759999999,0.101780000000055,0.1043599999999099
1168,38.99376666666694,-0.1026695065666909,0.0035285765020056,-0.3214483493096455,17.40810667506667,78.40104028753333,547.0766990000002,0.0834283333331845,0.1343900000002435
1169,39.02713333333304,-0.0665530706432235,0.0460773873015696,-0.0989705360381997,17.40810675426667,78.40104024573334,547.0937526666668,0.0824420000000167,0.1264333333332401
1170,39.06050000000005,-0.0629392971246199,-0.0125665601664809,-0.0937167199128657,17.408106821,78.401040179,547.1094350000001,0.0854450000000092,0.1097499999999488
1171,39.0938666666666,-0.001150159743328,-0.0046148384809436,0.2230599929019686,17.408106887733332,78.40104011226667,547.1251173333334,0.0884480000000016,0.0930666666666575
1172,39.127233333333606,-0.01963791267535,-0.0494639687754761,0.0918210862667113,17.408106927233334,78.4010401,547.1299063333333,0.07919599999986,0.09
1173,39.16060000000016,-0.0452396166137633,0.3170607028736404,-0.2585729499468099,17.4081069606,78.4010401,547.132242,0.0671839999998903,0.09
1174,39.19396666666671,-0.0213134540290727,0.2255733049321214,-0.1277813276562803,17.40810699396667,78.4010401,547.1345776666667,0.0551719999999206,0.09
1175,39.22733333333326,-0.0795172168963753,-0.0064607738843565,-0.3336883209008904,17.408107109333333,78.40104015466667,547.1647933333334,0.0617466666666705,0.0790666666666618
1176,39.26070000000027,-0.0407028753945025,-0.5803194888049357,0.2260915867727272,17.4081072428,78.40104022140001,547.2011630000003,0.0724240000000739,0.0657199999999076
1177,39.29406666666682,0.0299041533536407,0.5151295704449079,0.5713170039125086,17.408107376266667,78.40104028813334,547.2375326666667,0.0831013333333317,0.0523733333333352
1178,39.327433333333374,-0.1578629747976933,0.6600922967746187,-0.5292296769799457,17.408107454866666,78.40104027256668,547.241531,0.0633276666667582,0.0609733333332869
1179,39.36079999999993,-0.2751011714593243,0.1717145899964713,-1.1147177848818453,17.4081075216,78.4010402392,547.2385280000001,0.036968000000158,0.0743199999999199
1180,39.39416666666693,-0.1976570820024398,-1.4666311679084776,0.2565495207505785,17.408107588333333,78.40104020583333,547.235525,0.0106083333331986,0.0876666666667348
1181,39.42753333333303,-0.1147887823985981,-0.3486971956466295,1.005381611646165,17.40810765506667,78.40104014493333,547.2457380000001,0.0343593333334223,0.0679733333332642
1182,39.46090000000004,-0.2119488817899548,1.1224920127801763,-0.1207880724208786,17.4081077218,78.4010400782,547.258751,0.0687270000000023,0.0412799999999981
1183,39.49426666666659,-0.4703443379532432,1.4186013489519342,-1.5381043663749216,17.408107788533332,78.40104001146666,547.271764,0.1030946666665823,0.0145866666667321
1184,39.5276333333336,-0.4712460063945223,-0.8634717784137149,-0.9862193823723064,17.4081079658,78.40104002763333,547.3021860000002,0.1076183333333189,0.0376333333336221
1185,39.56100000000015,-0.4762513312041246,-2.034291799793342,0.3258785942334135,17.408108165999998,78.401040061,547.3362200000001,0.1059499999999897,0.0710000000002046
1186,39.5943666666667,-0.1629463968815152,0.2717500887010942,1.026908058222663,17.4081083662,78.40104009436666,547.370254,0.1042816666666606,0.1043666666667871
1187,39.62773333333325,-0.3194746183903297,1.496798012075601,-0.2249911253222887,17.408108510933335,78.40104004453333,547.3804373333334,0.119530666666687,0.107226666666663
1188,39.66110000000026,-0.5218104366379663,1.3247923323799062,-1.7640681576188983,17.408108644400002,78.4010399778,547.3857760000001,0.1382160000002279,0.1038899999999593
1189,39.69446666666681,-0.3781753638639127,-1.069932552308106,-0.96160454388489,17.408108777866666,78.40103991106666,547.3911146666668,0.1569013333335141,0.100553333333301
1190,39.727833333333365,-0.1118565850153658,-1.3226837060532404,1.0967696130832758,17.408108883500002,78.4010398165,547.4039683333334,0.1850500000001009,0.1167000000000673
1191,39.76119999999992,-0.02700745474192,0.2650905218546098,0.9522044728242494,17.408108983600002,78.4010397164,547.4183159999999,0.2150799999998887,0.1367199999999258
1192,39.794566666666924,-0.2434078807172318,1.5457720979830176,-0.8218743343736243,17.4081090837,78.40103961630001,547.4326636666667,0.2451100000000856,0.1567400000000571
1193,39.82793333333302,-0.3548029818955871,0.2397728079478369,-1.2556478523238617,17.4081091838,78.40103954413334,547.4380726666666,0.2477653333333344,0.1851399999999877
1194,39.86130000000003,-0.3165282215129095,-2.206070287542551,0.0985303514308654,17.4081092839,78.4010394774,547.441743,0.2450960000000078,0.215169999999912
1195,39.89466666666658,-0.0340788072369036,0.4671636493111477,0.4089456868995055,17.408109384,78.40103941066667,547.4454133333334,0.2424266666666812,0.2451999999998362
1196,39.92803333333359,-0.1922470713468306,2.37973730917732,-0.2005821795923596,17.408109484100002,78.40103931590001,547.4513263333334,0.2543346666667497,0.2471966666666478
1197,39.96140000000014,-0.3551437699661682,0.4160596380141759,-0.6417039403633775,17.4081095842,78.4010392158,547.457666,0.269016000000046,0.2438599999999895
1198,39.99476666666669,-0.4058430954908499,-3.385552005678552,-0.0057720979789593,17.4081096843,78.4010391157,547.4640056666667,0.2836973333333423,0.2405233333333312
1199,40.02813333333279,-0.1136102236438152,-0.8408235711828609,0.7948171813973595,17.408109812533333,78.4010389312,547.4692200000001,0.3310133333332314,0.2540666666666348
1200,40.06150000000025,0.0567625133153175,1.858892438740381,0.4587859425015435,17.408109946,78.401038731,547.474225,0.3844000000004911,0.2707500000001535
1201,40.0948666666668,-0.1024352147565343,2.1803762868917484,-1.0181753638647058,17.408110079466667,78.4010385308,547.47923,0.4377866666670232,0.2874333333334447
1202,40.128233333333355,-0.2390131345393095,-0.2884061058030758,-0.428725594594498,17.408110269399998,78.40103838706666,547.4836703333334,0.4564463333333846,0.3351733333335552
1203,40.16159999999991,-0.0079233226906488,-2.126474973352175,0.986240681586776,17.4081104696,78.40103825359999,547.488008,0.4687920000000202,0.3885600000000873
1204,40.194966666666915,0.2367625133041924,0.3052254170182906,0.6616968406333079,17.408110669800003,78.40103812013332,547.4923456666668,0.4811376666668239,0.441946666667347
1205,40.22833333333301,0.2193113241051931,1.8861199857914053,-0.2392616258302456,17.40811087,78.40103798666667,547.5006500000001,0.5053833333335009,0.4585000000000637
1206,40.26170000000002,0.1147816826369581,0.0510117146383988,-0.5481363152480867,17.4081110702,78.4010378532,547.509659,0.5317429999999813,0.4685099999999929
1207,40.29506666666657,-0.0747035853725644,-3.3858714944884585,0.4398012069701297,17.408111270400003,78.40103771973334,547.5186679999999,0.5581026666664617,0.4785199999999221
1208,40.32843333333358,0.2694426694991886,-0.2250834221160123,1.450741924027849,17.408111413733334,78.40103750096667,547.5265396666666,0.5841780000000693,0.5027466666667376
1209,40.36180000000013,0.2464323748751899,2.485282215103483,1.230202342948268,17.4081115472,78.4010372674,547.534214,0.6102040000000035,0.5294400000000037
1210,40.39516666666668,-0.3885339013140029,0.5056798011170414,-1.4842030528913408,17.408111680666664,78.40103703383333,547.5418883333333,0.6362299999999379,0.5561333333332698
1211,40.42853333333278,-0.3948739794110848,-3.0976925807617266,-0.5250550230686987,17.40811181413333,78.40103680026667,547.54728,0.6725279999998134,0.5828266666665357
1212,40.46189999999979,-0.0304153354776247,-0.1470713525547912,1.0965708200016333,17.4081119476,78.4010365667,547.552285,0.7105660000002358,0.6095200000001656
1213,40.495266666666794,-0.018686545967621,2.802087326928029,0.9717429890056908,17.408112081066665,78.40103633313333,547.55729,0.7486040000001399,0.6362133333334316
1214,40.528633333333346,-0.3668654597081714,1.5906212282676058,-1.214412495559814,17.408112386333332,78.4010361282,547.5809066666667,0.8032493333333999,0.6714966666667092
1215,40.5619999999999,-0.4025559105470053,-1.743982960670882,-0.9782747603635502,17.408112720000002,78.401035928,547.6075999999999,0.8606399999999218,0.70819999999995
1216,40.595366666666905,0.0098970535969043,-2.626900958525684,1.474455094052687,17.408113053666668,78.4010357278,547.6342933333336,0.918030666667226,0.744903333333691
1217,40.628733333333,0.3086403975927896,1.6100532481274508,0.9168903088540216,17.408113301133334,78.4010355276,547.6572513333335,0.9228393333333068,0.8017200000004339
1218,40.66210000000001,0.0195420660407587,1.962433439843448,-1.353833865759639,17.4081135347,78.4010353274,547.6796070000001,0.9191689999999828,0.8617800000002824
1219,40.69546666666656,0.2479375221867454,-1.9767412140580425,-0.304934327297253,17.408113768266666,78.4010351272,547.7019626666668,0.9154986666666588,0.921840000000131
1220,40.72883333333357,0.5024494142687184,-0.8576144835019498,1.584842030522668,17.408113944166665,78.40103478283334,547.7188400000002,0.9830466666674036,0.924233333333271
1221,40.76220000000012,0.7119062832820262,0.9689030883837122,1.4848562300361563,17.408114111,78.4010344158,547.734856,1.0617920000001804,0.9175599999999848
1222,40.79556666666667,0.6685977990742453,2.5456088036986366,0.2777706780166659,17.408114277833334,78.40103404876666,547.750872,1.140537333332957,0.9108866666666986
1223,40.828933333333225,1.045339013132598,0.296585019389993,1.304636137749079,17.408114589333334,78.40103376853332,547.7929279999996,1.1686493333331724,0.979439999999367
1224,40.86229999999978,0.5885197018133075,-1.777529286549767,0.4278594249622338,17.408114923,78.4010335016,547.8389740000001,1.189003000000065,1.0595200000002565
1225,40.895666666666784,0.7692580759674057,0.6514731984328694,-0.1706780262659359,17.408115256666665,78.40103323466667,547.88502,1.2093566666666804,1.1396000000000546
1226,40.92903333333334,0.5758182463610467,1.5517074902516446,-0.0553780617771365,17.40811559033333,78.4010329387,547.9150976666666,1.2433559999999335,1.167419999999963
1227,40.96239999999989,0.4003407880747652,-3.186666666695352,1.2246219382438082,17.408115924,78.4010326384,547.9427919999999,1.2793919999998429,1.1874399999999126
1228,40.995766666666896,0.1823074192343174,0.1498970535264765,0.0749946752088065,17.408116257666666,78.4010323381,547.9704863333336,1.3154280000002432,1.207460000000135
1229,41.02913333333299,0.0921263755770303,2.9728363507308417,-0.3475470358661713,17.408116591333332,78.4010320378,547.9917713333334,1.324661333333356,1.2420466666668215
1230,41.0625,-0.0134185303520963,0.600958466428772,0.3536741214106228,17.408116925,78.40103173749999,548.0121250000001,1.3300000000000092,1.278750000000063
1231,41.09586666666655,0.1841249556281014,-1.1106709265078123,0.5920624778145835,17.408117258666667,78.40103143719999,548.0324786666666,1.3353386666666625,1.3154533333333034
1232,41.12923333333356,0.2287255946044161,-0.9248775293034364,0.3847426340186913,17.408117533866665,78.4010310492,548.0531246666668,1.383650333333893,1.3258466666667357
1233,41.16260000000011,0.3128434504791092,0.9492225772159036,-0.4996379126664236,17.4081178008,78.40103064879999,548.0738120000001,1.4380380000004227,1.332520000000052
1234,41.19596666666666,0.5942421015265614,0.4670074547378677,1.1664181753646887,17.408118067733334,78.40103024839999,548.0944993333334,1.4924256666669522,1.3391933333333683
1235,41.229333333333216,0.62264820730958,-1.511466098715655,0.8767483138137175,17.40811821733333,78.401029848,548.1172399999999,1.4849200000000204,1.3869333333332654
1236,41.26270000000022,0.5736954206540199,-0.785175718956012,0.4782960596674194,17.4081183508,78.4010294476,548.1402630000001,1.4689039999999154,1.4403200000002825
1237,41.296066666666775,0.4999929002433759,1.3312034078724913,-0.8179481718318574,17.408118484266666,78.4010290472,548.163286,1.4528880000000286,1.4937066666665717
1238,41.32943333333333,0.8958821441236674,-2.083975860853874,1.983890663832231,17.408118706033335,78.40102861736666,548.1745356666667,1.473074999999879,1.485283333333414
1239,41.36279999999988,0.6596805111818839,-0.2859211927484283,0.1837273695331008,17.4081189396,78.4010281836,548.184212,1.498099999999816,1.4686000000001227
1240,41.396166666666886,0.7027866524678699,1.195820021292444,-0.5227635782754566,17.408119173166668,78.40102774983333,548.1938883333335,1.5231250000000938,1.451916666666604
1241,41.429533333332984,0.8750159744389302,-0.7126020588836154,1.3741285055016024,17.408119347666666,78.40102728653333,548.207404,1.5682326666667252,1.4736266666666993
1242,41.46289999999999,0.5380830670903969,-1.128391906240694,0.7719275825079249,17.4081195145,78.4010268194,548.221418,1.6159469999999383,1.5003199999999657
1243,41.49626666666654,0.1980972665994116,1.905857295014899,-2.5748526801416425,17.408119681333332,78.40102635226667,548.235432,1.6636613333331514,1.5270133333332314
1244,41.529633333333095,0.3634806531685689,2.1620873270171206,0.3931398650222125,17.408119907433335,78.4010259444,548.2541873333334,1.6470713333331533,1.571486666667007
1245,41.5630000000001,-0.0979765708200213,-2.762513312034079,1.3067092651757188,17.408120141,78.40102554399999,548.27354,1.6223799999998822,1.6182000000002228
1246,41.596366666666654,-0.7680440184583452,-0.2087610933419013,-1.2235427759934074,17.408120374566668,78.4010251436,548.2928926666667,1.597688666666611,1.6649133333334385
1247,41.629733333333206,-0.8413915512985264,0.7544479942763274,-1.16944266951732,17.408120697333334,78.4010248324,548.323544,1.5379120000000177,1.649186666666673
1248,41.66310000000021,-0.5849307774285109,-0.6198083066634998,-0.3548988285565286,17.408121031,78.4010245321,548.3555760000003,1.473847999999306,1.625829999999747
1249,41.696466666666765,-0.6598509052177556,-1.0892580759785018,-0.0878097266469082,17.408121364666666,78.4010242318,548.3876080000002,1.4097839999994677,1.6024733333331391
1250,41.72983333333332,-0.8290379836733739,0.7721689741142025,-1.25104721335368,17.408121668499998,78.4010237525,548.4118833333333,1.5041350000001952,1.5433166666665572
1251,41.76319999999987,-0.6026411075567062,-0.2132481363297111,-0.2213844515281408,17.4081219688,78.401023252,548.4352399999999,1.6172479999993956,1.4799200000003387
1252,41.79656666666688,-0.3290521831714154,-1.3199361022458402,0.8628257011039084,17.408122269099998,78.4010227515,548.4585966666667,1.7303610000001377,1.416523333333256
1253,41.829933333332974,-0.0528505502310401,-0.4038338658092337,-0.244132055382955,17.408122539466667,78.40102228093333,548.4759666666666,1.738408000000007,1.5117733333331322
1254,41.86329999999998,0.0093077742289946,0.846687965919922,-1.3295207667677622,17.4081228064,78.4010218138,548.4926499999999,1.7344040000000172,1.625219999999513
1255,41.89666666666653,0.469648562302644,-1.639403620865986,1.5388711395473105,17.408123073333336,78.40102134666667,548.5093333333332,1.7304000000000272,1.7386666666658936
1256,41.930033333333085,0.6600922967716328,-0.5491799786818543,1.0172168974368083,17.408123520466667,78.40102114983333,548.5695650000002,1.677441666666416,1.7469966666666523
1257,41.96340000000009,0.4979765708222684,0.6647071352471203,-0.7244302449318651,17.4081239876,78.401020983,548.6346300000001,1.6190499999998964,1.743659999999994
1258,41.99676666666619,0.5454313099008292,-0.5399645012305702,0.03951721688386,17.408124454733333,78.40102081616666,548.699695,1.560658333333377,1.740323333333336
1259,42.0301333333332,0.308839190628328,-0.4931203407775033,1.269435569746535,17.4081247712,78.40102037813332,548.7424613333333,1.6089386666664711,1.6887733333335189
1260,42.063500000000204,-0.0931842385441441,-0.3732694355911122,-0.9025559105043396,17.4081250715,78.40101991099999,548.7828350000003,1.668665000000468,1.6320499999995557
1261,42.096866666666756,-0.1833581824660494,-0.8194249201019035,-1.1158537451336406,17.4081253718,78.40101944386666,548.8232086666669,1.7283913333336507,1.5753266666663652
1262,42.13023333333331,0.128221512246248,-0.1834220802105889,0.0923322683866611,17.4081256721,78.4010190372,548.8499773333334,1.7197903333332896,1.6244200000001678
1263,42.16359999999986,0.1116506922293054,0.5924174654119727,0.1942066027425499,17.4081259724,78.40101863679999,548.8753360000001,1.7041079999999955,1.6844800000000164
1264,42.19696666666687,-0.1900958466425585,-0.5636137734772918,-0.603223287169069,17.4081262727,78.40101823639999,548.9006946666669,1.6884256666664883,1.7445400000006834
1265,42.23033333333342,-0.5609513667025012,-0.0387646432309778,-1.318991835289355,17.408126512333332,78.40101780566667,548.9121,1.6785066666666226,1.7378666666666036
1266,42.26369999999997,-0.7565761448362202,1.3619808306598122,-1.0693823216263345,17.4081267459,78.4010173719,548.92211,1.669164000000022,1.7245200000000314
1267,42.297066666666524,-0.8953638622655078,1.0761661341784692,-0.4590557330437745,17.408126979466665,78.40101693813334,548.9321199999999,1.6598213333334213,1.711173333333459
1268,42.330433333333076,-1.0150656727002971,-1.3460134895061238,-0.4514164004056682,17.4081273652,78.40101653480001,548.946695,1.6659996666666763,1.700869999999987
1269,42.36380000000008,-1.3811288604905958,-0.8546112886369162,-1.2735676251160113,17.4081277656,78.4010161344,548.9617099999999,1.6736739999999906,1.6908600000000122
1270,42.39716666666618,-1.453052893148841,0.8060880369484715,-1.6935126020620053,17.408128166,78.401015734,548.9767249999999,1.6813483333333046,1.6808500000000377
1271,42.43053333333319,-1.5222435214767651,0.8874547390855887,-1.2954632587861052,17.408128627466667,78.40101548626667,549.0079226666664,1.6636800000001255,1.686106666666625
1272,42.463900000000194,-1.3155697550553809,-2.006730564430927,-0.2050053248109195,17.4081290946,78.4010152527,549.0406220000001,1.643659999999903,1.692780000000032
1273,42.49726666666675,-0.8546396876078651,0.2963436279496587,-0.4106070287289926,17.408129561733332,78.40101501913334,549.0733213333334,1.6236399999999538,1.6994533333333488
1274,42.5306333333333,-0.7280795172165745,1.8450834220792909,-1.3371317003899454,17.4081298757,78.40101460176666,549.088866,1.6330279999999977,1.681620000000004
1275,42.56399999999985,-0.3154419595272902,-0.1552715655344932,0.1135250266642834,17.408130176,78.40101416799999,549.10288,1.6450399999999672,1.6616000000000546
1276,42.59736666666686,-0.0617394391204779,-1.5480440185113498,1.4135321263976035,17.4081304763,78.40101373423333,549.1168940000001,1.6570520000001006,1.6415799999998322
1277,42.63073333333341,0.1583954561604356,0.3770678026185912,0.149691160818023,17.408130838066665,78.40101326973333,549.1361326666669,1.6939580000002288,1.6522933333334116
1278,42.66409999999996,0.0863418530363877,0.8000266240573609,-1.03343982960146,17.4081312051,78.40101280260001,549.1558190000001,1.7329970000001302,1.6656400000000444
1279,42.697466666666514,0.1988640397562321,-2.7009868654873768,0.7163223287319052,17.408131572133335,78.40101233546667,549.1755053333334,1.772036000000032,1.6789866666666775
1280,42.73083333333307,0.4056443024495885,-0.1023429179922715,1.4789137380167865,17.4081318775,78.40101186833334,549.1748416666667,1.7457083333330885,1.71391666666695
1281,42.76420000000007,-0.0861341852990821,2.1153141640117608,-0.4207880724102746,17.408132177800002,78.40101140120001,549.172506,1.7140099999999792,1.750620000000024
1282,42.797566666666626,-0.2594817181353812,-0.3182037629515766,-0.1794533190999119,17.4081324781,78.40101093406668,549.1701703333333,1.68231166666687,1.787323333333098
1283,42.83093333333318,-0.2806815761523782,-2.459836705700554,0.4846432374882221,17.408132809333335,78.401010436,549.1842293333332,1.7267093333328662,1.759066666666976
1284,42.864300000000185,0.0285676251285013,0.4807241746128678,-0.080404685811418,17.408133143,78.4010099355,549.199578,1.7770930000000926,1.7256999999999385
1285,42.89766666666674,-0.1807596734131223,1.8256301029398625,-1.1041533546337112,17.40813347666667,78.401009435,549.2149266666667,1.827476666666632,1.692333333333356
1286,42.93103333333329,-0.0736315228968031,0.2523677671297725,-0.4312531061422044,17.4081338724,78.40100899656667,549.223448,1.8337929999999905,1.7365499999998395
1287,42.96439999999984,0.0073269435535234,-1.1098615548384632,0.6986581469777267,17.4081342728,78.4010085628,549.231456,1.8367959999999828,1.7865999999997135
1288,42.99776666666685,0.0006301029447492,0.9286652466629256,0.0307685481516053,17.408134673200003,78.40100812903333,549.239464,1.839799000000016,1.8366500000002692
1289,43.0311333333334,-0.3947745828865561,2.376727014542295,-1.033283635057363,17.408135011333336,78.401007633,549.2636613333334,1.8558780000000488,1.843113333333343
1290,43.06449999999995,-0.367092651757295,-0.9374866879500268,-0.1355697550615658,17.408135345,78.4010071325,549.28902,1.8728950000000055,1.8464500000000013
1291,43.097866666666505,-0.4640823571177281,-1.5366702165379524,0.1078878239261057,17.408135678666667,78.401006632,549.3143786666667,1.889911999999963,1.84978666666666
1292,43.13123333333306,-0.1701366702160964,0.7652289669582969,0.1566826411158243,17.4081361685,78.4010062252,549.3359893333336,1.9006823333334255,1.865616666666816
1293,43.164600000000064,-0.275612353569601,1.4841746538988063,-0.3265175718895169,17.408136668999997,78.40100582480001,549.3573440000001,1.9110260000000665,1.8823000000001069
1294,43.197966666666616,-0.0798083067084592,-1.07250976217843,0.4130777422836074,17.408137169499998,78.4010054244,549.3786986666668,1.9213696666667068,1.898983333333398
1295,43.23133333333362,0.1128860489919659,-1.922612708578027,1.1036563720312087,17.40813767,78.40100499266667,549.4157200000004,1.9574066666670709,1.9094000000001072
1296,43.264700000000175,0.3854366347225853,0.3533812565906198,0.5491746539509371,17.4081381705,78.4010045589,549.4537580000001,1.9951110000001375,1.9194100000000365
1297,43.29806666666673,0.2938445154421765,1.5645722399716269,-0.4837486687963286,17.408138671,78.40100412513333,549.4917959999999,2.032815333333205,1.9294199999999655
1298,43.33143333333328,0.6416116435923988,-0.9210365637113552,1.3700177493764414,17.408139171499997,78.40100362849999,549.5204039999999,2.090636999999634,1.967719999999752
1299,43.36480000000029,0.6401277955399185,-2.2488178914375423,1.5815548456123445,17.408139671999997,78.401003128,549.5484320000002,2.14969600000029,2.0077600000001965
1300,43.39816666666684,0.643548100816421,0.7296325878443212,0.3852502662503069,17.408140172499998,78.40100262749999,549.57646,2.208755000000141,2.0478000000000955
1301,43.43153333333339,0.4049556265521898,1.853006744752964,-0.5413134540266669,17.408140578399998,78.40100200086667,549.599758,2.242271999999996,2.1067599999999915
1302,43.46489999999994,0.4369329073531011,-0.256975505926122,0.94558040470267,17.4081409788,78.4010013669,549.6227809999999,2.2743039999999146,2.1668199999998405
1303,43.49826666666695,0.3224139155226272,-2.0143556975876864,1.002428115068417,17.4081413792,78.40100073293333,549.6458040000002,2.3063360000002704,2.226880000000508
1304,43.53163333333305,0.0310347887763248,-0.2811679092006225,-0.5147763578021416,17.40814184286667,78.4010001306,549.6558573333334,2.335837333333507,2.258470000000178
1305,43.565000000000055,-0.1020234291793587,1.547603833863335,-0.8781682641031239,17.408142310000002,78.40099953,549.6652,2.3652000000001,2.288500000000102
1306,43.59836666666661,-0.0779375221867194,0.3411785587472877,0.335924742635275,17.408142777133335,78.4009989294,549.6745426666666,2.3945626666666926,2.318530000000026
1307,43.631733333333614,0.0553354632650932,-1.7504295349217902,0.810422435233594,17.408143244266668,78.40099829706666,549.6854720000001,2.435032000000492,2.34856000000036
1308,43.665100000000166,-0.1480564430234558,-1.503301384474935,-0.1852502662232654,17.4081437114,78.4009976631,549.6964830000001,2.476073000000389,2.3785900000002846
1309,43.69846666666672,-0.1792971246010186,1.2157046503154154,-1.2897266595667705,17.408144178533334,78.40099702913334,549.707494,2.5171140000002854,2.4086200000002087
1310,43.73183333333327,-0.1354277600269864,1.5775204117831156,-0.3173588923997793,17.408144836666665,78.40099639516667,549.7280549999999,2.574708333333339,2.4482000000000035
1311,43.76520000000028,0.0375718849739677,-0.0753141639290826,0.6888604898612044,17.408145504,78.40099576120001,549.7490760000001,2.6331000000003884,2.4882400000002662
1312,43.79856666666683,-0.2184735534252322,-1.4244302449415125,0.1402555910559016,17.408146171333335,78.40099512723333,549.770097,2.6914916666666424,2.528279999999983
1313,43.83193333333338,-0.3554987575453301,-0.8529357472666216,-0.7953141639975185,17.408146838666667,78.40099455713333,549.7965466666666,2.72050466666658,2.5842866666664888
1314,43.865299999999934,-0.3363418530340359,0.956549520787549,-1.066986155479255,17.408147506,78.4009939899,549.8232399999998,2.7481989999998437,2.641009999999679
1315,43.89866666666694,-0.3709620163280724,1.3517216897293136,-0.4334398296228169,17.408148173333334,78.40099342266667,549.8499333333335,2.7758933333334843,2.697733333333643
1316,43.93203333333304,-0.3316719914841415,0.9124600639566144,0.1487752928509377,17.408148744566667,78.40099269526667,549.8618913333333,2.813838333333446,2.728830000000088
1317,43.965400000000045,-0.2390628328014873,-1.729158679449993,0.4452822151218547,17.4081493118,78.4009919612,549.873236,2.8522100000000155,2.7588600000000123
1318,43.9987666666666,-0.4692758253482982,-0.9791178558700794,-0.1120607028838532,17.408149879033335,78.40099122713335,549.8845806666666,2.8905816666665856,2.788889999999937
1319,44.032133333333604,-0.344763933266449,-0.6905360312811779,-0.2020021298971662,17.408150542666668,78.40099049306667,549.8914266666667,2.9385933333337686,2.825346666666997
1320,44.065500000000156,-0.0552715654898513,0.9364217251729688,-0.5462193823210085,17.40815121,78.400989759,549.8981,2.986975000000313,2.8620500000002376
1321,44.09886666666671,-0.1040965566190743,2.235953141628257,-0.5973446929406495,17.408151877333335,78.40098902493332,549.9047733333333,3.035356666666858,2.8987533333334783
1322,44.13223333333326,-0.1396876109329312,1.4053691870266194,-0.2444266950524314,17.4081524802,78.4009882264,549.9101573333334,3.0602080000000345,2.945126666666733
1323,44.16560000000027,0.0106922257719933,-0.8414909477457986,0.5372523961509315,17.4081530808,78.4009874256,549.9154960000001,3.084232000000301,2.9918400000005856
1324,44.19896666666682,0.0559602413927807,-1.5088959886353712,0.749953851614633,17.408153681399998,78.4009866248,549.9208346666668,3.1082560000002406,3.0385533333338013
1325,44.23233333333337,-0.1826056088055256,-1.0812921547616683,0.4068867589535696,17.408154346666667,78.40098588866667,549.9213233333334,3.107059999999994,3.065866666666749
1326,44.265699999999924,-0.3498935037278416,-0.9222577209950208,0.117731629402887,17.408155014,78.4009851546,549.921657,3.105058000000008,3.092559999999894
1327,44.29906666666693,-0.3748384806586735,-0.728874689435504,-0.6099680510901917,17.40815568133333,78.40098442053333,549.9219906666667,3.103055999999995,3.1192533333334023
1328,44.33243333333303,-0.2447994320294359,0.6650070996470577,-0.9902733404247228,17.40815631623333,78.40098358916667,549.9252433333334,3.1503526666666635,3.116756666666667
1329,44.365800000000036,-0.1174440894559158,2.261895633653717,-0.6325452609234344,17.4081569502,78.400982755,549.92858,3.199067999999874,3.1134200000000085
1330,44.39916666666659,-0.1466542421046036,2.6639155128615,0.2302981895915145,17.408157584166666,78.40098192083335,549.9319166666667,3.2477833333330843,3.11008333333335
1331,44.432533333333595,-0.1305218317425065,-0.2549378770193433,0.5805750798386452,17.408158218133334,78.4009810216,549.9323253333333,3.290642666666922,3.1555466666669467
1332,44.46590000000015,-0.0836261980830004,-1.557348242807906,0.599920127793814,17.4081588521,78.4009801207,549.9326590000001,3.3333520000001484,3.2022600000001624
1333,44.4992666666667,0.0836776712774318,-1.1203549875358807,1.2559744408718965,17.408159486066666,78.40097921979999,549.9329926666667,3.3760613333333738,3.248973333333378
1334,44.53263333333325,-0.2440450834219006,-1.8591143060003092,0.6745651402221304,17.4081600874,78.4009783189,549.9245153333334,3.3828739999999904,3.2924233333332653
1335,44.56600000000026,-0.3505857295038648,-0.6583599574296184,-0.4822151224610858,17.408160688,78.400977418,549.9158399999999,3.388880000000057,3.3358000000004138
1336,44.59936666666681,-0.0380457934023221,1.0247071351603825,-0.2897142349927045,17.4081612886,78.4009765171,549.9071646666666,3.3948860000000423,3.379176666666971
1337,44.63273333333336,-0.066070287540215,1.8141001065094144,-0.1172736954191724,17.4081619874,78.40097564893333,549.9024173333333,3.413330666666751,3.386546666666697
1338,44.666099999999915,-0.0578913738009753,2.10683706073865,-0.1150372736770622,17.4081626881,78.4009747814,549.897746,3.432016000000037,3.393220000000013
1339,44.69946666666692,0.0326588569385865,1.3262761804140364,0.395143769940435,17.4081633888,78.40097391386666,549.8930746666666,3.450701333333578,3.3998933333334205
1340,44.73283333333302,0.1116879659215256,-0.3807241746699897,0.8073304934375929,17.408163991,78.4009728165,549.8805233333333,3.525860000000463,3.4164166666667684
1341,44.766200000000026,0.103173588926747,-2.089116080912949,1.0023855165069495,17.4081645916,78.40097171539999,549.867844,3.601935999999925,3.433099999999984
1342,44.79956666666658,0.0737167199143031,-1.2716364927099824,0.412665956655309,17.4081651922,78.4009706143,549.8551646666668,3.678011999999387,3.4497833333331998
1343,44.832933333333585,0.1338445154337885,-0.8308271211393919,-0.0936741213916172,17.4081657928,78.40096957906665,549.8408386666666,3.685916000000021,3.525746666666897
1344,44.86630000000014,0.3576943556926774,1.1373269434936668,-0.013578274760807,17.4081663934,78.40096854469999,549.826491,3.692923000000004,3.602490000000037
1345,44.89966666666669,0.4298899538516152,1.9350372736954204,-0.0930067447639332,17.408166994,78.40096751033333,549.8121433333333,3.699929999999986,3.6792333333331766
1346,44.93303333333279,0.283404330850773,0.1793219737219076,0.2505857295119863,17.408167693699998,78.40096654203333,549.8053933333334,3.7267569999998766,3.686606666666637
1347,44.966399999999794,0.2231309904146032,0.0651331203262128,0.7330777422728136,17.408168394399997,78.40096557439999,549.79872,3.7537840000001768,3.693280000000044
1348,44.9997666666668,0.0649006034798881,-0.6107649982282474,0.6440805821858943,17.4081690951,78.40096460676666,549.7920466666667,3.7808110000001087,3.69995333333336
1349,45.03313333333335,-0.1478736244227681,-1.3501597444110378,-0.3607951721656783,17.40816972953333,78.4009635066,549.807904,3.8297060000000736,3.726506666666707
1350,45.066499999999905,-0.0527156549540743,0.3192225771956019,-0.7976570820014035,17.4081703635,78.4009624055,549.82392,3.8787549999999498,3.753199999999973
1351,45.09986666666691,0.1656514022021523,2.295903443404288,-0.0927085552221194,17.408170997466666,78.4009613044,549.8399360000002,3.927804000000495,3.7798933333336016
1352,45.13323333333301,0.1920305289318546,0.7699059283326187,0.4850372736918005,17.408171731133333,78.40096023653334,549.8326886666666,3.962562666666929,3.8298500000003775
1353,45.16660000000002,0.3282641107559801,-0.1958679446263124,1.0939297124606062,17.4081724652,78.4009591688,549.825348,3.997264000000175,3.879900000000253
1354,45.19996666666657,0.2079428469934921,-1.1056798012356357,0.6576411075371964,17.408173199266667,78.40095810106666,549.8180073333333,4.031965333333421,3.9299500000001264
1355,45.233333333333576,0.0296769613071871,-0.5436989705605944,-0.4957046503196488,17.408173833333333,78.40095703333333,549.819,4.011333333333146,3.9633333333336367
1356,45.26670000000013,0.2398296059593841,0.7873801916509519,-0.2733493077955546,17.4081744673,78.4009559656,549.820001,3.990645999999959,3.996700000000068
1357,45.30006666666668,0.1605537806194915,0.0026269080425205,-0.1234646787312915,17.408175101133335,78.40095489766667,549.8209606666668,3.970000666666665,4.029960000000101
1358,45.33343333333278,0.266968406107114,0.8540202343053175,0.0427848775271253,17.408175668366667,78.40095372983333,549.8012743333335,3.970334333333331,4.009940000000151
1359,45.366799999999785,0.3098615548458825,-0.95288604894351,0.6517571884921068,17.4081762356,78.400952562,549.7815879999999,3.970668000000001,3.989919999999929
1360,45.40016666666679,0.1364572239979607,-2.241924032648041,0.4753638622658603,17.408176803499998,78.4009513955,549.7620499999999,3.970839999999968,3.97001666666667
1361,45.433533333333344,-0.1082002129928551,-1.6915441959812223,-0.6268796591993439,17.4081775042,78.4009504946,549.77206,3.938808000000048,3.973353333333328
1362,45.466899999999896,0.1710596379194833,1.3238285410568005,-0.6611288604741918,17.4081782049,78.4009495937,549.78207,3.9067760000001286,3.9766899999999863
1363,45.5002666666669,0.2151366702168936,1.1051047213530192,0.3998438054458202,17.4081789048,78.4009486912,549.7919493333333,3.875093333333416,3.9797333333330966
1364,45.533633333333,0.0418175363866655,-0.5536599218766955,0.1340007099705843,17.4081795054,78.4009475901,549.7856096666667,3.88677166666672,3.946366666666514
1365,45.56700000000001,-0.1067092651782758,-1.105431309926043,-0.0760383386671353,17.408180106,78.40094648899999,549.77927,3.898450000000024,3.912999999999932
1366,45.60036666666656,-0.2910010649625447,-0.7277955271542733,-0.8909655662062039,17.408180707333333,78.40094538826666,549.772835,3.9102713333333217,3.880146666666661
1367,45.633733333333566,-0.0968548100893467,0.8917997869678206,-1.1924600639184757,17.408181374666665,78.40094432053333,549.7578199999998,3.934962666666929,3.893493333333475
1368,45.66710000000012,0.0617465388706106,1.056123535676455,0.2862406815711992,17.408182042,78.4009432528,549.7428049999999,3.9596540000002,3.906840000000108
1369,45.70046666666667,0.0224210152644178,-0.1964075257377666,0.6154916577919282,17.40818270746667,78.40094218646666,549.7278599999999,3.983169333333005,3.920326666666796
1370,45.73383333333322,-0.2897586084547781,-2.3193113240525234,-0.4617944622470041,17.408183241333333,78.40094121883334,549.71785,3.9237766666667584,3.9436833333332975
1371,45.767199999999775,-0.2705005324912426,-0.2686687966719457,-1.1835143769904164,17.408183775199998,78.4009402512,549.7078399999999,3.8643839999997023,3.967040000000117
1372,45.80056666666678,-0.0477724529624653,1.5641018814474414,-0.3392350017678047,17.408184311333333,78.40093928243334,549.6979263333333,3.8062833333333006,3.989036666666779
1373,45.833933333333334,-0.0463187788414503,0.8849556265845224,-0.1708626198202318,17.408184978666664,78.40093824806667,549.6935886666666,3.822966666666592,3.932313333333589
1374,45.86729999999989,0.0145101171447193,-0.3600106496448064,0.3358626198087606,17.408185646,78.4009372137,549.689251,3.839649999999883,3.875590000000398
1375,45.90066666666689,-0.0638977635730443,-1.5806176783807335,0.3672701455664664,17.40818631466667,78.40093617800001,549.6850866666666,3.857120000000229,3.8203333333334015
1376,45.93403333333299,-0.2027511537090834,-0.6864128505814775,-0.7497248846140472,17.408187048733335,78.4009350769,549.6894243333332,3.913176000000088,3.8370166666666927
1377,45.9674,0.0750159744439629,1.5001490948047425,-0.5105005324728319,17.408187782800002,78.4009339758,549.693762,3.9692319999999466,3.853699999999984
1378,46.00076666666655,0.1699325523546097,1.38635960230432,0.5117145900323915,17.408188514566667,78.40093287623334,549.6978313333333,4.023647333333387,3.871303333333136
1379,46.03413333333356,0.128832090882703,-0.954731984340853,1.1241888533997035,17.408189148533335,78.40093184186667,549.6904906666666,4.008298666666549,3.9280266666671
1380,46.06750000000011,-0.0463258785911617,-1.7207135250165448,0.4026890309051218,17.4081897825,78.4009308075,549.68315,3.992949999999922,3.98475000000029
1381,46.10086666666666,-0.185743698972127,0.1823216187405738,-1.0530067447641605,17.408190417333333,78.40092977226666,549.6757053333333,3.9781820000000185,4.039566666666624
1382,46.13423333333321,-0.0620305289287843,1.4747106851376346,-0.1674689385698028,17.408191084666665,78.40092870453334,549.6643606666668,3.985189000000001,4.022883333333333
1383,46.16760000000022,-0.0743343982955172,0.1680085197456366,0.937380191689765,17.408191752,78.4009276368,549.653016,3.9921960000000793,4.006199999999814
1384,46.20096666666677,-0.2337060702836777,-1.7136403975738097,0.4875488108041189,17.408192417400002,78.40092656906667,549.6414006666665,3.998893666666636,3.9901933333333903
1385,46.234333333333325,-0.3935392261279185,-0.766702165411793,-0.8274760383514435,17.408193018000002,78.40092550133333,549.6207133333334,3.995223333333328,3.996866666666676
1386,46.26769999999988,-0.133205537807122,1.2812140575012383,-0.4733120340818757,17.408193618600002,78.4009244336,549.6000260000002,3.991553000000021,4.003539999999963
1387,46.301066666666884,-0.0653887113941132,0.9618601349199556,0.1172594959072803,17.408194218133335,78.4009233648,549.5794666666667,3.987487999999983,4.01
1388,46.33443333333298,0.0007720979794825,0.2220891019669212,0.2806265530554863,17.408194785366668,78.4009222637,549.5627833333334,3.971472000000023,4.01
1389,46.36779999999999,0.1261767838122333,-0.8667944621909407,0.7543769968016172,17.4081953526,78.4009211626,549.5461,3.955456000000064,4.01
1390,46.40116666666654,0.151792687257599,0.7095136670494976,-0.1589634362945042,17.4081959245,78.40092006966665,549.5299183333333,3.938600000000259,4.009416666666774
1391,46.43453333333309,0.3333049343324074,1.6613560525890725,0.0371317003714762,17.4081966252,78.40091920213334,549.5275826666666,3.898559999999814,3.992733333333256
1392,46.4679000000001,0.4504259850904128,0.586900958470788,0.8568157614456735,17.408197325899998,78.40091833460001,549.525247,3.858519999999915,3.976049999999965
1393,46.50126666666665,0.4249485268053639,-1.8764927227273172,1.2929073482507425,17.40819802533333,78.40091746200001,549.5226200000001,3.8206713333333258,3.958480000000016
1394,46.534633333333204,0.1976215832450836,-0.3701171458882589,-0.3283209087801828,17.408198692666666,78.40091646100001,549.5126100000001,3.838355666666615,3.918440000000117
1395,46.56800000000021,0.2534611288604899,1.521831735889244,-0.8690095846645367,17.40819936,78.40091546000001,549.5025999999999,3.856040000000145,3.878399999999672
1396,46.60136666666676,0.3103656372010593,1.210099396560563,0.554082357072676,17.408200027333333,78.40091445899999,549.4929726666667,3.873013666666669,3.840820000000113
1397,46.634733333333315,0.2668370607002912,-1.0360099396878746,1.0650621228167307,17.408200694666668,78.400913458,549.4923053333333,3.873347333333335,3.860840000000063
1398,46.66809999999987,-0.0230457933974944,-0.5376144834825066,-0.265644302469766,17.408201362,78.400912457,549.491638,3.873681,3.880860000000012
1399,46.701466666666875,-0.0978487752952241,0.4932765352960587,-0.9462832800826128,17.40820202933333,78.40091145746668,549.490736,3.8737799999999423,3.9
1400,46.73483333333343,0.0761892083775957,1.330582179620182,-0.708200212985523,17.408202696666667,78.40091048983334,549.4847299999999,3.8687749999999776,3.9
1401,46.76819999999998,0.1185942492010764,0.0837912673142609,0.676719914801595,17.408203364000002,78.4009095222,549.4787239999999,3.863770000000013,3.9
1402,46.80156666666653,-0.0341675541453111,-1.1840521831558943,0.3530883918646222,17.408204032900002,78.40090855769999,549.4731409999999,3.8581383333335073,3.89968666666673
1403,46.83493333333308,-0.1058856940016837,-0.2255733049960476,-0.9068228611599344,17.4082047336,78.4009076568,549.476144,3.8397866666666367,3.893013333333322
1404,46.86830000000009,0.0923748668759088,0.7854100106271562,-0.4591267305691414,17.4082054343,78.4009067559,549.479147,3.821435000000016,3.886340000000006
1405,46.90166666666619,0.0700035498751925,-0.1816116435906921,0.4876109336125386,17.408206131666667,78.40090585,549.4826499999999,3.8040499999999966,3.8791666666667233
1406,46.935033333333195,0.0462105076298578,-1.0390841320588406,0.6706159034348338,17.408206765633334,78.400904849,549.4956629999999,3.805050999999994,3.862483333333432
1407,46.9684000000002,-0.1628115015977694,-0.892779552729897,-0.6700745473833252,17.4082073996,78.400903848,549.508676,3.806052000000005,3.8457999999999135
1408,47.001766666666754,-0.0568051118199064,0.4443024494276949,-0.767433439827694,17.408208038866665,78.40090285053334,549.5209823333333,3.807441666666689,3.83
1409,47.035133333333306,0.1329073482434506,0.7915796947098896,0.2304863329838717,17.40820877293333,78.40090191626668,549.5206486666666,3.8157833333333344,3.83
1410,47.06849999999986,0.1194089456841313,-0.5716187433513381,0.6328541000955089,17.408209507,78.400900982,549.520315,3.82412499999998,3.83
1411,47.101866666666865,-0.0521121760719841,-0.7050195243519659,-0.4446006389425306,17.408210241066666,78.4009000496,549.5204853333333,3.831682666666617,3.830373333333392
1412,47.13523333333342,0.0076677316288505,0.0165708200170685,-0.7032942846996468,17.408210975133333,78.4008991487,549.5291606666667,3.826010333333298,3.837046666666708
1413,47.16859999999997,0.1808306709263626,1.1964217252478613,-0.0242811501677255,17.4082117092,78.4008982478,549.5378360000001,3.820337999999979,3.8437200000000247
1414,47.20196666666652,0.2294107206243947,-0.1837415690705408,0.8676073837470133,17.4082124413,78.40089734886668,549.5466293333334,3.813033333333304,3.8498033333333295
1415,47.235333333333074,0.0891728789565205,-1.2670216542261394,0.4817891374058783,17.408213142,78.40089648133333,549.5573066666668,3.779666666666418,3.846466666666642
1416,47.26870000000008,0.0086900958477611,-0.2235143770099157,-0.6335250265999854,17.4082138427,78.4008956138,549.567984,3.7462999999999873,3.843129999999999
1417,47.30206666666618,0.1888675896360713,1.356435924769588,-0.4431806886702824,17.408214545466667,78.40089474006668,549.5790333333332,3.715991999999898,3.837933333333547
1418,47.335433333333185,0.2487131700386954,0.4787894923746883,0.4919240326527831,17.408215279533334,78.40089377243334,549.5957166666665,3.732007999999857,3.8045666666669646
1419,47.36880000000019,0.2287539936150277,-1.222364217223881,1.0512034078913552,17.4082160136,78.40089280480001,549.6124000000001,3.748024000000034,3.771199999999928
1420,47.402166666666744,-0.0034078807263442,-1.0949591764314723,-0.3206957756591136,17.4082167455,78.40089183933334,549.6275666666667,3.764169999999994,3.7408666666666623
1421,47.4355333333333,-0.0594391196307379,-0.1924032658859199,-1.1165637202694327,17.408217446200002,78.40089090506667,549.6208933333334,3.7821879999999486,3.754213333333295
1422,47.46889999999985,0.0788072417508974,0.2827476038197004,-0.5369808306234722,17.4082181469,78.40088997080001,549.61422,3.800205999999903,3.767559999999928
1423,47.502266666666856,0.1632658856992709,-0.5117074902027972,0.8376428824980173,17.408218845333334,78.400889032,549.6085893333334,3.8162973333332735,3.7813600000001135
1424,47.53563333333341,0.0290450834264723,-1.3182818601402937,0.4626553070835145,17.408219512666665,78.400888031,549.6172646666666,3.8059536666666336,3.801380000000064
1425,47.56899999999996,-0.0785942492005417,0.0551650692493486,-0.9840255591238344,17.40822018,78.40088702999999,549.62594,3.795609999999993,3.8214000000000135
1426,47.60236666666651,0.0446787362449391,1.4884913028071705,-0.8240184593524607,17.40822085443333,78.40088603846667,549.6335503333333,3.786638999999984,3.8390533333333576
1427,47.635733333333064,0.0265672701450114,0.3644586439536271,0.4177209797616673,17.408221621866666,78.40088517093334,549.6272106666667,3.7956480000000834,3.825706666666543
1428,47.66910000000007,-0.0454739084103095,-1.165729499444879,0.4262193823312133,17.4082223893,78.4008843034,549.620871,3.804657000000061,3.81235999999991
1429,47.70246666666662,-0.2012069577547221,-0.6125239616469604,-0.7663187788485468,17.4082231518,78.40088343586667,549.6135199999999,3.811100666666567,3.800740000000039
1430,47.735833333333176,-0.126553070637055,0.5149094782064745,-0.7447639332468385,17.4082238525,78.40088256833334,549.5935000000001,3.785408333333416,3.810749999999968
1431,47.76920000000018,-0.034249201279071,0.8889030884129208,-0.1119062833073756,17.4082245532,78.4008817008,549.5734799999999,3.7597159999999135,3.8207600000000337
1432,47.802566666666735,-0.0155040823578096,0.0701277955101217,0.5301384451554366,17.408225256466668,78.40088083583333,549.5551539999999,3.734742333333388,3.8282033333334113
1433,47.83593333333329,-0.175150869717713,-1.0321902733416588,-0.075555555546305,17.408225990533335,78.40088000166666,549.557156,3.7183926666667615,3.804846666666804
1434,47.86929999999984,-0.1953780617672685,-0.2854739083960926,-0.8561235356853366,17.408226724600002,78.4008791675,549.559158,3.702043000000137,3.781490000000196
1435,47.902666666666846,-0.0492012779562013,1.1890663826957455,-0.5911963081534686,17.408227453333335,78.40087831999999,549.56028,3.6885466666667193,3.758666666666621
1436,47.9360333333334,-0.0330138445154419,0.4643947461979925,0.1378061767764513,17.408228120666667,78.400877319,549.551271,3.707899333333337,3.7419833333333297
1437,47.96939999999995,-0.008434504795358,-0.9916080937382844,0.3360596379064082,17.408228788,78.400876318,549.542262,3.727251999999955,3.7253000000000394
1438,48.00276666666696,-0.1892864749705689,-0.5900603479354973,-0.4055023073994135,17.408229471933332,78.4008753419,549.5370433333336,3.743229333333146,3.711660000000176
1439,48.036133333333055,-0.1413134540297468,1.3294852679984923,-0.8719630812928663,17.408230339466666,78.4008746412,549.5737466666669,3.7218746666665328,3.7316800000001256
1440,48.06950000000006,-0.0714856230024836,0.7803514376898434,0.0447284345113302,17.408231207,78.4008739405,549.6104500000001,3.70051999999992,3.751700000000075
1441,48.102866666666614,-0.115115370962538,-0.9146183883588148,0.5690308839170327,17.408232071666667,78.40087323406667,549.6465226666667,3.68188866666668,3.7679933333333047
1442,48.13623333333362,-0.3196592119238554,-1.1693645722645798,-0.4835711749770033,17.408232905833334,78.40087246663333,549.6758853333337,3.692232333333461,3.744636666666379
1443,48.16960000000017,-0.2587859424951122,0.5245154419034934,-0.8366773162983929,17.40823374,78.4008716992,549.7052480000003,3.702576000000102,3.721279999999771
1444,48.202966666666725,-0.2187433439845587,1.159495917648831,-0.2343894213806621,17.408234571199998,78.4008709199,549.7345216666669,3.714343666666848,3.700890000000069
1445,48.23633333333328,-0.1356052538161164,-0.6929357472488463,0.6162584309549165,17.408235372,78.400870019,549.7628833333333,3.740703333333329,3.7108999999999983
1446,48.269700000000284,-0.214036208718801,-1.1723109691177855,0.1402768903572526,17.4082361728,78.4008691181,549.7912450000002,3.767063000000168,3.720910000000064
1447,48.30306666666684,-0.2277316293933896,-0.3230244941627894,-0.6886900958370216,17.40823697973333,78.4008682264,549.817644,3.791797333333331,3.732453333333326
1448,48.33643333333339,-0.1300532481383143,1.1690592828986643,-0.4971317004108664,17.408237847266665,78.4008674256,549.824651,3.8004726666666415,3.759146666666592
1449,48.36979999999994,-0.0315228966976663,0.7322257720659479,0.44805111821569,17.4082387148,78.4008666248,549.831658,3.809147999999954,3.785839999999858
1450,48.40316666666695,-0.0027334043275681,-0.8003904863149758,0.556940007109334,17.408239572833335,78.40086581766667,549.8391083333333,3.8177916666667153,3.810633333333372
1451,48.436533333333045,-0.3082286119969386,-1.449329073512574,-0.3762726304364354,17.408240340266666,78.40086495013333,549.8507866666667,3.826133333333361,3.817306666666688
1452,48.46990000000005,-0.1812779552714531,0.1692864749765838,-0.8103940362098098,17.4082411077,78.4008640826,549.862465,3.8344750000000074,3.823980000000005
1453,48.503266666666605,0.0465033723817082,1.2854952076698394,-0.1361874334459664,17.408241884933332,78.40086322159999,549.8751886666666,3.842849333333318,3.8309799999999834
1454,48.53663333333361,0.0356691515756447,0.4774298899787841,0.5220376286533175,17.408242752466666,78.4008624208,549.8975443333336,3.851524666666748,3.840990000000093
1455,48.570000000000164,0.0611288604901927,-0.5077742278822062,0.7246006389769771,17.40824362,78.40086162,549.9199000000002,3.860200000000059,3.851000000000069
1456,48.603366666666716,-0.0813347532841722,-0.570827121071279,-0.1104082356986884,17.408244487533334,78.40086081919999,549.9412120000001,3.867932666666664,3.860673333333362
1457,48.63673333333327,-0.0335818246329478,0.2836492723033937,-0.3852609158548417,17.40824535506667,78.4008600184,549.9532240000001,3.867265333333332,3.8673466666666783
1458,48.670100000000275,0.0044089456808202,0.6451544196319652,0.1346964855908502,17.4082462226,78.4008592176,549.9652360000001,3.8665979999999913,3.874020000000086
1459,48.70346666666683,0.0088178913743985,0.3878452254193161,0.3673269435571925,17.408247086666666,78.40085840293334,549.978634666667,3.871200000000495,3.88
1460,48.73683333333338,-0.0315938942129276,-0.6413205537739926,0.4005679801237371,17.408247920833333,78.40085746866666,550.0039933333334,3.921250000000141,3.88
1461,48.77019999999993,-0.0975079872202845,0.0366347177943502,-0.6290947816894057,17.408248755,78.40085653439999,550.0293519999999,3.971299999999787,3.88
1462,48.80356666666694,-0.037060702877627,1.0137646432195255,-0.6244231452047699,17.408249589166665,78.40085561439999,550.0516433333333,4.012040999999897,3.88535000000014
1463,48.836933333333036,0.0505786297409063,0.9009442669865302,0.3366560170080836,17.408250423333335,78.40085481359999,550.0483066666667,3.97500399999999,3.9354000000000138
1464,48.87030000000004,0.0329499467523169,-0.8620447284298672,0.6894355697533501,17.4082512575,78.4008540128,550.04497,3.937967000000083,3.985449999999888
1465,48.903666666666595,-0.0310259140903205,-0.8406815761360016,0.5194178203839838,17.408252099000002,78.40085320833333,550.0450433333332,3.9080799999998654,4.025966666666842
1466,48.9370333333336,-0.0497621583212287,-0.0166489173662786,-0.4908981185062154,17.4082529999,78.40085237416666,550.0727376666669,3.9361080000001776,3.989263333333101
1467,48.970400000000154,0.0663684771036926,1.3463258785956438,-0.8621086261956076,17.408253900800002,78.40085154,550.1004320000001,3.964136000000107,3.95255999999986
1468,49.003766666666706,0.189669861554584,0.9645935392325836,0.3115796947062801,17.4082548017,78.40085070206666,550.1265066666667,3.991787333333365,3.923390000000039
1469,49.03713333333326,0.2074121405743746,-0.6278168264247752,1.008732694356705,17.4082557026,78.40084983453333,550.1398533333333,4.016478666666636,3.953419999999963
1470,49.070500000000266,0.1242811501634346,-1.5284345047705974,0.6038338658234137,17.4082566035,78.400848967,550.1532000000001,4.041170000000244,3.9834500000002966
1471,49.10386666666682,-0.0261128860500963,-1.1270713525405376,-0.2775860844728733,17.408257500533335,78.4008481072,550.1632213333332,4.060099999999816,4.012706666666839
1472,49.13723333333337,0.0716719914820028,1.0486474973477593,-0.7645793397215289,17.408258368066665,78.4008473064,550.1478726666666,4.035074999999879,4.036063333333447
1473,49.17059999999992,0.1212353567627534,1.1130990415366846,-0.119531416401906,17.4082592356,78.4008465056,550.132524,4.010049999999942,4.059420000000054
1474,49.20396666666693,0.1370110046126791,-0.3412140574534369,0.8276251331089193,17.408260103133333,78.40084570083333,550.1195156666668,3.986651333333187,4.077223333333032
1475,49.23733333333303,-0.0203052893083069,-0.7363862264805622,0.1956691516277555,17.408260970666667,78.40084486666667,550.1238533333334,3.975306666666601,4.053866666666531
1476,49.27070000000003,-0.150394036208814,-0.8944834930996555,-0.8030031948738865,17.4082618382,78.4008440325,550.128191,3.963962000000014,4.030510000000029
1477,49.304066666666586,-0.1008022719180961,-0.2993255235961357,-0.7303798367010351,17.4082626854,78.4008431902,550.1308206666666,3.953105333333391,4.008780000000078
1478,49.33743333333359,-0.0103585374524147,-0.482768903105927,0.263145189885168,17.4082633861,78.4008422893,550.1211443333333,3.9457646666666415,3.998769999999967
1479,49.370800000000145,0.0513312034072414,0.1582108626144152,0.0513738019168631,17.4082640868,78.4008413884,550.111468,3.938423999999994,3.988759999999992
1480,49.4041666666667,0.0072772452971571,0.3409655662077334,-0.1553070642502005,17.408264804166667,78.40084049166666,550.1063333333333,3.930708333333351,3.979166666666678
1481,49.437533333332794,-0.0174227902027225,0.3837131700368609,-0.2408377706789844,17.408265638333333,78.40083962413333,550.1330266666665,3.9203646666667114,3.9724933333333614
1482,49.470900000000256,-0.0865814696480392,0.0332055378135341,-0.3282002129946722,17.4082664725,78.4008387566,550.1597200000002,3.910020999999929,3.965819999999954
1483,49.50426666666681,-0.081434149804266,0.2183883564158683,-0.460191693295446,17.408267302400002,78.40083788906666,550.1839386666667,3.900359999999978,3.958293333333275
1484,49.53763333333336,-0.0997657082003059,-0.2314022009231587,-0.1771529996456219,17.4082681032,78.40083702153333,550.1912793333333,3.895354999999991,3.944946666666642
1485,49.57099999999991,-0.0651757188488328,0.2523961661396093,-0.2956336528220349,17.408268904,78.400836154,550.19862,3.8903500000000033,3.931600000000009
1486,49.60436666666692,0.0003975860834745,0.6424423144993207,-0.122406815762967,17.408269700433333,78.40083531266667,550.2037336666666,3.8723759999989142,3.9195633333332975
1487,49.63773333333302,-0.0306141285050993,0.6093148739799957,0.1401064962734905,17.408270467866668,78.40083464533333,550.1940573333333,3.768271999999177,3.91622666666664
1488,49.671100000000024,-0.0861554845535655,-0.3315228966758151,-0.0134185303335383,17.4082712353,78.400833978,550.184381,3.66416799999944,3.912889999999982
1489,49.704466666666576,-0.0572807951714883,0.1666453674204276,-0.4044018459367934,17.408271998266667,78.4008332928,550.1775186666667,3.574804000000013,3.8961533333331
1490,49.73783333333358,-0.0430954916633516,0.1756478523078116,-0.3471423500324621,17.408272732333334,78.40083249199999,550.1888633333335,3.580810000000053,3.792716666665755
1491,49.771200000000135,-0.0621938232164585,0.3375079872199862,-0.155995740150505,17.4082734664,78.4008316912,550.2002080000001,3.5868160000000104,3.68927999999982
1492,49.80456666666669,-0.1607454739088664,0.2207312744000233,-0.2724671636495913,17.408274200466668,78.40083090866666,550.2070316666668,3.5880270000001366,3.600913333333302
1493,49.837933333332785,-0.1695846645366714,-0.1117358892438996,-0.0337522186722095,17.408274934533335,78.40083024133334,550.1853433333335,3.558998000000209,3.6075866666666183
1494,49.87129999999979,-0.2155484558085797,0.1618317358568082,-0.1681150159780168,17.4082756686,78.400829574,550.163655,3.529968999999887,3.614260000000026
1495,49.9046666666668,-0.2435214767503801,0.4455094071471802,-0.367057153001905,17.408276398,78.40082889266667,550.1432733333332,3.500846666666626,3.6162666666666303
1496,49.93803333333335,-0.3057578984732641,0.4704011359587122,-0.3985303514396213,17.4082770987,78.40082812523333,550.1309276666666,3.471150333333368,3.589573333333364
1497,49.9713999999999,-0.3171884983983407,0.3390415335434124,-0.2816613418300372,17.4082777994,78.4008273578,550.118582,3.441454000000109,3.5628800000000984
1498,50.00476666666691,-0.2907064252746039,0.3380191693463334,0.1470784522466277,17.4082785001,78.4008265856,550.1067129999999,3.418288000000119,3.5361866666664685
1499,50.03813333333301,-0.2692935747248587,-0.2553496627604808,0.0034646787367194,17.4082792008,78.40082578479999,550.0977039999999,3.434304000000078,3.5094933333332023
1500,50.071500000000015,-0.3082002129927583,-0.1656017039446722,-0.5871139510132547,17.4082799015,78.400824984,550.088695,3.4503200000000382,3.482799999999936
1501,50.10486666666657,-0.289215477456056,-0.8510472133366138,-0.1412850550181666,17.408280597333334,78.4008242124,550.0787613333333,3.4514440000000115,3.462433333333331
1502,50.138233333333574,-0.116968406105076,-0.2756194533254695,0.3089669861578711,17.408281264666666,78.40082361179999,550.0634126666665,3.3653579999990555,3.4791166666668496
1503,50.171600000000126,-0.0775292864734817,-0.303642172521021,0.3240468583701429,17.408281931999998,78.4008230112,550.0480639999998,3.2792719999992723,3.495800000000141
1504,50.20496666666668,0.0141072062477903,0.2668654597094499,0.2384451544193822,17.408282609266664,78.40082242053333,550.0302816666665,3.200437333333137,3.497086666666211
1505,50.238333333332776,0.0528931487405043,0.2318068867592862,0.2274050408244492,17.40828334333333,78.40082188666666,549.9985833333334,3.1630666666667344,3.41033333333349
1506,50.27169999999978,0.1143130990455512,0.2050266240884434,0.3688391906323456,17.408284077399998,78.4008213528,549.9668849999999,3.125695999999823,3.3235799999995885
1507,50.30506666666679,0.1820660276882637,-0.0012921547701507,0.5494071707448472,17.408284796266667,78.40082081386667,549.9395440000001,3.0819920000001293,3.244933333333388
1508,50.33843333333334,0.2234504792350709,0.342463613780099,0.3607170749045119,17.408285430233335,78.40082024663333,549.936541,3.002913000000329,3.211566666666805
1509,50.371799999999894,0.2320766773180605,0.4238551650889815,0.1243876464274932,17.4082860642,78.4008196794,549.9335380000001,2.9238340000005283,3.178200000000223
1510,50.4051666666669,0.2318423855172914,-0.3079872204441461,0.2785232516863459,17.408286698166666,78.400819107,549.9281583333333,2.857671666666686,3.1381166666663267
1511,50.438533333333,0.2983883564093441,-0.1105005324688413,0.1940362087317645,17.408287332133334,78.4008185064,549.9098066666667,2.862009333333342,3.061373333333187
1512,50.471900000000005,0.2650905218311779,-0.2808945686872598,0.4312673056416989,17.4082879661,78.4008179058,549.891455,2.866346999999997,2.984630000000047
1513,50.50526666666656,0.2164004259852261,-0.5835427760029845,0.0726446574384451,17.408288594800002,78.40081731573333,549.8782646666666,2.8610466666668444,2.921053333333312
1514,50.538633333333564,0.1617678381263242,-0.3435214767401906,0.0094710685032055,17.408289195400002,78.40081678186667,549.8926123333334,2.8043233333328814,2.92772666666672
1515,50.572000000000116,0.1358892438773166,-0.1035143769917297,0.2219382321660585,17.408289796000002,78.400816248,549.90696,2.7475999999996907,2.9344000000000365
1516,50.60536666666667,0.0546325878600641,-0.4059140930077817,0.4366347177870083,17.408290385866668,78.40081571413333,549.9138479999999,2.695169999999912,2.9308766666665003
1517,50.63873333333322,-0.0617820376277763,-0.3932268370496146,0.0973091941763557,17.408290919733332,78.40081518026666,549.881816,2.665139999999988,2.87415333333331
1518,50.67209999999977,-0.0477955271568748,0.5409371672257529,-0.1358253461215915,17.4082914536,78.4008146464,549.8497839999997,2.635109999999654,2.817429999999346
1519,50.70546666666678,-0.0676180333688501,-0.0125381611651678,0.0897124600639248,17.408291992933332,78.4008141016,549.8202666666665,2.6086879999999337,2.765626666666446
1520,50.73883333333333,-0.0377706780262109,-0.0277955271432122,-0.0563720269789394,17.408292560166664,78.400813501,549.8035833333333,2.6006799999999903,2.7389333333333017
1521,50.772199999999884,0.0284558040472302,-0.4751011714668096,0.1050905218318288,17.4082931274,78.4008129004,549.7869000000001,2.592672000000047,2.712240000000157
1522,50.80556666666689,-0.0098544550941594,-0.2812140575112145,-0.192218672342999,17.408293677933333,78.40081233320001,549.7717196666666,2.5703019999998653,2.688886666666657
1523,50.83893333333299,0.0248775292854986,-0.6061483848033496,-0.1233652822209804,17.408294145066666,78.40081193280001,549.7640453333333,2.4762080000001023,2.6822133333333404
1524,50.872299999999996,0.1321405750796552,-0.0213205537856,0.0732481363158256,17.4082946122,78.40081153240001,549.7563710000001,2.38211400000034,2.675540000000024
1525,50.90566666666655,0.211643592474696,0.0963436279745642,0.3184948526807502,17.408295085,78.40081111500001,549.7525499999999,2.300543333333458,2.654133333333906
1526,50.939033333333555,0.1637983670607767,-0.3711182108419465,0.0341924032810936,17.4082955855,78.4008106145,549.7675650000001,2.280189666666565,2.560706666666202
1527,50.97240000000011,0.1145899893500627,-0.2800851970246906,-0.2959318423868957,17.408296086,78.400810114,549.78258,2.2598359999999498,2.467279999999771
1528,51.00576666666666,0.1398296059641689,0.2618530351405969,-0.000134895276978,17.408296592266666,78.4008096135,549.7990943333333,2.241097000000001,2.386540000000001
1529,51.03913333333321,0.1507277245285824,0.3762158324254789,0.0849272275471417,17.408297126133334,78.400809113,549.8227846666666,2.2300860000000284,2.366520000000052
1530,51.07250000000022,0.1214057508020151,0.7316293929758951,0.0260915867986755,17.40829766,78.4008086125,549.8464750000002,2.219074999999906,2.3464999999998297
1531,51.10586666666677,0.0719772807957119,0.1070074547433031,0.0869719559822509,17.408298182133333,78.40080813546666,549.8715146666668,2.1925759999994057,2.327653333333253
1532,51.13923333333332,0.0079588214399147,0.7620021299316476,-0.2466311679158219,17.408298649266666,78.40080776843332,549.9028793333334,2.0934769999996554,2.3143066666666203
1533,51.172599999999875,0.0814483493072472,0.2778274760324652,-0.0737380191702279,17.4082991164,78.4008074014,549.934244,1.9943779999999052,2.3009599999999875
1534,51.20596666666688,0.0633368832086756,-0.4236705714893989,0.0323464678681564,17.408299589499997,78.40080701049999,549.9663843333337,1.9169976666669184,2.2720999999988742
1535,51.23933333333298,0.0534611288626594,-0.4313099041541294,-0.0750443734483757,17.40830009,78.40080651,550.0020866666669,1.9393533333334267,2.171999999999582
1536,51.272699999999986,0.1220447284344273,-0.7131842385532934,0.093099041533182,17.4083005905,78.4008060095,550.0377889999999,1.9617089999999355,2.0719000000002894
1537,51.30606666666654,0.1561661341853732,-0.0845580404678281,-0.164941427050367,17.408301066733333,78.40080553326666,550.072399333333,1.967199333333976,1.993639999999817
1538,51.33943333333309,0.0035143769979286,-0.8327085551465626,-0.2655804047022398,17.408301433766667,78.40080516623334,550.1020956666667,1.8967956666665275,2.0136600000000398
1539,51.3728000000001,0.1571458998941158,0.5386581469683044,0.0455378061789844,17.4083018008,78.4008047992,550.1317919999999,1.8263920000000384,2.033679999999989
1540,51.406166666666195,0.1669151579698778,0.3501952431666345,0.538019169332909,17.408302167833334,78.40080443216667,550.1548283333333,1.7647450000000706,2.0364333333335582
1541,51.4395333333332,0.1287752928607049,0.0473695420425454,0.4962016329235594,17.408302534866667,78.40080406513334,550.1484886666666,1.7417220000001286,1.9630266666670768
1542,51.47290000000021,-0.0277316293909256,-0.6076038338571828,-0.1748029818888614,17.4083029019,78.4008036981,550.1421489999999,1.718698999999873,1.8896199999995948
1543,51.50626666666676,-0.1931842385485318,-0.5440255591026689,-0.6462903798221512,17.408303262666667,78.4008033436,550.1363106666666,1.691351999999862,1.82623999999994
1544,51.53963333333331,-0.1698331558391336,-0.2323251686116118,-0.4153354632609167,17.408303596333333,78.4008030433,550.1326403333333,1.645305999999978,1.8062199999999904
1545,51.572999999999865,-0.0820021299254526,0.7358892438764644,-0.3876464323748669,17.40830393,78.400802743,550.12897,1.5992600000000945,1.7862000000000409
1546,51.60636666666687,-0.0853532126408404,0.8051047213151092,-0.1647568335280884,17.408304244566665,78.4008024427,550.1223073333331,1.5555696666663612,1.7610866666662433
1547,51.639733333333425,-0.0967128150513801,0.6977493787805531,0.0857649982195993,17.408304478133335,78.4008021424,550.1029546666665,1.521869333333113,1.7143733333330278
1548,51.67309999999998,-0.1430883919064692,0.0716080937311788,0.2424068157593794,17.4083047117,78.4008018421,550.0836019999999,1.4881689999998646,1.667659999999812
1549,51.70646666666653,-0.121632942850123,-0.2977635782944032,0.1085835995616247,17.408304951733335,78.40080155473333,550.0618566666666,1.4525286666666395,1.6241799999999813
1550,51.73983333333308,-0.1259850905158168,-0.3164714234945113,-0.1176428824743556,17.408305218666666,78.40080132116665,550.0301583333331,1.4088183333330198,1.5941499999997844
1551,51.77320000000009,0.0312673056444883,-0.3499893503713887,0.0296911608095033,17.4083054856,78.40080108759999,549.9984599999999,1.365107999999995,1.5641199999999966
1552,51.806566666666185,0.1724955626553793,0.1656514021858803,0.1826482073113698,17.408305752533334,78.40080085403332,549.9708330000001,1.324878000000158,1.5327766666668894
1553,51.83993333333319,0.2124245651393418,-0.0920837770669243,0.1368264110734388,17.408306019466664,78.40080062046667,549.9598220000001,1.2988520000002235,1.4960733333336484
1554,51.8733000000002,0.2338871139518485,-0.1882215122417712,0.1572736954184286,17.4083062864,78.4008003869,549.948811,1.2728259999999345,1.4593699999999077
1555,51.90666666666675,0.3458288959913976,-0.3561235356887265,0.4869719559882755,17.408306553333333,78.40080017333334,549.9345333333334,1.24,1.4253333333333331
1556,51.940033333333304,0.3634859779907922,0.173766418174815,0.2385374511896319,17.408306820266667,78.40080003986667,549.9071726666667,1.1799400000001514,1.4019766666667255
1557,51.973399999999856,0.3728221512213984,-0.0121831735795408,0.0190415335316267,17.4083070872,78.4007999064,549.8798120000001,1.1198800000003029,1.378620000000118
1558,52.00676666666686,0.3978629747988253,-0.3015122470245353,0.0709265175739383,17.408307374433335,78.4007998,549.8559699999998,1.0680076666665472,1.3498499999996965
1559,52.040133333333415,0.3938800141999008,-0.3941498047638085,0.0622932197412015,17.40830774146667,78.4007998,549.8459599999999,1.0483213333332635,1.2997999999998229
1560,52.07349999999997,0.4357827476039888,-1.2071352502705508,0.6391906283279698,17.408308108499998,78.4007998,549.8359499999999,1.0286349999999798,1.2497499999999488
1561,52.10686666666652,0.51328363507207,-0.1582250621412235,0.6219950301687627,17.4083084618,78.40079976566666,549.8353473333333,1.005584000000054,1.207940000000015
1562,52.14023333333307,0.461618743346848,0.2017039403828343,0.6574440894658593,17.4083087621,78.40079959883333,549.871049666667,0.9695479999996536,1.1979299999999038
1563,52.17360000000008,0.2396166134220172,-1.4725878594348694,-0.034675186359016,17.4083090624,78.400799432,549.9067520000002,0.9335119999997444,1.187919999999929
1564,52.206966666666176,0.0682499112546144,-1.1672701455265158,-0.689996450126436,17.4083093627,78.40079927213334,549.9351393333333,0.9065326666666932,1.1723366666665338
1565,52.24033333333318,0.1955981540656086,0.0766773162922831,-0.2568690095793762,17.408309663,78.40079913866667,549.9358066666666,0.913873333333308,1.13563333333346
1566,52.27370000000019,0.2021086261918996,0.4879446219115924,0.6483280084972463,17.4083099633,78.4007990052,549.936474,0.9212140000000228,1.098929999999886
1567,52.30706666666674,0.1727511537105912,0.0983741569153124,0.4697053603217364,17.408310249466666,78.4007988788,549.936152,0.9196506666667708,1.0714133333333131
1568,52.340433333333294,0.1284771033015859,1.0012495562826886,-0.495477458292922,17.408310483033333,78.4007987787,549.932148,0.8849493333335249,1.07808666666663
1569,52.37379999999985,0.172609158676614,-0.6999361022542707,0.5138232162000792,17.4083107166,78.4007986786,549.928144,0.850248000000279,1.0847599999999464
1570,52.40716666666685,0.183351082713122,-0.6928292509814171,0.2270500532615607,17.408310935833335,78.400798557,549.922205,0.8288766666667505,1.083549999999908
1571,52.440533333333406,0.2145544905927258,1.4170394036201177,-0.91987220447301,17.408311102666666,78.4007983568,549.909192,0.8562373333333482,1.0535199999999836
1572,52.47389999999996,0.3621299254548253,0.5376783812244375,0.6900958466645453,17.4083112695,78.40079815659999,549.896179,0.8835979999999459,1.0234900000000593
1573,52.50726666666651,0.2996379126716926,-0.4434504792340792,1.0981043663325174,17.408311450866666,78.40079794186666,549.8856366666666,0.9122666666665166,1.0050866666665617
1574,52.54063333333306,0.0901526446589582,0.1280156194383268,-0.7649840255483582,17.408311684433333,78.40079767493333,549.8839683333333,0.9456333333335538,1.0284433333334877
1575,52.57400000000007,0.1082002129883996,0.80638977636484,-0.5143769968335878,17.408311918,78.400797408,549.8823,0.9790000000001364,1.0518000000000955
1576,52.60736666666662,0.1010010649631602,-0.31358892438698,0.7622435214785976,17.408312158933335,78.40079714843333,549.8804106666666,1.0055156666666702,1.0758933333333751
1577,52.64073333333317,-0.1848065317715429,-0.5566915157910581,-0.45711040114515,17.408312425866665,78.40079691486666,549.8777413333333,1.007851333333331,1.1025866666666413
1578,52.67410000000018,-0.3022790202424743,0.9066240681474484,-1.3774014909725505,17.4083126928,78.4007966813,549.875072,1.0101870000000237,1.129280000000271
1579,52.70746666666673,-0.1286616968412924,-0.5378345757855159,0.7032871849435445,17.408312967199997,78.40079641786667,549.8749413333335,1.025066666667053,1.1507466666666886
1580,52.740833333333285,-0.287539936099718,-1.367234646789267,0.4405395811256382,17.4083132675,78.40079605083334,549.8836166666667,1.0834583333333068,1.1540833333333318
1581,52.77420000000029,-0.4304153354608876,0.7754632587638124,-1.4056656017010578,17.408313567799997,78.4007956838,549.8922920000001,1.1418500000003566,1.1574200000000203
1582,52.807566666666844,-0.2142137025204013,0.7584167554174065,-0.4120198793068564,17.408313883233333,78.40079533946667,549.899681,1.1959286666666693,1.1713500000000034
1583,52.840933333333396,-0.1295704650316252,-1.20460063897547,1.0886332978345423,17.408314250266667,78.40079507253334,549.902684,1.2353013333332368,1.2213999999998773
1584,52.87429999999995,-0.1688391906288975,0.2438977635911025,-0.4400212992764121,17.4083146173,78.4007948056,549.905687,1.274673999999804,1.271449999999751
1585,52.907666666666955,-0.0733404330938239,1.9701100461887615,-1.2817181399160589,17.408314969,78.40079451566666,549.90708,1.3081433333334171,1.3176666666668713
1586,52.94103333333305,0.1094071707474223,-0.460809371640164,0.7319488817669182,17.4083152693,78.40079414863334,549.9030759999999,1.321823666666716,1.351033333333454
1587,52.97440000000006,-0.0240681576140767,-1.4509478168305874,0.7585090521863234,17.4083155696,78.4007937816,549.8990719999999,1.335504000000015,1.3844000000000365
1588,53.00776666666661,-0.2265672701450696,0.3854455094038646,-1.7276322328674998,17.4083158699,78.40079342233334,549.8975533333332,1.3519803333332967,1.4131066666666474
1589,53.04113333333362,0.0704863329744675,1.4648633297880411,-0.6019311324309227,17.4083161702,78.40079308866667,549.9042266666668,1.3776726666669157,1.4264533333334624
1590,53.07450000000017,0.2348242811572787,-1.4664536740915737,1.488178913747918,17.4083164705,78.400792755,549.9109000000001,1.4033650000001838,1.4398000000000954
1591,53.10786666666672,-0.2329428469999158,-0.6793894213622609,-0.2679588214457851,17.40831680226667,78.4007924292,549.912696,1.4382613333336334,1.4555066666667749
1592,53.141233333333275,-0.3585942492011384,0.8377422790246627,-1.701803336882936,17.408317236033334,78.4007921289,549.898682,1.5029926666668034,1.4788633333333827
1593,53.17460000000028,-0.2554206602835231,1.7083280085166646,-0.6625346113227608,17.408317669800002,78.4007918286,549.8846679999998,1.5677240000008557,1.5022200000003088
1594,53.207966666666834,-0.1776641817513966,-1.5411927582448368,0.8836137735214162,17.408318095600002,78.40079149643334,549.8745576666668,1.6249666666669875,1.535136666667276
1595,53.24133333333339,-0.5307064252760516,-1.4195953142101088,-0.0436634717514644,17.408318496,78.40079106266667,549.8768933333333,1.6583333333334185,1.5985333333334946
1596,53.27469999999994,-0.5772523961664131,0.7529925452680175,-1.3048988285439649,17.4083188964,78.4007906289,549.879229,1.691699999999849,1.661929999999713
1597,53.308066666666946,-0.6219524316709577,1.3339723110407131,-1.072062477855539,17.408319280666667,78.4007902032,549.8903573333334,1.7115146666665957,1.7172600000000942
1598,53.34143333333304,-0.4459424920209427,-2.244181753533723,0.420241391526695,17.408319614333333,78.40078980279999,549.9290626666667,1.6888253333333194,1.7472900000000184
1599,53.37480000000005,-0.6878381256632151,-2.182406815720687,-0.1059850905394056,17.408319948,78.4007894024,549.9677679999999,1.6661360000000434,1.7773199999999427
1600,53.4081666666666,-0.6788427405043052,0.6571529996484219,-1.248384806531355,17.40832033883333,78.40078899383333,550.0003483333332,1.6748883333328648,1.793466666666785
1601,53.44153333333361,-0.6425417110415949,1.629818956371959,-0.4831380901798554,17.408320906066667,78.40078856006667,550.0140286666667,1.780660666667373,1.766773333333155
1602,53.47490000000016,-0.5453248136324315,-2.0642598508816645,0.1981256656014055,17.4083214733,78.4007881263,550.0277090000001,1.88643300000044,1.740079999999889
1603,53.508266666666714,-0.8190983315603584,-1.579297124618182,-0.3122328718458795,17.408322024,78.40078770080001,550.0422986666667,1.9692240000000207,1.745626666666836
1604,53.541633333333266,-0.4979623713192871,1.014739084148374,-0.3522257721087548,17.4083225245,78.4007873004,550.0596493333334,1.9822369999999885,1.8490633333332416
1605,53.57500000000027,-0.4549520766744492,1.6811501597950849,-0.7392971246000966,17.408323025,78.4007869,550.0770000000002,1.995250000000133,1.952500000001057
1606,53.608366666666825,-0.338367057152966,-0.7815193467791098,0.0599077032192392,17.408323508766667,78.4007864996,550.088996,2.0070080000000616,2.032510000000077
1607,53.64173333333338,-0.4231309904246686,-1.047170749079485,0.4560738374194833,17.408323942533332,78.4007860992,550.0849919999999,2.015016000000041,2.042520000000052
1608,53.67509999999993,-0.2454313099035837,1.5382960596363746,-0.032460063895687,17.4083243763,78.40078569880001,550.0809879999999,2.023024000000021,2.0525300000000266
1609,53.708466666666936,-0.3361164359236229,1.481050763270643,-0.5272843450566173,17.40832483546667,78.40078528993334,550.0764759999998,2.0355193333336574,2.0616933333334178
1610,53.741833333333034,-0.321902733399927,-1.504721334655832,0.004401845912947,17.408325369333333,78.40078485616667,550.0704699999999,2.061211666666809,2.068366666666704
1611,53.77520000000004,-0.3944621938230999,-1.5858998934871182,0.024153354629775,17.408325903199998,78.4007844224,550.0644639999999,2.086903999999961,2.07503999999999
1612,53.80856666666659,-0.0229037983699447,1.81662051831057,0.3016258430770551,17.408326454199997,78.40078400576667,550.0547743333334,2.108741333333254,2.086853333333135
1613,53.8419333333336,-0.0900674476377777,2.057223997232013,-0.3058430954975441,17.408327054799997,78.40078363873333,550.0344206666666,2.119418666666706,2.113546666666765
1614,53.87530000000015,0.0696485622990409,-0.8276890308638114,0.6556336528144103,17.408327655399997,78.4007832717,550.014067,2.1300960000000124,2.140240000000031
1615,53.908666666666704,-0.0656727014532536,-2.5611643592371465,0.6423855165102542,17.408328204,78.400782844,549.9921533333334,2.155593333333241,2.1634666666666487
1616,53.94203333333326,0.0860844870434054,-0.8005679800970108,0.3578842740448396,17.408328604399998,78.4007822434,549.9657936666667,2.223327666666404,2.176813333333281
1617,53.97540000000026,0.3106283280054822,1.0581469648218262,0.6770181043789929,17.4083290048,78.4007816428,549.9394339999998,2.291062000000489,2.1901600000000965
1618,54.008766666666816,0.2674689385886707,0.3735818246824151,0.9140078097259724,17.40832942273333,78.4007810685,549.9164933333333,2.339860333333313,2.2175333333336478
1619,54.04213333333337,0.2066453674111641,-1.2846290379896563,0.8943840965541681,17.408329889866668,78.400780568,549.9031466666667,2.335522666666657,2.284266666666812
1620,54.07549999999992,-0.0354632587825136,-2.006176783810978,0.4588924387727599,17.408330357,78.4007800675,549.8898,2.3311850000000014,2.3509999999999773
1621,54.10886666666693,0.1674263400773249,0.6387220446849182,-0.0387362442370256,17.4083308596,78.400779567,549.8718426666663,2.340945333333858,2.4
1622,54.142233333333024,0.1357472488468134,1.671118210838613,0.2335392261193446,17.4083314602,78.40077906650001,549.8411453333331,2.3896606666670683,2.4
1623,54.17560000000003,-0.0101384451541715,1.4667092651791358,0.3834717784878265,17.4083320608,78.400778566,549.8104479999998,2.4383760000002788,2.4
1624,54.20896666666658,-0.0438338658144562,-0.2907916223571949,0.4417323393764493,17.40833267036667,78.4007780655,549.7773296666666,2.479918000000044,2.413450000000099
1625,54.24233333333359,-0.0616258430849083,-1.7034433794931538,0.5072772453212748,17.408333304333333,78.400777565,549.737623333333,2.501940000000188,2.4635000000004275
1626,54.27570000000014,-0.184984025555173,-1.8911608093844188,0.0652609158848134,17.4083339383,78.40077706449999,549.697917,2.5239620000000325,2.5135500000000737
1627,54.309066666666695,-0.0959886404041982,-1.024650337283903,0.1531842385536342,17.408334572266668,78.40077654586666,549.6573040000002,2.557317333333055,2.5563466666665646
1628,54.34243333333279,0.2063684771035105,1.1979197728118542,0.3058430954919264,17.408335206233332,78.40077597863333,549.6142610000003,2.621047666666228,2.5797033333331725
1629,54.375800000000254,0.3082854100122536,2.272374866885541,0.0459637912695837,17.4083358402,78.40077541139999,549.5712179999998,2.684778000000269,2.6030600000000987
1630,54.409166666666806,0.313099041536452,1.9171104012012907,-0.0534256301026073,17.408336474166664,78.40077481666667,549.5327583333333,2.743283333333409,2.638333333333447
1631,54.44253333333336,0.3032161874328432,0.9066382676271836,-0.0257436989659979,17.40833710813333,78.40077414933333,549.5063986666667,2.78799466666663,2.705066666666612
1632,54.47589999999991,0.3104579339734694,-1.4018956336943489,0.5970181043822125,17.4083377421,78.400773482,549.480039,2.8327059999998507,2.771799999999777
1633,54.50926666666692,0.2606460773879785,-2.107717429881807,1.2158750443492532,17.408338376066666,78.40077279613334,549.4516406666664,2.8804753333337665,2.8320466666670034
1634,54.542633333333015,0.226695065673063,-1.3103230386958722,0.7559460418915043,17.408339010033334,78.40077206206666,549.4179403333331,2.93619766666696,2.875423333333561
1635,54.57600000000002,0.1133120340771412,-0.8394036208894835,0.0189563365358344,17.408339644,78.400771328,549.38424,2.991920000000152,2.918800000000118
1636,54.609366666666574,0.0928718494923592,-0.0656656016617607,-0.6068299609530352,17.408340277966666,78.40077059393333,549.3512890000001,3.0378073333333377,2.965923333333345
1637,54.64273333333358,0.2793894213586575,2.030770322938929,-0.6233297835002365,17.408340911933333,78.40076985986667,549.3202579999996,3.058494666666901,3.0226466666673084
1638,54.67610000000013,0.3114164004247491,1.3044941426941803,0.4972523961382624,17.4083415459,78.40076912580001,549.2892269999998,3.079182000000182,3.0793700000004987
1639,54.709466666666685,0.3201419950321537,1.564856230068968,0.6719772807907516,17.408342189333336,78.4007683728,549.2579119999999,3.1075373333335707,3.1256800000001
1640,54.74283333333278,0.2433439829588529,-0.176641817514277,0.6674831380838259,17.408342856666668,78.400767572,549.2258800000001,3.155251666666567,3.1456999999999584
1641,54.77619999999979,0.2321618743343983,-1.953823216157221,0.9360596379121034,17.408343524,78.40076677120001,549.1938479999999,3.202966000000213,3.1657200000000896
1642,54.8095666666668,0.0575789847350692,-2.2553993610245784,0.1187291444783798,17.408344210466666,78.40076598953334,549.1702346666667,3.2356606666666727,3.194349999999935
1643,54.84293333333335,-0.119474618388625,-1.4433652822128988,-0.4970110046162512,17.408344944533333,78.40076525546667,549.1675653333334,3.2309893333333517,3.244399999999809
1644,54.8762999999999,-0.1698828540990836,-1.4261554845010411,-0.4215974441072166,17.4083456786,78.40076452139999,549.164896,3.2263180000000293,3.294449999999683
1645,54.90966666666691,-0.1263755768729547,-0.2655307065529982,-0.935747248847582,17.408346422333334,78.40076376799999,549.1581666666666,3.240690000000291,3.3290333333333173
1646,54.943033333333005,0.084629037978918,1.1691018814006344,-0.6002910898195226,17.408347189766666,78.4007629672,549.1414833333333,3.301751000000137,3.325696666666659
1647,54.97640000000001,0.1706496272659049,2.108157614487259,0.0198509052125756,17.4083479572,78.4007621664,549.1248,3.3628119999999835,3.3223600000000006
1648,55.009766666666565,0.1241817536376553,1.930379836697236,0.2967909123195966,17.40834872463333,78.40076135583332,549.1111443333334,3.412934333333267,3.337579999999832
1649,55.04313333333357,0.0306709265154797,0.4787504438013243,0.7254668086495161,17.408349492066666,78.40076052166667,549.1048046666667,3.436624666666864,3.397640000000499
1650,55.076500000000124,0.0729499467480861,-1.3922257719986586,0.3685835995651233,17.4083502595,78.4007596875,549.098465,3.4603150000001373,3.457700000000348
1651,55.109866666666676,-0.074888178917713,-2.839900603457408,0.1229676961172626,17.4083510072,78.40075883360001,549.0822586666666,3.487853333333453,3.505920000000065
1652,55.14323333333277,-0.0534185303495664,-1.4164217252482816,0.0223642172605321,17.4083517079,78.4007579327,549.0425523333333,3.5245566666666943,3.525940000000015
1653,55.17659999999978,-0.0765495207633211,-1.7145899893887284,-0.2912034078550258,17.4083524086,78.40075703180001,549.0028459999995,3.5612600000004355,3.5459600000002376
1654,55.20996666666679,-0.0027263045791769,-0.1532126375563037,-0.2562726304583291,17.408353109300002,78.40075617076667,548.9639369999998,3.5755383333330277,3.5709633333336264
1655,55.24333333333334,0.0074547390825822,0.1500887468733119,-0.6834930777389471,17.40835381,78.40075540333333,548.9269,3.537166666666632,3.6076666666667
1656,55.27669999999989,0.1915654952107051,1.2200851970525393,-0.9133120340589708,17.4083545107,78.4007546359,548.8898630000002,3.498795000000237,3.644369999999774
1657,55.3100666666669,0.1926588569406476,1.453773517926232,-0.0722896699052726,17.4083552416,78.40075380806667,548.8596713333334,3.491227333333446,3.659933333333274
1658,55.343433333332996,0.1112034078836531,1.867476038369684,-0.102584309565908,17.4083560424,78.40075284043334,548.8453236666667,3.5549576666666187,3.626566666666692
1659,55.3768,0.2140575079864455,1.277018104311115,0.8788924387744685,17.4083568432,78.4007518728,548.8309760000001,3.618687999999792,3.593200000000109
1660,55.410166666666555,0.1879659211924676,0.0994320198927416,0.9697195598147414,17.408357644,78.40075091533333,548.8196783333334,3.674691666666445,3.588299999999652
1661,55.44353333333356,-0.0662122825653782,-2.1301100461405533,-0.0315796947000023,17.4083584448,78.40074998106667,548.8153406666667,3.713063333333537,3.648360000000319
1662,55.476900000000114,0.0171884984036426,-1.7566773162838527,-0.0257507987161499,17.4083592456,78.4007490468,548.811003,3.7514350000001073,3.708420000000168
1663,55.510266666666666,-0.0636847710335561,-1.2464181753594237,0.3039545615865113,17.408360056666666,78.40074811253334,548.800916,3.786418666666674,3.761293333333344
1664,55.54363333333322,-0.2153141640151214,-1.551806886730975,-0.0662122826024915,17.408360890833332,78.40074717826666,548.7778930000001,3.813779333333272,3.797996666666584
1665,55.577000000000226,0.0249201277945391,1.1706070287519017,-0.3774227901943812,17.408361725,78.40074624399999,548.7548699999999,3.841140000000242,3.834700000000325
1666,55.61036666666678,-0.1151792687266315,-0.2810152644597914,-0.7150443734471282,17.4083625488,78.40074526826666,548.7358899999999,3.8763793333336674,3.868293333333503
1667,55.64373333333333,-0.1609655662090467,0.3634078806969847,-1.377167199161156,17.408363349600002,78.40074420053332,548.72588,3.929098666666868,3.894986666666768
1668,55.67709999999988,-0.0160383386577904,1.848391906300916,-0.2896698615424478,17.4083641504,78.4007431328,548.71587,3.981818000000068,3.9216800000000345
1669,55.71046666666689,-0.0665672701467381,1.4335534257131215,0.0793184238260147,17.4083649826,78.40074209646667,548.710884,4.01810466666667,3.955700000000549
1670,55.74383333333299,-0.040291089816764,0.9656727015143902,-0.0270145545111008,17.4083658835,78.40074112883333,548.71689,4.018438333333335,4.005750000000195
1671,55.77719999999999,0.0278168264111375,-0.5825772098397787,0.4032374866994028,17.4083667844,78.4007401612,548.722896,4.018771999999999,4.0557999999998415
1672,55.810566666666546,0.0275541356020012,-1.7251402201240198,0.5995385161503752,17.408367674733334,78.400739183,548.7268943333333,4.025656999999815,4.09
1673,55.84393333333355,0.0081363152299432,-0.9116222932251252,0.13431309904392,17.40836854226667,78.400738182,548.7265606666666,4.046678000000049,4.09
1674,55.877300000000105,0.097060702875407,-0.8695633652792552,0.9129925452601024,17.408369409800002,78.400737181,548.726227,4.067698999999996,4.09
1675,55.91066666666666,-0.0452964146259787,0.0969826056036832,-0.299254526088003,17.408370288,78.400736148,548.7261066666666,4.094266666666562,4.096399999999945
1676,55.94403333333321,0.0523109691221481,0.1076606319425257,-0.2544408945814985,17.408371188900002,78.4007350469,548.7264403333334,4.132638333333132,4.116419999999895
1677,55.977400000000216,0.0277742278910552,1.122854099978927,-0.9231948881650012,17.4083720898,78.4007339458,548.726774,4.171010000000225,4.136440000000118
1678,56.01076666666677,-0.0121689740843624,1.1721831735833996,-0.6173801917023798,17.408372990700002,78.40073289853333,548.7200016666666,4.195384999999983,4.161843333333456
1679,56.04413333333332,-0.092097976570727,1.203848065320798,-0.3154277600310103,17.4083738916,78.40073196426667,548.6983133333333,4.190379999999996,4.198546666666696
1680,56.07749999999987,0.0079872204472843,1.2529286474973376,0.224174653887114,17.408374792500002,78.40073103,548.6766250000001,4.1853750000000085,4.235249999999938
1681,56.11086666666688,0.0051686190968747,-0.1117074901924036,0.4691373801778388,17.408375704266668,78.40073013920001,548.6461346666663,4.17689266666652,4.257826666666603
1682,56.14423333333298,-0.0017891373826092,-0.2524103655523191,0.5591125310340809,17.408376638533333,78.4007293384,548.597419333333,4.1612103333332255,4.251153333333288
1683,56.177599999999984,-0.0793610223643567,-0.547263045797597,0.4028966986135183,17.408377572800003,78.4007285376,548.5487039999998,4.145527999999931,4.244479999999971
1684,56.210966666666536,-0.0588853390193127,-1.1974369897302517,0.239964501222199,17.408378485133333,78.40072774776667,548.4920926666666,4.12173033333332,4.235613333333329
1685,56.24433333333309,-0.1819666311527734,-1.4893858715209465,-0.0474973375539762,17.408379352666667,78.40072698033333,548.4193533333328,4.081356666666388,4.222266666666575
1686,56.277700000000095,-0.1197231096907966,-0.9147177848800708,-0.2695633652811148,17.4083802202,78.4007262129,548.346614,4.040983000000007,4.208920000000003
1687,56.31106666666619,-0.2210578629783744,-1.4679588214686046,-0.4193681221199851,17.408381087733332,78.400725368,548.2815106666669,4.029935999999725,4.187826666666877
1688,56.3444333333332,0.0089172878981729,1.210571530017241,-0.5521618743206987,17.408381955266666,78.400724367,548.2317943333337,4.077983999999604,4.151123333333636
1689,56.37780000000021,0.1141640042583592,1.3508413205416852,-0.1302236421819618,17.4083828228,78.40072336600001,548.1820779999998,4.126032000000138,4.114419999999895
1690,56.41116666666676,0.1466453674109201,0.9287539935889344,0.0592119275754833,17.4083837015,78.40072238733333,548.1320266666667,4.165035000000008,4.106750000000017
1691,56.44453333333331,0.1364856230000489,1.55275825344068,0.0911750088729291,17.4083846024,78.40072145306667,548.0813093333335,4.1860559999999545,4.156799999999891
1692,56.47789999999986,0.1257082002125973,1.2890308839130769,0.1858359957400037,17.4083855033,78.4007205188,548.0305920000002,4.207076999999901,4.206849999999765
1693,56.51126666666687,0.1691302804403033,0.6844160454822217,0.3312886048946404,17.408386438,78.40071960706666,547.9886626666664,4.216831333333254,4.246760000000128
1694,56.54463333333342,0.1173020944271832,-0.2694568689781504,0.5918991835256301,17.408387439000002,78.40071873953333,547.9639713333332,4.204485666666619,4.266780000000078
1695,56.577999999999975,0.1490947816826411,-2.1853035143769968,0.711395101171459,17.40838844,78.400717872,547.9392799999999,4.192139999999983,4.286800000000027
1696,56.61136666666653,-0.0737238196722832,-2.340717074847931,0.2620163293931232,17.408389486466668,78.4007170272,547.9197036666667,4.192411333333305,4.296590000000012
1697,56.64473333333308,-0.1089101881380426,-0.8263542776527317,-0.3466524671312806,17.408390620933336,78.4007162264,547.9100273333332,4.2171026666669125,4.2865799999999
1698,56.678100000000086,-0.0813631522866478,-1.039552715662321,-0.1998935037177225,17.4083917554,78.4007154256,547.9003509999999,4.241794000000184,4.276569999999925
1699,56.71146666666618,-0.179084132052232,-0.3478310259348038,-0.2708839190445189,17.408392866933333,78.40071468213333,547.8883813333333,4.237015999999796,4.278026666666745
1700,56.74483333333319,-0.1103656372020456,0.1590699325576618,-0.6006034788776516,17.408393934666666,78.40071404816666,547.8720316666668,4.175955000000228,4.301383333333246
1701,56.7782000000002,-0.1322683706078423,0.417082002123928,-0.8773588924397797,17.4083950024,78.4007134142,547.855682,4.114893999999827,4.324740000000066
1702,56.81156666666675,-0.1032871849495301,0.6550514731873458,-0.9199432019928392,17.408396093266667,78.40071278023333,547.8321610000002,4.079279666666634,4.319180000000159
1703,56.8449333333333,0.0192687255954164,1.0395456159151892,-0.0727298544512959,17.408397227733335,78.40071214626666,547.7951240000002,4.09162533333327,4.259120000000311
1704,56.878299999999854,0.0323322683702466,1.8757827476365023,-0.2446645367334673,17.4083983622,78.40071151229999,547.7580870000003,4.1039709999999054,4.199060000000463
1705,56.91166666666686,0.0070997515109571,1.2523961661891037,-0.0638977635972588,17.408399485,78.40071082,547.7310833333333,4.120166666666746,4.1646666666667125
1706,56.94503333333341,0.0221015264465652,0.4167199148051708,0.4468938587142927,17.4084005861,78.40071001919999,547.7227416666667,4.143523333333354,4.178013333333345
1707,56.978399999999965,0.0615974440898907,-1.2820447284085934,0.977167199145736,17.4084016872,78.4007092184,547.7144,4.166879999999962,4.191359999999978
1708,57.01176666666652,-0.0993397231124186,-1.8949591764448777,0.2399290024798557,17.40840274123333,78.4007083823,547.6871140000002,4.188471666666591,4.208236666666569
1709,57.04513333333307,-0.128548100812783,-1.31155129575688,-0.1910259140662661,17.408403708866665,78.40070748139999,547.6250519999995,4.206823333333461,4.231593333333495
1710,57.078500000000076,-0.1187433439823794,-1.2100106496503542,0.061341853044752,17.4084046765,78.4007065805,547.5629899999998,4.225175000000082,4.254950000000103
1711,57.111866666666174,-0.1709336173234246,-1.2051686190909083,-0.1337593184272258,17.408405608533332,78.400705644,547.5046066666666,4.2335586666666485,4.277120000000038
1712,57.14523333333318,-0.0490592829262728,0.2475612353467009,-0.4410010649617771,17.408406476066666,78.400704643,547.4528883333334,4.223882333333339,4.297139999999987
1713,57.17860000000019,0.0584025559100084,0.5499467518467153,0.0418317358871284,17.4084073436,78.400703642,547.4011699999995,4.214205999999899,4.31716000000021
1714,57.21196666666674,0.0092722754719289,0.0210862619988074,0.0480440184646643,17.408408211133334,78.40070265296666,547.3475369999996,4.208239333333338,4.326409999999936
1715,57.24533333333329,0.019240326589454,0.164643237493003,0.2548100816485499,17.408409078666665,78.40070168533333,547.2904800000001,4.208906666666667,4.316400000000007
1716,57.278699999999844,0.1318210862636428,1.3147177849063387,-0.0518849840301927,17.4084099462,78.40070071769999,547.2334230000005,4.209573999999995,4.306390000000078
1717,57.31206666666685,0.0963152289689891,1.2242385516395844,0.197344692918934,17.408410849933333,78.400699738,547.1805893333333,4.2242386666666825,4.301206666666668
1718,57.3454333333334,0.0685764998228923,0.3453319133852141,0.4448562300315459,17.408411817566666,78.400698737,547.1352106666668,4.26361133333325,4.304543333333326
1719,57.378799999999956,-0.0122257720984647,-0.6034930777442782,0.3783599573972718,17.4084127852,78.400697736,547.0898320000002,4.302983999999817,4.307879999999984
1720,57.41216666666651,-0.0695775647858782,-0.2477813276536612,-0.0280795172224893,17.408413716333335,78.40069674716666,547.0387350000004,4.319848333333494,4.324599999999713
1721,57.44553333333306,-0.011529996450868,0.1314022009178885,-0.4187575434868729,17.408414583866666,78.40069577953334,546.9776739999998,4.297492666666579,4.364640000000158
1722,57.47890000000007,-0.0025559105447,0.4182108626336686,-0.1835782747776957,17.4084154514,78.40069481190001,546.916613,4.275136999999968,4.404680000000057
1723,57.51226666666662,0.0341782037616465,-0.6986297479872614,0.5434007809760469,17.408416367999997,78.400693832,546.8627893333335,4.274125333333295,4.422640000000022
1724,57.54563333333317,0.0168477103314808,-0.4751082711964225,0.3158892438739711,17.408417369,78.400692831,546.8214146666669,4.309827666666538,4.402620000000073
1725,57.57900000000018,0.0210862619819542,0.2926517571756744,-0.3556975505837923,17.40841837,78.40069183,546.7800399999998,4.345530000000268,4.38259999999985
1726,57.61236666666673,0.0650124245652073,0.381647142349217,-0.0568903088382452,17.408419309166664,78.40069081663333,546.7365629999998,4.362311333333257,4.383603333333516
1727,57.64573333333328,0.079488817891672,-0.798267660634391,0.4962584309556307,17.40842014333333,78.40068978226667,546.6895159999999,4.346962666666629,4.4203066666667565
1728,57.67910000000029,0.0489456869014543,-0.0903514377109625,-0.023706070270369,17.4084209775,78.40068874789999,546.6424689999994,4.331613999999792,4.457010000000498
1729,57.71246666666684,0.0533049343335464,0.191849485299484,-0.2926375576776329,17.408421811666667,78.4006876886,546.5908093333328,4.330103333333536,4.475013333333209
1730,57.745833333333394,0.0867944621921765,0.1845935392207675,0.364039758600474,17.408422645833333,78.40068658749999,546.5314166666666,4.351791666666716,4.461666666666637
1731,57.779199999999946,0.0228753993599142,-0.1398083067033723,0.1960383386462102,17.40842348,78.4006854864,546.4720240000003,4.373479999999896,4.448320000000065
1732,57.81256666666695,-0.025005324809761,-0.2624352147568752,0.085956691537371,17.4084243016,78.4006843853,546.4199199999998,4.380967999999944,4.448796666666748
1733,57.84593333333305,-0.040851970179583,-0.1125878594257763,-0.0941995030135497,17.4084251024,78.4006832842,546.37988,4.364951999999985,4.472153333333356
1734,57.87930000000006,-0.0322044728435008,-0.5441107561231637,0.1023003194884671,17.4084259032,78.4006821831,546.3398400000001,4.348936000000025,4.495509999999963
1735,57.91266666666661,-0.0027689030887017,0.5493787717456752,-0.2915157969489923,17.408426691333332,78.400681006,546.2979000000003,4.361039999999763,4.503666666666735
1736,57.94603333333362,0.0437628682989689,0.7410578629775182,0.1565637202722727,17.408427458766667,78.4006797047,546.2528549999997,4.419098000000408,4.4869833333332165
1737,57.97940000000017,0.011331203407501,-0.0088604898697821,0.1249840255377889,17.4084282262,78.4006784034,546.2078099999998,4.477156000000261,4.470299999999925
1738,58.01276666666672,-0.0157259495918159,-0.7008661696823977,0.1201703940350928,17.408428980866667,78.40067712763333,546.1774466666666,4.499339666666596,4.481703333333446
1739,58.04613333333327,0.1066666666649735,0.3621583244522642,0.0521405750789151,17.408429714933334,78.40067589306666,546.1707733333333,4.463637333333352,4.538426666666636
1740,58.07950000000028,0.1308839190644599,0.4359957401425859,0.3841320553875925,17.408430449,78.4006746585,546.1640999999998,4.427934999999622,4.595150000000599
1741,58.11286666666683,0.1335747248845786,0.1365424210133505,0.415079872217014,17.408431221666667,78.400673514,546.1432733333329,4.394677333333097,4.615846666666371
1742,58.146233333333385,0.0825772097949333,-0.1084700035634462,-0.136499822505161,17.408432055833334,78.400672513,546.0998966666664,4.365314666666504,4.57914333333313
1743,58.17959999999994,0.0598083067095092,0.396379126729344,-0.1989776357790166,17.40843289,78.400671512,546.0565199999999,4.335951999999912,4.54243999999989
1744,58.212966666666944,0.0489314873980856,-0.4546183883621388,0.1596237131703464,17.408433724166667,78.400670511,546.0079566666659,4.316054999999938,4.509626666666337
1745,58.24633333333304,0.0223642172524929,-0.1803336883243633,-0.2062477813245863,17.408434558333333,78.40066951,545.951233333333,4.311049999999973,4.482933333333192
1746,58.27970000000005,-0.0301171459001026,0.0206815761445675,-0.3659424920127446,17.4084353925,78.400668509,545.8945100000001,4.306045000000009,4.456240000000048
1747,58.3130666666666,0.0450692225771167,0.1825204117853137,0.0856798012061157,17.40843630506667,78.40066761253334,545.8592160000001,4.279349333333761,4.438693333333357
1748,58.34643333333361,0.0901100461474962,-0.4531984380486151,0.3945189918317316,17.408437339433334,78.40066687846667,545.857214,4.218955666666424,4.435356666666653
1749,58.37980000000016,0.0240681576161106,0.0525239616674787,-0.0865175718768013,17.408438373800003,78.4006661444,545.855212,4.158561999999909,4.432019999999995
1750,58.41316666666671,0.0033013844522415,-0.0037628683020374,-0.1949591764220578,17.408439395000002,78.40066539716668,545.8399116666667,4.119235000000007,4.406300000000061
1751,58.446533333333264,0.0440610578647104,0.3722825701130022,-0.1643592474209159,17.408440396,78.40066462973334,545.8042093333335,4.112228000000025,4.346240000000213
1752,58.47990000000027,0.0616826411070032,0.5670500532711032,0.0179978700564156,17.408441397,78.40066386230001,545.7685069999997,4.105220999999947,4.286179999999546
1753,58.51326666666682,0.0729712460069166,-1.031309904153045,0.5303088391911243,17.408442344933334,78.400663002,545.7358559999998,4.101,4.247346666666633
1754,58.546633333333375,0.0373517926883233,-0.6291089811797695,0.232850550241158,17.40844321246667,78.400662001,545.707828,4.101,4.240673333333317
1755,58.57999999999993,0.0264110756130896,0.3631522896748012,-0.3510117145901055,17.40844408,78.400661,545.6798,4.101,4.234
1756,58.613366666666934,0.0823713170029646,0.2149591764203299,-0.1650479233266122,17.408444947533333,78.40066005246668,545.6592573333332,4.085093666666226,4.23
1757,58.64673333333303,0.0316790912311379,-0.5592900248552465,-0.0547674831448753,17.408445815066667,78.40065918493335,545.6499146666666,4.045387333332992,4.23
1758,58.68010000000004,0.0246858359957362,-0.1104153354635454,-0.0751011714591383,17.4084466826,78.4006583174,545.6405719999999,4.005680999999759,4.23
1759,58.71346666666659,0.0300035498752841,-0.2802981895628228,-0.0128221512245986,17.4084474828,78.400657396,545.6196479999999,3.968398666666609,4.213839999999932
1760,58.7468333333336,0.0359602413903437,-0.7195953141505798,0.0613063542717047,17.408448183500003,78.400656395,545.5816099999996,3.9346983333330554,4.1737999999996696
1761,58.78020000000015,-0.0241533546328435,-0.7822790202382514,-0.0620234291799322,17.408448884200002,78.400655394,545.5435719999999,3.90099799999996,4.133759999999953
1762,58.8135666666667,0.0087184948541291,-0.5527795527027128,0.0741640042683472,17.4084496663,78.40065446083334,545.5098753333334,3.877608333333367,4.096433333333468
1763,58.846933333333254,-0.1296556620529026,-0.7716293929426071,-0.1789989350548785,17.4084505672,78.40065362666667,545.4825146666668,3.869266666666721,4.063066666666885
1764,58.88030000000026,-0.1092012779524064,0.0385942491868965,-0.5267944621837675,17.4084514681,78.4006527925,545.4551539999999,3.8609249999999617,4.029699999999847
1765,58.91366666666681,-0.0618388356413465,1.1050053248182037,-0.574369897053474,17.40845241,78.400651972,545.43408,3.867480000000057,4.007266666666653
1766,58.947033333333366,-0.0353709620157508,0.7519559815322749,0.0751153709687059,17.408453411,78.40065117120001,545.422068,3.895507999999986,4.000593333333336
1767,58.98039999999992,-0.1890095846652689,-1.1237060702896242,0.1170607028734855,17.408454412,78.4006503704,545.410056,3.923535999999916,3.99392000000002
1768,59.013766666666925,-0.391302804404545,-1.411409300731354,-0.8958182463403734,17.408455357933335,78.40064951453334,545.4096080000002,3.934493333333225,4.00101333333355
1769,59.04713333333302,-0.2153212637647543,0.6836066736954809,-0.9217607383896604,17.408456225466665,78.40064858026668,545.4256240000001,3.921146666666592,4.027706666666816
1770,59.08050000000003,-0.2062832800853326,2.009691160802805,-0.6666666666687975,17.408457093,78.400647646,545.4416400000001,3.907799999999959,4.054400000000082
1771,59.11386666666658,-0.2247213347544109,0.5390131345550522,-0.0060347887882041,17.408457918933333,78.40064673946667,545.443096,3.882666666666644,4.063066666666658
1772,59.14723333333359,-0.1954632587836062,-0.6273979410181566,0.3897905573145725,17.408458686366664,78.40064587193334,545.4240769999998,3.840958333332847,4.0463833333331385
1773,59.18060000000014,-0.273226837059862,-1.9216613418519388,0.3077316293950168,17.4084594538,78.4006450044,545.4050579999998,3.799249999999619,4.029699999999847
1774,59.21396666666669,-0.1183883564048621,-0.2291870784407687,-0.5140220092382005,17.408460221233334,78.4006440391,545.394,3.786592333333464,4.001843333333129
1775,59.24733333333279,0.0048988285405361,0.7983670571663014,-0.0687965921188108,17.408460988666665,78.40064293799999,545.394,3.814286666666601,3.958466666666769
1776,59.28070000000025,0.0638338658155372,1.8820873269455096,0.2942279020253818,17.4084617561,78.4006418369,545.394,3.841981000000117,3.915089999999818
1777,59.314066666666804,0.0112602058939509,0.9866808662245238,0.1710188143321583,17.408462593866666,78.40064079206667,545.3858413333334,3.876567999999958,3.901253333333308
1778,59.347433333333356,-0.0259140930066155,-1.0654100106531372,0.1841178558757391,17.408463528133332,78.40063982443333,545.3664886666668,3.920611999999847,3.927946666666574
1779,59.38079999999991,-0.1992758253457021,-1.5245580404725434,0.0044302449458514,17.408464462399998,78.4006388568,545.3471360000001,3.964655999999736,3.95463999999984
1780,59.414166666666915,-0.2570110046139344,-1.7374866880269415,-0.3532126375388305,17.408465354166665,78.40063788916666,545.3238166666665,3.990991666666679,3.988416666666888
1781,59.44753333333301,-0.1261483848109639,-0.3895207668092405,-0.3197160099406439,17.408466188333332,78.40063692153333,545.2951213333332,3.993327333333339,4.031793333333446
1782,59.48090000000002,-0.0475399361032127,0.5729499467152515,-0.0524387646431677,17.4084670225,78.4006359539,545.266426,3.995663,4.075170000000003
1783,59.51426666666657,-0.0524103656370321,1.7339865105103187,-0.5116080937148021,17.4084679708,78.4006351004,545.2492866666666,3.999425333333319,4.1
1784,59.54763333333358,-0.0637415690452732,1.3470997516226968,-0.1743769968429852,17.4084690719,78.4006343997,545.2476183333333,4.005097666666716,4.1
1785,59.58100000000013,-0.0144834930779553,0.3365282215352992,0.4751863684673593,17.408470173,78.400633699,545.24595,4.010770000000035,4.1
1786,59.61436666666668,0.1162300319476303,-1.0188072417632488,0.8979410720630912,17.408471259733332,78.4006329121,545.2396843333333,4.037274000000195,4.102873333333357
1787,59.64773333333278,-0.0246077387304048,-1.0340646077391529,0.3882002129876482,17.408472327466665,78.4006320112,545.2273386666667,4.091328000000059,4.109546666666674
1788,59.68109999999979,-0.1789137380085149,-1.5272204472802111,-0.0164217252064175,17.408473395199998,78.4006311103,545.2149929999998,4.14538200000066,4.116220000000081
1789,59.714466666666794,-0.1160099396612038,-0.4376144835696186,-0.7492225772087748,17.40847441953333,78.40063018046666,545.196571333333,4.185258666666831,4.141700000000386
1790,59.74783333333335,0.0379126730544283,0.7747603833666289,-0.3625133120372557,17.408475387166664,78.40062921283334,545.1702116666667,4.206613333333348,4.191750000000032
1791,59.7811999999999,0.1224281150157884,2.5232374867219978,-0.0245793397153456,17.4084763548,78.4006282452,545.1438520000002,4.227967999999863,4.241799999999678
1792,59.814566666666906,0.0706425275195439,1.5705076322743476,0.4417678381191799,17.408477337,78.40062736496667,545.1109373333333,4.221500333333244,4.280196666666716
1793,59.847933333333,0.0191551295705011,0.5191480298147488,-0.0083919062826369,17.408478338,78.40062659753333,545.0695626666667,4.179124666666684,4.303553333333324
1794,59.88130000000001,0.0274547390847073,-0.8407667731398909,0.1662619808277418,17.408479339,78.4006258301,545.0281880000001,4.136749000000124,4.326909999999931
1795,59.91466666666656,0.0699325523619587,-1.7699680511556948,0.6325878594283102,17.408480354666665,78.40062500399999,544.9915066666669,4.130746666666447,4.3224000000002185
1796,59.94803333333357,-0.0873766418164411,-0.5538232161962359,0.4570110046214506,17.408481389033334,78.4006241031,544.9608093333331,4.171120333333562,4.282359999999773
1797,59.98140000000012,-0.1129286474976164,-0.9540788072635744,-0.0885197017955825,17.4084824234,78.4006232022,544.9301119999999,4.211494000000126,4.242319999999874
1798,60.014766666666674,-0.2597586084469053,-0.3612211572508536,-0.8679091231814571,17.408483413466666,78.40062224223334,544.906798,4.232080333333331,4.236243333333356
1799,60.048133333333226,-0.0755555555560875,0.3887255945987286,-0.5028753993628046,17.408484347733335,78.40062120786666,544.892784,4.227742666666675,4.272946666666597
1800,60.08149999999978,-0.0056443024535404,0.932587859365585,-0.1219382321761123,17.408485282,78.4006201735,544.8787699999998,4.2234049999999606,4.309650000000338
1801,60.114866666666785,-0.0081363152272932,1.5990060348163289,-0.1197728079583467,17.408486246000002,78.40061916886667,544.8574713333331,4.229622666666796,4.328513333333311
1802,60.14823333333334,-0.0510898118551075,1.5266879659436947,-0.1233510827110254,17.408487247,78.40061820123333,544.8271076666665,4.248975333333414,4.325176666666653
1803,60.18159999999989,-0.1035143769976186,1.021214057444472,-0.120979765707929,17.408488248,78.4006172336,544.7967439999999,4.268328000000031,4.321839999999995
1804,60.214966666666896,0.0323535676241393,-0.8177635782047555,0.5710330138378904,17.408489278933335,78.400616251,544.7702716666664,4.302048666667217,4.328980000000215
1805,60.248333333332994,0.0039758608453998,-1.6229321973577755,0.9600283990063188,17.408490346666667,78.40061525,544.7485833333333,4.35343333333352,4.349000000000073
1806,60.2817,-0.0743556975535921,-1.0815548455646906,0.3286687965743594,17.4084914144,78.400614249,544.7268950000001,4.404817999999823,4.369019999999932
1807,60.31506666666655,-0.0512744053989002,-1.1331203407893315,0.4272914447893252,17.408492497199997,78.400613248,544.6963173333337,4.449271999999695,4.402599999999577
1808,60.34843333333356,-0.2235072772415718,-0.9790415335671542,-0.1476393325985884,17.408493598299998,78.400612247,544.6549426666666,4.485308000000096,4.452650000000133
1809,60.38180000000011,-0.1907561235372879,-0.4715228967495356,-0.6880085196826209,17.4084946994,78.400611246,544.613568,4.521344000000005,4.502700000000007
1810,60.415166666666664,-0.0638977635796307,-7.099752401084486e-05,-0.6610578629757128,17.4084958005,78.40061019950001,544.5747716666667,4.559048333333239,4.546683333333246
1811,60.448533333333216,0.2020305289320607,1.231664891735725,0.1747248846336097,17.4084969016,78.4006090984,544.5390693333335,4.598754666666472,4.583386666666486
1812,60.48190000000022,0.2268583599624807,1.9594675186105683,0.214313099039914,17.4084980027,78.4006079973,544.5033669999998,4.638461000000246,4.620090000000228
1813,60.515266666666776,0.1575008874707672,1.963862264823366,0.2325878594221305,17.40849911906667,78.4006068962,544.489496,4.67160266666676,4.658320000000147
1814,60.54863333333333,0.06205892794143,1.3106425275429758,0.1134398296064906,17.408500253533333,78.40060579509999,544.5015080000001,4.696961333333363,4.698360000000046
1815,60.58199999999988,0.0127795527133303,0.365495207598614,0.3197018104364796,17.408501387999998,78.400604694,544.51352,4.722319999999965,4.738399999999945
1816,60.61536666666689,-0.0561661341826185,-1.2707845225181291,0.0879091231811432,17.408502537833332,78.40060357753333,544.5450476666672,4.738458666666719,4.770756666666894
1817,60.648733333332984,-0.1537948171808587,-1.122442314489813,-0.1838551650769789,17.408503705666668,78.40060244306666,544.5994353333338,4.743797333333371,4.7941133333335015
1818,60.68209999999999,-0.1468583599574789,-1.8846006389828736,0.2358892438799512,17.4085048735,78.4006013086,544.6538230000002,4.749136000000025,4.81747000000011
1819,60.71546666666654,-0.1685055023074824,-1.2494142704996998,-0.1381327653535238,17.4085060568,78.40060028239999,544.6777413333333,4.749525333333333,4.83
1820,60.74883333333355,-0.1900603478877205,-1.2798012069879243,0.05992190273888,17.408507258,78.4005993815,544.6663966666666,4.744186666666631,4.83
1821,60.7822000000001,-0.1901171459005675,-0.6074973375995885,-0.1834291799766202,17.4085084592,78.4005984806,544.655052,4.738848000000002,4.83
1822,60.815566666666655,-0.2476251331208676,-0.9010649627437584,-0.2620589279279281,17.408509675966666,78.40059750186667,544.6558493333332,4.755769666666438,4.826886666666702
1823,60.84893333333321,-0.1218317358819601,0.5821938232875679,-0.6425275115204043,17.408510910533334,78.40059643413333,544.6705306666665,4.798145333332998,4.820213333333386
1824,60.882300000000214,0.0630670926500195,1.6841107560580346,-0.3219595314399716,17.4085121451,78.4005953664,544.685212,4.840521000000136,4.813539999999978
1825,60.915666666666766,0.1070642527515475,1.997941072062878,0.3148739794093968,17.408513364,78.40059437699999,544.69488,4.848586666666646,4.828800000000027
1826,60.94903333333332,0.0284416045421181,0.9570749023385682,0.4113170039069606,17.4085145652,78.4005934761,544.698884,4.81788933333339,4.868839999999926
1827,60.98239999999987,0.057252396166785,-0.2332694356019971,0.6775718849874427,17.4085157664,78.4005925752,544.702888,4.787192000000134,4.908879999999825
1828,61.01576666666688,0.074384096559264,1.212680156232909,0.4368051118171654,17.408516999133333,78.40059164276667,544.7113066666668,4.779671666666791,4.915809999999797
1829,61.049133333332975,0.0150798722053948,-0.1615051472678994,0.3759176428755615,17.40851826706667,78.40059067513333,544.7246533333334,4.79802333333341,4.885779999999873
1830,61.08249999999998,-0.0697550585729499,-1.1458998935037277,0.5244941427050054,17.408519535,78.4005897075,544.738,4.816375000000031,4.855749999999949
1831,61.115866666666534,-0.0823571175012426,-0.7044089456931657,0.119545615903628,17.408520834666668,78.4005888192,544.7489666666667,4.823302666666671,4.847933333333319
1832,61.149233333333086,-0.1236279730181908,-1.5714944976949312,0.3702023429246462,17.408522169333335,78.4005880184,544.7573083333334,4.817630333333275,4.864616666666838
1833,61.18260000000009,-0.1599574014880808,-0.3900745473695483,0.0221512247022536,17.408523503999998,78.4005872176,544.76565,4.811957999999956,4.881300000000129
1834,61.21596666666619,0.034611288605044,0.7684771033038835,0.0616613418527155,17.4085247748,78.40058625713333,544.7731933333333,4.829597000000132,4.886806666666646
1835,61.2493333333332,-0.080582179617159,0.3585374512579128,-0.4072417465425323,17.408525976,78.40058512266667,544.7798666666666,4.872639999999828,4.88013333333336
1836,61.282700000000204,0.0522044728411703,1.2192971245831232,-0.145793397242497,17.4085271772,78.4005839882,544.78654,4.91568300000011,4.873459999999983
1837,61.31606666666676,0.0266950656728111,0.0182179623724805,0.5471778487766101,17.408528298066667,78.40058288586667,544.79,4.915828000000106,4.889279999999907
1838,61.34943333333331,0.0524600638963803,1.055349662751221,0.1837415690393752,17.408529332433332,78.40058181813333,544.79,4.869782000000223,4.929319999999806
1839,61.38279999999986,-0.0335676251332597,0.3887113950951663,0.1223003194892517,17.4085303668,78.4005807504,544.79,4.823736000000339,4.969359999999705
1840,61.41616666666687,-0.0623003194894958,-0.500851970182264,0.3332623358102911,17.408531481999997,78.40057963416666,544.7806233333332,4.834596666666934,4.967366666666492
1841,61.44953333333342,0.0835214767507816,2.658303159395818,-0.4733262335912934,17.408532683199997,78.40057846633333,544.7612706666666,4.906001333333421,4.920653333333276
1842,61.48289999999997,0.1358040468604365,2.8596379127062206,-0.0072630457998905,17.408533884399997,78.4005772985,544.7419179999999,4.977405999999908,4.873940000000061
1843,61.516266666666525,0.0591693290702745,-0.4477529286855741,-0.0483067092685928,17.408535020533332,78.4005761144,544.72224,5.012536000000011,4.884159999999732
1844,61.54963333333308,-0.1964146254662051,-3.701640042625289,0.1618885339590045,17.408536088266665,78.4005749132,544.7022199999999,5.009532999999978,4.954230000000511
1845,61.583000000000084,0.1128860489882854,0.8210862619808307,-0.5218317358892439,17.408537156,78.400573712,544.6822,5.0065299999999855,5.024300000000334
1846,61.61636666666618,0.150933617326072,0.0958608448510218,-0.1877458288707849,17.408538256466667,78.40057259263334,544.6626709999999,4.997798666666633,5.058363333333325
1847,61.64973333333319,0.1302804401875638,-0.6436066737222794,0.1775505857319053,17.408539390933335,78.40057155826666,544.643652,4.983117333333338,5.0550266666666674
1848,61.683100000000195,0.0531629392954043,-0.8559957401516286,0.0669648562257082,17.4085405254,78.4005705239,544.6246329999998,4.9684359999998415,5.051689999999963
1849,61.71646666666675,0.2043024494146075,0.3247568335409008,0.9598154064452314,17.408541626933335,78.4005694566,544.6191166666667,4.94338066666645,5.043413333333252
1850,61.7498333333333,0.0396876109334752,-1.0719559815330073,0.8077387291387588,17.408542694666668,78.4005683555,544.6274583333334,4.90767833333337,5.03006666666668
1851,61.78319999999985,-0.1367412140558807,-0.6548242811171545,-0.514632587863737,17.4085437624,78.4005672544,544.6357999999999,4.871976000000288,5.016720000000108
1852,61.81656666666686,-0.2082996095140918,-0.5844089456949131,-0.9222577209797655,17.4085448964,78.40056616986666,544.6428163333334,4.86311166666668,4.991776666666639
1853,61.84993333333341,0.1088746893858552,0.0799077032258184,-0.1295704650329166,17.4085460976,78.40056510213333,544.6484886666667,4.881463333333301,4.955073333333399
1854,61.88329999999996,0.0588924387632484,-0.0244941427220523,0.2284345047915573,17.4085472988,78.4005640344,544.654161,4.899814999999921,4.918370000000158
1855,61.916666666666515,0.000283990060012,0.5863684770976061,-0.1938942137019521,17.408548516666666,78.400563,544.6515,4.916333333333233,4.90833333333322
1856,61.95003333333307,0.0089811856604955,-0.5463170038829714,0.431993255233268,17.40854975123333,78.400561999,544.640489,4.93101466666673,4.925016666666739
1857,61.983400000000074,-0.0365069222580541,-0.1535676251363747,-0.1647284345048542,17.408550985799998,78.400560998,544.6294780000001,4.9456960000000265,4.94170000000003
1858,62.016766666666626,0.0489527866515889,-0.2400425985164909,-0.3923393681235311,17.408552102999998,78.40056003053333,544.6255090000001,4.897837666666749,4.958383333333321
1859,62.05013333333318,0.1628115015983506,0.1306070287441218,0.1375789847433577,17.408553104,78.40055909626666,544.628512,4.788061333333692,4.975066666666613
1860,62.083500000000186,0.0810436634751006,-0.2935037273576092,-0.0504792332218197,17.408554105,78.400558162,544.631515,4.678284999999139,4.991750000000131
1861,62.11686666666674,0.0696201632923036,-0.3770536031218089,0.3327795527221017,17.408555072266665,78.40055705906666,544.6333373333333,4.631084000000074,4.944339999999415
1862,62.15023333333329,0.1267128150503068,0.6411430599828836,-0.1266418175429038,17.40855600653333,78.40055579113333,544.6340046666667,4.645098000000039,4.8342299999996925
1863,62.18359999999984,0.1151011714588788,-0.2612992545252121,0.1307348242808324,17.4085569408,78.4005545232,544.634672,4.659112000000004,4.72411999999997
1864,62.21696666666685,0.1366631167898326,-0.1460631877905298,0.1973091941656457,17.408557892033333,78.40055325526667,544.635,4.678894666666897,4.676786666666787
1865,62.2503333333334,0.136599219026417,-0.5268725594586238,0.4180333688294821,17.408558859666666,78.40055198733334,544.635,4.7042533333333845,4.69013333333336
1866,62.28369999999995,0.0469435569754903,0.2048349307776958,0.1955271565497919,17.4085598273,78.4005507194,544.635,4.729611999999872,4.703479999999932
1867,62.317066666666506,0.1336315228968497,-0.4323038693659153,0.1751792687227069,17.408560812,78.40054951973333,544.6215173333336,4.754629333333091,4.721946666666438
1868,62.35043333333306,0.0845136670216683,0.1555200567984075,-0.341604543841587,17.408561813000002,78.40054838526667,544.5951576666666,4.779320666666699,4.745303333333363
1869,62.383800000000065,0.1166773162922172,0.3663897763562661,-0.0134185303506821,17.408562814,78.4005472508,544.568798,4.80401199999997,4.768659999999971
1870,62.41716666666662,0.1553425630102688,0.0800141995032368,-0.0145189918356021,17.408563797833335,78.40054609916668,544.5506783333334,4.80776000000006,4.792016666666579
1871,62.450533333333624,0.1593894213633912,0.255253816098392,-0.0440184593772491,17.408564765466668,78.40054493133334,544.5403346666666,4.791743999999882,4.815373333333505
1872,62.483900000000176,0.2174866879645709,0.179467518644883,0.0670926517489556,17.408565733099998,78.4005437635,544.5299909999999,4.775727999999923,4.838730000000113
1873,62.51726666666673,0.2349449769263719,0.4306141285081458,0.2562300319497729,17.40856670073333,78.40054269926667,544.5141219999999,4.735883999999856,4.843093333333302
1874,62.55063333333328,0.1689385871493786,0.2239261625799057,0.1007809726658856,17.40856766836667,78.40054173163334,544.493101,4.673822000000013,4.829746666666669
1875,62.58400000000029,0.1629392971242131,0.0394036208900258,0.1331203407840043,17.408568636000002,78.400540764,544.4720799999998,4.611759999999324,4.816399999999854
1876,62.61736666666684,0.0680085197022869,-0.1758466453794845,0.0052041178634467,17.408569638366668,78.40053969216667,544.4453279999997,4.6096130000004445,4.777003333332802
1877,62.65073333333339,0.0787362442313872,0.1635072772443601,-0.0014909478167295,17.408570672733333,78.40053852433333,544.4132959999998,4.662666000000311,4.713606666666295
1878,62.684099999999944,0.0519488817893465,-0.3521405750757576,-0.1244515441955579,17.4085717071,78.4005373565,544.3812639999999,4.715719000000177,4.650209999999788
1879,62.71746666666695,0.0002413915521338,-0.0558750443909717,-0.0329286474822509,17.408572724,78.40053618866666,544.3431186666661,4.753576000000289,4.647946666667311
1880,62.75083333333305,-0.0076322328728502,0.0731274405275062,-0.3342208022695635,17.408573725,78.40053502083333,544.2994083333331,4.77760000000012,4.701333333333601
1881,62.784200000000055,-0.0192971245996471,0.0914164004314401,-0.1029605963729897,17.408574726,78.400533853,544.255698,4.80162399999995,4.75471999999989
1882,62.81756666666661,-0.1005750798721734,0.0198864039759718,-0.5012779552712168,17.408575709433336,78.40053273786667,544.2342973333333,4.7896363333336325,4.794053333333154
1883,62.850933333333614,-0.0857933972337004,-0.0299609513742958,-0.3173730919563726,17.408576677066666,78.40053167013333,544.2329626666667,4.745258666666473,4.820746666666784
1884,62.88430000000017,-0.0596805111823875,0.1501810436618677,0.0269009584560627,17.4085776447,78.4005306024,544.231628,4.700880999999918,4.8474400000000495
1885,62.91766666666672,-0.0140575079878402,-0.2899538516156325,0.3723109691130977,17.408578577,78.40052944633334,544.2223433333334,4.684063333333328,4.835266666666699
1886,62.95103333333327,-0.1176215832458933,0.2033936812332037,-0.2031167909333994,17.4085794779,78.40052821176667,544.2059936666667,4.691737666666642,4.788553333333483
1887,62.98440000000028,0.0017891373810595,0.3442385516473293,-0.0323322683669187,17.4085803788,78.4005269772,544.1896439999999,4.699412000000061,4.74183999999963
1888,63.01776666666683,-0.0061696840602623,-0.2214199502994561,-0.0045012424531872,17.408581297466664,78.40052574263333,544.1681419999999,4.706553333333369,4.723553333333369
1889,63.05113333333338,-0.0221654242099808,-0.0848704295392848,-0.2099680511109968,17.408582231733334,78.40052450806667,544.142116,4.713226666666686,4.7302266666666855
1890,63.084499999999935,-0.0443024494149678,-0.3010649627239219,-0.2324813631568031,17.408583166,78.4005232735,544.11609,4.719900000000003,4.736900000000002
1891,63.11786666666694,-0.0562868299676448,0.8002413915993423,-0.6106354277717649,17.408584046666668,78.40052207466667,544.0868479999997,4.713709333333135,4.745360000000114
1892,63.15123333333304,0.0254668086622224,-0.7311750088177319,0.0957472488347268,17.408584880833335,78.40052090683334,544.0548159999997,4.696358666666512,4.755370000000089
1893,63.184600000000046,-0.0374014909495369,-0.7153141640120705,0.0972523961664595,17.408585715,78.400519739,544.0227839999999,4.6790079999998895,4.765380000000064
1894,63.2179666666666,-0.0296911608096854,-0.1740930067487564,0.1771884984041772,17.408586567133334,78.40051853523333,543.9959623333333,4.668304999999993,4.759219999999971
1895,63.251333333333605,-0.0358537451171127,0.3929712460025154,-0.1494497692505856,17.408587434666668,78.40051730066666,543.9736066666666,4.66329999999996,4.73919999999984
1896,63.28470000000016,-0.0602342918003564,-0.2037273695398285,-0.1959957401420163,17.4085883022,78.4005160661,543.951251,4.658294999999995,4.719179999999981
1897,63.31806666666671,-0.1180688675896084,0.0363649272271492,-0.4054384096552952,17.408589241999998,78.40051492186666,543.9149840000002,4.664491333333276,4.708193333333345
1898,63.35143333333326,-0.0477813276531187,-0.3877387291568364,-0.0268370606941968,17.408590243,78.40051385413334,543.8669360000004,4.680173666666569,4.704856666666688
1899,63.38480000000027,-0.0441320553776432,-0.1618743344279345,0.0264962726365948,17.408591244,78.4005127864,543.8188879999998,4.695856000000077,4.701519999999984
1900,63.41816666666682,-0.0523606673783206,0.1438409655555637,-0.372772452970061,17.4085921905,78.4005115915,543.796455,4.708086666666689,4.709083333333373
1901,63.45153333333337,0.1440255591050709,0.6319914802930251,0.4799006034724327,17.4085930914,78.4005102902,543.795454,4.717429333333332,4.725766666666664
1902,63.484899999999925,0.0860063897760401,0.0135250266230415,0.3696911608083139,17.4085939923,78.4005089889,543.794453,4.726771999999976,4.742449999999955
1903,63.51826666666693,0.1365566205232099,0.1557827476144339,-0.2378984735335271,17.408594911466665,78.40050776066667,543.811170666667,4.714011999999737,4.755480000000085
1904,63.55163333333303,0.0756123535676251,0.2435001775211881,-0.4172239971742741,17.40859584573333,78.40050659283334,543.8425353333336,4.682980999999816,4.765490000000059
1905,63.585000000000036,-0.017678381256191,-0.1870074547432683,-0.2990415335412504,17.40859678,78.400505425,543.8739000000002,4.651949999999895,4.775500000000035
1906,63.61836666666659,0.0174582889580828,0.587689030882594,0.0464394746201918,17.408597659166666,78.4005042388,543.9019586666667,4.624592333333312,4.761633333333304
1907,63.651733333333596,0.0409229676957483,0.5213205537846315,0.1835143769965183,17.408598493333333,78.4005030376,543.9273173333337,4.600234666666375,4.728266666666267
1908,63.68510000000015,0.006624068157502,0.3945047923322374,0.1371458998940034,17.4085993275,78.4005018364,543.9526760000003,4.575876999999769,4.694899999999683
1909,63.7184666666667,-0.0589847355345636,-0.3292154774552153,-0.2418885338995958,17.408600217066667,78.40050059826667,543.9688013333334,4.588637333333523,4.665226666666548
1910,63.75183333333325,-0.0335818246346912,0.1430599928904336,-0.0882144124915591,17.408601151333333,78.40049933033333,543.9774766666667,4.631346666666554,4.638533333333403
1911,63.78520000000026,-0.0714802981834264,-0.6367199147814175,-0.0535889243819356,17.408602085600002,78.4004980624,543.9861520000001,4.674056000000167,4.611839999999895
1912,63.81856666666681,0.0735037273723935,1.0891160809411342,-0.0888462903848784,17.4086030013,78.40049686873333,543.9764463333333,4.684830666666676,4.62413666666664
1913,63.85193333333336,-0.0140433084823588,0.4758963436490492,0.2055094071698501,17.4086039022,78.40049573426667,543.9520886666668,4.670149333333379,4.667513333333197
1914,63.885299999999916,-0.0209584664531859,-0.380979765708421,0.0087326943588357,17.4086048031,78.4004945998,543.9277310000001,4.655468000000083,4.710889999999755
1915,63.91866666666692,-0.0330138445177665,0.2501952431679226,-0.208519701818805,17.408605666666666,78.40049340933334,543.9190533333334,4.646199999999973,4.720666666666576
1916,63.95203333333302,0.0410507632244726,-0.3420731274426142,0.2471778487776464,17.408606500833333,78.40049217476667,543.9227236666667,4.6411949999999855,4.7039833333332846
1917,63.98540000000003,-0.0241959531416245,-0.5385303514361461,0.0256869009583346,17.408607335,78.4004909402,543.926394,4.636189999999998,4.687299999999993
1918,64.01876666666658,-0.0109975150844394,0.4771742988985828,0.0645225417212657,17.408608206700002,78.4004897807,543.9203056666666,4.629120666666685,4.67812333333334
1919,64.05213333333359,0.0536883209083251,-0.2153070642251608,0.3015264465699402,17.4086091076,78.4004886796,543.9066253333332,4.620445333333255,4.674786666666637
1920,64.08550000000014,0.0149094781694263,-0.187220447279076,0.0396166134208936,17.408610008500002,78.4004875785,543.8929449999998,4.611769999999944,4.671449999999978
1921,64.11886666666669,-0.0257862974788159,-0.3873624423350011,0.0307987220453327,17.4086109094,78.40048649626667,543.8873773333333,4.58554866666651,4.66433999999996
1922,64.15223333333279,0.0257223997154003,0.2133688320862379,0.2030883919045785,17.408611810300002,78.40048542853333,543.8880446666667,4.545842333333276,4.654329999999986
1923,64.1855999999998,0.0154206602765067,-0.5923322683631103,0.0424707135244686,17.4086127112,78.4004843608,543.888712,4.506135999999502,4.644319999999874
1924,64.2189666666668,-0.0570323038680576,-0.3701100461438389,0.0492864749761034,17.4086136121,78.40048325513334,543.9043630000002,4.485206666666617,4.617239999999702
1925,64.25233333333335,-0.0416045438403973,-0.4224352147505652,0.0614128505507472,17.408614513,78.40048212066667,543.9313900000001,4.478533333333331,4.577199999999985
1926,64.2856999999999,0.0433013844515616,-0.2647497337598801,0.2227902023431697,17.4086154139,78.4004809862,543.9584169999998,4.471860000000045,4.537160000000268
1927,64.31906666666691,0.0473553425613572,-0.3644018459260112,0.0610436634709105,17.408616391066666,78.40047983266666,543.9802960000001,4.507324000000165,4.51618666666665
1928,64.35243333333301,0.0284203052893897,0.7064323748682821,-0.3435640752576578,17.408617425433334,78.40047866483333,543.998314,4.574390999999996,4.5095133333333335
1929,64.38580000000002,0.0394036208723977,1.0376996805174583,-0.2263684771092405,17.4086184598,78.400477497,544.0163319999999,4.641457999999826,4.502840000000017
1930,64.41916666666657,0.1258430954920775,0.3125665601549936,0.5346112886114851,17.408619475000002,78.40047631,544.0494916666664,4.674216666666629,4.538333333332992
1931,64.45253333333358,0.0426127085612663,-1.648306709250523,0.555342563033534,17.408620476,78.4004751088,544.0938693333336,4.6815573333333775,4.605066666667067
1932,64.48590000000013,-0.0855804046761424,-2.544345047925171,-0.1923748668527405,17.408621477,78.4004739076,544.1382470000002,4.688898000000026,4.671800000000232
1933,64.51926666666668,-0.1615619453298031,-0.6031096911574232,-0.6061057862920814,17.408622458733333,78.40047274493332,544.1637433333334,4.6869906666666585,4.70192666666667
1934,64.55263333333278,-0.0271494497690824,0.7396379126759078,0.1402058927939174,17.408623426366667,78.40047161046667,544.1754216666667,4.678315333333347,4.7052633333333285
1935,64.58599999999979,0.0057507987196039,0.3446219382350869,0.0905218317356955,17.408624394,78.400470476,544.1871000000001,4.669639999999918,4.708600000000032
1936,64.61936666666679,0.027042953498311,-1.0106070287308524,0.3470287539989161,17.408625361633334,78.40046928343334,544.190257,4.692919666666993,4.7041899999999295
1937,64.65273333333334,-0.1567767128167974,-1.072687255936444,0.3482854100047296,17.408626329266667,78.40046804886667,544.1872539999999,4.739299333333542,4.694179999999955
1938,64.6860999999999,-0.0091799786912784,-0.6349520766009012,-0.24766773165408,17.4086272969,78.4004668143,544.184251,4.785679000000092,4.68416999999998
1939,64.7194666666669,-0.1175150869741152,0.9722825700489042,-1.074078807255725,17.408628245066666,78.40046561866667,544.1913706666668,4.787869333333027,4.707253333333821
1940,64.752833333333,-0.0669151579683733,2.123961661339993,0.0257720979682797,17.408629179333335,78.40046445083334,544.2057183333334,4.758506666666568,4.753966666666824
1941,64.78620000000001,-0.011458998935688,0.6054952077055371,0.6545686900866529,17.4086301136,78.400463283,544.220066,4.729144000000108,4.800679999999827
1942,64.81956666666656,-0.0123819666306306,-0.025239616633313,0.0807951721716602,17.408630989166667,78.40046207603334,544.2263913333334,4.720326333333287,4.802390000000244
1943,64.85293333333357,-0.0089740859013251,-1.3255378061078833,0.4979765708111878,17.408631823333334,78.40046084146667,544.2270586666666,4.725998666666683,4.77235999999991
1944,64.88630000000012,-0.1153141640021444,-0.2496911608159696,0.0726730564739492,17.4086326575,78.4004596069,544.227726,4.731671000000003,4.742329999999986
1945,64.91966666666667,0.0589279375221867,0.4905928292509761,-0.1164359247426339,17.408633570333333,78.40045841166668,544.2175766666667,4.735179999999996,4.73393333333332
1946,64.95303333333322,0.0183386581501669,-0.0300248490679796,-0.5033368832121774,17.408634537966666,78.40045724383333,544.1998923333334,4.737181999999991,4.740606666666636
1947,64.98639999999978,-0.1491799787039184,1.2473269435664949,-0.797444089474652,17.4086355056,78.400456076,544.1822079999998,4.739184000000013,4.747280000000044
1948,65.01976666666678,0.0771671991488162,0.7567909123028093,0.7729570465099987,17.408636453466666,78.40045490816667,544.1672909999999,4.7423720000000165,4.75197666666668
1949,65.05313333333334,0.1131700390482974,-0.1540220092233283,0.6242669506546711,17.408637387733332,78.40045374033333,544.154278,4.746376000000006,4.755313333333338
1950,65.08649999999989,0.2154419595278907,-0.1986155484610343,1.0425985090494712,17.408638322,78.4004525725,544.141265,4.750379999999995,4.758649999999997
1951,65.1198666666669,0.1558679446290979,0.5524742634475001,0.5677245296818897,17.4086392364,78.40045134506666,544.1381853333334,4.7573640000000905,4.7619866666667
1952,65.15323333333299,-0.0543059992896554,-1.1552147674733646,0.3487894923791602,17.4086401373,78.40045007713333,544.1418556666667,4.766373000000068,4.765323333333359
1953,65.1866,-0.1095633652821414,-0.8887752928619292,-0.4973375931857883,17.4086410382,78.4004488092,544.145526,4.775382000000046,4.7686600000000166
1954,65.21996666666655,-0.0267944621937766,0.6376783812581245,-0.3633226837056363,17.408641979033334,78.4004476411,544.1318253333334,4.7782013333333335,4.773993333333332
1955,65.25333333333356,-0.0160454384088032,1.3941782037463442,0.0913028043953757,17.408642946666667,78.40044654,544.1064666666665,4.776866666666658,4.780666666666709
1956,65.28670000000011,0.0534185303492758,1.7249414271394106,0.181746538855466,17.4086439143,78.40044543890001,544.0811080000001,4.775532000000001,4.787339999999995
1957,65.32006666666666,0.1840397586094392,0.3798793041778812,0.9294710685176722,17.408644801666664,78.40044423746667,544.0545453333335,4.77540133333333,4.79
1958,65.35343333333321,0.0686119985728873,-3.5017110401505005,0.5843947461690733,17.408645635833334,78.40044296953334,544.0271846666669,4.776068666666662,4.79
1959,65.38680000000022,-0.0701597444174071,0.1331629392363831,-0.3487113950890332,17.40864647,78.4004417016,543.999824,4.776736000000002,4.79
1960,65.42016666666677,0.0268725594606577,0.6136315228934441,0.0080227192060933,17.408647364666667,78.40044043366667,543.9871850000001,4.786276666666683,4.79
1961,65.45353333333333,-0.0488462903809731,-1.4094426695312596,-0.2788640397485455,17.408648298933333,78.40043916573333,543.984182,4.801625333333311,4.79
1962,65.48689999999988,-0.0166560170345684,-0.4822151224390992,-0.6989776357764015,17.408649233200002,78.4004378978,543.981179,4.816973999999939,4.79
1963,65.52026666666688,0.1670145544926126,1.8958182462934945,-0.0733830316243669,17.408650167466668,78.40043662986666,543.9759466666667,4.834146666666797,4.800133333333451
1964,65.55363333333298,0.0934327298606022,1.9749023784314648,0.2588427404989011,17.408651101733334,78.40043536193333,543.9692733333334,4.8524983333334175,4.816816666666743
1965,65.58699999999999,0.0174653887114725,0.3505857295033805,0.0230031948813213,17.408652036,78.400434094,543.9626000000001,4.870850000000038,4.833500000000034
1966,65.62036666666654,0.1809655662062463,1.55855165068051,0.0642527511598117,17.408652990633335,78.4004328668,543.9504276666667,4.883498999999996,4.850183333333325
1967,65.6537333333331,0.3839119630787919,-0.7093361731822276,1.4511892083677629,17.408653958266665,78.4004316656,543.9347453333332,4.892508000000096,4.866866666666843
1968,65.6871000000001,0.1241533546333956,-1.8188498402555624,0.4087752928674927,17.4086549259,78.4004304644,543.9190629999999,4.901517000000073,4.883550000000135
1969,65.72046666666665,0.05417110401114,-0.7627973020947689,-0.2269790557334626,17.408655914,78.40042922226667,543.9070646666667,4.923829333333419,4.896140000000028
1970,65.7538333333332,0.0718494852640379,-1.7118920837744462,0.3087681930930817,17.408656914999998,78.40042795433334,543.8973883333334,4.954526666666536,4.906149999999957
1971,65.78720000000021,-0.0768477103392934,-0.6255591054961852,-0.7070074547145171,17.408657916,78.4004266864,543.887712,4.98522400000007,4.916160000000023
1972,65.82056666666676,0.0655094071694536,0.3968051117907891,-0.2328931487331857,17.4086588553,78.40042535676666,543.887085,5.00316999999998,4.9385099999999404
1973,65.85393333333332,0.095818246361447,0.9933546325544902,-0.1807596734121279,17.4086597562,78.40042398873334,543.8920899999999,5.013179999999955,4.968539999999865
1974,65.88729999999987,0.1518636847709555,0.4263258785953185,0.3230883919087395,17.408660657099997,78.4004226207,543.8970949999999,5.023189999999929,4.9985699999997895
1975,65.92066666666688,0.2305289314838529,1.26453674121737,-0.1343982960896251,17.408661537333334,78.400421232,543.8719266666665,5.047666666666803,5.01620000000004
1976,65.95403333333297,0.2466808661695774,1.487980120699092,0.5964217252377686,17.408662404866668,78.4004198306,543.8282163333333,5.0810333333333855,5.026210000000016
1977,65.98739999999998,0.2371033013865901,-0.7851757188913109,0.914802981893309,17.408663272400002,78.40041842919999,543.7845060000001,5.114399999999968,5.03621999999999
1978,66.02076666666653,-0.0554774582890941,0.5450408235018042,-0.6118920837908345,17.40866418146667,78.40041704856667,543.7538786666668,5.138629333333268,5.060766666666551
1979,66.05413333333308,0.1203833865825234,-0.8026411075330458,0.1376357827341676,17.408665115733335,78.40041568053333,543.7311893333332,5.157314666666809,5.094133333333588
1980,66.08750000000009,-0.0010649627263045,-0.4281150159744409,-0.0931842385516507,17.40866605,78.40041431249999,543.7085,5.176000000000095,5.12750000000017
1981,66.12086666666619,-0.0459921902730278,-0.429151579687906,-0.6523535676209992,17.40866692166667,78.40041290273332,543.6737079999999,5.182582666666665,5.152520000000052
1982,66.1542333333332,-0.1466595669166134,-0.5384025559190976,-0.7150372736951534,17.408667755833335,78.40041146796666,543.631666,5.181915333333333,5.1725400000000015
1983,66.1876000000002,-0.0168690095899258,-0.2766347177975155,-0.1188072417830427,17.408668589999998,78.40041003319999,543.5896239999995,5.181247999999993,5.192560000000224
1984,66.22096666666675,0.0763365282221863,0.180773872903512,0.5602129925416656,17.40866950803333,78.40040866133333,543.5662423333332,5.175129333333279,5.2
1985,66.2543333333333,0.0388356407517406,-0.3652112176106575,0.3878594249204765,17.408670475666668,78.40040732666667,543.5538966666667,5.165786666666678,5.2
1986,66.28769999999986,-0.0818530351437622,-0.2748881789176742,-0.1738871139487025,17.4086714433,78.400405992,543.5415510000001,5.156444000000078,5.2
1987,66.32106666666687,-0.0511324103659884,0.1031025914060294,-0.3335747248807211,17.408672474133333,78.4004047416,543.5391066666667,5.133197333333299,5.193679999999989
1988,66.35443333333342,-0.1332410365650594,-1.03578984734992,0.086893858712464,17.408673541866666,78.4004035404,543.5424433333334,5.101832666666711,5.183670000000014
1989,66.38779999999997,-0.1739723109689145,-0.329414270500052,-0.1832161874344936,17.4086746096,78.4004023392,543.54578,5.070468000000124,5.17366000000004
1990,66.42116666666652,-0.2184948526814475,0.2105786297564306,-0.2898828541007263,17.408675634999998,78.40040107450001,543.5461533333333,5.061539999999974,5.150950000000194
1991,66.45453333333307,-0.1679943201983177,0.4744763933131641,-0.0658856939861554,17.408676636,78.4003997732,543.5448186666666,5.065544000000019,5.1209199999998605
1992,66.48790000000008,-0.0509052183182886,0.809371671987606,-0.2285410010668223,17.408677636999997,78.40039847189999,543.543484,5.069548000000008,5.090889999999937
1993,66.52126666666618,-0.0716364927229031,0.3762868299661493,-0.3601703940357632,17.408678595466665,78.4003971706,543.53024,5.071212666666666,5.082126666666666
1994,66.55463333333319,0.022861199858289,-0.0230457934071182,-0.2198509052128623,17.40867952973333,78.4003958693,543.51022,5.071546333333332,5.085463333333324
1995,66.58800000000019,0.060702875399361,-0.5058572949946751,0.4078807241746539,17.408680464,78.400394568,543.4901999999998,5.071880000000003,5.088800000000028
1996,66.62136666666675,0.0271778487748046,-0.0169258075993376,-0.0669222577187829,17.408681483733332,78.4003933949,543.4936833333334,5.045291666666431,5.09
1997,66.6547333333333,0.0655449059282627,0.1194462193784007,0.0258146964886527,17.408682551466665,78.4003922938,543.5103666666668,5.003583333333203,5.09
1998,66.68809999999985,0.0378700745484445,0.13456869009229,-0.0036208732621906,17.4086836192,78.4003911927,543.52705,4.961874999999974,5.09
1999,66.72146666666686,0.0217252396171751,-0.7040255590757696,0.3505289314826415,17.40868466546667,78.4003900272,543.5491000000002,4.948288000000018,5.062093333332951
2000,66.75483333333341,-0.0183528576500274,-0.6769258075945322,0.044870429533636,17.408685699833335,78.400388826,543.574125,4.950290000000003,5.018716666666592
2001,66.78819999999996,-0.0969116080944915,0.0121405750764628,-0.2310543131003122,17.4086867342,78.4003876248,543.5991499999998,4.952291999999989,4.975340000000232
2002,66.82156666666651,-0.0989989350346701,-0.228640397567932,0.0152289669921219,17.40868770386667,78.4003864236,543.5929033333335,4.935962333333583,4.962156666666635
2003,66.85493333333307,0.0032232871825516,0.4869435569707869,0.2635853744944395,17.408688638133334,78.4003852224,543.5695466666666,4.909602666666624,4.965493333333338
2004,66.88830000000007,0.0033013844526289,0.022832800869761,0.2868796592126404,17.4086895724,78.4003840212,543.54619,4.883243000000023,4.968829999999997
2005,66.92166666666662,0.0516861909841485,-0.3037273695374749,0.1356052538195064,17.408690484999997,78.40038269,543.5308500000001,4.906283333333164,4.952666666666757
2006,66.95503333333318,-0.0227476038340866,0.0198296059703059,-0.2648633297939105,17.4086913859,78.4003812886,543.519839,4.955999666666371,4.925973333333491
2007,66.98840000000018,0.0785516506921017,-0.1030031948924251,0.0480085197012059,17.408692286799997,78.4003798872,543.508828,5.005716000000257,4.8992799999998615
2008,67.02176666666674,0.1432090876822429,0.5017252396197864,0.0897976570802935,17.408693165933332,78.4003785511,543.509571,5.007327999999935,4.922650000000133
2009,67.05513333333329,0.1148171813989635,0.1219879304228897,-0.2447852325161942,17.408694033466666,78.4003772498,543.516578,4.983303999999996,4.972700000000007
2010,67.08849999999984,0.1567625133093607,-0.1204472843530096,0.115122470715094,17.408694901,78.4003759485,543.5235849999999,4.9592800000000565,5.02274999999988
2011,67.12186666666685,0.1148597799083915,-0.022974795871872,0.1407028753955486,17.408695702933333,78.4003746472,543.5043519999997,4.9328506666664245,5.022506666666434
2012,67.1552333333334,0.1240610578629928,-0.657997870074249,0.3801348952774538,17.408696470366667,78.4003733459,543.4713189999998,4.905156333333162,4.995813333333168
2013,67.18859999999995,0.0356123535685084,-0.484728434506311,0.011799787013638,17.4086972378,78.4003720446,543.438286,4.877461999999898,4.969119999999902
2014,67.22196666666696,-0.0864039758593209,-0.2680156194799873,-0.409108981167905,17.4086980931,78.40037078723333,543.4285376666667,4.864924666666612,4.942426666666352
2015,67.25533333333306,-0.1517926872559072,0.5940362087265342,-0.6434504792335755,17.408698993999998,78.40036955266667,543.4308733333334,4.860253333333311,4.915733333333207
2016,67.28870000000006,-0.0121618743350026,-0.1439829606093967,0.4572736954186611,17.4086998949,78.4003683181,543.4332089999999,4.855582000000011,4.889040000000063
2017,67.32206666666661,-0.1766844160456914,-0.2469151579752928,-0.4988427405138095,17.408700751666665,78.40036710560001,543.4302486666667,4.827078666666927,4.877793333333354
2018,67.35543333333362,-0.2564856230044036,-0.4624210152737667,-0.7581398651088849,17.40870158583333,78.4003659044,543.4245763333333,4.786371333333142,4.874456666666651
2019,67.38880000000017,-0.1054313099080276,-0.2928647497546806,0.1392971245914955,17.408702419999997,78.40036470320001,543.418904,4.745663999999912,4.871119999999993
2020,67.42216666666673,-0.0972310969119567,0.1816116435918026,-0.035356762513157,17.4087031655,78.40036339116666,543.3782083333334,4.736654999999998,4.843400000000014
2021,67.45553333333328,-0.0797728079516841,0.2836634717784799,0.0743201987930396,17.4087038662,78.40036202313334,543.3198166666668,4.74366199999998,4.803360000000115
2022,67.48890000000029,-0.1293290734839468,0.1195314164160471,-0.2969116080969711,17.4087045669,78.4003606551,543.2614249999995,4.750669000000058,4.76331999999967
2023,67.52226666666684,-0.0380404685799034,0.2567696130749732,-0.0879659211896781,17.408705312133332,78.40035935386666,543.2201786666665,4.749437333333303,4.754453333333371
2024,67.55563333333339,-0.0041888533891498,-0.0431948881702276,0.1341924032700324,17.408706079566667,78.40035808593333,543.1874793333332,4.74409866666665,4.761126666666688
2025,67.58899999999994,-0.0181043663462092,0.3067092651809491,-0.1953141640039886,17.408706847,78.400356818,543.15478,4.7387599999999965,4.767800000000004
2026,67.62236666666695,0.0257365992167349,0.7367554135515396,-0.0108484203142751,17.40870759206667,78.40035555006668,543.1225279999996,4.725816666666471,4.767763333333294
2027,67.65573333333305,-0.0092438764638356,0.1580120695819763,0.1434291799782125,17.408708326133336,78.40035428213334,543.0904959999997,4.709133333333179,4.764426666666635
2028,67.68910000000005,0.0017039403641019,-0.3315654952065848,0.2157827476088956,17.408709060200003,78.40035301420001,543.0584639999997,4.692449999999888,4.761089999999977
2029,67.7224666666666,-0.0318636847720247,0.0559744408907254,0.1061554845558088,17.408709794266667,78.40035170133334,543.0342953333333,4.698682666666687,4.748766666666647
2030,67.75583333333361,-0.052005679800206,0.3203762868312846,0.0425985090607066,17.408710528333334,78.40035036666667,543.0139416666665,4.716033333333467,4.732083333333204
2031,67.78920000000016,-0.0798722044693565,-0.0913312033980709,-0.1639616613311133,17.4087112624,78.40034903200001,542.9935879999999,4.733384000000012,4.715399999999989
2032,67.82256666666672,-0.0571246006387916,-0.4128292509760118,0.0648846290381824,17.408711973899997,78.40034776503333,542.9536013333335,4.715756333333448,4.721283333333278
2033,67.85593333333327,-0.0133759318419322,-0.0192971245946958,-0.1056159034454276,17.4087126746,78.40034653046666,542.904218666667,4.6813886666668685,4.737966666666569
2034,67.88930000000028,-0.001171458994402,-0.5576570819298818,0.0615122470766525,17.4087133753,78.4003452959,542.8548359999998,4.647020999999819,4.754650000000088
2035,67.92266666666683,-0.0399006034864718,-0.5433439830010441,-0.0680866169708081,17.408714166666666,78.40034417466666,542.8532800000002,4.594973333333169,4.737333333333242
2036,67.95603333333338,-0.0324813631538877,-0.7456372027194913,0.099488817894634,17.408715000833332,78.40034310693333,542.8743010000001,4.534579666666654,4.70396666666666
2037,67.98939999999993,0.0318210862659868,-0.0987859424691272,-0.072587859425261,17.408715835,78.4003420392,542.895322,4.47418600000014,4.670600000000078
2038,68.02276666666694,-0.0356265530753652,0.0038338657826171,-0.357231096914816,17.408716669166665,78.40034097146666,542.9224900000003,4.424720333332943,4.619019999999472
2039,68.05613333333304,0.0584735534227837,0.2623358182347061,-0.0172807951788185,17.40871750333333,78.40033990373334,542.9525200000002,4.3803426666663885,4.558959999999624
2040,68.08950000000004,0.0314164004258881,-0.0738019169300596,0.2457933972287335,17.4087183375,78.400338836,542.9825500000001,4.335964999999834,4.498899999999775
2041,68.1228666666666,-0.0321902733405932,0.5243166489179336,-0.3513383031596425,17.408719240266667,78.40033783686667,543.0020613333334,4.308279999999975,4.447986666666609
2042,68.1562333333336,-0.0475328363524001,0.2274547390751009,-0.1807028754068151,17.408720174533332,78.40033686923334,543.0167426666668,4.288259999999753,4.401273333332758
2043,68.18960000000015,0.0402555910536931,0.4584025559236847,0.2041320553634323,17.408721108800002,78.4003359016,543.0314240000001,4.268239999999803,4.354559999999542
2044,68.22296666666671,0.0846148384821357,0.1042953496710786,0.5973659921958963,17.408721997133334,78.40033493396668,543.0552920000001,4.233980666666497,4.326219999999917
2045,68.25633333333326,-0.0124245651402201,-0.4103656372026978,0.1835285764998224,17.408722864666668,78.40033396633333,543.0833199999998,4.193273333333451,4.306200000000058
2046,68.28970000000027,-0.0284345047884966,0.2387007454987117,-0.4000638977532648,17.4087237322,78.40033299870001,543.1113480000001,4.152565999999851,4.286179999999927
2047,68.32306666666682,-0.041874334398203,0.1446503372384729,-0.0414199503018349,17.408724461333332,78.40033193880001,543.0962413333334,4.126621333333338,4.252320000000011
2048,68.35643333333337,0.0627050053259991,-0.4209726659603798,0.3548313809080571,17.408725128666667,78.40033083770001,543.0618736666668,4.10726866666672,4.212280000000112
2049,68.38979999999992,0.0922257720963493,0.3814696485468418,-0.0427689030913479,17.408725796000002,78.4003297366,543.0275060000002,4.087916000000103,4.172240000000213
2050,68.42316666666693,0.0624068157609834,0.6623358182539034,-0.040788072421882,17.408726370666667,78.40032861233334,543.0285833333335,4.040299999999652,4.146099999999884
2051,68.45653333333303,0.1375505857262566,0.7154703585171936,0.3537664181560672,17.408726904533335,78.40032747786667,543.0452666666667,3.980239999999804,4.126079999999934
2052,68.48990000000003,0.1347816826411385,0.8713738019170143,0.3882428115024033,17.4087274384,78.40032634340001,543.06195,3.920179999999955,4.106059999999984
2053,68.52326666666659,-0.0291089811851418,-0.0978771742910167,0.2308129215500187,17.4087280886,78.40032527873333,543.0497826666667,3.9075839999999857,4.058120000000106
2054,68.5566333333336,-0.0535960241335231,-0.7877813276630875,-0.0455946041608835,17.4087287893,78.40032424436667,543.0250913333331,3.915592000000075,3.9980599999994393
2055,68.59000000000015,-0.0617678381262467,-0.1563365282231006,-0.3450479233208433,17.40872949,78.40032321000001,543.0003999999999,3.923600000000055,3.937999999999591
2056,68.6233666666667,-0.0368619098318798,-0.4779836705669634,0.1017749378733128,17.408730120599998,78.40032222236667,542.9677639999999,3.898193666666496,3.924673333333362
2057,68.6567333333328,-0.0519417820364999,0.0824139155142329,-0.0389208377647399,17.408730721199998,78.40032125473333,542.9317279999999,3.858487333333263,3.9313466666666783
2058,68.69010000000026,-0.0546964856186716,-0.1614909477836738,-0.1706283280102689,17.408731321799998,78.4003202871,542.8956919999995,3.818780999999488,3.938020000000086
2059,68.72346666666681,-0.0990131345390073,-0.3695704650282274,-0.0840610578590875,17.408731945866666,78.40031927253332,542.8838266666667,3.78963466666649,3.914186666666404
2060,68.75683333333336,-0.0487752928649046,-0.5196308129213412,-0.097586084490943,17.40873257983333,78.40031823816666,542.8821583333333,3.7649433333333313,3.87748333333333
2061,68.79019999999991,-0.0259424920118031,0.8184025559179585,-0.3168477103317307,17.408733213799998,78.4003172038,542.88049,3.740252000000172,3.840780000000256
2062,68.82356666666692,-0.0338303159366691,1.0482215122559977,-0.1095704650299631,17.408733918466666,78.4003162637,542.8604396666666,3.740541333333364,3.811146666666592
2063,68.85693333333302,-0.0715370962017439,-0.0626624067964363,0.2049414270448887,17.408734652533333,78.4003153628,542.8327453333334,3.7512186666666696,3.784453333333326
2064,68.89030000000002,-0.1669861554849067,0.1703940362040835,-0.1585090521820578,17.4087353866,78.4003144619,542.805051,3.761895999999976,3.75776000000006
2065,68.92366666666658,-0.1630102946414439,0.3255236066529743,-0.6443734469307264,17.408736120666667,78.40031351366666,542.7863500000001,3.762870000000014,3.759466666666603
2066,68.95703333333358,-0.1388853390180187,0.1944266950369187,0.1561803336605911,17.408736854733334,78.40031254603333,542.7713349999999,3.7598669999999808,3.772813333333418
2067,68.99040000000014,-0.2288391906280723,0.4188285410041799,-0.1203407880731922,17.4087375888,78.4003115784,542.7563199999998,3.756863999999988,3.786160000000051
2068,69.02376666666669,-0.1688959886402987,0.5747816826427115,-0.5059424920116986,17.4087382991,78.4003106583,542.7524753333333,3.727955333333282,3.787623333333329
2069,69.05713333333279,-0.1610507632232535,0.4376712814986333,-0.3090379836658035,17.4087389998,78.4003097574,542.7531426666667,3.688582666666715,3.784286666666671
2070,69.09049999999979,-0.1538871139505758,-1.046006389761306,0.2189563365269429,17.4087397005,78.4003088565,542.75381,3.649209999999611,3.780949999999967
2071,69.1238666666668,-0.1885835995734104,-0.4993965211457685,0.0052112176140655,17.408740377333334,78.400307884,542.7432599999999,3.648501333333441,3.751359999999705
2072,69.15723333333335,-0.1949236776706099,0.2078239261617991,-0.2192261270847874,17.408741044666666,78.400306883,542.7282449999999,3.6631826666667378,3.711319999999806
2073,69.1905999999999,-0.152076677316352,-0.2669648562284784,0.2080511182106611,17.408741711999998,78.400305882,542.71323,3.6778640000000338,3.671279999999908
2074,69.22396666666691,-0.1997018104270883,-0.6237486688247196,-0.033361732312718,17.4087424033,78.400304881,542.6881489999996,3.691826333333472,3.6695866666668016
2075,69.25733333333301,-0.1479588214390992,0.5828186013505801,-0.3772807951790264,17.408743104,78.40030388,542.6591199999999,3.7055066666667087,3.682933333333375
2076,69.29070000000002,-0.168477103302198,0.6496911608071749,-0.2499041533616567,17.4087438047,78.40030287900001,542.6300910000001,3.7191869999999456,3.696279999999947
2077,69.32406666666657,-0.0744479943172556,-0.4542137025149696,0.5782889598963441,17.408744505399998,78.40030190206667,542.6022653333335,3.724443999999985,3.712033333333204
2078,69.35743333333357,-0.1241533546328144,-0.2454739084339816,0.0633368832178262,17.408745206099997,78.40030093443333,542.5749046666665,3.726446000000007,3.728716666666722
2079,69.39080000000013,-0.067816826410878,0.6353993610230501,-0.3442811501605347,17.4087459068,78.4002999668,542.5475439999999,3.7284480000000015,3.745400000000014
2080,69.42416666666668,-0.0255591054297601,0.3473553425523882,0.1833510827291842,17.408746535,78.40029892666666,542.5288833333333,3.729,3.7524166666666607
2081,69.45753333333278,0.0552644657426322,-1.500859069937145,0.8740646077407723,17.4087471356,78.40029785893333,542.5135346666667,3.729,3.755753333333319
2082,69.49089999999978,-0.037550585726954,-0.899211927604223,0.1651544196185368,17.408747736200002,78.40029679119999,542.4981859999999,3.729,3.759090000000023
2083,69.52426666666679,0.0132055378047045,0.516748313795423,-0.5880724174572914,17.408748458133335,78.40029579626666,542.4893893333333,3.742589333333415,3.757573333333319
2084,69.55763333333334,0.1406815761447574,0.2905289314888908,0.3322115725935541,17.408749225566666,78.40029482863333,542.4830496666667,3.761274666666701,3.75423666666666
2085,69.5909999999999,0.2351437699659589,-1.2285410010785034,1.0960596379098255,17.408749993,78.400293861,542.47671,3.779959999999988,3.7509000000000015
2086,69.6243666666669,-0.0771033013779426,-0.5923180689050516,-0.1382676605685974,17.4087507117,78.40029284463333,542.4594053333332,3.788411333333382,3.764620000000209
2087,69.657733333333,-0.0809797657083861,0.8238977635751482,-0.9124884629034768,17.4087514124,78.40029181026667,542.4380506666665,3.793082666666704,3.784640000000158
2088,69.6911,0.012353567620019,1.1860915867981696,-0.1351011714821402,17.4087521131,78.4002907759,542.4166959999999,3.797754000000025,3.804660000000108
2089,69.72446666666656,0.0601632942864615,-0.2711111111517862,0.6529357472566931,17.40875283826667,78.40028979046666,542.4100213333332,3.799,3.8148933333333295
2090,69.75783333333356,-0.0892083777054758,-0.5251331203486529,0.1795172169051701,17.408753572333335,78.40028882283333,542.4086866666667,3.799,3.8215666666667074
2091,69.79120000000012,-0.1013844515450094,0.6712673056156364,-0.4199787007390735,17.4087543064,78.4002878552,542.4073520000001,3.799,3.8282399999999934
2092,69.82456666666667,-0.0436705715291065,1.172310969117592,-0.1284913028028236,17.408754991333332,78.40028676473334,542.3934883333335,3.816442333333222,3.827543333333349
2093,69.85793333333322,-0.0267234646786767,-0.3564501242481902,0.3017110401135391,17.408755658666667,78.40028563026667,542.3751366666668,3.840132666666496,3.8242066666666905
2094,69.89129999999977,-0.0314589989334758,-1.3032587859543785,0.3883067092756014,17.408756326,78.40028449580001,542.356785,3.863823000000092,3.820869999999987
2095,69.92466666666678,-0.063187788434637,-0.2776002840413304,-0.2616258430958145,17.408757092,78.40028343533334,542.3275799999999,3.900340000000056,3.8397333333333696
2096,69.95803333333333,-0.085701100462331,0.667610933605814,-0.5495420660289908,17.4087578928,78.40028240096667,542.2945470000001,3.941380999999952,3.866426666666636
2097,69.99139999999989,0.0862193823205648,0.5723109690925251,0.3854313099159933,17.4087586936,78.4002813666,542.2615140000001,3.9824219999998487,3.8931199999999015
2098,70.02476666666689,-0.0351934682343013,-2.0433936812738325,0.4259140930150551,17.408759494399998,78.40028030746667,542.2584486666667,4.000182333333405,3.929720000000297
2099,70.05813333333299,0.0151082712103887,-0.2249627263074153,-0.3886687965918403,17.408760295199997,78.40027923973334,542.2657893333334,4.009858666666714,3.969760000000196
2100,70.0915,0.0536741214062544,1.2818956336569969,-0.627050053244785,17.408761096,78.400278172,542.27313,4.019535000000023,4.009800000000095
2101,70.12486666666655,0.1421796237154765,1.407511537066438,0.263798367069765,17.408761871933333,78.40027710426666,542.2640586666666,4.030205999999999,4.027459999999999
2102,70.15823333333356,0.1967838125671568,-0.3800780972351155,0.735157969471381,17.408762639366667,78.40027603653333,542.2493773333332,4.04121700000012,4.037470000000109
2103,70.19160000000011,0.015718849849333,-2.484174653900197,0.4274334398634015,17.4087634068,78.40027496879999,542.2346959999999,4.052228000000093,4.047480000000085
2104,70.22496666666666,-0.2038338658147739,-0.2198012069565929,-1.2366773162946347,17.408764299066668,78.40027400093334,542.2349946666667,4.056248333333337,4.057490000000025
2105,70.25833333333321,-0.0168974085914483,1.0761093361649945,-0.568761093366007,17.408765233333334,78.40027306666667,542.2403333333333,4.057916666666658,4.067499999999955
2106,70.29170000000022,0.1153780617685625,1.0909052183828272,0.2589137379893991,17.4087661676,78.4002721324,542.245672,4.059585000000003,4.077510000000021
2107,70.32506666666677,0.1492935747226349,-0.5593894213762121,0.8539581114637483,17.4087670768,78.40027119813334,542.234216,4.058997333333335,4.08
2108,70.35843333333332,-0.0752857649989301,-0.9103301384419,0.1694284699985598,17.408767977700002,78.40027026386667,542.217199,4.057662666666672,4.08
2109,70.39179999999988,-0.064494142703099,-0.2132907348041502,-0.4713099041607468,17.4087688786,78.40026932960001,542.2001820000002,4.056328000000009,4.08
2110,70.42516666666688,-0.0025559105432471,0.8410365637143808,-0.2247426340081099,17.4087696285,78.40026821916666,542.1879466666667,4.061285000000031,4.08
2111,70.45853333333298,0.1138658146974774,0.9177422790309586,0.4039332623357975,17.4087703292,78.40026705133333,542.1772693333334,4.068292000000014,4.08
2112,70.49189999999999,0.22104366346871,-0.1331416400584289,0.8145473908316271,17.4087710299,78.4002658835,542.166592,4.075298999999996,4.08
2113,70.52526666666654,-0.0592261270866006,-0.2373872914423405,-0.1857152999736226,17.408771755866667,78.40026479146667,542.1397440000001,4.078768666666659,4.085053333333312
2114,70.55863333333309,-0.2129286474990499,0.2205395810807194,-1.5333688320700205,17.408772489933334,78.40026372373333,542.1077119999998,4.081104333333352,4.09172666666672
2115,70.5920000000001,0.0287539936069304,0.7429179978629845,-0.6332268370915812,17.408773224,78.400262656,542.0756799999998,4.083440000000012,4.098400000000036
2116,70.62536666666665,0.145757898472559,1.13324813632827,0.1890805821651622,17.408774084900003,78.40026163900001,542.0677463333333,4.083492666666665,4.102536666666676
2117,70.6587333333332,0.3623855165088051,-0.9294852680536614,1.90154064609252,17.4087749858,78.40026063799999,542.0674126666667,4.082825333333333,4.105873333333335
2118,70.69210000000021,0.0844728434550353,-0.026432374910082,0.6198722045357352,17.4087758867,78.40025963699999,542.067079,4.082157999999992,4.109210000000039
2119,70.72546666666676,-0.0556478523251595,-0.3724813631512939,-0.7058288959891583,17.408776864,78.40025868693333,542.0718386666667,4.10084533333347,4.11
2120,70.75883333333331,0.0205537806188987,-0.3216897408182088,-0.3334398296077265,17.408777865,78.40025775266668,542.0781783333333,4.125536666666628,4.11
2121,70.79219999999987,0.0972097976590346,0.6762939297204876,-0.1961661341828239,17.408778866,78.40025681840001,542.084518,4.150227999999787,4.11
2122,70.82556666666687,0.1839119630797992,-0.2173588924397525,0.4395030173896051,17.408779867,78.40025588413334,542.1146346666667,4.142705333333308,4.1278966666667
2123,70.85893333333343,0.0693645722423219,0.5806460773758286,0.3845935392528856,17.408780868,78.40025494986666,542.1520053333332,4.125354666666685,4.151253333333308
2124,70.89229999999998,0.0694994675175442,-0.7110543130956477,-0.3724387646482586,17.408781869,78.4002540156,542.1893759999998,4.108004000000062,4.174609999999915
2125,70.92566666666653,-0.0734824281153064,-0.3066382676682707,-0.8962726304574691,17.408782716,78.40025297866667,542.1838833333335,4.112213333333268,4.167166666666769
2126,70.95903333333308,0.0587291444652104,0.7316861909196322,-0.6242314519522332,17.4087835168,78.40025191093333,542.1655316666665,4.12289066666672,4.15048333333325
2127,70.99240000000009,0.3432587859439797,0.7971458998842983,1.4809371672178222,17.4087843176,78.40025084320001,542.1471799999999,4.133568000000026,4.133799999999959
2128,71.02576666666619,0.453851615196616,-0.9727440539487184,2.045154419613446,17.4087851184,78.40024972393334,542.140681,4.141926333333333,4.13773
2129,71.0591333333332,0.1640326588481504,-0.5517074902123202,0.7734469292814907,17.4087859192,78.40024858946667,542.137678,4.149600666666647,4.147739999999974
2130,71.0925000000002,0.064962726308163,-0.3349307774197391,-0.7310969115675587,17.40878672,78.400247455,542.134675,4.157275000000065,4.157750000000085
2131,71.12586666666675,0.038466453674377,-0.1675257366044893,-0.9999006034769036,17.408787443199998,78.4002461912,542.1153759999999,4.192885333333595,4.165173333333374
2132,71.1592333333333,0.1139155129589771,0.6775079872617048,-0.5313454029147595,17.408788143899997,78.4002448899,542.0913519999999,4.236595666666819,4.171846666666689
2133,71.19259999999986,0.3030457933968746,1.7769968051094192,0.1892225772168643,17.4087888446,78.4002435886,542.067328,4.280306000000042,4.178520000000006
2134,71.22596666666686,0.3665246716355564,1.6536812211942995,0.652964146231661,17.408789571266666,78.40024241713333,542.0440829999998,4.278314999999872,4.213756666667036
2135,71.25933333333342,0.3551295704618308,0.7732339368744072,0.8149094781603605,17.408790305333333,78.40024128266667,542.02106,4.263299999999978,4.257133333333396
2136,71.29269999999997,0.1462832800865452,-0.4380617678317795,0.0957827476109704,17.4087910394,78.4002401482,541.9980370000002,4.2482850000000845,4.300509999999756
2137,71.32606666666652,0.0250763223357593,0.1528008519663609,-1.339992900220103,17.4087919038,78.40023901373334,542.0130713333332,4.270805999999698,4.299573333333455
2138,71.35943333333307,0.2251757188463649,-0.0121760738376384,0.2120837770399113,17.4087928047,78.40023787926667,542.0387636666668,4.303839000000066,4.28622666666664
2139,71.39280000000008,0.2733120340786212,-0.0187007454716148,1.1274121405739257,17.4087937056,78.40023674480001,542.0644560000001,4.336871999999982,4.272880000000007
2140,71.42616666666618,0.0975860844842243,-0.1716719914815185,-0.1476393326353588,17.4087944495,78.400235558,542.0527300000001,4.340860000000013,4.293549999999907
2141,71.45953333333318,0.1500177493795207,-0.2501952431837169,-0.3268583599505478,17.4087951502,78.40023435680001,542.0307080000001,4.336856000000022,4.323579999999832
2142,71.49290000000019,0.3124174653927717,-2.287689030877922,0.6933333333413609,17.4087958509,78.4002331556,542.0086859999999,4.332851999999978,4.353610000000166
2143,71.52626666666674,0.078750443729093,0.5216755412950423,-0.7511679091080025,17.408796630399998,78.4002318756,542.0168706666667,4.351700000000075,4.357373333333324
2144,71.5596333333333,0.3682712105107716,1.7672985445804037,0.25161519347661,17.4087974312,78.4002305743,542.0332203333334,4.376725000000012,4.354036666666665
2145,71.59299999999985,0.3812566560170394,1.1938232161874334,1.073482428115016,17.408798232,78.400229273,542.04957,4.401749999999949,4.350700000000007
2146,71.62636666666685,0.3275541356108663,0.5314376996997316,0.4229960951662687,17.4087989537,78.40022791896666,542.0435079999999,4.437849000000353,4.368456666666878
2147,71.6597333333334,0.2755981540674902,2.9176002839968485,0.2528931487487437,17.4087996544,78.40022655093333,542.031496,4.476888000000256,4.391813333333486
2148,71.69309999999996,0.3068583599612835,-0.2595527155960471,0.5220447284370618,17.408800355100002,78.4002251829,542.019484,4.515927000000157,4.415170000000094
2149,71.72646666666651,-0.1385019524259025,0.4153780618270066,-0.8122399716508357,17.408801108733336,78.40022389426666,542.0072073333334,4.5197653333333445,4.451759999999916
2150,71.75983333333306,0.0012424565144417,1.0921192758285423,-1.016506922257624,17.408801876166667,78.40022262633333,541.9948616666667,4.514426666666643,4.491800000000178
2151,71.79320000000007,0.0970394036209352,0.7354206602815705,0.1863684771027202,17.4088026436,78.4002213584,541.982516,4.509088000000014,4.531839999999895
2152,71.82656666666662,0.0762690805807293,-0.8048514969140217,-0.1629274642127143,17.40880340378788,78.4002201339394,542.0094648484846,4.522490909090829,4.535169696969724
2153,71.85993333333317,-0.0320908768194404,-0.7095491657809089,-0.6775766181525805,17.408804162121214,78.40021892060606,542.0464715151513,4.54069090909082,4.52910303030306
2154,71.89330000000018,-0.1584025559139602,-1.233588924440577,-0.6177209797555265,17.408804920454546,78.40021770727273,542.0834781818185,4.55889090909106,4.523036363636313
2155,71.92666666666673,-0.0549047450071026,0.8782392615928307,-1.182818601378656,17.40880564848485,78.4002164939394,542.1095757575758,4.579363636363768,4.529090909091014
2156,71.96003333333329,0.1877600283989492,1.1845864394753791,0.9575860844859916,17.408806346151515,78.40021528060606,542.1247424242424,4.602113636363663,4.547290909090931
2157,71.99339999999984,-0.0646077387295479,0.1547745828746665,-0.037131700394958,17.408807043818182,78.40021406727273,542.1399090909091,4.624863636363559,4.565490909090848
2158,72.02676666666684,-0.2145544905925321,-0.5695775647547869,-0.7328860489894439,17.408807741484846,78.40021286624243,542.1474478787878,4.638017272727134,4.58430606060618
2159,72.0601333333334,-0.3988924387596376,-1.7397373091892216,-0.6357969471022628,17.408808439151514,78.40021171357576,542.1250012121212,4.613447272727247,4.6055393939394165
2160,72.09349999999995,-0.2910010649610918,-0.2036741213876504,-0.7105963791234818,17.40880913681818,78.40021056090909,542.1025545454546,4.58887727272736,4.626772727272653
2161,72.12686666666696,-0.0602626908070396,0.8442030528945254,0.1102449414184723,17.40880983448485,78.40020940824242,542.0801078787878,4.564307272727137,4.648006060606178
2162,72.16023333333305,-0.2108507868886708,-0.9719796473757208,-0.348473553421905,17.408810532151517,78.4002082280909,542.0752515151514,4.575742424242495,4.628012121212008
2163,72.19360000000006,-0.3034291799765931,-0.2313951011668252,-1.0648349307649632,17.408811229818184,78.40020704509091,542.0722181818181,4.590909090909155,4.603745454545352
2164,72.22696666666661,-0.1266713998325499,0.6931724056334919,0.0474145071720538,17.408811927484848,78.40020586209091,542.0691848484848,4.606075757575815,4.579478787878697
2165,72.26033333333362,-0.2756478523251282,0.3542184356923487,-0.2116909241511763,17.408812588181817,78.40020471606061,542.0707727272728,4.589078787878246,4.579242424242644
2166,72.29370000000017,-0.2516506922256655,-0.8659850905110494,0.3716080937129056,17.408813225181817,78.40020359372727,542.0753227272728,4.551465454545085,4.59440909090924
2167,72.32706666666672,-0.4207667731631491,-0.0476156668067745,-0.6786534137816309,17.408813862181816,78.40020247139394,542.0798727272727,4.513852121211925,4.609575757575837
2168,72.36043333333328,-0.2361661341850594,0.6747958821493456,-0.1085977990749711,17.408814518151516,78.40020135854544,542.0705748484847,4.491414545454553,4.608618181818159
2169,72.39380000000028,-0.1941427050049858,-0.1112176073998253,-0.0083422080101007,17.408815215818183,78.40020026654545,542.0308381818178,4.502334545454652,4.57221818181783
2170,72.42716666666684,-0.3347532836310692,-0.0779197728001385,-0.991657791969855,17.40881591348485,78.40019917454545,541.9911015151513,4.513254545454601,4.535818181817996
2171,72.46053333333339,-0.156951840023415,-0.1372381966867178,0.16748313807178,17.408816611151515,78.4001980810909,541.9519515151516,4.524334545454556,4.500145454545459
2172,72.49389999999994,-0.0922257720976697,-0.6547923322691737,0.242438764645219,17.408817308818183,78.40019689809091,541.9489181818182,4.54526454545446,4.509245454545417
2173,72.52726666666695,-0.1686048988237987,0.8598651046861199,-0.9138942136668664,17.40881800648485,78.4001957150909,541.9458848484849,4.56619454545465,4.5183454545455
2174,72.56063333333304,-0.0793456395713251,0.4899124364045233,-0.0041947698610233,17.408818704151514,78.40019453209091,541.9428515151516,4.587124545454554,4.527445454545458
2175,72.59400000000005,0.0138445154433155,-0.0971246006259406,0.6768903088447309,17.40881948909091,78.40019348,541.9439636363636,4.579254545454569,4.545272727272701
2176,72.6273666666666,-0.1992486096319868,-1.3682641107552034,-0.4814341498048213,17.40882030809091,78.400192479,541.9466936363636,4.560144545454578,4.566506060606025
2177,72.66073333333361,-0.0090876819306545,1.0755839545777413,0.5156833510851968,17.40882112709091,78.400191478,541.9494236363637,4.541034545454326,4.587739393939637
2178,72.69410000000016,-0.1069648562288386,-1.792225772057277,-0.3354206602682816,17.408821920454546,78.400190477,541.9445909090908,4.521796363636184,4.5923090909089215
2179,72.72746666666671,-0.1682641107558813,-0.7439119630801138,0.1103064726080781,17.408822678787878,78.400189476,541.9294242424241,4.50238303030294,4.574109090909006
2180,72.76083333333327,-0.164252751155595,0.5315938942285541,-0.1921192758413083,17.408823437121214,78.400188475,541.9142575757576,4.482969696969695,4.555909090909089
2181,72.79420000000027,-0.1614483493093239,1.4268370607036502,-0.3778487753139797,17.408824195454546,78.40018747018182,541.8998545454544,4.465159999999939,4.537327272727079
2182,72.82756666666683,-0.0803123890660365,-0.9708484203016527,0.8157117500896482,17.408824953787878,78.40018643884848,541.8907545454545,4.458486666666636,4.516093939393842
2183,72.86093333333338,-0.2746657200328846,-0.0874216069063137,-0.8590935983891302,17.408825712121214,78.40018540751515,541.8816545454545,4.451813333333334,4.494860606060606
2184,72.89429999999993,-0.2759318423831434,0.6186368477141561,0.0436634717838148,17.408826470454546,78.40018437618181,541.8725545454546,4.445140000000031,4.473627272727371
2185,72.92766666666694,-0.0681576144838805,-0.2996095136058721,0.1182108626372426,17.40882739925926,78.40018312407408,541.8719222222222,4.460292592592754,4.463851851851791
2186,72.96103333333303,-0.0021938232093415,-0.6981327653168612,-0.0442314518843707,17.408828363185187,78.40018182648149,541.8730344444444,4.479941851852013,4.456437037036976
2187,72.99440000000004,-0.0591586794394272,0.2674653887022783,-0.298615548437062,17.408829312444443,78.400180524,541.871751111111,4.494653333333199,4.452444444444585
2188,73.0277666666666,-0.0481363152306135,0.0041888534183976,0.1331469648497465,17.40883016514815,78.40017918933333,541.854697037037,4.476857777777733,4.4709814814815285
2189,73.0611333333336,-0.0209016684402562,-1.5121760738041743,0.4884629038134769,17.408831017851853,78.40017785466667,541.8376429629627,4.459062222222024,4.489518518518724
2190,73.09450000000015,-0.1159744409034505,0.7045793396799886,-0.8997870074365006,17.408831902777777,78.40017651999999,541.8338000000001,4.456088888888988,4.493555555555465
2191,73.1278666666667,-0.0142705005275415,1.000212992581292,-0.432942846996513,17.40883282962963,78.40017518533332,541.8471466666667,4.472401481481498,4.478725925925911
2192,73.16123333333326,-0.0294994675181912,0.5934398296134489,0.2087752928659972,17.40883375648148,78.40017385066666,541.8604933333334,4.488714074074008,4.463896296296356
2193,73.19460000000026,-0.1266027689017672,0.5253674121188827,-0.1038977635762717,17.408834710666667,78.400172598,541.85498,4.491086666666655,4.4709333333334005
2194,73.22796666666682,-0.2387078452250192,1.7705360312455969,-1.1569116081036426,17.40883567459259,78.40017137455555,541.8427455555556,4.488491481481483,4.485762962962956
2195,73.26133333333337,0.0400248491324799,2.2814164004433586,0.2289669861448303,17.40883664,78.40017014666667,541.8320518518517,4.486962962962834,4.499851851851871
2196,73.29469999999992,0.0233226837051791,-0.7187007454665395,1.1044302449366152,17.408837641,78.400168812,541.8583744444443,4.511061111110982,4.4961444444444645
2197,73.32806666666693,-0.0867021654230891,-0.5591480297843665,0.0411501597434481,17.408838642,78.40016747733334,541.8846970370373,4.535159259259459,4.492437037037006
2198,73.36143333333303,-0.1876819311380846,0.4604543840837148,-0.307996095160935,17.408839643,78.40016612996297,541.901745925926,4.563195555555789,4.498892592592763
2199,73.39480000000003,-0.14856230032076,-1.2216187433589596,1.07507987220417,17.408840644,78.40016475822222,541.9010044444444,4.5987866666667205,4.524844444444484
2200,73.42816666666658,0.000958466449577,-1.4854810081880183,0.8248491302656791,17.408841645,78.40016338648148,541.900262962963,4.634377777777653,4.5507962962962045
2201,73.46153333333359,-0.0906780262682953,-0.6195527156393307,0.092566560176035,17.408842693851852,78.40016208651852,541.9009570370371,4.646282222222217,4.5815333333335015
2202,73.49490000000014,-0.081150159745329,0.2681576144784564,-0.1919861554832201,17.408843769,78.400160826,541.90244,4.64517,4.6149
2203,73.5282666666667,-0.0239794107207014,0.5618033368800934,-0.1993077742279867,17.408844844148145,78.40015956548149,541.903922962963,4.644057777777784,4.6482666666664985
2204,73.5616333333328,-0.0520482783106994,0.5300248491388607,-0.2649556265554714,17.408845954444445,78.40015819951851,541.9096237037037,4.693910370370091,4.65
2205,73.59500000000025,-0.1224707135250266,0.1101171458538667,-0.3838125665554049,17.408847066666667,78.40015682777778,541.9155555555556,4.746555555555994,4.65
2206,73.6283666666668,-0.0635605253817286,0.3987131700113695,-0.0880014199500676,17.408848169592595,78.40015546533333,541.9223240740741,4.782560370370273,4.663014814815182
2207,73.66173333333336,-0.0597799077039648,1.0787362442298134,-0.4018459354123189,17.40884924474074,78.40015413066666,541.9315925925927,4.768842962962935,4.714918518518624
2208,73.69509999999991,-0.1621938232156934,1.1578487753063338,-0.6900958466404277,17.408850319888888,78.400152796,541.9408611111111,4.755125555555597,4.766822222222065
2209,73.72846666666692,-0.0843592474325622,0.8395456159055743,-0.0570678026615986,17.408851415555556,78.40015148185185,541.954848888889,4.753719259259307,4.78179259259251
2210,73.76183333333302,0.0072328718502823,1.116968406099208,0.4343716719942346,17.40885252777778,78.40015018425926,541.9726444444445,4.762246296296301,4.766962962962955
2211,73.79520000000002,0.1292438764650908,-0.5110969116211928,0.4529073482450546,17.40885364,78.40014888666667,541.9904399999999,4.770773333333295,4.752133333333401
2212,73.82856666666657,0.058296059637746,0.3705644302526047,0.3905573304945434,17.408854714133334,78.40014770016667,541.993,4.776284999999963,4.755713333333284
2213,73.86193333333358,0.03471778488336,-0.0779694710609602,0.7098189563618507,17.408855781866666,78.40014653233334,541.993,4.781290000000018,4.762386666666691
2214,73.89530000000013,0.0043024494145494,-0.4218956336533568,0.0092225772141097,17.4088568496,78.40014536449999,541.993,4.786295000000005,4.769060000000008
2215,73.92866666666669,0.1293574724856475,0.5843095491449871,0.0198083067060881,17.40885786,78.400144168,541.9884133333334,4.794739999999988,4.775733333333324
2216,73.96203333333278,0.0891444799439974,0.6213489527962891,0.1555839545640491,17.408858861000002,78.4001429668,541.9830746666667,4.803748999999965,4.782406666666641
2217,73.99539999999979,0.0619382321595187,0.0211288605247825,0.3271139510016103,17.408859862,78.4001417656,541.9777359999999,4.812758000000065,4.789080000000048
2218,74.0287666666668,0.1007383741560702,0.1478026269225843,0.1987433439766299,17.408860863,78.40014053563333,541.9859176666668,4.814287666666669,4.798630000000047
2219,74.06213333333335,0.1916080937160573,-0.2950372736996746,0.4902662406806346,17.408861864000002,78.40013930106667,541.9962613333333,4.814621333333334,4.808640000000022
2220,74.0954999999999,0.1480298189574987,-0.5946751863617745,0.0077742279053747,17.408862865,78.4001380665,542.006605,4.814955,4.818649999999997
2221,74.12886666666691,0.0789350372702704,-0.2409513667237557,-0.337408590712387,17.40886375053333,78.40013671646668,542.0313820000003,4.805473999999882,4.82
2222,74.162233333333,0.1483067092658265,0.4853674121435505,-0.0452112176038297,17.408864618066666,78.40013534843334,542.0584090000003,4.79446299999991,4.82
2223,74.19560000000001,0.2857933972309922,-0.0960170394016371,0.9683919062820248,17.4088654856,78.4001339804,542.0854360000002,4.783451999999937,4.82
2224,74.22896666666657,0.2833439829597556,0.1402768902987504,0.4226411075531884,17.408866440033332,78.40013258340001,542.1002970000001,4.817339333333303,4.808413333333344
2225,74.26233333333357,0.2758253461214095,-0.4339368121042477,0.4840610578893266,17.408867407666666,78.400131182,542.1133100000001,4.858046666666904,4.795066666666589
2226,74.29570000000012,0.0243450479243803,-0.0963152289793528,-0.1727795526987319,17.4088683753,78.4001297806,542.1263230000001,4.898753999999949,4.781720000000017
2227,74.32906666666668,0.1298260560883778,0.3575008874795232,-0.2535179268731948,17.408869401066667,78.40012852453333,542.1364293333334,4.92521866666656,4.8177866666664775
2228,74.36243333333277,0.1203833865813611,0.6757188498408367,-0.1882073127444077,17.408870435433336,78.40012728996668,542.1461056666666,4.949576333333166,4.861163333333035
2229,74.39579999999978,0.1241746538869396,0.901980830677912,-0.1827902023462189,17.4088714698,78.40012605540001,542.155782,4.973934000000103,4.904540000000184
2230,74.42916666666679,0.112353567624116,-0.1121760738367376,0.0138445154297554,17.408872358333333,78.40012479166667,542.1733333333334,4.941999999999932,4.930416666666707
2231,74.46253333333334,0.1902023429177265,-0.0494426695189701,0.3239190628323669,17.408873225866667,78.40012352373334,542.1920186666666,4.901960000000033,4.953773333333315
2232,74.49589999999989,0.158658146961809,-0.8879659212000613,0.2057082002021135,17.4088740934,78.4001222558,542.2107039999999,4.861920000000134,4.977129999999923
2233,74.5292666666669,0.0775292864767168,0.4779552715352755,-0.8889598864008118,17.4088749902,78.4001209586,542.2065613333333,4.852902666666631,4.9448799999996895
2234,74.562633333333,0.1384664536742608,0.1625417110403511,0.0948242811488889,17.4088758911,78.4001196573,542.1992206666666,4.848231333333309,4.904839999999791
2235,74.596,0.1386581469640231,-0.1358892438772585,0.407880724174557,17.408876792,78.400118356,542.19188,4.843559999999988,4.864799999999891
2236,74.62936666666656,0.0303514376978402,0.6121618743291718,0.1627902023368081,17.40887766353333,78.40011708406666,542.1860076666667,4.833308999999997,4.854126666666666
2237,74.66273333333356,0.0506922257812025,0.2650337238625339,0.0531061413336131,17.408878531066666,78.40011581613334,542.1803353333332,4.822297999999876,4.847453333333258
2238,74.69610000000011,0.0488604898847291,-0.2071139510106064,-0.4700958466206918,17.4088793986,78.40011454820001,542.1746629999999,4.811286999999902,4.840779999999941
2239,74.72946666666667,-0.0721618743347585,-0.0447710330092805,-0.6539013134625165,17.408880266133334,78.40011322133334,542.1639813333333,4.812357333333339,4.8311599999999775
2240,74.76283333333322,-0.0684771033014716,-0.3277600283862498,-0.5549520766814134,17.408881133666668,78.40011188666666,542.1526366666667,4.815026666666653,4.821150000000048
2241,74.79620000000023,0.0169542066009518,0.5337593184009386,-0.2610010649665773,17.4088820012,78.400110552,542.141292,4.817696000000004,4.811139999999982
2242,74.82956666666678,0.0771529996452971,0.555619453319558,-0.098083067089775,17.408882809599998,78.40010921733334,542.1438436666666,4.817704333333333,4.812956666666662
2243,74.86293333333333,-0.0342208022717525,-0.1882854100121606,0.0786084487055765,17.4088836104,78.40010788266666,542.1481813333334,4.817370666666668,4.816293333333321
2244,74.89629999999988,-0.2694994675213798,-1.1288391906072672,0.1270500532316317,17.4088844112,78.400106548,542.152519,4.817037000000003,4.819629999999979
2245,74.92966666666689,-0.2193823216139004,0.1835285765142219,-0.4937877174102601,17.408885330666667,78.40010530233333,542.1366833333333,4.8137366666666495,4.82
2246,74.96303333333299,-0.0992190273345598,0.2906638267596576,0.0160170394000254,17.408886264933333,78.40010406776666,542.1183316666666,4.810066333333325,4.82
2247,74.9964,-0.0763791267292626,0.0493290734879838,0.0964430245013953,17.4088871992,78.40010283320001,542.09998,4.806396000000001,4.82
2248,75.02976666666655,-0.1711679091232439,-0.5162300319489089,-0.2580191693296701,17.408888044166666,78.4001015391,542.0914513333333,4.79349800000004,4.817023333333343
2249,75.06313333333355,-0.2103372381982438,0.1125026624121157,-0.5919062832849669,17.408888878333332,78.4001002378,542.0841106666666,4.779483999999884,4.813686666666639
2250,75.0965000000001,-0.2466453674110945,-0.6560170393954848,-0.5416400426009499,17.408889712500002,78.4000989365,542.07677,4.765469999999919,4.81034999999998
2251,75.12986666666666,-0.1328363507274791,0.2164856229933307,-0.2349165779129512,17.40889063626667,78.40009769493334,542.1001920000001,4.749962666666615,4.798053333333289
2252,75.16323333333321,-0.2114518991815436,-0.9907206248220068,-0.0117571884725298,17.408891570533335,78.40009646036667,542.1272190000001,4.734280333333322,4.784706666666656
2253,75.19660000000022,-0.2643663471762293,-0.7895633652830675,-0.2869861554695992,17.4088925048,78.4000952258,542.1542460000004,4.7185979999998136,4.7713599999998415
2254,75.22996666666677,-0.2137238196662897,-0.5817252396161563,-0.1981114660988079,17.408893469033334,78.40009408113333,542.2004516666669,4.6771443333331,4.755016666666578
2255,75.26333333333332,-0.0930067447649824,0.4768370607020884,-0.2082889598923566,17.408894436666667,78.40009294666667,542.2488333333333,4.632766666666747,4.738333333333364
2256,75.29669999999987,-0.0571246006403413,0.0727369541974593,0.2608093716771055,17.4088954043,78.4000918122,542.2972149999996,4.588389000000394,4.721650000000148
2257,75.33006666666688,-0.1201419950276594,-0.6348029818939716,0.2060205892827419,17.408896281733334,78.4000906176,542.3122226666667,4.563253999999959,4.680913333333256
2258,75.36343333333298,-0.1014625488114063,0.2334185303441694,-0.0428753993698093,17.408897149266664,78.40008941640001,542.3235673333334,4.540231000000017,4.637536666666699
2259,75.39679999999998,0.001490947814066,0.999148029816002,0.2483493077843495,17.4088980168,78.4000882152,542.334912,4.517208000000075,4.594160000000142
2260,75.43016666666654,0.0017039403620097,0.7169684061029258,-0.0515796947101878,17.408898884333333,78.40008707433333,542.3658649999998,4.483325000000203,4.568883333333468
2261,75.46353333333309,-0.0082783102593681,0.5082286120045516,0.0386226482019403,17.408899751866667,78.40008593986667,542.3988980000001,4.448289999999814,4.545526666666542
2262,75.4969000000001,0.0097124600627122,-0.3184877528942996,0.4996379126681826,17.4089006194,78.4000848054,542.4319310000001,4.413254999999903,4.522169999999934
2263,75.5302666666662,-0.0034433794815809,0.1230209442673905,0.3622470713527085,17.4089015172,78.4000837012,542.45316,4.392445333333328,4.486706666666656
2264,75.5636333333332,-0.0910614128503383,-0.1179836705862498,-0.0197515086957129,17.4089024181,78.4000826001,542.47318,4.37309266666671,4.450003333333416
2265,75.59700000000021,-0.1804046858294868,-0.5887113950643268,-0.1516506922044439,17.408903319,78.40008149900001,542.4932000000002,4.353739999999829,4.413299999999675
2266,75.63036666666676,-0.3918139865109977,-1.0395811146734169,-0.5575789847317698,17.4089042199,78.400080489,542.5041100000001,4.315256333333077,4.391779999999873
2267,75.66373333333331,-0.25005324813663,0.7574014909465334,-0.8343272985456447,17.4089051208,78.400079488,542.51412,4.274882666666513,4.371759999999924
2268,75.69709999999986,-0.1279659211923242,1.1867092651833744,-0.319531416394506,17.4089060217,78.400078487,542.52413,4.234508999999948,4.351739999999974
2269,75.73046666666687,-0.1761164359246987,0.88295349662659,-0.1232374866874661,17.408906800733334,78.40007742506667,542.5524200000002,4.188041999999612,4.3134399999996695
2270,75.76383333333342,-0.220305289312898,-0.6499467518384919,0.1121760738327664,17.40890756816667,78.40007635733333,542.58245,4.140994999999944,4.273399999999953
2271,75.79719999999998,-0.1896485623008773,-1.010777422792589,0.2943556975502758,17.4089083356,78.4000752896,542.6124799999998,4.093948000000277,4.2333600000002365
2272,75.83056666666653,-0.1362868299602462,-0.5210152644605812,0.3766986155448294,17.408908927969698,78.40007428300001,542.6202796969696,4.061934242424454,4.191096969697263
2273,75.86393333333308,-0.1209560998735453,0.1947461838655162,-0.2677316293998965,17.40890950430303,78.40007328200001,542.6260430303031,4.031297575757384,4.148630303030036
2274,75.89730000000009,-0.0430244941439447,0.0154419595182436,-0.0494355697583749,17.408910080636364,78.400072281,542.6318063636364,4.000660909090731,4.106163636363389
2275,75.93066666666618,0.0521831735889243,0.8810791622206694,0.021228257012735,17.40891075090909,78.40007128,542.6381333333334,3.99952121212126,4.071212121212036
2276,75.96403333333319,-0.0154348597805068,0.4923393680945512,-0.2849485267983784,17.40891147890909,78.400070279,542.6448066666667,4.0165078787878485,4.0408787878788415
2277,75.9974000000002,0.0277742279031624,0.2682854100569709,0.0818743343755693,17.40891220690909,78.400069278,542.65148,4.033494545454669,4.010545454545235
2278,76.03076666666675,0.0771388001435043,-0.2414980475643557,0.3936575553200864,17.40891291533333,78.40006832593939,542.6574681818181,4.026011515151358,3.995872727272776
2279,76.0641333333333,0.0663684771039831,0.3029179978592923,-0.1759460418865024,17.408913582666667,78.40006747660605,542.6620181818182,3.967164848484961,4.014072727272692
2280,76.09749999999985,0.1296592119272798,-1.3274760383363575,0.3993610223693022,17.40891425,78.40006662727272,542.6665681818182,3.9083181818185646,4.032272727272609
2281,76.13086666666686,0.0977351792689528,-0.1783883564089605,0.3920198793058722,17.408914915757574,78.400065774,542.6704957575757,3.851228484848508,4.0484242424240815
2282,76.16423333333341,0.1001632942845553,0.1112886049049305,0.044621938231755,17.40891552242424,78.400064773,542.6510824242424,3.860025151515171,3.987757575757443
2283,76.19759999999997,0.2160170394038454,-0.8174653887139909,0.7224707135259177,17.40891612909091,78.400063772,542.6316690909091,3.8688218181818335,3.927090909090804
2284,76.23096666666652,0.017621583242329,-0.4529570464831149,-0.1964430245107169,17.408916735757575,78.40006277100001,542.6122557575757,3.877618484848496,3.8664242424241646
2285,76.26433333333307,0.0472725121277062,0.5431309904201784,-0.6395101171530431,17.408917342424242,78.40006179212122,542.618281818182,3.880663636363647,3.856636363636468
2286,76.29770000000008,0.1940575079849984,-0.6624068157374277,0.957848775295447,17.40891794909091,78.40006082145455,542.633751818182,3.8815736363636426,3.865736363636426
2287,76.33106666666617,-0.0471565495252648,0.6576215832563372,-0.7410720625069287,17.408918555757577,78.40005985078787,542.6492218181819,3.8824836363636384,3.874836363636384
2288,76.36443333333318,0.041469648562463,0.2969684061046343,-0.4837486687959412,17.40891921490909,78.400058867,542.6636421212121,3.891791212121165,3.881312121212114
2289,76.39780000000019,0.1968051118212218,-0.207625133103689,0.8454526091588964,17.40891994290909,78.400057866,542.6766854545456,3.912114545454682,3.8843454545454743
2290,76.43116666666674,-0.0803691870767991,-0.6444444444619046,-0.2394746183693465,17.40892067090909,78.40005686500001,542.6897287878788,3.932437878787922,3.887378787878794
2291,76.46453333333329,0.0107632232853459,0.949208377707111,-0.4864465743794227,17.408921411272726,78.40005587224243,542.7091187878787,3.949793939393943,3.8924727272726822
2292,76.49789999999985,0.2543663471780061,-0.2228966986135386,1.2482073127443607,17.408922230272726,78.4000549319091,542.7688754545451,3.948277272727284,3.910672727272599
2293,76.53126666666685,0.0166844160515727,-0.4969258075770552,-0.1447355342203292,17.408923049272726,78.40005399157576,542.8286321212123,3.946760606060603,3.928872727272764
2294,76.5646333333334,-0.1093006744766127,0.0525949591273386,-0.7994746183872148,17.408923868272726,78.40005305124242,542.8883887878786,3.945243939393943,3.94707272727268
2295,76.59799999999996,0.1309904153374972,0.7752928647612598,0.4061767838177775,17.408924534545452,78.40005200909091,542.9053818181818,3.958490909090849,3.95
2296,76.63136666666651,0.1044160454379924,-0.073475328381444,0.1477316293844322,17.40892517154545,78.40005094742425,542.9141784848484,3.9745675757575087,3.95
2297,76.66473333333306,-0.0090592829250794,-0.0554774582914188,-0.6434930777429841,17.408925808545455,78.40004988575758,542.9229751515153,3.9906442424243873,3.95
2298,76.69810000000007,0.1719914802982863,1.165750798723796,0.4729073482421644,17.408926511363635,78.40004884054545,542.9281518181818,4.018568181818421,3.9582272727273686
2299,76.73146666666662,0.1067802626903376,0.0592119275809364,0.2220802271899012,17.408927269696967,78.40004780921213,542.9302751515152,4.056484848484914,3.9733939393939655
2300,76.76483333333317,-0.2254171104102405,-1.4969826055958246,-0.4320198793377371,17.408928028030303,78.40004677787879,542.9323984848485,4.094401515151406,3.9885606060605623
2301,76.79820000000018,-0.1031309904150913,1.1343982960326533,-0.8367625133148274,17.408928764,78.40004573909091,542.9383981818182,4.122105454545432,4.008945454545679
2302,76.83156666666673,0.0962797302093477,1.0374582889692157,0.1197870074470912,17.408929431333334,78.40004467742425,542.9562948484848,4.118465454545449,4.0453454545455125
2303,76.86493333333328,0.1590628327994881,-0.1028186013773023,0.6401845935365399,17.408930098666666,78.40004361575758,542.9741915151515,4.114825454545465,4.081745454545345
2304,76.89830000000029,-0.1079517216884117,-0.9940894569093428,-0.1563365281865466,17.408930766,78.4000425540909,542.9920881818183,4.111185454545432,4.118145454545674
2305,76.93166666666684,-0.1265530706410342,-0.1182108626721115,-1.0120695775377455,17.408931714814816,78.40004137407408,543.0299444444447,4.10924074074073,4.11648148148146
2306,76.9650333333334,-0.0595402910928406,0.8086350727405162,-1.212096201648624,17.40893267874074,78.40004018770371,543.0688722222225,4.107387037037026,4.112774074074053
2307,76.99839999999995,0.0878594249209147,1.7673056443079584,-0.5765708200169164,17.408933614666665,78.40003897333334,543.1027600000001,4.108706666666715,4.11
2308,77.03176666666695,0.1725310614064398,1.859914803026946,0.1323038692982698,17.40893446737037,78.40003767574075,543.121667777778,4.119458148148289,4.11
2309,77.06513333333305,0.2050408235686001,1.2817891374462005,0.6174831380455174,17.408935320074075,78.40003637814814,543.1405755555558,4.130209629629716,4.11
2310,77.09850000000006,0.3036474973386979,0.1440362087165009,1.1628061767863398,17.408936255,78.40003510111111,543.1677055555557,4.158022222222348,4.1161666666667
2311,77.13186666666661,0.2683706070297225,-0.3707490238070582,0.9001064962791199,17.408937256,78.4000338405926,543.2014429629629,4.199545185185102,4.127288888888867
2312,77.16523333333362,0.2231238906666963,-0.6842882498946607,1.2278452254354644,17.408938257,78.40003258007407,543.2351803703706,4.241068148148421,4.138411111111184
2313,77.19860000000017,-0.0310969116027181,-2.5380191693190968,0.4964856230227601,17.408939162666666,78.40003119244444,543.2705066666667,4.265113333333366,4.174955555555617
2314,77.23196666666672,-0.1543485977992545,-1.2751774937973286,-0.333706070270626,17.408940052444443,78.40002978362963,543.3060977777776,4.286245555555481,4.2157370370368925
2315,77.26533333333327,-0.1598331558394446,-0.5638977635793644,-0.701011714581696,17.40894093037037,78.40002837481481,543.3434666666664,4.3042370370370255,4.253555555555383
2316,77.29870000000028,-0.1932907348259277,-0.6989776358361627,-0.8046858359983747,17.408941746,78.400026966,543.3901800000003,4.305720000000009,4.27580000000013
2317,77.33206666666683,-0.1707312744045523,0.4063365281389288,-0.9139332623527644,17.40894256162963,78.40002555718519,543.4368933333336,4.307202962962972,4.298044444444575
2318,77.36543333333339,-0.096902733409439,0.9258519701210371,-0.746423500192203,17.408943428703704,78.40002416551852,543.4618285185185,4.326520000000142,4.31
2319,77.39879999999994,-0.0804046858347849,1.6613418530593582,-0.7663471778261106,17.40894435555556,78.40002279377778,543.4614577777778,4.366559999999939,4.31
2320,77.43216666666694,-0.0499201278012023,1.602813276477938,-0.1638711395763284,17.40894528240741,78.40002142203704,543.461087037037,4.406600000000283,4.31
2321,77.46553333333304,-0.014093006745111,1.02985445509931,-0.0424210152692683,17.40894615251852,78.40002005029629,543.4788733333334,4.402949629629595,4.34120740740749
2322,77.49890000000005,0.0068956336521622,0.3261182108662579,0.5116347177809608,17.408947005222224,78.40001867855555,543.5022299999999,4.385895555555607,4.381988888888765
2323,77.5322666666666,0.0281860134919428,1.002101526425919,0.2973801917044565,17.408947860444446,78.40001729674074,543.5241007407408,4.374382222221724,4.418740740740884
2324,77.56563333333361,0.0783990060326618,0.6367855875711823,0.4448349307496488,17.408948750222223,78.4000157767037,543.5255837037038,4.438891111111492,4.400203703703594
2325,77.59900000000016,0.1107561235380976,-0.2712992544823238,0.8913738019186279,17.40894964,78.40001425666667,543.5270666666667,4.503400000000381,4.381666666666558
2326,77.63236666666671,0.1064785232523379,-1.3150780972464078,0.8384007809738838,17.408950502296296,78.40001275037037,543.5307481481482,4.537404444444372,4.394733333333603
2327,77.66573333333326,-0.0084487042941745,-1.4096698615624934,0.7091657791993372,17.408951317925926,78.40001126740741,543.5381629629629,4.519608888888907,4.461466666666599
2328,77.69910000000027,-0.0712193823138549,-1.5991214057322474,0.517545260914969,17.408952133555555,78.40000978444444,543.5455777777778,4.501813333333199,4.528200000000505
2329,77.73246666666682,0.0123535676261258,-1.5625843095489076,0.7958821441292335,17.408953024074076,78.40000832644444,543.5417592592593,4.507482962963007,4.537518518518471
2330,77.76583333333338,-0.009850905220315,-1.5735711750046577,0.5389598863979425,17.408953950925927,78.40000688055555,543.5324907407407,4.524537037036994,4.518981481481529
2331,77.79919999999993,-0.0426411075596739,-0.9303940361673824,0.3726943556613374,17.40895487777778,78.40000543466667,543.5232222222223,4.541591111110982,4.500444444444585
2332,77.83256666666693,-0.0520056798029987,-0.5083919063299404,-0.3231948881535408,17.408955583900003,78.40000406476666,543.499552,4.568053333333426,4.513026666666713
2333,77.86593333333303,-0.0138090166871684,-0.0211927583016722,-0.5185303514432932,17.408956284600002,78.40000269673334,543.475528,4.594746666666692,4.526373333333346
2334,77.89930000000004,-0.023855165069145,1.7360170394055348,-0.6933333333324538,17.4089569853,78.4000013287,543.4515040000001,4.621439999999958,4.53971999999998
2335,77.93266666666659,-0.0550230741907889,1.254242101509929,-0.1787717429783152,17.408957849333333,78.400000026,543.4346666666668,4.654993333333195,4.569399999999877
2336,77.9660333333336,-0.0008306709336036,0.2660631878174525,0.1739368121883124,17.408958716866668,78.3999987247,543.4179833333332,4.688693666666903,4.59943000000021
2337,77.99940000000015,0.0543130990418967,-0.7118210862295092,0.4734824281045069,17.408959584399998,78.39999742340001,543.4012999999999,4.722394000000151,4.629460000000135
2338,78.03276666666625,-0.0388782392594768,-1.1890734824268443,0.5653390131368752,17.408960550233335,78.39999618763333,543.413779,4.728898000000012,4.662766666666733
2339,78.0661333333328,-0.1712460063887592,-1.5682641107871425,0.4478168264208219,17.40896151786667,78.39999495306667,543.426792,4.734903999999997,4.696133333333315
2340,78.09949999999981,-0.1503727369563761,0.1248136314150358,-0.568477103275969,17.408962485500002,78.3999937185,543.4398050000002,4.740910000000064,4.729500000000352
2341,78.13286666666681,0.0273340433113091,0.6081292154507335,-0.2582002129843244,17.408963420266666,78.39999245106667,543.4531466666668,4.752503333333427,4.733286666666694
2342,78.16623333333291,-0.0974440894573048,1.6044728434558837,-0.8419382321629726,17.40896435453333,78.39999118313332,543.4664933333335,4.7641816666667305,4.736623333333352
2343,78.19959999999992,0.0321086261980466,2.366293929728696,0.0594781682837607,17.408965288799997,78.3999899152,543.4798400000001,4.775860000000034,4.739960000000011
2344,78.23296666666693,-0.0424636137738613,1.0907064252909175,0.3045154419596941,17.40896625603333,78.39998864726667,543.4905493333334,4.796109666666862,4.753186666666795
2345,78.26633333333348,0.0319488817872001,0.5921192759217195,0.3757543485741496,17.408967223666668,78.39998737933334,543.5012266666666,4.816463333333385,4.766533333333368
2346,78.29970000000003,0.1125026624060486,-0.4161022364267463,0.8990841320547271,17.4089681913,78.39998611140001,543.5119039999998,4.836816999999908,4.77987999999994
2347,78.33306666666658,0.0100816471452234,-1.3323393681124944,0.512105076329706,17.408969357333334,78.39998494266668,543.5444053333331,4.85849333333318,4.799839999999858
2348,78.36643333333359,-0.1640397586020625,-0.5537025204258351,0.0108981186044448,17.408970525166666,78.39998377483333,543.5771046666667,4.880181666666754,4.81986000000008
2349,78.39980000000014,-0.167465388712061,-1.3536208732858892,-0.1011714589950606,17.408971692999998,78.399982607,543.609804,4.901870000000033,4.83988000000003
2350,78.43316666666624,-0.1123535676270702,-0.1744763933702717,-0.439758608440749,17.4089725955,78.39998130650001,543.6106633333334,4.905316666666663,4.859899999999979
2351,78.46653333333279,0.0195420660262724,1.7857827476512096,-0.6859424920011323,17.4089734964,78.3999800052,543.6113306666666,4.908653333333321,4.879919999999929
2352,78.4998999999998,-0.0938445154358225,1.5863897763447168,-0.5638764643363945,17.408974397300003,78.3999787039,543.611998,4.911990000000025,4.899940000000152
2353,78.5332666666668,0.00166134185171,0.8158040468464348,-0.0099964501476052,17.408975331466667,78.39997743586667,543.6013546666666,4.905346666666633,4.903326666666684
2354,78.5666333333329,0.0629463968769823,0.1841320553574117,0.4012921547843874,17.408976265733333,78.39997616793333,543.5906773333334,4.898673333333317,4.906663333333342
2355,78.59999999999991,0.1118210862619808,0.4286474973375931,0.382321618743344,17.4089772,78.3999749,543.58,4.892,4.91
2356,78.63336666666692,0.218359957403707,-1.4220305289121131,1.106254881081714,17.408978167633332,78.39997363206668,543.5820020000001,4.906347666666826,4.906663333333296
2357,78.66673333333347,-0.098402555909497,-1.5742847000373543,-0.1628257010974472,17.408979135266666,78.39997236413333,543.584004,4.920695333333456,4.903326666666638
2358,78.70010000000002,-0.0299680511187028,-0.4844302449415588,-0.6533972310982559,17.4089801028,78.3999710959,543.5859239999999,4.935115000000232,4.900040000000081
2359,78.73346666666657,0.0372204472911372,-0.294391196313755,-0.0495917642702746,17.408981037066667,78.39996972786668,543.5605653333333,4.973486666666627,4.9133866666666535
2360,78.76683333333358,-0.0077387291485996,-0.6005679801809285,-0.4488462903630738,17.408981971333336,78.39996835983334,543.5352066666666,5.011858333333546,4.926733333333408
2361,78.80020000000013,-0.0504792332261783,-0.0540149094679556,-0.5303088391906361,17.408982905454547,78.3999669929091,543.5099509090909,5.050003636363635,4.940199999999951
2362,78.83356666666623,0.1289598864031415,1.8864394746000563,0.0224281150126153,17.408983815454548,78.39996580990909,543.5017609090909,5.050610303030302,4.973566666666602
2363,78.86693333333278,0.147319843805047,0.7558111466301326,0.4856088036898729,17.40898472545455,78.39996462690908,543.4935709090909,5.051216969696968,5.0069333333332535
2364,78.90029999999979,0.0329712460167651,-1.2820234291964483,0.3494142705199233,17.408985635454545,78.39996344390909,543.4853809090907,5.051823636363642,5.04030000000036
2365,78.9336666666668,0.028470003556701,-1.1210507632289373,0.1652822151504044,17.40898661,78.39996223939393,543.4672939393937,5.078033333333605,5.052151515151538
2366,78.96703333333289,-0.1696899775192145,-1.695834812468504,-0.7631818719741331,17.408987611,78.39996102606061,543.4451506060605,5.1147366666667695,5.055184848484856
2367,79.0003999999999,-0.1412140575098468,-2.239574014885954,-0.6765921192856119,17.408988612,78.39995981272727,543.4230072727273,5.151439999999934,5.058218181818176
2368,79.0337666666669,-0.0119488818111086,3.443209087597195,-1.6359034434259567,17.408989525393938,78.39995859939394,543.3989866666665,5.1608603030300895,5.075018181818446
2369,79.06713333333346,0.1960383386587048,1.1703372382138548,1.242896698613007,17.408990314060606,78.3999573860606,543.3722933333332,5.131436969696891,5.111418181818278
2370,79.10050000000001,0.0133120340788072,0.4558040468583599,-0.0931842385516507,17.40899110272727,78.39995617272727,543.3456,5.102013636363693,5.147818181818112
2371,79.13386666666656,-0.0027547035858174,0.6466311679276011,-0.0669222577376857,17.408991880848482,78.39995494533333,543.3167272727276,5.077406060605987,5.176484848485031
2372,79.16723333333357,0.0127511537081427,-0.1766702165748669,-0.0383457578988428,17.40899257851515,78.39995361066667,543.271227272727,5.08953939393948,5.146151515151298
2373,79.20060000000012,0.0686900958488246,1.3635782746947138,-0.0976570820019846,17.408993276181818,78.39995227600001,543.225727272727,5.101672727272808,5.115818181817978
2374,79.23396666666622,0.1335534256288457,2.1397870074389496,0.3775576854852486,17.408993973848485,78.39995094133334,543.180227272727,5.113806060606136,5.08548484848466
2375,79.26733333333323,0.1146609868683977,-1.7686900959407523,0.1621583244592766,17.408994770909093,78.39994960666667,543.1416848484847,5.142587878787956,5.089939393939424
2376,79.30069999999978,0.0198296059683087,-0.7915015974520163,0.32242811503251,17.408995589909093,78.399948272,543.1046781818177,5.1750445454549165,5.1020727272728665
2377,79.33406666666679,0.0427689030946566,-0.4526233581773921,0.2163294284960002,17.40899640890909,78.39994693733333,543.0676715151512,5.207501212121434,5.114206060606144
2378,79.36743333333288,-0.167582534611087,-1.510812921571351,-0.6298615548372197,17.408997196212123,78.3999456660606,543.0284460606059,5.206834545454475,5.137433333333409
2379,79.40079999999989,-0.0583599574021108,1.3804898828484282,-0.8415335463299078,17.408997954545455,78.39994445272727,542.9871927272728,5.175894545454618,5.170799999999923
2380,79.4341666666669,0.0737782510938858,1.4429357472580275,0.1265234883106272,17.408998712878788,78.39994323939395,542.945939393939,5.144954545454338,5.204166666666891
2381,79.467533333333,0.2593539226099061,-0.1776073836843596,1.1424210152538563,17.408999443818182,78.39994195757576,542.8983854545453,5.13134121212131,5.223151515151451
2382,79.5009,0.0774014909543023,-1.1474334398448784,0.4486048988441622,17.409000080818185,78.39994044090909,542.8292254545456,5.177144545454433,5.192818181818257
2383,79.53426666666655,0.0506212282588576,0.7801774938053043,-0.2896698615505838,17.409000717818184,78.39993892424243,542.760065454546,5.222947878787556,5.162484848485063
2384,79.56763333333356,0.1090805821825345,-0.8710756123503403,0.239751508702954,17.409001354818184,78.39993740757576,542.6909054545454,5.268751212121304,5.132151515151455
2385,79.60100000000011,-0.0862619808306709,-0.9893503727369544,-0.8775292864749734,17.409002160909093,78.39993600363637,542.6699363636363,5.30525454545459,5.17509090909097
2386,79.63436666666621,0.2896840610582141,3.0497053603134687,0.3764785232562991,17.40900297990909,78.39993460830303,542.6526463636363,5.341047878787907,5.223624242424281
2387,79.66773333333322,0.3236303396120986,-1.1933498995037,0.8376760146843565,17.40900379890909,78.39993321296969,542.6353563636363,5.376841212121224,5.272157575757592
2388,79.70110000000022,0.0232800851954606,-1.725878594282443,0.0021725239619403,17.409004656272728,78.39993189436363,542.6205599999998,5.389232727272714,5.313018181818578
2389,79.73446666666678,0.2838338658146422,0.4248491302724849,0.6629605963804285,17.409005535939393,78.39993062036363,542.6072133333332,5.388019393939386,5.349418181818411
2390,79.76783333333287,0.183173588926131,-0.4371317003886847,0.1626198083092372,17.40900641560606,78.39992934636363,542.5938666666667,5.386806060606059,5.3858181818182445
2391,79.80119999999988,0.2066879659180699,-0.0972523961334969,0.3588072417156644,17.409007315636362,78.39992808254546,542.5829636363637,5.385287272727279,5.408981818181827
2392,79.83456666666689,0.2299964501269199,1.289320790388889,-0.3846467873591948,17.409008255969695,78.39992683887878,542.576896969697,5.383163939393926,5.405948484848467
2393,79.86793333333299,0.2178629747956419,0.0102094426664226,0.6401987930446689,17.40900919630303,78.39992559521212,542.5708303030303,5.381040606060602,5.402915151515147
2394,79.90129999999999,0.1891373801900951,-0.2500798721888364,0.8598242811400805,17.4090101377,78.39992434540001,542.565455,5.378857000000011,5.4
2395,79.93466666666654,0.0215832445802211,-0.2592119275997946,-1.0019169329453552,17.409011105333335,78.399922944,542.5771333333333,5.375186666666687,5.4
2396,79.96803333333355,-0.2147319843643972,-2.9927227547055546,-0.5410862619699593,17.409012072966668,78.3999215426,542.5888116666667,5.371516333333313,5.4
2397,80.0014000000001,0.1921192758263921,1.1601703940413226,-0.3182108626176386,17.4090130406,78.399920137,542.59944,5.369708000000128,5.39971999999998
2398,80.0347666666662,0.1729144479911642,1.0171725239395353,0.0692492012652971,17.409014008233335,78.3999186355,542.5860933333333,5.410415333333359,5.393046666666662
2399,80.06813333333321,0.0798012069565812,-1.2647213347573465,0.515498757531331,17.40901497586667,78.39991713399999,542.5727466666667,5.451122666666589,5.386373333333346
2400,80.10150000000021,0.0578274760387841,0.6960596379211191,-0.5434504792235992,17.409015945,78.39991563699999,542.560045,5.489609999999921,5.381950000000399
2401,80.13486666666631,-0.0972523961637165,0.3568193113623147,-0.7270003549784424,17.409016946,78.3999142356,542.5610459999999,5.4809346666666094,5.425326666666956
2402,80.16823333333286,-0.2029641462545379,-1.153026269110461,-0.4188764643115023,17.409017947,78.3999128342,542.562047,5.472259333333298,5.468703333333513
2403,80.20159999999987,-0.0788498402559668,-0.442215122474518,0.0706283280064895,17.4090189432,78.3999114312,542.562504,5.462927999999969,5.509519999999986
2404,80.23496666666688,-0.0060205892772159,0.1593752218565518,-0.0283209087477935,17.409019844099998,78.39990999643334,542.5521603333333,5.440572333333155,5.49950999999992
2405,80.26833333333298,-0.1571175008820061,-0.0618388356001885,-0.6360667376387856,17.409020745,78.39990856166666,542.5418166666667,5.418216666666647,5.489499999999991
2406,80.30169999999998,-0.272204472844758,-0.5771831735975871,-0.9730298189556283,17.4090216425,78.3999071252,542.5298410000003,5.3971699999999805,5.478810000000139
2407,80.33506666666653,-0.1993610223592193,-0.3844089456820696,-0.9412850550152998,17.409022476666667,78.39990565706667,542.4874653333337,5.400506666666638,5.455453333333531
2408,80.36843333333354,-0.1599645012441437,0.4622222222078175,-0.5261412850600345,17.409023310833334,78.39990418893333,542.4450896666666,5.403843333333342,5.432096666666605
2409,80.4018000000001,-0.0561448349296964,1.369968051129427,-0.0981895633646429,17.4090241522,78.39990272620001,542.4033079999999,5.406171999999998,5.41018
2410,80.43516666666619,-0.2673943911965603,-0.0005768547990085,-0.4577121050884044,17.409025119833334,78.39990135816667,542.3719433333334,5.39082333333337,5.413516666666659
2411,80.4685333333332,-0.2024565140203639,0.7129996450246107,-1.162115725942197,17.409026087466664,78.39989999013333,542.3405786666668,5.375474666666742,5.416853333333317
2412,80.5019000000002,-0.0265175718886452,0.91371671988241,0.2229818956075361,17.409027058899998,78.39989862969999,542.310164,5.35925199999981,5.419239999999917
2413,80.5352666666663,-0.0076535321283875,1.1160951366748295,0.5199290024630258,17.409028093266667,78.39989739513334,542.2954826666667,5.3285546666665535,5.405893333333284
2414,80.56863333333285,-0.0704206602767994,-0.0674920127778275,0.3245473908415021,17.40902912763333,78.39989616056667,542.2808013333333,5.2978573333332974,5.392546666666651
2415,80.60199999999986,-0.1608093716723788,-0.2038338658240142,-0.0438764643221601,17.40903015,78.399894914,542.2635400000001,5.268500000000011,5.3782000000000405
2416,80.63536666666687,-0.1548739794095634,0.2002981895577242,-0.0103088392023442,17.409030984166666,78.39989347923333,542.2058156666661,5.260158333333252,5.348169999999707
2417,80.66873333333297,-0.0569826056090283,-0.0481505147324918,0.3901029463964615,17.409031818333332,78.39989204446667,542.148091333333,5.251816666666606,5.318139999999783
2418,80.70209999999997,-0.0654526091600916,0.1807667731819253,-0.0921405750889729,17.4090326651,78.3998906202,542.0921309999999,5.24343299999996,5.289579999999971
2419,80.73546666666653,-0.0863755768566516,0.1533688320873537,0.0658288959809137,17.409033699466665,78.39988935226667,542.0624346666668,5.234424000000024,5.282906666666684
2420,80.76883333333353,-0.0521121760736307,0.0299254526081126,0.1699325523630048,17.409034733833334,78.39988808433333,542.0327383333332,5.225414999999964,5.276233333333307
2421,80.80220000000008,-0.0618104366339312,0.0779978700637264,-0.0224068157572718,17.4090357726,78.3998868252,542.0034380000001,5.215416000000069,5.269340000000028
2422,80.83556666666618,-0.0636705715307686,0.4424778132720191,-0.091615193469706,17.4090368737,78.39988569073333,541.9797476666668,5.191392000000129,5.259330000000054
2423,80.86893333333319,0.0679446219381934,0.249087681928516,0.0941711040117521,17.4090379748,78.39988455626667,541.9560573333335,5.16736800000019,5.249320000000079
2424,80.9023000000002,0.0329073482433199,0.3522896698812169,-0.0865282215186033,17.4090390644,78.39988340800001,541.9328959999999,5.14435599999997,5.238389999999925
2425,80.9356666666663,0.0315938942137025,0.3148739794107206,0.0557330493432729,17.409039998666668,78.39988207333333,541.91688,5.135013333333327,5.215033333333317
2426,80.96903333333285,0.0728079517197267,-0.2080369187076799,0.3031167909055818,17.409040932933333,78.39988073866667,541.900864,5.125670666666684,5.19167666666671
2427,81.00239999999985,0.0601064962702748,0.1530990415334223,0.4438764643122806,17.409041872,78.3998794112,541.8844160000001,5.117119999999993,5.169520000000029
2428,81.03576666666686,-0.0052005679746199,0.6117234647207503,-0.1593982960508177,17.409042873,78.39987817663334,541.8623939999999,5.118788333333344,5.1628466666666215
2429,81.06913333333296,0.0775860844870532,0.3199148029831354,0.2229463968755565,17.409043874,78.39987694206667,541.8403719999999,5.120456666666674,5.156173333333306
2430,81.10249999999996,0.0697550585719813,0.337912673035483,0.3765708200266457,17.409044885,78.3998757125,541.819125,5.121349999999985,5.15
2431,81.13586666666652,0.0852964146246538,-0.2212566560333811,0.4322612708517412,17.40904601946667,78.39987454466667,541.8074466666667,5.112674666666674,5.15
2432,81.16923333333352,0.0377351792707192,-0.3145189918394828,0.3346911608190513,17.409047153933333,78.39987337683333,541.7957683333332,5.1039993333332445,5.15
2433,81.20260000000007,-0.0907774227843211,-0.4574653887072611,-0.4114164004064237,17.4090482832,78.3998722064,541.7866640000001,5.094855999999891,5.149479999999951
2434,81.23596666666663,-0.0526872559460173,-0.1653106141282782,-0.2632374866881558,17.409049350933333,78.3998710052,541.8080186666667,5.080174666666662,5.142806666666664
2435,81.26933333333318,-0.0651047213349727,-0.6772452964210052,-0.228895988639416,17.409050418666666,78.399869804,541.8293733333333,5.065493333333432,5.136133333333378
2436,81.30270000000019,-0.0855165069250907,-0.1715654952306472,-0.4695953141808453,17.4090514837,78.3998686055,541.846705,5.050460999999996,5.128649999999997
2437,81.33606666666628,-0.0892012779545664,-0.3245154419528327,-0.1842527511494117,17.409052518066666,78.39986743766666,541.8183433333335,5.031442000000044,5.111966666666706
2438,81.36943333333284,-0.0712389066381591,0.1040894568723046,-0.1301384451515719,17.409053552433335,78.39986626983332,541.7899816666668,5.012423000000092,5.095283333333414
2439,81.40279999999984,0.0060489882866652,0.1314164004357483,0.3974014909535818,17.409054584,78.39986509079999,541.7659319999998,4.995643999999944,5.078320000000147
2440,81.43616666666685,-0.0195953141638299,0.3221157259474028,0.184629037983777,17.409055585,78.39986378949999,541.7889550000001,5.003318333333362,5.0582999999999245
2441,81.46953333333295,-0.0575647852308224,0.1612211572588346,-0.1554419595241636,17.409056586,78.3998624882,541.811978,5.010992666666676,5.038279999999976
2442,81.50289999999995,-0.046048988284759,0.436741214061111,-0.1656230031915407,17.4090575928,78.3998611956,541.8321589999999,5.018115999999998,5.020579999999991
2443,81.5362666666665,-0.0839758608452681,-0.2482925097705746,0.129826056089646,17.409058660533333,78.3998599944,541.8224826666667,5.019450666666661,5.027253333333308
2444,81.56963333333351,-0.1067944621946135,-0.6248988285055666,0.1400283990023903,17.409059728266666,78.3998587932,541.8128063333332,5.020785333333343,5.033926666666715
2445,81.60300000000007,-0.1878594249200502,-0.2355697550587279,0.1495207667763785,17.409060787,78.399857595,541.8018399999999,5.017979999999787,5.040300000000016
2446,81.63636666666662,-0.1854384096552216,0.0179765708218964,-0.0066524671634645,17.409061754633335,78.39985642716667,541.7778159999999,4.973268666666566,5.043636666666674
2447,81.66973333333362,-0.1596308129226015,-0.1059282925196803,-0.0428399006122813,17.40906272226667,78.39985525933332,541.7537919999996,4.928557333332736,5.046973333333378
2448,81.70310000000018,-0.1476890308844653,0.179744408945681,-0.035250266242454,17.4090636868,78.3998540791,541.7305119999997,4.888682000000077,5.045969999999548
2449,81.73646666666627,-0.1641320553780268,-0.2148952786651472,0.1983812566561293,17.409064621066666,78.39985277779999,541.7144959999999,4.896022666666691,5.002593333333188
2450,81.76983333333283,-0.1578984735527023,-0.4370252041053354,0.4302804401784011,17.409065555333335,78.39985147649999,541.69848,4.903363333333306,4.959216666666828
2451,81.80319999999983,-0.1682641107495371,-0.8645793397172479,0.0725452609486678,17.4090664864,78.3998501656,541.684736,4.912688000000092,4.920640000000022
2452,81.83656666666684,-0.1671991480298189,-0.0978913738129819,-0.2993326233551747,17.4090673873,78.3998487642,541.6924103333333,4.940716000000021,4.9273133333333385
2453,81.86993333333294,-0.0819879304224713,0.7834149804902559,-0.1872204472984474,17.4090682882,78.3998473628,541.7000846666666,4.96874399999995,4.933986666666655
2454,81.90329999999994,-0.0344781682638382,0.6806443024398798,0.5445154419638174,17.4090691825,78.39984596800001,541.7040630000001,4.990964000000131,4.942639999999885
2455,81.93666666666695,0.0182463613793277,-0.134611288553293,0.5297834575780549,17.409070016666668,78.39984463333333,541.6743666666665,4.960266666666457,4.969333333333515
2456,81.9700333333335,0.037756478525509,-0.1796095136354176,0.4244231451946708,17.409070850833334,78.39984329866667,541.6446703333332,4.929569333333202,4.996026666666781
2457,82.00340000000006,-0.0073695420664306,-0.6382534611326729,0.0839190628326457,17.409071698600002,78.399841964,541.6187140000001,4.904720000000047,5.016939999999947
2458,82.03676666666661,0.008315583953498,-0.353567625149586,0.0130901668439888,17.40907266623333,78.39984062933333,541.625721,4.931413333333314,4.986910000000022
2459,82.07013333333362,0.0507490237816207,0.4878097266543856,-0.1933404330959509,17.409073633866665,78.39983929466666,541.632728,4.958106666666944,4.956879999999688
2460,82.10350000000017,0.1064962726304579,0.3301384451544196,0.2183173588924387,17.409074605,78.3998379705,541.6397700000001,4.981159999999938,4.932800000000209
2461,82.13686666666626,-0.0724316648924674,-0.6169258076076585,-0.0560596379119059,17.409075606,78.39983673593333,541.6471106666667,4.973151999999958,4.959493333333475
2462,82.17023333333282,-0.0582250621185781,-0.5386510471861098,0.1349165779218817,17.409076607,78.39983550136667,541.6544513333333,4.965143999999978,4.986186666666741
2463,82.20359999999982,-0.0420021299317173,0.5086261980082153,-0.1654100106541834,17.4090776008,78.3998342596,541.6604239999999,4.957207999999902,5.009279999999911
2464,82.23696666666683,-0.0022222222228589,0.5348242811378007,-0.1193397231127247,17.409078535066666,78.3998329583,541.6550853333332,4.949867333333287,5.002606666666624
2465,82.27033333333293,-0.0083777067798493,0.4203052893262385,-0.1097621583269898,17.40907946933333,78.399831657,541.6497466666666,4.942526666666672,4.995933333333339
2466,82.30369999999994,0.0535250266241378,-0.0017252396164816,0.2698828540993548,17.4090803962,78.39983035569999,541.6437790000001,4.932707000000216,4.989260000000049
2467,82.33706666666694,0.1134540291115059,0.0368193113309753,0.3927724529724011,17.409081263733334,78.3998290544,541.6327679999999,4.903010666666553,4.982586666666641
2468,82.3704333333335,0.0762513312047444,-0.0514873979492701,0.3844089456957228,17.40908213126667,78.3998277531,541.621757,4.873314333333295,4.975913333333325
2469,82.40380000000005,0.0683706070282115,-0.178700745474257,0.1685623003165985,17.4090830216,78.3998264594,541.6203979999999,4.847038,4.966580000000037
2470,82.4371666666666,-0.0057862974799078,-0.3248136315150512,-0.3224707135281647,17.409084089333334,78.39982522483334,541.6941383333331,4.847371666666666,4.936550000000112
2471,82.4705333333336,0.0397586084427636,0.3658359957296342,-0.2679872204672447,17.409085157066666,78.39982399026667,541.7678786666672,4.847705333333336,4.906519999999778
2472,82.50390000000016,0.1135676251329343,0.6267305644283078,0.0605963791221589,17.4090862014,78.3998227401,541.834248,4.847102999999962,4.879609999999984
2473,82.53726666666626,0.1155271565488969,0.1224991125437743,0.2140575079849926,17.409087068933335,78.39982137206667,541.8449253333333,4.839428666666649,4.876273333333326
2474,82.57063333333281,0.1309762158317071,0.2240468583565053,0.0304437344677025,17.40908793646667,78.39982000403334,541.8556026666666,4.831754333333335,4.872936666666668
2475,82.60399999999981,0.072417465392392,-0.0564430244670225,0.1288604898824666,17.409088804000003,78.39981864800001,541.8620799999998,4.823119999999829,4.869199999999927
2476,82.63736666666682,0.0718352857664807,-0.1896982605449427,0.2197444089467987,17.409089671533334,78.39981738006666,541.8377223333331,4.807437666666536,4.862526666666611
2477,82.67073333333292,0.0148952786649909,0.1585942491945133,-0.03065672701395,17.409090539066668,78.39981611213334,541.8133646666665,4.791755333333241,4.855853333333294
2478,82.70409999999993,0.0740362087324967,0.4093503727439027,0.0185303514386875,17.4090914271,78.39981484420001,541.8000770000002,4.781649000000082,4.848359999999962
2479,82.73746666666693,0.1166915157959732,0.2817039403715251,0.2323464678692799,17.409092461466667,78.39981357626667,541.865809333334,4.811345333333611,4.835013333333208
2480,82.77083333333348,0.0583954561588083,-1.158892438762939,0.2309549165773127,17.409093495833336,78.39981230833334,541.9315416666668,4.841041666666734,4.821666666666636
2481,82.80420000000004,0.1305644302448639,0.2165282215082797,-0.1121192758232307,17.4090945092,78.39981102360001,541.9913939999999,4.866874000000005,4.813359999999887
2482,82.83756666666659,0.2369187078466718,0.94365637201859,0.0536386226512808,17.409095376733333,78.3998096222,542.0104129999999,4.865873000000007,4.840053333333153
2483,82.8709333333336,0.1813702520473206,-0.2456230031485978,0.0663684771194804,17.409096244266667,78.3998082208,542.0294320000002,4.864871999999996,4.866746666666783
2484,82.90430000000015,0.1527795527169257,-0.2014270500398894,-0.1128434504797291,17.4090971161,78.3998068323,542.0484940000001,4.861075999999958,4.89
2485,82.93766666666625,0.1986510472133087,-0.3723819666353327,0.4241391551292605,17.409098016999998,78.399805531,542.0678466666667,4.838386666666682,4.89
2486,82.9710333333328,0.1929357472488785,0.2684487042952476,0.1891515796949844,17.4090989179,78.3998042297,542.0871993333333,4.815697333333406,4.89
2487,83.0043999999998,0.150287539937338,0.2796166134314008,-0.0184877529344861,17.4090998276,78.3998029328,542.1070360000002,4.798112000000127,4.886919999999815
2488,83.03776666666681,0.1129002484895231,-0.3991338303033448,0.2986652466978159,17.409100795233332,78.39980166486667,542.1300590000002,4.814128000000086,4.863563333333207
2489,83.07113333333291,0.0694497692571099,-0.1485552005686762,0.1521760738325714,17.409101762866666,78.39980039693333,542.153082,4.830144000000046,4.8402066666666
2490,83.10449999999992,-0.0384451544188397,0.0315228967080301,-0.572097976573377,17.409102708,78.39979912,542.17714,4.839229999999988,4.821800000000005
2491,83.13786666666692,-0.0168690095897476,-0.6325026624371555,-0.0727014554604433,17.4091035088,78.39979778533333,542.2078373333337,4.803861333332929,4.83514666666682
2492,83.17123333333348,0.0209158679442422,0.4303301384381575,-0.4281434149804033,17.4091043096,78.39979645066666,542.238534666667,4.768492666666352,4.848493333333453
2493,83.20460000000003,0.1576570820029899,0.9733759318458725,0.2250479233214284,17.409105105800002,78.3997951068,542.2623779999999,4.742784000000201,4.855399999999808
2494,83.23796666666658,0.0595953141645001,0.2491941781981632,0.0217465388705815,17.409105873233333,78.3997937054,542.243359,4.7774853333332885,4.822033333333376
2495,83.27133333333359,0.0184593539271327,0.0657436989631231,-0.2740504082185355,17.409106640666664,78.399792304,542.2243399999999,4.812186666666849,4.788666666666491
2496,83.30470000000014,0.0614057507986755,0.1723535676333155,-0.0152715654999033,17.409107412799997,78.399790912,542.2061199999999,4.834292000000063,4.764699999999961
2497,83.33806666666624,0.1168903088398182,-0.0800283990082663,0.0311395101191333,17.4091082136,78.39978957733334,542.1927733333333,4.779570666666868,4.798066666666544
2498,83.37143333333279,0.1113028044016657,-0.5647284345058035,-0.0392048278326763,17.4091090144,78.39978824266666,542.1794266666667,4.7248493333336725,4.831433333333127
2499,83.4047999999998,0.1117784877510999,0.1571458998881106,0.0585729499405529,17.4091098344,78.3997869272,542.1710240000001,4.677039999999967,4.852319999999739
2500,83.4381666666668,0.0567980120689963,0.2884274050398066,-0.1141640042654299,17.409110768666665,78.399785726,542.192045,4.670366666666651,4.798933333333206
2501,83.4715333333329,-0.0061625843095465,-0.169598864039362,-0.1370820021300068,17.409111702933334,78.3997845248,542.213066,4.663693333333335,4.745546666666674
2502,83.5048999999999,0.0076677316276882,-0.4707561235251071,-0.1187646432300712,17.4091126225,78.399783304,542.2335479999999,4.6571180000000165,4.699020000000018
2503,83.53826666666691,0.0525665601736794,-0.2206318778714061,0.1138232161829159,17.409113456666667,78.39978196933333,542.2508986666668,4.65111199999995,4.6923466666666105
2504,83.57163333333347,0.0056656017042348,0.4984167554218541,-0.0815548455804782,17.409114290833333,78.39978063466666,542.2682493333334,4.645105999999965,4.685673333333294
2505,83.60500000000002,-0.0255591054287915,-0.7818956336251595,0.0555910543206926,17.40911514,78.39977932999999,542.2890000000001,4.63824999999996,4.678999999999977
2506,83.63836666666657,-0.010323038693315,0.1868938587147693,-0.2414696485620368,17.409116074266667,78.39977819553333,542.3290400000001,4.626571666666656,4.6723266666666605
2507,83.67173333333358,-0.0291799786970841,0.2386226482300936,0.0539297124688507,17.409117008533332,78.39977706106666,542.3690800000005,4.614893333333193,4.665653333333253
2508,83.70510000000013,-0.0391480298189059,-0.524195953144939,-0.1423855165052853,17.409117942800002,78.3997759164,542.4078960000003,4.605408000000024,4.657959999999883
2509,83.73846666666623,0.0215974440890848,0.2805253816132346,-0.0064039758611961,17.409118877066668,78.3997747152,542.4399280000001,4.6080773333333385,4.644613333333311
2510,83.77183333333278,0.0967341143077911,0.449236776728845,0.2337593184330082,17.409119811333333,78.399773514,542.4719599999999,4.610746666666653,4.631266666666738
2511,83.80519999999979,0.0489030883948352,-0.1479872204446807,0.0470713525145177,17.4091207248,78.3997722972,542.50134,4.611543999999983,4.620520000000006
2512,83.8385666666668,-0.0252183173589854,-0.2675044373449615,-0.3317926872563824,17.4091215256,78.3997709959,542.516355,4.60220133333334,4.623856666666665
2513,83.87193333333289,0.0092722754692168,0.4348881789072407,-0.3690308839252074,17.409122326400002,78.3997696946,542.5313699999999,4.592858666666696,4.627193333333323
2514,83.9052999999999,0.1048562300327353,0.9598509052290298,-0.0320979765602702,17.4091231431,78.3997683986,542.544053,4.587861999999898,4.6284100000000565
2515,83.9386666666669,0.0692225772097976,0.630670926567318,0.0088036918658253,17.409124044000002,78.39976713066667,542.5443866666667,4.605880000000099,4.618399999999945
2516,83.97203333333346,-0.02212992545369,0.3156833510900784,-0.1900603478966314,17.4091249449,78.39976586273333,542.5447203333333,4.623898000000053,4.608389999999971
2517,84.00540000000001,0.0034078807241359,-0.4668370607019339,-0.1025772097984668,17.4091258134,78.3997645948,542.5456479999999,4.630467999999978,4.602700000000007
2518,84.03876666666656,-0.0153709620168977,-0.1417891373807805,-0.2422577209815633,17.409126514100002,78.39976332686666,542.5496519999999,4.577748666666778,4.619383333333298
2519,84.07213333333357,0.061611643591419,0.2174227901914483,0.0094000709964353,17.4091272148,78.39976205893333,542.553656,4.525029333332859,4.636066666666817
2520,84.10550000000012,0.0237486687970375,0.163791267315485,-0.1621938232181826,17.4091279485,78.3997607965,542.5585400000001,4.48787500000027,4.641199999999655
2521,84.13886666666622,0.034831380901689,0.5156123535691284,-0.1359744408938868,17.409128849400002,78.39975956193334,542.5678826666667,4.529583333333498,4.587813333333123
2522,84.17223333333322,0.0905005324818047,0.6451686191000001,0.2536883209163256,17.4091297503,78.39975832736667,542.5772253333333,4.571291666666726,4.53442666666659
2523,84.20559999999978,0.0296911608108593,0.219808306732201,-0.0023855165008473,17.4091306288,78.3997570984,542.5863440000002,4.598215999999454,4.497280000000511
2524,84.23896666666678,-0.0267021654240111,-0.3511537096235985,-0.0188214412477301,17.40913139623333,78.39975589720001,542.5943520000001,4.551836333333115,4.540656666666871
2525,84.27233333333288,0.0262690805813401,-0.0017749378898949,-0.0738374156932273,17.409132163666666,78.399754696,542.60236,4.505456666666776,4.584033333333231
2526,84.30569999999989,0.0311608093720322,0.1973588924380905,0.0587220447302825,17.409132942499998,78.39975349480001,542.6075750000001,4.46443500000013,4.612020000000404
2527,84.3390666666669,0.0627050053242556,0.2531629392882679,0.1241178558739052,17.409133776666664,78.3997522936,542.5992333333334,4.449419999999963,4.565306666666553
2528,84.37243333333299,0.0501526446562152,0.4435995739947513,-0.0410365637263782,17.40913461083333,78.39975109240001,542.5908916666666,4.434405000000001,4.518593333333337
2529,84.4058,-0.0111608093710481,0.4898828540906145,-0.0920553780578625,17.4091354276,78.3997499086,542.5860299999999,4.410806000000166,4.477680000000035
2530,84.43916666666655,-0.0438409655658661,-0.1197728079520509,0.059673411430997,17.409136161666666,78.3997488075,542.5977083333332,4.346408333333662,4.464333333333402
2531,84.47253333333356,-0.1210791622292818,0.1715725949580154,-0.0642385516472092,17.409136895733333,78.3997477064,542.6093866666668,4.282010666666281,4.450986666666587
2532,84.50590000000011,-0.1765495207666917,0.2335037273712583,-0.4197018104368477,17.4091376416,78.3997466171,542.617289,4.22085799999984,4.4281999999997685
2533,84.53926666666621,-0.2117713880014302,0.1573872914453779,-0.0924103656374299,17.4091384424,78.39974558273333,542.6076126666667,4.174811999999956,4.361466666666603
2534,84.57263333333321,-0.2082570110050513,0.2832729854501766,-0.0264394746238951,17.4091392432,78.39974454836667,542.5979363333333,4.1287660000000725,4.294733333333438
2535,84.60600000000022,-0.2053248136328401,0.0083067092374356,-0.2632587859427244,17.409140044,78.39974351400001,542.5939600000003,4.089979999999946,4.232199999999587
2536,84.63936666666677,-0.1735818246357683,0.3117074902359613,-0.1027760028427882,17.4091408448,78.39974247963333,542.6159820000001,4.084307666666627,4.188823333333029
2537,84.67273333333287,-0.0893858714953499,0.0192971245837624,0.0694923677645284,17.4091416456,78.39974144526667,542.638004,4.078635333333308,4.145446666666472
2538,84.70609999999988,0.0674547390836302,0.0976570820036893,0.3105644302457415,17.4091424525,78.3997404414,542.654414,4.059908999999911,4.108779999999992
2539,84.73946666666689,0.0005537806176241,0.1499467518710072,0.239659211926118,17.409143286666666,78.39973957386667,542.6457386666666,3.982831999999406,4.102106666666615
2540,84.77283333333298,0.0138090166845999,-0.0507987220411544,0.190131345402872,17.409144120833332,78.39973870633334,542.6370633333333,3.905754999999951,4.095433333333329
2541,84.80619999999999,-0.0335676251329691,-0.2599787007483447,0.0984025559124608,17.4091448992,78.399737814,542.63031,3.825764000000518,4.075740000000429
2542,84.83956666666654,-0.1262406815726462,-0.7720340787770881,0.1429321973738693,17.409145433066666,78.399736813,542.6319783333333,3.733004666667419,3.998996666667289
2543,84.87293333333355,-0.2559034433815919,-0.5038267660744608,-0.1244018459336707,17.409145966933334,78.399735812,542.6336466666667,3.640245333333055,3.922253333333103
2544,84.9063000000001,-0.2107348242814755,-0.0512034078853501,-0.1000212992545492,17.4091465386,78.39973484250001,542.638654,3.5605269999999885,3.8423599999999554
2545,84.9396666666662,-0.0927227547034045,0.054384096554115,0.1248846290388101,17.40914727266667,78.39973400833334,542.6580066666667,3.5368366666667157,3.748933333333525
2546,84.9730333333332,-0.0391267305651353,0.2312815051549857,0.0087823926128773,17.409148006733336,78.39973317416667,542.6773593333332,3.5131463333334416,3.6555066666670935
2547,85.00640000000021,0.0689243876466803,-0.2463471778673099,0.0408945686904057,17.409148734400002,78.39973234,542.6969040000001,3.484719999999684,3.5755199999998477
2548,85.03976666666631,0.1930919417800255,-0.2213702520539379,0.0531558395377149,17.4091494351,78.39973150583333,542.7172576666668,3.436338333333139,3.5521633333332394
2549,85.07313333333286,0.3350372736959243,-0.0820021299204159,0.3624707135273434,17.4091501358,78.39973067166667,542.7376113333333,3.3879566666665943,3.528806666666632
2550,85.10649999999987,0.3856230031948203,0.2974440894580216,0.3022364217341892,17.409150823500003,78.39972985700001,542.7618,3.3335300000000814,3.500250000000051
2551,85.13986666666688,0.3889527866524336,-0.0046858359901998,0.5547887823871431,17.409151457466667,78.39972912293334,542.8018400000004,3.2541173333325326,3.4501999999994952
2552,85.17323333333297,0.3403549875755692,0.0553354632561823,0.6433297834583125,17.409152091433334,78.39972838886666,542.8418800000003,3.174704666666066,3.400149999999621
2553,85.20659999999998,0.2316080937167741,-0.3342705005326131,0.3539510117151633,17.4091527452,78.399727668,542.8782900000001,3.105917999999894,3.3441599999996683
2554,85.23996666666653,0.1370323038686038,-0.1561874334425919,0.0689172878835938,17.409153479266667,78.39972700066666,542.8999783333333,3.080225666666742,3.2640800000002343
2555,85.27333333333354,0.1175718849880741,0.3918352857804825,-0.0313099041360945,17.409154213333334,78.39972633333333,542.9216666666667,3.05453333333324,3.183999999999709
2556,85.30670000000009,0.0943343982978766,0.2822151224693575,0.190436634720307,17.409154934,78.3997256861,542.9454989999999,3.0177190000002043,3.115310000000059
2557,85.34006666666619,0.0181327653529491,0.0957898473558694,-0.0074973375933701,17.409155601333335,78.39972511886667,542.9778646666665,2.936638000000409,3.0919533333334512
2558,85.3734333333332,0.0403407880723554,0.4895349662759039,-0.1760312389066175,17.409156268666667,78.39972455163333,543.0102303333331,2.855557000000613,3.0685966666668434
2559,85.4068000000002,0.0334824281154692,0.4846006389814016,0.0489882854085577,17.409156888400002,78.3997239504,543.038244,2.782771999999857,3.032999999999704
2560,85.4401666666663,-0.057152999646562,-0.3134540290862196,0.1929357472403711,17.409157322166667,78.39972321633333,543.049255,2.742398333333292,2.949583333333248
2561,85.47353333333285,-0.1638622648210928,-0.0722754703561869,-0.0987575434894132,17.409157755933332,78.39972248226667,543.060266,2.702024666666727,2.866166666666792
2562,85.50689999999986,-0.2193610223629154,-0.1214483492948804,-0.2879233226916406,17.409158189699998,78.399721762,543.0722429999998,2.6584080000002253,2.791720000000161
2563,85.54026666666687,-0.1590628328039436,0.3766986155178332,-0.1951153709658932,17.409158623466666,78.39972109466666,543.0879253333334,2.6023519999996028,2.751679999999716
2564,85.57363333333296,-0.1641604543840862,0.2984522541702413,0.0161235356764527,17.40915905723333,78.39972042733334,543.1036076666667,2.546295999999744,2.711639999999817
2565,85.60699999999997,-0.2483493077741697,0.2990415335392165,-0.4279020234284632,17.409159505,78.39971980199999,543.12314,2.481629999999801,2.668099999999884
2566,85.64036666666652,-0.214455094072051,0.3222151224693884,-0.3245438409625726,17.4091600055,78.39971933486666,543.1571739999999,2.384533000000046,2.6113766666666938
2567,85.67373333333353,-0.1704934327287295,0.2872417465552246,0.0010649627263045,17.409160506,78.39971886773334,543.1912080000003,2.2874359999989675,2.5546533333327304
2568,85.70710000000008,-0.2311182108605315,0.1382321618717773,-0.0811501597341807,17.4091609852,78.39971839350001,543.2317740000004,2.200491999999647,2.489409999999309
2569,85.74046666666618,-0.2387646432386876,-0.0885764998277507,-0.2562158324529905,17.4091613856,78.399717893,543.2965053333334,2.1511093333333298,2.39264666666666
2570,85.77383333333319,-0.2561235356766871,0.0781682641018645,-0.4358537451170611,17.409161786,78.3997173925,543.3612366666662,2.101726666667012,2.2958833333340105
2571,85.8072000000002,-0.1833013844512186,0.1745260915871198,-0.1467944621976471,17.4091621576,78.3997168992,543.413368,2.0421199999999478,2.209199999999973
2572,85.84056666666629,-0.1796379126730215,-0.4365921192768016,0.0963152289684506,17.40916242453333,78.39971643206665,543.4197076666667,1.945356666666858,2.159150000000099
2573,85.87393333333284,-0.1323535676251485,0.1133404330844597,0.0837486687967935,17.409162691466666,78.39971596493332,543.4260473333334,1.8485933333337683,2.109100000000225
2574,85.90729999999985,-0.0933546325878128,0.0522470713482718,0.1885623003222317,17.4091630022,78.399715527,543.4407819999997,1.7605170000004005,2.048830000000679
2575,85.94066666666686,-0.0802271920462119,0.0859069932617577,0.2729854455088906,17.409163469333333,78.39971519333332,543.4854933333336,1.7034599999997666,1.952066666666271
2576,85.97403333333295,-0.0554987575425974,0.4462974795940207,0.0161377351809837,17.409163936466665,78.39971485966666,543.5302046666668,1.6464029999999106,1.8553033333331816
2577,86.00739999999996,-0.0730990415324537,0.3910969116231569,-0.1127156549501705,17.409164359200002,78.3997145038,543.571512,1.5917140000000445,1.7674200000000542
2578,86.04076666666651,-0.0489740859070293,-0.0763436279759047,0.0412921547751975,17.409164626133332,78.39971407003333,543.6008746666666,1.5453343333334946,1.710696666666864
2579,86.07413333333352,-0.0048562300319798,-0.211317003904481,0.0743769968043834,17.409164893066666,78.39971363626667,543.6302373333336,1.4989546666663127,1.6539733333329003
2580,86.10750000000007,0.0138445154419595,0.03173588924469,-0.038232161874499,17.409165152499998,78.399713225,543.65255,1.4531749999997767,1.5994999999997614
2581,86.14086666666662,0.0594817181406502,0.0045864394776609,0.0866311679112824,17.409165386066665,78.39971289133334,543.6505480000001,1.4094646666665536,1.5527866666665455
2582,86.17423333333318,0.0606247781322862,0.0541640042682697,0.3026908058223437,17.409165619633335,78.39971255766667,543.648546,1.3657543333333304,1.50607333333333
2583,86.20760000000018,-0.0298615548435347,0.064579339721277,0.2424281150290579,17.4091658456,78.3997122392,543.6468480000001,1.3170279999993335,1.4601199999995602
2584,86.24096666666628,-0.1589634362797818,0.2049485268016097,-0.2081292154781233,17.4091660458,78.39971197226667,543.6461806666667,1.2512956666664647,1.4167433333332002
2585,86.27433333333283,-0.2586439474620067,-0.1006744763955603,-0.6220802271916868,17.409166246,78.39971170533333,543.6455133333334,1.1855633333335962,1.37336666666684
2586,86.30769999999984,-0.3000425985068515,-0.422300319493746,-0.2747390841144814,17.4091664154,78.3997113999,543.6394560000002,1.1376179999998863,1.3246000000006686
2587,86.34106666666685,-0.2949094781699262,-0.8382534611343582,0.5520624778068413,17.409166482133333,78.39971096613333,543.6154319999999,1.148962666666679,1.257866666666594
2588,86.37443333333295,-0.452353567625784,-0.6957685480850143,-0.1220021299185098,17.409166548866665,78.39971053236667,543.591408,1.1603073333333171,1.1911333333334289
2589,86.40779999999995,-0.5229392971240118,-0.4324174654020699,-0.5872204472815555,17.4091666624,78.399710161,543.569646,1.1537120000002583,1.143119999999947
2590,86.44116666666696,-0.3781682641141655,-0.2954916578585121,-0.0275115371111822,17.409166929333335,78.39970999416667,543.5552983333332,1.0883133333328654,1.156466666666762
2591,86.47453333333351,-0.2534469293555714,-0.0005963791507823,0.1248562300429208,17.40916719626667,78.39970982733334,543.5409506666666,1.0229146666663635,1.169813333333395
2592,86.50790000000006,-0.1427689030882291,-0.2212140574990608,-0.1381469648554396,17.4091673842,78.3997095894,543.526445,0.974343000000012,1.164989999999866
2593,86.54126666666662,0.0228895988640577,0.1140646077384398,0.5713028044040065,17.409167317466668,78.39970912226667,543.51143,0.980015333333331,1.1015933333333592
2594,86.57463333333362,0.1148384806586657,-0.0679730209660456,0.4099893503886759,17.409167250733333,78.39970865513334,543.4964149999998,0.9856876666667274,1.0381966666659883
2595,86.60800000000017,0.2709265175723498,-0.3667731629322071,0.055165069221473,17.40916724,78.399708252,543.48388,0.9803999999996724,0.9916000000000544
2596,86.64136666666627,0.4702662406806811,0.0937948171801342,0.7171317003884691,17.409167406833333,78.39970805179999,543.4792086666666,0.9403599999997736,0.9982733333333712
2597,86.67473333333282,0.5141072062486621,0.7671707489933268,0.3032587859526349,17.409167573666668,78.3997078516,543.4745373333333,0.9003199999998744,1.0049466666666875
2598,86.70809999999983,0.52381256655716,0.0543343983238035,0.1774014909347177,17.4091677567,78.39970764329999,543.4720530000001,0.8773710000003989,1.000279999999474
2599,86.74146666666684,0.5733049343273631,-0.3314447994316957,1.001803336883266,17.409167990266667,78.39970740973334,543.4763906666667,0.907734666666851,0.960239999999757
2600,86.77483333333294,0.5216187433436342,0.2182108625904314,0.3583954561643229,17.409168223833333,78.39970717616667,543.4807283333333,0.938098333333303,0.92020000000004
2601,86.80819999999994,0.3223429180010624,0.1489243876321438,-0.1279659211783768,17.4091684164,78.399706918,543.483016,0.9607540000000068,0.8973799999997912
2602,86.84156666666695,0.1780546680869831,-0.9271423500153436,0.6274760383276745,17.40916848313333,78.39970658433333,543.479012,0.9597529999999956,0.9274100000001247
2603,86.8749333333335,0.111593894214281,-0.3501313454333579,0.0556478523380415,17.409168549866667,78.39970625066667,543.475008,0.9587519999999984,0.9574400000000493
2604,86.90830000000005,-0.0015761448344038,0.99226837060231,-0.7391480298168565,17.4091686581,78.39970591699999,543.469095,0.971445999999952,0.979170000000003
2605,86.9416666666666,0.065885694000684,-0.4396876109307826,0.4761803336863126,17.409168891666667,78.39970558333333,543.4574166666667,1.0254999999998158,0.9758333333333448
2606,86.97503333333361,-0.0074831380850579,-0.4496130635337462,0.515157969495425,17.409169125233333,78.39970524966667,543.4457383333332,1.0795540000004162,0.9724966666666408
2607,87.00840000000017,-0.1773375931745953,0.5541640042298173,-0.7154419594953465,17.4091693504,78.3997049244,543.4333879999999,1.1194959999999898,0.9834400000002764
2608,87.04176666666626,-0.0086261980817303,-0.0154632587754277,-0.2467802626986177,17.409169550599998,78.3997046241,543.4190403333333,1.1174939999999949,1.0368266666668084
2609,87.07513333333281,0.0449982250620169,-0.5471920482683559,0.5403620873261493,17.409169750799997,78.3997043238,543.4046926666666,1.115492,1.0902133333333406
2610,87.10849999999982,0.0228966986196649,0.0207667731252131,-0.0170394036049885,17.409169951,78.3997040235,543.3985050000002,1.1176550000001615,1.13
2611,87.14186666666683,-0.0057933972320345,0.5111821086347216,-0.188228612002657,17.409170151199998,78.3997037232,543.4161893333335,1.132002666666792,1.13
2612,87.17523333333293,-0.06985445509591,-0.7585374511950005,0.4760312389077211,17.409170351399997,78.3997034229,543.4338736666667,1.1463503333334224,1.13
2613,87.20859999999993,-0.1859850905224206,-0.1892225772133774,-0.3297550585797377,17.409170577399998,78.399703114,543.4387439999999,1.164826000000076,1.1334400000000333
2614,87.24196666666694,-0.3235640752617104,1.0352218672308642,-1.3737309194238128,17.4091708777,78.39970278033333,543.4067119999997,1.195189666666942,1.1467866666667876
2615,87.27533333333349,-0.2141285055048386,-0.2366347177359062,0.0156904507853527,17.409171178,78.39970244666667,543.3746799999999,1.225553333333394,1.16013333333336
2616,87.30870000000004,-0.3141214057505198,-1.1937167199162364,0.8261767838104511,17.409171426100002,78.39970209559999,543.352479,1.2475650000000065,1.1778299999998834
2617,87.3420666666666,-0.3364572239968501,0.4396166134155665,-0.4414483493061237,17.4091715262,78.3997016952,543.3581513333334,1.2458966666666773,1.2078599999998076
2618,87.3754333333336,-0.3217536386281161,1.861597444074626,-0.7890592829373069,17.4091716263,78.3997012948,543.3638236666667,1.2442283333333255,1.2378900000001412
2619,87.40880000000016,-0.0869009584674028,-0.5924600638743589,0.6623642172418465,17.409171788000002,78.3997008944,543.364744,1.2610400000001492,1.26
2620,87.44216666666625,-0.1725594604140488,-1.2556975505996966,0.8041178558884237,17.409172121666668,78.39970049399999,543.3523983333333,1.329441666666643,1.26
2621,87.4755333333328,-0.0948810791650756,0.6327724529878906,-0.6186155484722079,17.409172455333334,78.39970009359999,543.3400526666667,1.3978433333331377,1.26
2622,87.50889999999981,0.0338232161865345,1.982342918007773,-0.7570820021385265,17.4091727534,78.3996996754,543.329576,1.4535180000001706,1.2778000000005505
2623,87.54226666666682,0.2115157969454434,-1.0829250975914344,1.0632161874201629,17.4091729536,78.39969920826667,543.3242373333334,1.4742053333334515,1.3445333333337153
2624,87.57563333333292,-0.0793681221161378,-1.4405324813539044,0.8916009939621143,17.409173153799998,78.39969874113334,543.3188986666667,1.4948926666667328,1.4112666666668805
2625,87.60899999999992,-0.0511182108626198,0.8445154419595314,-0.4898828541001065,17.409173416999998,78.39969831,543.31527,1.5149500000000125,1.4654000000000136
2626,87.64236666666693,0.0132907348169742,1.6990131345919697,-0.7089527866935555,17.409173850766667,78.39969797633333,543.316271,1.533301666666883,1.485420000000236
2627,87.67573333333348,0.2297195598142648,-1.113226836987773,0.9027760028186128,17.409174284533332,78.39969764266667,543.317272,1.5516533333335034,1.5054400000001855
2628,87.70910000000003,0.0593184238559786,-1.2582108626305712,0.7833439829703132,17.4091747183,78.3996972817,543.319092,1.5807430000003178,1.5254600000001102
2629,87.74246666666659,0.0660276890271064,0.6155626553426731,-0.6566560170703787,17.409175152066666,78.39969684793333,543.323096,1.6384673333332431,1.5454799999999689
2630,87.7758333333336,0.1751863684679501,1.4587149450403871,-0.304863329845524,17.409175585833335,78.39969641416667,543.3271000000001,1.6961916666669552,1.5655000000001
2631,87.80920000000015,0.2709691160812936,-1.060021299250063,1.2935037273694645,17.4091760104,78.3996959896,543.338832,1.737264000000002,1.5956399999999538
2632,87.84256666666624,-0.0396876109338884,-0.9066808661802336,0.4862193823303242,17.4091764108,78.3996955892,543.370864,1.7345946666666756,1.652363333333144
2633,87.8759333333328,-0.0893148739791911,1.2013773518050257,-1.124501242462288,17.409176811200002,78.3996951888,543.4028959999998,1.7319253333333489,1.7090866666663342
2634,87.9092999999998,0.0658572949920096,1.7470287539917817,-0.380106496292219,17.4091772581,78.3996947791,543.4339050000002,1.751948000000413,1.7490699999999826
2635,87.94266666666681,0.2879659212004875,-1.427334043280641,1.548739794120721,17.409177825333334,78.39969434533333,543.4622666666668,1.830693333333548,1.7457333333333245
2636,87.97603333333291,-0.0134611288604975,-0.9855520056812412,0.3350585729510742,17.409178392566666,78.39969391156667,543.4906283333333,1.9094386666666827,1.742396666666666
2637,88.00939999999991,0.0186155484556644,0.7586368477039298,-1.2079659211877372,17.409178912799998,78.39969344960001,543.509966,1.9707939999999609,1.761619999999822
2638,88.04276666666692,0.3326304579296601,1.8572097976574924,-0.1445509407629338,17.4091793132,78.39969291573334,543.5062956666666,1.9878110000001492,1.838363333334008
2639,88.07613333333347,0.537380191691373,-1.5271991480373623,1.9268583599516904,17.4091797136,78.39969238186667,543.5026253333333,2.0048280000001064,1.915106666667148
2640,88.10950000000003,0.1482428115013649,-1.4303514377138509,0.3618743344095703,17.4091801425,78.3996918195,543.496675,2.03524000000024,1.9747500000000624
2641,88.14286666666658,0.2359531416449164,1.152105076340814,-1.6511182108566922,17.409180643,78.39969118553333,543.4849966666667,2.0993040000000787,1.9914333333333536
2642,88.17623333333358,0.5192900248480106,1.6782676606477511,0.3960170393630161,17.4091811435,78.39969055156666,543.4733183333332,2.16336800000079,2.0081166666668726
2643,88.20960000000014,0.6085623003231385,-1.739978700733316,2.35190628329652,17.4091816248,78.399689908,543.4626,2.2194640000003094,2.038240000000539
2644,88.24296666666623,0.0337877174296626,-1.4880937166942514,-0.0032942847257402,17.409182058566667,78.39968924066667,543.4542583333333,2.255833666666719,2.101636666666758
2645,88.27633333333279,-0.067944621937709,0.4399716009969936,-2.015974440893116,17.409182492333333,78.39968857333334,543.4459166666668,2.2922033333331284,2.165033333332976
2646,88.3096999999998,0.2321405750750835,1.63657082002646,0.0761661341308151,17.4091829164,78.3996879157,543.435344,2.321492000000027,2.2206700000000823
2647,88.3430666666668,0.2306141285034385,-0.9916932906720024,1.6166844160275329,17.4091833168,78.39968728173334,543.4193280000001,2.333503999999997,2.2573733333333235
2648,88.3764333333329,-0.0517571884989061,-0.7481931132502871,-0.0953780617560523,17.4091837172,78.39968664776667,543.4033120000001,2.345515999999966,2.294076666666564
2649,88.4097999999999,0.0251757188507817,0.4544834930844719,-1.0636421725211025,17.4091841274,78.3996859942,543.391706,2.363897999999821,2.3239199999999287
2650,88.44316666666691,0.2341498047570013,0.6586439475128765,0.4245651401739234,17.40918456116667,78.3996852935,543.390705,2.3975983333335287,2.337266666666744
2651,88.47653333333346,0.169968051118327,-0.8582463613769631,0.7499041533551672,17.409184994933334,78.3996845928,543.389704,2.431298666666777,2.350613333333377
2652,88.50990000000002,0.0971458998897107,-0.0429179978771063,-0.64217252398297,17.4091854782,78.39968388220001,543.39098,2.472523000000044,2.3699000000000248
2653,88.54326666666657,0.1396663116808243,0.0080085197114419,-0.6916435924610236,17.4091860788,78.39968314813333,543.3976533333333,2.5315819999998954,2.403266666666608
2654,88.57663333333358,0.2449414270500532,-0.9096698615527108,0.686261980825518,17.4091866794,78.39968241406667,543.4043266666667,2.5906410000005518,2.4366333333336447
2655,88.61000000000013,0.0811501597467722,-1.1307774228037235,-0.0585729499271865,17.409187250000002,78.39968168,543.4124,2.633300000000029,2.478000000000409
2656,88.64336666666622,-0.0240539581114247,0.1516009939663838,-1.1774511892093902,17.4091877505,78.39968094593333,543.4237446666667,2.637637666666685,2.5380600000002578
2657,88.67673333333278,0.0651757188499758,0.9049627263113322,0.1172168974036638,17.409188251,78.39968021186667,543.4350893333334,2.641975333333341,2.5981200000001063
2658,88.71009999999978,-0.0383173588911369,-0.6204685835841388,0.6201490947932126,17.4091887616,78.39967948789999,543.4393639999998,2.6473230000000885,2.6410100000000383
2659,88.74346666666679,-0.1491231806889935,0.0717358892397386,-0.4623642172496531,17.409189295466668,78.3996787872,543.4273519999999,2.6549973333333674,2.644346666666681
2660,88.77683333333289,-0.1474973375944433,0.4645012424480228,-0.652822151226838,17.409189829333336,78.3996780865,543.41534,2.662671666666647,2.6476833333333243
2661,88.8101999999999,-0.054866879661579,0.3050905217966306,0.2914589989336773,17.4091903632,78.3996773858,543.410264,2.671773999999897,2.6520399999999444
2662,88.8435666666669,-0.1106780262638482,-0.2993681221184496,-0.2175647851996898,17.409190897066665,78.3996766851,543.4209413333334,2.6841196666667013,2.658713333333352
2663,88.87693333333345,-0.096059637911162,0.204856230036784,-0.8707419240296033,17.409191430933333,78.3996759844,543.4316186666666,2.696465333333337,2.6653866666666683
2664,88.9103,0.0502875399361835,0.8100106496256358,-0.0781895633566851,17.4091919442,78.3996752734,543.4505359999999,2.701807000000023,2.67411999999997
2665,88.94366666666656,0.0034078807234384,-0.6875399361019653,0.6807951721645703,17.409192411333333,78.39967453933333,543.4879066666665,2.691463333333383,2.687466666666603
2666,88.97703333333357,-0.1803265885701607,-0.6702875399565199,-0.0860702875184376,17.409192878466666,78.39967380526667,543.5252773333336,2.6811196666666013,2.700813333333418
2667,89.01040000000012,-0.2007241746580093,0.5001490947419787,-0.6474121405807208,17.409193345600002,78.39967302960001,543.546736,2.6783680000000536,2.7068799999999618
2668,89.04376666666622,-0.1484203052896764,-0.2190841320542002,-0.1203194888204638,17.409193812733335,78.39967216206666,543.5330556666667,2.692382000000018,2.696869999999987
2669,89.07713333333322,-0.2526375576875034,-0.3000354987320893,-0.3236634717943879,17.409194279866668,78.39967129453333,543.5193753333333,2.706395999999983,2.686860000000012
2670,89.11049999999977,-0.2240681576189583,0.01139510112827,-0.4765708200331643,17.409194736499998,78.3996704585,543.5079,2.70770499999974,2.684200000000132
2671,89.14386666666678,-0.0484061057866177,0.8151224707101157,0.2813773517940457,17.409195170266667,78.39966969106666,543.5012266666666,2.68134533333314,2.697546666666765
2672,89.17723333333288,-0.0439687610937743,-0.2241462548821658,0.741640042597463,17.409195604033332,78.39966892363333,543.4945533333333,2.6549856666665392,2.710893333333398
2673,89.21059999999989,-0.1241746538904264,-0.3388285410143848,-0.248221512260705,17.4091960272,78.399668135,543.48947,2.641240000000012,2.711519999999977
2674,89.24396666666689,-0.0585303514378081,0.6912957046635538,-0.3024494142759245,17.4091964276,78.39966730083333,543.4878016666667,2.654586666666766,2.6848266666664684
2675,89.27733333333299,-0.0063897763561809,-0.5122470713684842,0.2854100106519519,17.409196828,78.39966646666667,543.4861333333333,2.6679333333333384,2.658133333333324
2676,89.3107,0.0659850905215527,-0.1550159744459621,-0.0091799787018729,17.4091972498,78.39966566460001,543.4903499999999,2.671222000000095,2.64427999999993
2677,89.34406666666655,0.168278310258911,1.486971955981205,-0.073510827121947,17.40919771693333,78.39966493053333,543.5070333333332,2.65320400000014,2.6576266666665638
2678,89.37743333333356,0.1532765353186537,-0.077962371335718,0.6806318778708909,17.409198184066664,78.39966419646667,543.5237166666667,2.63518599999994,2.670973333333378
2679,89.41080000000011,0.0423855165094793,-0.6953780617560292,0.2907348242950976,17.409198661999998,78.39966347320001,543.539536,2.6167359999999844,2.6745999999999865
2680,89.4441666666662,0.005111821085642,0.7897763578456077,-0.2961306354287415,17.4091991625,78.39966277250001,543.55355,2.5973833333333665,2.657916666666696
2681,89.47753333333321,0.0246077387222688,-0.7298686545864631,0.339353922597764,17.409199663,78.39966207180001,543.567564,2.5780306666667485,2.641233333333404
2682,89.51090000000022,0.0828541001073098,-0.9080724174609952,0.018977635786124,17.4092001199,78.3996613602,543.5804880000001,2.5603129999999013,2.623459999999862
2683,89.54426666666632,0.3101029463971447,1.5460844870524793,-0.216002839906885,17.409200486933333,78.39966062613334,543.5911653333334,2.5459653333332706,2.6034399999999125
2684,89.57763333333287,0.4190699325502117,0.2531487397929656,1.0044089456946572,17.409200853966667,78.39965989206667,543.6018426666667,2.53161766666664,2.583419999999963
2685,89.61099999999988,0.4298189563359664,-0.6366347177886162,0.4698615548393233,17.409201243000002,78.39965918,543.62143,2.5168300000000103,2.5656000000000088
2686,89.64436666666688,0.4872133475299487,0.6941143060169517,-0.0816542421136479,17.409201676766667,78.39965851266666,543.6591343333338,2.501147666666503,2.552253333333194
2687,89.67773333333298,0.4831806886743672,0.0415477458100694,0.7143343982944829,17.409202110533336,78.39965784533334,543.696838666667,2.485465333333209,2.538906666666561
2688,89.71109999999999,0.5406602768904019,-0.7686048988310438,0.3641959531425659,17.409202522100003,78.3996571669,543.7308800000001,2.470004999999942,2.5244499999999355
2689,89.74446666666654,0.4895704650346846,0.4473553425307759,0.1917500887657385,17.409202889133333,78.3996564662,543.7575733333332,2.454990000000048,2.50776666666672
2690,89.77783333333355,0.3903088391810394,-0.037131700487512,0.7481363152002002,17.409203256166666,78.3996557655,543.7842666666668,2.43997499999995,2.491083333333277
2691,89.8112000000001,0.3686474973381433,0.9332481363223344,-0.2953780617681558,17.4092036344,78.3996550648,543.805808,2.4301119999999994,2.474400000000037
2692,89.8445666666662,0.3592332268338993,1.2819595314434702,-0.0884558040684944,17.409204034800002,78.3996543641,543.8171526666666,2.430445666666665,2.4577166666667454
2693,89.8779333333332,0.2878665246657682,-1.1614341498047154,0.6859353922528817,17.4092044352,78.3996536634,543.8284973333333,2.430779333333331,2.441033333333454
2694,89.91130000000021,0.0819382321617464,-0.1009371671979043,-0.6183812566498685,17.4092048356,78.39965292880001,543.841085,2.4456900000001687,2.43
2695,89.94466666666631,0.1229676961274326,1.5280085196806563,-0.8673766418302182,17.409205236,78.399652128,543.8561,2.4890666666667256,2.43
2696,89.97803333333286,0.12858359957472,-0.2137664181923772,1.067490237854223,17.4092056364,78.3996513272,543.8711149999999,2.532443333333283,2.43
2697,90.01139999999987,-0.1807454739083976,-0.4063471778476439,-0.1096485623025588,17.409206071,78.39965052640001,543.8828239999999,2.576845999999829,2.444819999999841
2698,90.04476666666687,-0.2204472843450479,0.4998722044644517,-1.5390344337889772,17.4092065715,78.3996497256,543.8881626666667,2.623225666667011,2.488196666666989
2699,90.07813333333297,-0.0495988640394214,0.7681647142260638,-0.1848065317624384,17.409207072,78.3996489248,543.8935013333333,2.669605333333561,2.5315733333335464
2700,90.11149999999998,-0.0800851970163996,-1.5707135250184687,0.7814696485657484,17.409207538,78.39964812400001,543.9017150000001,2.697699999999984,2.5761000000001117
2701,90.14486666666653,-0.2529925452593971,0.1308200213349447,-1.074561590371422,17.409207938399998,78.3996473232,543.9153953333333,2.691026666666668,2.622813333333327
2702,90.17823333333354,-0.1519772808029129,0.7604614838069026,-0.9356052538469752,17.4092083388,78.3996465224,543.9290756666668,2.6843533333332603,2.6695266666671795
2703,90.21160000000009,-0.02261980830693,0.0745899893537512,0.7194462193802217,17.4092087624,78.39964572160001,543.9435680000001,2.689164000000181,2.6976799999999543
2704,90.24496666666619,-0.3302591409317081,-0.3996024139028129,-0.2330209442797571,17.409209229533335,78.3996449208,543.959584,2.7155236666666616,2.6910066666666683
2705,90.2783333333332,-0.4430244941419301,0.8189563365278341,-1.3904153354589197,17.409209696666668,78.39964412,543.9755999999999,2.7418833333331416,2.684333333333382
2706,90.3117000000002,-0.3390841320570052,0.774398296056492,-0.3567412140745123,17.409210117,78.3996432607,543.986819,2.768711000000025,2.689360000000024
2707,90.3450666666663,-0.1894071707467094,-0.9908981185313016,0.8214838480627555,17.409210450666667,78.39964229306668,543.9891546666666,2.796405333333288,2.716053333333289
2708,90.37843333333285,-0.3541143059994475,-0.4103585374499159,-0.4700816471439591,17.409210784333332,78.39964132543334,543.9914903333333,2.824099666666552,2.742746666666556
2709,90.41179999999986,-0.2040894568690792,1.0984877529301045,-0.9403194888194488,17.409211177,78.39964042860001,543.99595,2.8448319999999465,2.7706199999998
2710,90.44516666666686,-0.0481008164740709,0.565140220103274,0.1446574369564507,17.4092116775,78.39963966116667,544.0042916666667,2.852840000000036,2.800650000000133
2711,90.47853333333296,0.1002200922951243,-1.160525381627283,1.0480369187062,17.409212178,78.39963889373334,544.0126333333334,2.8608480000000154,2.8306800000000574
2712,90.51189999999997,-0.0026198083062811,-0.8827689030560568,-0.0131629393141987,17.4092126904,78.3996381025,544.027877,2.872425999999989,2.852379999999996
2713,90.54526666666652,0.1178842740533707,0.8115015974942618,-0.3578558750461414,17.409213224266665,78.39963726833334,544.0555713333333,2.890443999999944,2.8590533333333124
2714,90.57863333333353,0.1408590699326039,0.9685835995767268,0.0154348597774076,17.409213758133333,78.39963643416667,544.0832656666669,2.9084620000001435,2.86572666666672
2715,90.61200000000008,0.1067092651770166,-0.6140575079733892,0.6498402555924491,17.409214292,78.39963560000001,544.10388,2.9327200000001925,2.876000000000091
2716,90.64536666666618,-0.0571104011392973,-1.854440894565304,0.1656372026836739,17.409214825866666,78.39963476583334,544.111888,2.96808866666677,2.892683333333382
2717,90.67873333333318,-0.103784167553681,0.1984806531846498,-0.8445864394763747,17.409215359733334,78.39963393166667,544.119896,3.003457333333348,2.9093666666666733
2718,90.71210000000019,-0.0062406815779772,1.611735889225594,-0.3770394036230894,17.4092159057,78.3996331338,544.1308080000001,3.0245479999999603,2.933310000000362
2719,90.74546666666629,-0.0032942847004694,-0.1671423500021011,0.6597373091909509,17.409216472933334,78.39963239973333,544.146824,3.020543999999989,2.970013333333436
2720,90.77883333333284,-0.1666666666637608,-1.616542421004597,0.2909123180761642,17.409217040166666,78.39963166566666,544.16284,3.016540000000017,3.00671666666651
2721,90.81219999999985,-0.2778274760354561,-0.8676038338213221,-0.7730777423042188,17.4092176318,78.399630895,544.1793439999998,3.02949399999959,3.028780000000032
2722,90.84556666666685,-0.0903372382064315,0.943919062736958,-0.4736883209333494,17.409218265766665,78.39963006083333,544.1966946666668,3.071869666666727,3.0254433333333286
2723,90.87893333333295,0.1100177493787148,1.9177138800124045,0.2784948526811067,17.409218899733332,78.39962922666666,544.2140453333334,3.114245333333287,3.0221066666666703
2724,90.91229999999996,0.2521405750781985,-0.2743343983327881,1.097614483488382,17.4092194968,78.3996284048,544.230289,3.141614999999994,3.034759999999856
2725,90.94566666666651,-0.0017749378861174,-2.376641817542327,0.5882144124768368,17.409220030666667,78.39962760399999,544.2446366666666,3.143283333333323,3.0747999999997546
2726,90.97903333333352,0.0307703230358834,-0.8444089457206849,-0.5018033368720304,17.409220564533335,78.3996268032,544.2589843333334,3.144951666666675,3.1148400000001994
2727,91.01240000000007,0.3139084132021206,1.679488817862886,-0.0517145900002294,17.409221086000002,78.3996259528,544.272092,3.1572840000000744,3.141240000000008
2728,91.04576666666662,0.3991551295703113,1.7072275470254483,0.4455307064277068,17.4092215865,78.39962501853333,544.283103,3.1876476666666647,3.1445766666666666
2729,91.07913333333317,0.2953638622626549,-0.7716435925196432,0.7665601703925252,17.409222087,78.39962408426666,544.294114,3.218011333333255,3.1479133333333245
2730,91.11250000000018,0.0481363152384978,-1.6301384451183305,0.1687965921404876,17.4092226,78.3996231625,544.3093750000003,3.2420000000001137,3.161250000000256
2731,91.14586666666628,-0.0700319488778876,-0.6852538160874083,-1.0249059282864246,17.409223133866668,78.3996222616,544.3317306666669,3.255346666666747,3.19128000000018
2732,91.17923333333283,0.0543698970509453,1.5062974795747357,-0.9012424565231074,17.409223667733333,78.3996213607,544.3540863333335,3.26869333333338,3.2213100000001047
2733,91.21259999999984,0.0728434504795044,1.792715654894148,0.089712460089011,17.409224315,78.3996204976,544.379718,3.293379999999967,3.24503999999999
2734,91.24596666666685,-0.0663897763592628,-0.9627831025458436,0.45657082001622,17.409225149166666,78.39961969679999,544.4107490000002,3.3367566666669184,3.2583866666667443
2735,91.27933333333294,-0.3055023074172773,-2.121831735880023,-0.0203762868255312,17.409225983333332,78.39961889599999,544.44178,3.380133333333278,3.2717333333333163
2736,91.31269999999995,-0.4366986155422879,-1.6366560170005675,-0.7287752928716306,17.4092267413,78.3996180698,544.4690009999998,3.402047000000086,3.296509999999713
2737,91.34606666666696,-0.2718920837861155,0.7247284344214403,-1.0185019524591286,17.409227375266667,78.39961720226667,544.4900220000001,3.389033999999941,3.3398866666668616
2738,91.37943333333351,-0.1567980120675887,2.317344692933071,-0.5230173943976689,17.409228009233335,78.39961633473334,544.5110430000001,3.3760209999999744,3.383263333333419
2739,91.41280000000006,-0.216869009584866,0.7722683706826283,0.0839616613241745,17.4092286176,78.3996154032,544.519904,3.3871999999999725,3.4048800000000075
2740,91.44616666666661,-0.2486687965920223,-1.5343627972941072,0.146325878593358,17.409229184833332,78.39961436883334,544.5092266666667,3.4372499999998465,3.3915333333333746
2741,91.47953333333362,-0.4602484913042714,-1.3947319843931096,-0.7413276535256382,17.409229752066665,78.39961333446668,544.4985493333332,3.487300000000402,3.37818666666656
2742,91.51290000000017,-0.3276677316391407,-0.6479659212476881,-0.4954632588082701,17.409230358,78.39961232590001,544.491226,3.531029000000186,3.3893500000002765
2743,91.54626666666627,-0.0517713880017905,1.2368477103385458,0.321931132410248,17.409231025333334,78.39961135826667,544.4892239999999,3.5647293333334344,3.43940000000015
2744,91.57963333333282,-0.0981114661047479,1.87376641818228,-0.2794178203976847,17.409231692666665,78.39961039063333,544.487222,3.598429666666683,3.489450000000024
2745,91.61299999999983,-0.3676251331217354,0.5143769969001293,-0.7403620873495502,17.409232295,78.39960942299999,544.4809299999998,3.601709999999486,3.5330000000003867
2746,91.64636666666684,-0.3763081292148098,-1.1295988640248993,0.2014057507968468,17.4092327955,78.39960845536666,544.4679169999998,3.557332333332931,3.566366666666969
2747,91.67973333333293,-0.4977351792617079,-2.214838480640534,0.3264891728936664,17.409233296,78.39960748773333,544.4549039999999,3.5129546666663765,3.5997333333335515
2748,91.71309999999994,-0.4862619808286562,-0.9955697550450594,-0.6507561235446182,17.4092338227,78.3996064677,544.4354719999999,3.511283000000144,3.602969999999903
2749,91.74646666666695,-0.1689598864058509,1.0420305288488094,-0.4059921902883417,17.40923438993333,78.3996053666,544.4061093333331,3.575680666667233,3.559593333332952
2750,91.7798333333335,-0.0828541001012271,2.212637557695296,0.1202697905633227,17.409234957166667,78.3996042655,544.3767466666667,3.640078333333444,3.516216666666592
2751,91.81320000000005,-0.2506070287531566,0.7050053248368775,-0.1895633652839585,17.4092355112,78.39960315120001,544.3427640000002,3.6822999999999695,3.5150799999997755
2752,91.8465666666666,-0.216932907348572,-1.4584238551294373,0.207369542058651,17.409236045066667,78.39960201673334,544.3017230000003,3.690641666666616,3.5784766666662824
2753,91.87993333333361,-0.1952715654915192,-1.990614128513132,0.5661057863094848,17.40923657893333,78.39960088226667,544.2606819999997,3.698983333333376,3.641873333333653
2754,91.91330000000016,-0.1895633652810527,-1.726048988274438,0.4579978700712852,17.4092371527,78.399599801,544.238128,3.705463000000009,3.6839900000000254
2755,91.94666666666626,0.0749023784158513,0.3645012424451364,-0.0451544195960697,17.409237786666665,78.39959879999999,544.2434666666667,3.709133333333333,3.694
2756,91.98003333333281,0.1356549520790367,1.901419950333012,-0.1130209442639919,17.409238420633333,78.399597799,544.2488053333333,3.7128036666666575,3.704009999999975
2757,92.01339999999982,0.0710117145952157,2.148711395105441,0.216059637915323,17.4092390546,78.3995967712,544.2461039999998,3.720092000000109,3.7113400000000287
2758,92.04676666666683,-0.0230954916554454,0.5086971956397383,0.289130280439234,17.409239688566668,78.39959570346666,544.2314226666665,3.7327713333334094,3.714676666666687
2759,92.08013333333292,-0.0953638622638753,-1.439148029815981,0.5140788072433505,17.409240322533336,78.39959463573332,544.2167413333333,3.745450666666712,3.7180133333333454
2760,92.11349999999993,-0.2161874334398296,-1.373269435569755,0.0697550585729499,17.409240970000003,78.399593568,544.204895,3.765285000000031,3.725400000000014
2761,92.14686666666694,-0.2820163294314765,-1.2410223642443108,-0.4287823926059992,17.409241637333334,78.39959250026666,544.1972206666666,3.795648666667035,3.7387466666668288
2762,92.18023333333349,-0.0214909478343537,0.5598438053440498,-0.3895633652862444,17.409242304666666,78.39959143253333,544.1895463333332,3.826012333333625,3.7520933333334616
2763,92.21360000000004,0.1280085197020428,1.9172736954325773,-0.0030244941412017,17.4092430128,78.3995904192,544.1858159999999,3.838967999999935,3.772240000000157
2764,92.2469666666666,0.1237131700388064,2.0310401135943814,0.2495562655308032,17.409243780233332,78.39958948493333,544.187818,3.826622333333356,3.802269999999945
2765,92.2803333333336,0.022222222227233,-0.1238906637332659,0.5597444089452219,17.409244547666667,78.39958855066666,544.18982,3.814276666666608,3.8323000000001417
2766,92.31370000000015,0.0204472843456677,-1.9727369541981568,0.5546538871140517,17.4092452877,78.39958758899999,544.1929180000001,3.8133019999999926,3.8445200000000064
2767,92.34706666666625,-0.0102804401820468,-1.770507632236341,0.4388640397693003,17.4092459884,78.39958658799999,544.1975893333333,3.8286506666666207,3.8311733333333735
2768,92.3804333333328,-0.0088320908746677,-0.7714164004124173,-0.1397373091965053,17.4092466891,78.399585587,544.2022606666667,3.8439993333332487,3.81782666666674
2769,92.41379999999981,0.11092651755237,0.127199147894284,-0.1014270500607332,17.4092473346,78.3995845032,544.1851279999997,3.859900000000093,3.816900000000093
2770,92.44716666666682,0.2170394036173476,2.167412140533857,-0.1248846290576005,17.409247901833336,78.399583302,544.1370799999999,3.876583333333385,3.833583333333384
2771,92.48053333333291,0.0641533546334867,1.519062832731192,0.1819808306845214,17.409248469066668,78.3995821008,544.089032,3.893266666666676,3.850266666666676
2772,92.51389999999992,0.0586794462191207,0.6246645367313229,0.2686261980844734,17.4092491336,78.399580983,544.0590540000001,3.916899999999934,3.866949999999967
2773,92.54726666666693,0.0330848420311229,-1.164558040440247,0.2936315228968768,17.409249934400002,78.399579982,544.0543826666667,3.950266666666972,3.883633333333486
2774,92.58063333333348,-0.1440113596000777,-1.288143414985096,0.0490805821854991,17.4092507352,78.39957898099999,544.0497113333333,3.983633333333554,3.900316666666777
2775,92.61400000000003,-0.1874334398296059,-0.8690095846645367,-0.4728434504792332,17.409251508,78.399577952,544.04266,4.011960000000087,3.9240000000001367
2776,92.64736666666658,-0.0660418885276662,-0.3529144479320574,-0.4724600638882792,17.409252242066668,78.39957688426666,544.0323163333334,4.0333146666667,3.957366666666719
2777,92.68073333333359,0.0436918707809632,1.2075967340451363,-0.0541001065204482,17.409252976133335,78.39957581653333,544.0219726666666,4.054669333333604,3.990733333333756
2778,92.71410000000014,0.100319488819286,1.9641959531448716,0.3235782747592676,17.409253682,78.3995746924,544.0116289999999,4.088009000000409,4.0184600000001645
2779,92.74746666666624,0.0026553070648519,0.2902378417343405,0.2366773162892107,17.409254349333334,78.3995734912,544.0012853333333,4.137725333333392,4.038480000000023
2780,92.7808333333328,-0.083706070287656,-1.088746893862654,-0.0619098331535407,17.409255016666666,78.39957229,543.9909416666667,4.187441666666373,4.058499999999882
2781,92.8141999999998,-0.0754419595283478,-1.3105431309705402,0.2088178913770795,17.409255683999998,78.3995710746,543.9645519999999,4.226792000000065,4.09130000000013
2782,92.84756666666681,-0.1290237841614236,-0.9241462548937044,0.1535605254166341,17.409256351333333,78.39956984003334,543.916504,4.252150666666669,4.141350000000004
2783,92.8809333333329,-0.187589634363368,-1.0324316648789733,-0.4521121760862416,17.40925701866667,78.39956860546665,543.8684560000002,4.277509333333271,4.191399999999877
2784,92.91429999999991,0.0285410010751715,0.0391267306377535,-0.5359531416387815,17.409257686,78.3995674424,543.8294170000001,4.265116000000312,4.231439999999867
2785,92.94766666666692,0.182108626196049,1.631593894191148,0.0291089811698384,17.409258353333335,78.39956637466666,543.8023899999998,4.202386666666282,4.258133333333497
2786,92.98103333333347,0.2219240326589705,1.9952644657448133,0.5867802626904546,17.409259020666667,78.39956530693333,543.7753629999999,4.139657333333107,4.2848266666667625
2787,93.01440000000002,0.1868796592123188,1.225346112892422,0.5332481363150895,17.4092597168,78.3995641816,543.754384,4.126176000000056,4.274079999999935
2788,93.04776666666658,0.1081558395448551,-0.7524582890063439,0.3941693290770238,17.409260450866668,78.3995629804,543.7413710000001,4.177560666666593,4.214020000000086
2789,93.08113333333358,0.0284132055395146,-1.7058572949751487,0.7184806531706842,17.409261184933335,78.3995617792,543.7283579999998,4.22894533333383,4.153959999999419
2790,93.11450000000013,0.0095846645469112,-1.364643237494553,0.2629392971653486,17.4092619045,78.3995605925,543.7091099999998,4.251764999999898,4.141750000000358
2791,93.14786666666623,-0.1260560880361841,-1.398846290389357,-0.221104011344884,17.409262605200002,78.39955942466666,543.6817493333332,4.2374173333332665,4.191800000000232
2792,93.18123333333278,-0.0933475328268301,-0.3111111110468234,-0.7544479943205914,17.4092633059,78.39955825683333,543.6543886666666,4.223069666666636,4.241850000000105
2793,93.21459999999979,0.0782960596313224,0.7888817890769871,-0.4538871139653079,17.409264021200002,78.399557089,543.6283419999997,4.226242000000289,4.264159999999849
2794,93.2479666666668,0.1922967696142387,2.1679375221929797,-0.1085764998253446,17.40926475526667,78.39955592116667,543.6039843333333,4.25193433333344,4.250813333333277
2795,93.2813333333329,0.1492367767109037,1.8700745473575224,0.1581824636181385,17.409265489333336,78.39955475333333,543.5796266666667,4.277626666666592,4.237466666666705
2796,93.3146999999999,0.1119275825346402,0.5348881789163512,0.3403620873264399,17.4092661646,78.399553512,543.5507120000003,4.30802299999971,4.241759999999788
2797,93.34806666666691,0.1296592119287326,-0.7917465387972976,0.6523606673654467,17.4092667652,78.39955217733333,543.5160106666666,4.3443926666667805,4.268453333333417
2798,93.38143333333346,0.0756975505855125,-1.3087326943563562,0.4794746183877417,17.4092673658,78.39955084266667,543.4813093333333,4.380762333333355,4.295146666666683
2799,93.41480000000001,0.0241107561187625,-1.6244515442053755,0.032758253443741,17.4092679664,78.3995495228,543.4402440000001,4.395820000000022,4.3262799999999295
2800,93.44816666666657,-0.1506922257669644,-1.5463258785518257,-0.5718849840307894,17.409268567,78.3995482215,543.3911950000003,4.384141666666718,4.362983333333171
2801,93.48153333333357,0.10090166843648,0.4178061767488508,-0.764614838493898,17.4092691676,78.39954692020001,543.3421459999997,4.372463333333255,4.399686666666912
2802,93.51490000000013,0.2701171458968637,1.3833652821815652,-0.0998296059820024,17.4092697831,78.3995455742,543.2904149999998,4.379112000000122,4.415529999999959
2803,93.54826666666622,0.2697905573305741,1.942580759671616,0.3212992545254378,17.40927041706667,78.3995441728,543.2353599999999,4.408474666666715,4.405519999999983
2804,93.58163333333277,0.1856088036879247,1.583777067795508,0.2775221867181356,17.409271051033336,78.3995427714,543.1803050000001,4.437837333333307,4.395510000000009
2805,93.61499999999978,0.102236421733085,1.145899893593418,-0.1565495207677416,17.4092717,78.39954143,543.1358999999997,4.456400000000055,4.403500000000307
2806,93.64836666666679,0.0889598864030395,-0.7543130989804403,0.2891285054858638,17.409272367333333,78.39954016206666,543.104535333333,4.461738666666707,4.433530000000231
2807,93.68173333333289,0.0905218317336614,-1.7279659212035403,0.584522541709852,17.40927303466667,78.39953889413333,543.0731706666666,4.467077333333361,4.463560000000156
2808,93.7150999999999,0.0530138445102058,-2.027113951032692,0.5357401490719601,17.4092737171,78.399537596,543.03788,4.483137000000017,4.483020000000004
2809,93.7484666666669,-0.2857649982103719,-1.5586971956092242,-0.6239794106621267,17.4092744178,78.39953626133334,542.9978399999998,4.512166000000208,4.489693333333381
2810,93.78183333333345,-0.2126730564414166,-1.0418175363758178,-1.130244941425171,17.4092751185,78.39953492666668,542.9578,4.541195000000003,4.496366666666668
2811,93.8152,0.0069009584617115,-0.0213844515856354,-0.4904792332395137,17.4092758344,78.3995336376,542.9204960000002,4.550160000000074,4.5136799999998525
2812,93.84856666666656,0.1916666666672174,1.5028842740622026,-0.1446219382280938,17.409276568466666,78.39953240303333,542.8864620000003,4.535145000000112,4.543709999999777
2813,93.88193333333356,0.1618885339020521,1.8293361732312337,-0.1107987220494628,17.409277302533333,78.39953116846667,542.8524279999998,4.520129999999944,4.57374000000011
2814,93.91530000000012,0.0996805111820892,0.8553993610209172,0.0119914802987687,17.4092780672,78.3995299798,542.8237489999999,4.502819999999977,4.58234999999998
2815,93.94866666666621,0.1545615903439762,0.1500887468775735,0.4382676606335309,17.409278868,78.39952884533334,542.8013933333334,4.482800000000027,4.565666666666689
2816,93.98203333333322,0.2181611643553834,-0.9304153355190024,0.7713738019090913,17.4092796688,78.39952771086666,542.7790376666668,4.462780000000078,4.548983333333398
2817,94.01540000000023,0.0728434504957765,-1.999275825341177,0.6934185303917925,17.4092805158,78.3995265918,542.7568359999999,4.453694000000026,4.532299999999879
2818,94.04876666666678,-0.1529570465012854,-1.1283209087749912,-0.3862690805713522,17.4092814167,78.3995254907,542.7348139999999,4.45736433333335,4.515616666666588
2819,94.08213333333288,-0.3343840965501671,-1.529485268021312,-0.9878594248976762,17.4092823176,78.3995243896,542.712792,4.4610346666666745,4.498933333333297
2820,94.11549999999988,-0.2604898828499545,-0.6785942491720656,-1.0101171458937914,17.409283203,78.399523273,542.6955750000001,4.471369999999994,4.491549999999999
2821,94.14886666666689,-0.0497976570869883,1.165367412064875,-0.6713383031771686,17.409284070533335,78.39952213853333,542.6838966666666,4.489388000000194,4.4948866666667024
2822,94.18223333333299,-0.0016542421014785,1.414810081612643,-0.1571955981647202,17.40928493806667,78.39952100406667,542.6722183333333,4.507406000000149,4.498223333333361
2823,94.2156,-0.0215974440907586,1.106624068155848,-0.0186581469661115,17.4092857744,78.3995198228,542.66366,4.526204000000071,4.50780000000006
2824,94.24896666666655,-0.0594959176432311,1.5276180333938505,-0.1667873624459408,17.409286575200003,78.39951858823333,542.6586550000001,4.545890333333265,4.524483333333276
2825,94.28233333333355,-0.0067447639359421,0.0177493788154582,0.2499112530927103,17.409287376,78.39951735366667,542.65365,4.565576666666727,4.541166666666718
2826,94.3157000000001,0.0408732694350234,-1.265367412150257,0.6935676251340618,17.409288239600002,78.3995161034,542.651157,4.600962999999902,4.559419999999963
2827,94.3490666666662,-0.1071920482780881,-1.6533049343264563,0.2203194888182167,17.409289173866668,78.39951483546668,542.6514906666666,4.654015999999769,4.579439999999913
2828,94.38243333333321,-0.2335676251415508,-1.3885764998044468,-0.097642882522627,17.409290108133334,78.39951356753333,542.6518243333334,4.707068999999635,4.599459999999863
2829,94.41580000000022,-0.1478594249277292,-0.792374866942702,-0.4871139510040434,17.4092910424,78.39951236280001,542.65516,4.737528000000023,4.635280000000225
2830,94.44916666666631,-0.1010649627333558,-0.1589634363084519,-0.2878949236849032,17.409291976666665,78.39951122833334,542.6618333333333,4.742866666666676,4.688666666666758
2831,94.48253333333287,0.0070855520087172,1.047710330167735,-0.3751082712103992,17.40929291093333,78.39951009386667,542.6685066666666,4.748205333333329,4.742053333333289
2832,94.51589999999987,0.024494142705199,1.448562300324177,-0.2330351437693907,17.409293829299997,78.3995089117,542.6650040000001,4.755610999999968,4.771589999999988
2833,94.54926666666688,0.0285410010651177,2.2080795172232097,-0.4225914093027304,17.4092947302,78.39950767713333,542.6503226666666,4.765287333333409,4.774926666666692
2834,94.58263333333298,0.0155839545617743,1.5152431665446762,-0.0131558395628043,17.409295631099997,78.39950644256666,542.6356413333333,4.774963666666718,4.778263333333351
2835,94.61599999999999,-0.0144834930782459,0.6749733759011965,0.0670926517651308,17.409296484,78.39950516,542.62384,4.792480000000071,4.784800000000027
2836,94.64936666666654,0.0470074547416237,-0.4302662407410914,0.5929641462729528,17.409297284799997,78.39950382533333,542.6151646666667,4.8185060000000055,4.794810000000002
2837,94.68273333333354,-0.0107348242757028,-1.311636492712338,0.5762300319649369,17.4092980856,78.39950249066666,542.6064893333332,4.844532000000294,4.804820000000113
2838,94.7161000000001,-0.0294355697542914,-1.6303088391912983,0.4964004259867022,17.4092989347,78.3995012204,542.5879929999998,4.8470519999998505,4.822880000000176
2839,94.7494666666662,-0.172964146252404,-1.3077316293985035,-0.0179481718035361,17.4092998356,78.39950001919999,542.558964,4.824362666666677,4.84957333333332
2840,94.7828333333332,-0.2920482783105949,-0.9632587859142095,-0.4469648562403376,17.4093007365,78.399498818,542.5299350000003,4.801673333333504,4.876266666666465
2841,94.81620000000021,-0.0836634717839427,0.2962300319002126,-0.5295420660154152,17.409301686000003,78.39949761679999,542.516458,4.803770000000035,4.878659999999971
2842,94.8495666666663,-0.0966418175374606,0.202066027670558,-0.4214625488128166,17.409302687,78.3994964156,542.519461,4.83213166666663,4.855303333333364
2843,94.88293333333286,-0.0832374866859822,1.1719701810842045,-0.7367554135525081,17.409303688,78.39949521439999,542.522464,4.860493333333225,4.831946666666756
2844,94.91629999999986,-0.0243450479236887,1.6127156549773392,-0.3559105431200067,17.4093047542,78.3994940132,542.5521989999996,4.9080889999995705,4.833039999999831
2845,94.94966666666687,-0.0574369897039913,1.95044373447384,-0.3103301384491062,17.40930588866667,78.39949281199999,542.6099233333337,4.975823333333657,4.859733333333461
2846,94.98303333333297,-0.0794959176438064,0.7732694355538026,-0.0241107561218619,17.409307023133334,78.3994916108,542.6676476666668,5.043557666666819,4.886426666666727
2847,95.01639999999998,-0.0672630457935444,0.1744834930713963,0.2343769968055728,17.4093080592,78.3994903932,542.69454,5.058812000000011,4.932799999999982
2848,95.04976666666653,-0.0564146254899236,-0.6231380902531884,0.1912389066529848,17.409308993466666,78.39948915863333,542.689535,5.019773000000109,4.999533333333147
2849,95.08313333333354,-0.0165566205229013,-1.830727724438644,0.7098047568090846,17.409309927733332,78.39948792406668,542.68453,4.980733999999676,5.066266666667222
2850,95.11650000000009,-0.1515441959526186,-1.7527156549411895,0.4415335463227016,17.409310894999997,78.399486673,542.6757299999999,4.975190000000167,5.080199999999768
2851,95.14986666666618,-0.1830741924023476,-1.2461057863018845,0.0004827831069267,17.409311896,78.39948540506667,542.6630506666667,5.003885333333427,5.040159999999869
2852,95.18323333333319,-0.1894000709981246,-1.018587149447765,-0.0217039403658996,17.409312897,78.39948413713334,542.6503713333333,5.032580666666688,5.000119999999971
2853,95.2166000000002,-0.2169542066026293,-1.1554845580561597,0.0673056443115153,17.409313947799998,78.3994829522,542.6355339999998,5.039031999999846,4.994940000000288
2854,95.2499666666663,-0.1930422435277273,-0.4338090167377162,-0.322662406786952,17.4093150489,78.3994818511,542.6185169999999,5.023015999999959,5.024970000000076
2855,95.28333333333285,-0.0616968406088222,0.7969471068693403,-0.7753638622553416,17.409316150000002,78.39948075,542.6015000000001,5.0070000000000725,5.054999999999864
2856,95.31669999999986,-0.0216400425937669,0.7977848775963738,0.2010649627388573,17.4093172177,78.3994796155,542.5697870000004,4.980964000000336,5.061650000000156
2857,95.35006666666686,-0.0639829606015861,1.4343769967446107,-0.2452822151216028,17.409318252066665,78.39947844766667,542.5234073333332,4.944927999999936,5.044966666666637
2858,95.38343333333296,-0.0074405395811507,2.098189563367452,-0.246482073127004,17.409319286433334,78.39947727983333,542.4770276666667,4.908892000000027,5.028283333333346
2859,95.41679999999997,-0.0168264110745081,1.9962513312192505,0.1551011714559072,17.4093203712,78.3994760784,542.435688,4.922247999999797,5.003200000000109
2860,95.45016666666652,-0.0440184593561179,0.6886758962877733,0.4740859069998738,17.409321505666664,78.39947484383333,542.3993183333336,4.98430999999964,4.969833333333527
2861,95.48353333333353,-0.1694994675147315,-0.6604046857923865,-0.0308271210458661,17.409322640133333,78.39947360926666,542.3629486666665,5.04637200000033,4.936466666666489
2862,95.51690000000008,-0.209392971244228,-0.4129073482147072,-0.213120340795883,17.409323740799998,78.3994724254,542.32472,5.059761999999905,4.950420000000167
2863,95.55026666666618,-0.1655804046854524,-0.7482854100325124,0.1699964501309365,17.409324808533334,78.39947129093333,542.28468,5.02572799999999,5.010480000000016
2864,95.58363333333318,-0.189385871494546,-1.121888533902065,0.3620447284343188,17.409325876266667,78.39947015646666,542.2446400000001,4.991694000000076,5.070539999999864
2865,95.61700000000019,-0.3235356762514861,-1.3395101171583557,-0.2513312034035221,17.409327012000002,78.399469056,542.21939,4.982650000000133,5.082999999999704
2866,95.65036666666629,-0.2194178203774587,-0.8258643947453955,-0.0922541711075059,17.409328213200002,78.39946798826666,542.2083789999999,4.997665000000095,5.049633333333122
2867,95.68373333333284,-0.1997018104363867,-0.1936102236384531,0.0378558750456028,17.409329414400002,78.39946692053333,542.197368,5.012680000000057,5.01626666666654
2868,95.71709999999985,-0.138338658147236,0.2030883919125209,0.1677529286515111,17.409330427500002,78.3994657331,542.1434360000001,4.9977700000000445,5.008549999999983
2869,95.75046666666685,-0.1111963081308064,0.1492509762196963,0.1538232161777166,17.40933126166667,78.3994644318,542.0486746666661,4.954393333333093,5.025233333333426
2870,95.78383333333295,-0.0720269790559525,-0.135037273695963,0.2209442669501659,17.409332095833335,78.3994631305,541.9539133333335,4.911016666666733,5.041916666666641
2871,95.81719999999996,-0.1128860489876073,-0.9108413205448852,0.3412140575075804,17.409333067600002,78.3994619324,541.8964760000001,4.897567999999907,5.029360000000251
2872,95.85056666666651,-0.1137238196670838,-0.8163365282275058,0.0839190628317935,17.409334168700003,78.39946083129999,541.8741203333335,4.912249333333204,4.989320000000352
2873,95.88393333333352,-0.0205608803691302,-0.5203549875747401,0.1826340078101321,17.4093352698,78.3994597302,541.8517646666667,4.926930666666701,4.949279999999907
2874,95.91730000000007,0.0530138445142738,0.0651331203342676,0.4265814696505847,17.4093364055,78.39945864639999,541.843595,4.9409199999999975,4.936919999999997
2875,95.95066666666662,0.0067447639332299,-0.1228257010936491,-0.0173943911970506,17.40933757333333,78.39945757866667,541.8486,4.954266666666631,4.95026666666663
2876,95.98403333333317,0.0829179978695689,0.2180546680768982,0.1535108271231854,17.409338741166668,78.39945651093333,541.853605,4.967613333333263,4.963613333333263
2877,96.01740000000018,0.1133546325883126,0.3183386581716868,0.2403833865795169,17.4093398742,78.3994554084,541.854782,4.972085999999979,4.976960000000078
2878,96.05076666666628,0.1187788427404136,-0.5781611643608927,0.3989421370255928,17.409340975299997,78.39945427393333,541.8524463333333,4.968415666666655,4.990306666666711
2879,96.08413333333283,0.1180972665955709,-0.1863116790925387,-0.0208732694362671,17.409342076399998,78.39945313946667,541.8501106666668,4.9647453333333305,5.003653333333344
2880,96.11749999999984,0.1244941427011115,0.3079872204411241,-0.1506922257822679,17.409343019999998,78.3994518825,541.8348249999997,4.9586249999999,5.00824999999996
2881,96.15086666666684,0.0838480653131809,-0.3200709975633453,0.0585587504359238,17.4093438208,78.39945051446666,541.8077979999998,4.950283333333255,5.004913333333302
2882,96.18423333333294,0.1193610223643876,-0.1956833510857236,0.2453958111489395,17.4093446216,78.39944914643334,541.7807709999998,4.941941666666609,5.001576666666644
2883,96.21759999999995,0.0870713525024182,-0.3272843450481519,-0.0810649627272499,17.409345510399998,78.39944786640001,541.740016,4.92708799999996,4.9947199999999805
2884,96.25096666666695,0.1291373801937001,0.2451686190838054,-0.1296130635412468,17.40934647803333,78.3994466652,541.6869629999995,4.9064006666664906,4.9847099999999145
2885,96.2843333333335,0.1373801916936781,-0.0348597799088138,0.1718849840267989,17.409347445666665,78.39944546400001,541.63391,4.885713333333303,4.974699999999985
2886,96.31770000000006,0.0932055378059287,0.1553780617714024,-0.036869009587051,17.4093482717,78.3994441212,541.5879370000001,4.876353999999998,4.959380000000064
2887,96.35106666666661,0.0507206247775954,0.2410081647173744,-0.181554845583074,17.4093489724,78.39944265306667,541.5482306666669,4.87702133333333,4.939360000000114
2888,96.38443333333362,0.0223500177521269,-0.0082925097627368,-0.2874618388263475,17.4093496731,78.39944118493334,541.5085243333332,4.87768866666667,4.919339999999893
2889,96.41780000000017,0.0680724174647339,0.1532268370427221,-0.1901597444147881,17.4093504094,78.3994397702,541.4650799999998,4.880848000000015,4.91178000000001
2890,96.45116666666627,0.0900603478877399,0.0274405395802945,0.3210507632222152,17.409351176833333,78.39943840216667,541.4183666666667,4.886186666666669,4.915116666666668
2891,96.48453333333282,0.0511324103655054,0.2266808661705518,-0.071863684771521,17.409351944266664,78.39943703413333,541.3716533333335,4.8915253333333215,4.918453333333326
2892,96.51789999999983,0.0122683706102676,0.1100532481527307,-0.0712034078709337,17.4093527296,78.3994357019,541.3304889999997,4.880216999999771,4.92358000000006
2893,96.55126666666683,-0.0206744763929232,-0.2246929357506737,-0.2272488462875283,17.4093535304,78.3994344006,541.2941193333331,4.854524666666502,4.9302533333333765
2894,96.58463333333293,0.0291799786981108,-0.2564572240251739,-0.1037628683011462,17.4093543312,78.3994330993,541.2577496666665,4.828832333333233,4.936926666666693
2895,96.61799999999994,0.1458998935048896,0.781469648580277,-0.0430244941398767,17.409355132,78.399431798,541.22084,4.822040000000013,4.925599999999964
2896,96.65136666666695,0.1308413205521127,0.6308697195604508,0.2232871849286709,17.4093559328,78.39943049669999,541.1834693333328,4.831382666666783,4.898906666666334
2897,96.6847333333335,0.1265743698974513,0.1207525736728208,0.5000212992556341,17.409356733600003,78.39942919539999,541.1460986666663,4.840725333333426,4.872213333333068
2898,96.71810000000005,0.0258146964841972,-0.4121831735938524,-0.0699893503800826,17.4093575525,78.39942793029999,541.1156059999998,4.831424999999876,4.86543000000005
2899,96.7514666666666,-0.0791054313098227,-0.5493361732331478,-0.5200141995030936,17.409358386666668,78.39942669573333,541.0909146666667,4.806400000000052,4.875439999999979
2900,96.78483333333361,-0.0305644302509853,0.7761448349007127,-0.638196663136214,17.40935922083333,78.39942546116667,541.0662233333331,4.781374999999888,4.885450000000044
2901,96.81820000000016,0.0266240681559678,0.9171884984204048,-0.134952076707811,17.4093600732,78.399424172,541.031158,4.784741999999996,4.877260000000003
2902,96.85156666666626,0.0326375576844052,0.1509478168376737,0.3498757543428896,17.409360940733333,78.39942283733333,540.9874476666668,4.811768999999928,4.853903333333395
2903,96.88493333333281,0.0110614128432057,-0.877983670596234,0.3861696840410883,17.409361808266667,78.39942150266667,540.9437373333335,4.83879599999986,4.830546666666788
2904,96.91829999999982,-0.140191693292548,-0.9814483493457756,-0.1118849840082583,17.4093626941,78.39942022289999,540.9146669999999,4.84642499999995,4.834640000000158
2905,96.95166666666682,-0.069151579695182,0.0710685125980362,-0.1946041888530478,17.409363595,78.39941898833334,540.89765,4.838083333333305,4.861333333333425
2906,96.98503333333292,-0.0031664891730455,0.5585303514359155,-0.3150869719559427,17.4093644959,78.39941775376667,540.880633,4.829741666666659,4.888026666666691
2907,97.01839999999993,0.0792332268363633,0.6073695420572175,0.0899254526145516,17.4093653784,78.3994164456,540.8466880000001,4.840903999999956,4.896320000000011
2908,97.05176666666694,0.1378203762878398,-0.4741356052485884,0.6045793397271195,17.40936624593333,78.39941507756667,540.7989736666663,4.867931000000256,4.889646666666604
2909,97.08513333333349,0.0573233936865341,-0.8437770677876539,0.2580617678597288,17.409367113466665,78.39941370953333,540.751259333333,4.894958000000188,4.882973333333287
2910,97.11850000000004,-0.0527156549520766,-1.159744408945687,-0.1927582534611288,17.4093679255,78.399412323,540.7150149999999,4.903114999999969,4.894800000000118
2911,97.15186666666659,-0.0025701100477394,0.2641533546166915,-0.6405821796219516,17.409368692933334,78.3994109216,540.6879879999999,4.896107999999987,4.921493333333384
2912,97.1852333333336,0.1182960596322716,0.9144763932739872,-0.2954703585496062,17.409369460366666,78.3994095202,540.6609609999997,4.889100999999909,4.948186666667014
2913,97.21860000000015,0.1175292864756784,0.636123535718613,0.0242811501375058,17.409370265,78.3994081746,540.6270519999997,4.880047999999915,4.956279999999947
2914,97.25196666666625,0.1569968051105851,-0.0458501951990484,0.4697692580629716,17.409371099166666,78.3994068733,540.5876793333333,4.869370666666657,4.949606666666661
2915,97.2853333333328,0.1565495207674511,-0.8944266951182407,0.9105431309958396,17.409371933333336,78.399405572,540.5483066666669,4.8586933333334,4.942933333333375
2916,97.31869999999981,-0.1024494142658125,-1.7245367412061945,0.2937593184367681,17.409372804900002,78.3994042333,540.5022019999998,4.880180000000137,4.934389999999971
2917,97.35206666666681,-0.0723180688700704,-0.1912815051717111,-0.8494852680117775,17.4093737058,78.39940286526667,540.4508173333332,4.926893333333353,4.924379999999996
2918,97.38543333333291,0.0494000710011156,0.3818814341751402,-0.6468370606947742,17.409374606700002,78.39940149723334,540.3994326666667,4.973606666666568,4.914370000000021
2919,97.41879999999992,0.2308413205544315,2.075314164010249,-0.2054100106454971,17.4093755076,78.399400148,540.3597040000001,4.997759999999969,4.936319999999784
2920,97.45216666666693,0.2244231451919975,1.0670571530383817,0.4676606318626065,17.409376408500002,78.39939881333333,540.3290066666664,5.004433333333377,4.983033333333636
2921,97.48553333333348,0.2316506922281896,-0.0736386225903871,0.5864252751112409,17.4093773094,78.39939747866667,540.2983093333331,5.011106666666693,5.029746666666851
2922,97.51890000000003,0.2787646432389124,-0.7606389776219593,0.7738019169370915,17.4093781536,78.3993961062,540.2632649999999,5.013054999999998,5.0537800000000095
2923,97.55226666666658,0.0691515796882018,-2.132097976571587,0.3638480653006049,17.4093789544,78.3993947048,540.2248933333333,5.011386666666668,5.060453333333326
2924,97.58563333333359,-0.0643663471723937,-1.2792758253927283,-0.6190699324783044,17.4093797552,78.3993933034,540.1865216666663,5.009718333333317,5.067126666666733
2925,97.61900000000014,0.0127795527156549,0.0234291799787007,-0.9765708200212992,17.409380651,78.399391921,540.1631599999998,5.025530000000218,5.07
2926,97.65236666666624,0.1784096556583498,1.2828044017988685,-0.552630457948129,17.409381618633333,78.39939055296666,540.1511479999999,5.054559000000145,5.07
2927,97.68573333333279,0.2214980475686618,1.921405750802732,-0.1226411075506313,17.409382586266666,78.39938918493333,540.139136,5.083588000000072,5.07
2928,97.7190999999998,0.1052183173598222,1.323067092668215,0.2526091586761917,17.4093835348,78.3993877978,540.0963729999993,5.100011000000077,5.087190000000329
2929,97.7524666666668,0.0579765708226054,0.4716506922815002,0.0636989705331474,17.409384469066666,78.3993863964,540.0306406666664,5.107018000000028,5.117220000000117
2930,97.7858333333329,0.0593539226124631,-0.9304579339774832,0.4977990770316129,17.40938540333333,78.399384995,539.9649083333336,5.114024999999978,5.147249999999905
2931,97.81919999999991,-0.0566986155478048,-1.1146751863693447,-0.0673908413178572,17.4093864144,78.3993836704,539.9174160000002,5.121607999999939,5.163839999999949
2932,97.85256666666692,-0.0800638977575692,-1.136237131688676,-0.0109194177987679,17.409387482133333,78.39938240246667,539.8833819999999,5.129616000000028,5.170513333333356
2933,97.88593333333347,-0.029250976215968,-0.5891941782040689,-0.2909052183189745,17.409388549866666,78.39938113453333,539.849348,5.137624000000008,5.177186666666673
2934,97.91930000000002,-0.1587859424915478,-1.234164004287684,-0.452481363144479,17.409389598300002,78.3993798473,539.7975580000001,5.143508999999993,5.185789999999984
2935,97.95266666666657,0.0470713525056068,1.1656372027499249,-0.8602058927735542,17.409390632666668,78.39937854600001,539.7328266666669,5.1478466666666485,5.195799999999959
2936,97.98603333333358,0.1554916577956404,2.108839190657153,-0.3865246716612341,17.409391667033336,78.3993772447,539.6680953333329,5.152184333333364,5.20581000000007
2937,98.01940000000013,0.1754632587854311,0.2595953141805398,0.6304579339672743,17.4093926432,78.3993758852,539.6287779999999,5.167580000000105,5.21388000000003
2938,98.05276666666623,0.1038409655653643,0.4873908413135974,0.2431806886748928,17.409393577466666,78.3993744838,539.6077569999999,5.190936666666713,5.2205533333333465
2939,98.08613333333278,0.0277174298893004,-0.2001135960296226,-0.0832516861931283,17.409394511733332,78.3993730824,539.586736,5.214293333333321,5.227226666666663
2940,98.11949999999979,0.0116080937185408,-0.0684771032943718,-0.001277955265599,17.409395426499998,78.3993717005,539.5635699999997,5.223024999999983,5.243650000000247
2941,98.1528666666668,0.0097408590732153,-0.004586439448991,-0.0618246361201561,17.4093963274,78.39937033246666,539.5388786666665,5.2213566666666535,5.267006666666855
2942,98.1862333333329,-0.045047923322548,-0.6056372026960253,-0.2534043308485649,17.409397228299998,78.39936896443334,539.5141873333332,5.219688333333324,5.290363333333462
2943,98.2195999999999,-0.0887326943571852,-0.4348881789231603,-0.1564217252421581,17.409398109599998,78.3993675572,539.488516,5.212139999999996,5.298039999999999
2944,98.25296666666691,0.0123819666331489,0.5499325523516764,-0.0988214412496324,17.409398977133332,78.39936612243334,539.4621563333332,5.200461666666587,5.2947033333333104
2945,98.28633333333346,0.0490592829253042,0.8741924032690562,-0.1214057507973659,17.409399844666666,78.39936468766666,539.4357966666666,5.188783333333336,5.291366666666668
2946,98.31970000000001,0.0154419595309804,0.9141427050043311,-0.0054100106476746,17.4094007319,78.3993632529,539.4092400000001,5.184787999999994,5.284090000000045
2947,98.35306666666656,-0.0308555200568703,0.2063187788244795,0.0090024849172225,17.4094016328,78.39936181813333,539.3825466666668,5.186122666666657,5.274080000000071
2948,98.38643333333357,-0.1151579694709005,-0.6070145544898541,0.0566631167910297,17.4094025337,78.39936038336667,539.3558533333332,5.187457333333339,5.264069999999959
2949,98.41980000000012,-0.1263471778516887,-0.0678168264235664,-0.1176996805140335,17.4094034346,78.3993589684,539.338862,5.185425999999993,5.26
2950,98.45316666666622,-0.0744408945689612,-0.0994675186349879,0.1648207312746507,17.4094043355,78.39935756700001,539.3285183333334,5.181088333333338,5.26
2951,98.48653333333323,0.0008945686900453,0.2047852325159695,0.2261696840612076,17.409405236399998,78.39935616560001,539.3181746666667,5.176750666666682,5.26
2952,98.51989999999978,-0.0035782747566949,0.4217252396139014,0.0956123535872059,17.4094060975,78.3993547244,539.2944979999997,5.180771000000073,5.258009999999975
2953,98.55326666666679,-0.061313454029353,0.1256798012112814,-0.1370962016327684,17.409406931666666,78.39935325626666,539.2617986666664,5.190447333333382,5.254673333333316
2954,98.58663333333288,-0.1265033723817702,-0.3000070997493985,-0.2271281505117628,17.409407765833333,78.39935178813333,539.2290993333332,5.200123666666691,5.251336666666658
2955,98.61999999999989,-0.175505857296002,-0.1437699680565422,-0.4402555910544293,17.40940856,78.39935036,539.1954000000001,5.170999999999999,5.256
2956,98.6533666666669,-0.0631238906666692,-0.165843095502569,-0.0873482428227797,17.409409327433334,78.3993489586,539.161032333333,5.115944999999388,5.266010000000112
2957,98.686733333333,-0.0562300319487461,0.2722470713568691,-0.149818956336718,17.409410094866665,78.3993475572,539.1266646666664,5.060889999999527,5.276020000000086
2958,98.7201,-0.0708839190632511,-0.5435782747746447,0.0382747603908136,17.4094109226,78.3993461558,539.095111,5.045030000000033,5.247839999999822
2959,98.75346666666655,-0.2065175718828764,-1.0512602058699612,-0.1975008874669342,17.409411790133333,78.3993447544,539.0654146666668,5.055039999999963,5.194453333333533
2960,98.78683333333356,-0.0276890308862436,0.230209442662565,0.0493432729721436,17.409412657666667,78.399343353,539.0357183333333,5.065050000000028,5.141066666666516
2961,98.82020000000011,0.0091160809387479,0.8028541001265808,0.3182960596370758,17.4094134646,78.3993419718,538.998144,5.046376000000056,5.126059999999985
2962,98.85356666666621,-0.0835782747602438,0.3239332623365104,0.0008235711752361,17.409414232033335,78.39934060376666,538.9554346666669,5.009005333333484,5.13606999999996
2963,98.88693333333322,-0.1396663116808384,-0.3139084132137203,-0.2106212282633183,17.409414999466666,78.39933923573334,538.9127253333336,4.971634666666911,5.146079999999935
2964,98.92030000000022,-0.1035356762546088,0.1719914802859854,-0.1917571885005644,17.4094157669,78.3993378677,538.8708279999997,4.948676999999938,5.127669999999832
2965,98.95366666666678,-0.02066027689058,0.0898828541034771,0.2518281860143548,17.409416534333335,78.39933649966667,538.8294533333333,4.934996666666639,5.090966666666592
2966,98.98703333333287,0.0089740859077176,0.4652680156274014,0.3682428115021728,17.409417301766666,78.39933513163334,538.7880786666667,4.9213163333333405,5.054263333333351
